:020000040000fa
:10000000f0ff032011cf02005b8b02000ba3020064
:1000100073b20200dfcb0200afd10200000000008b
:10002000000000000000000000000000bf7402009b
:1000300073ad020000000000bf740200bf74020034
:10004000bf740200bf740200bf740200bf740200dc
:10005000bf740200bf740200bf740200bf740200cc
:10006000bf740200bf740200bf740200bf740200bc
:1000700081500300e9480300bf740200bf7402000e
:10008000bf740200bf740200a93a0300bf740200eb
:10009000bf740200bf740200bf740200bf7402008c
:1000a000b1dc0000bf740200bf740200bf74020024
:1000b000bf740200bf740200bf7402000b8703000c
:1000c00015870300bf740200bf740200bf740200f2
:1000d000bf740200bf740200bf740200bf7402004c
:1000e000bf740200bf7402000000000000000000a6
:1000f00000000000bf74020099f6010099f60100ab
:1001000099f6010099f601000d0f03000d0f030091
:100110000d0f03000d0f0300bf740200bf74020037
:10012000bf740200bf740200bf740200bf740200fb
:10013000bf740200bf740200bf740200bf740200eb
:10014000bf740200bf740200bf740200bf740200db
:10015000bf740200bf740200bf740200bf740200cb
:10016000bf740200bf740200bf740200bf740200bb
:10017000bf740200bf740200bf740200bf740200ab
:10018000bf740200bf740200bf740200bf7402009b
:10019000f15a0300bf740200bf740200bf74020072
:1001a000bf740200bf740200bf740200bf7402007b
:1001b000bf740200bf740200bf740200bf7402006b
:1001c000bf740200bf740200bf740200bf7402005b
:1001d000bf740200bf740200bf740200bf7402004b
:1001e000bf740200bf740200bf7402007d5c030094
:1001f00059980100bf740200bf740200bf7402006e
:10020000bf740200bf740200bf740200bf7402001a
:10021000bf740200bf740200bf740200bf7402000a
:10022000bf740200bf740200bf740200bf740200fa
:10023000bf740200bf740200bf740200bf740200ea
:10024000bf740200bf740200bf740200bf740200da
:10025000bf740200bf740200bf740200bf740200ca
:04026000bf74020065
:020000040000fa
:10026400f8b500bff8bc08bc9e4670474d36030085
:10027400f8b500bff8bc08bc9e4670472936030099
:020000040000fa
:08028400a45b01000100000071
:020000040000fa
:10028c00b8fb00201c00000000000000300401201e
:10029c0001000000000000008c040120d4000000cc
:1002ac0001000000f40b030000000000000000003f
:1002bc000000000000000000000000000000000032
:1002cc000000000000000000000000000000000022
:1002dc000000000000000000000000000000000012
:1002ec000000000000000000000000000000000002
:1002fc0000000000000000000000000000000000f2
:10030c0000000000000000000000000000000000e1
:10031c0000000000000000000000000000000000d1
:10032c0000000000000000000000000000000000c1
:10033c0000000000000000000000000000000000b1
:10034c0000000000000000000000000000000000a1
:10035c000000000000000000000000000000000091
:10036c000000000000000000000000000000000081
:10037c000000000000000000200601200100000029
:10038c0001000000ff000000e482002004000000d7
:10039c000000000038f40020800000000000000085
:1003ac00a8f800204400000000000000e8820020b3
:1003bc00d0110000000000002c04012001000000fe
:1003cc000000000094ee002004000000000000007b
:1003dc004cfc0020100000000000000080ec00200d
:1003ec000c0100000000000034f4002004000000a8
:1003fc000000000070f7002050000000000000001a
:10040c000cf70020040000000000000030f1002078
:10041c00a40000000000000038f60020740000006a
:10042c000000000060fc0020100000000000000034
:10043c00d0dd0020180200000000000014f30020a2
:10044c0090000000000000001cd900208002000079
:10045c00000000002cf90020040000000000000047
:10046c0034fb002004000000000000005cfc0020b5
:10047c0004000000000000004cfd002004000000ff
:10048c0000000000280001201800000000000000ff
:10049c00e0fc00200c00000000000000f0fb00203d
:1004ac001800000000000000d4fb00201c0000001d
:1004bc0000000000400001200400000000000000cb
:1004cc00b7fb0020010000000000000044000120e8
:1004dc000400000000000000ac0501200400000036
:1004ec000200ffff60050120280000000100000051
:1004fc00bb010300d10101004b02010033020300d8
:10050c007c020300dd030300de030300e0030300b1
:10051c00e1030100b322010008fc002018000000d8
:10052c0000000000480001200c000000000000004a
:10053c0016040120020000000000000054000120fd
:10054c000400000000000000c8be0020d00700001e
:10055c000000000058000120100000000000000006
:10056c0018040120020000000000000068000120b7
:10057c00080000000000000038fc00201100000002
:10058c000000000098fb00201f000000000000008d
:10059c007000012004000000000000001a0401207b
:1005ac000200000000000000740001201000000098
:1005bc00000000001c0401200200000000000000ec
:1005cc008400012008000000000000001e0401202f
:1005dc0002000000000000008c0001201000000050
:1005ec000000000049fc0020010000000000000099
:1005fc00d805012004000000010000006400000088
:10060c009c0001201000000000000000ecfc002009
:10061c000c0000000000000070fc00201000000026
:10062c000000000015040120010000000000000083
:10063c00200401200400000000000000ac00012098
:10064c00040000000000000080fc002010000000ee
:10065c0000000000b00001200c00000000000000b1
:10066c0028fd00200a00000000000000bc00012052
:10067c001c00000000000000240401200200000007
:10068c0000000000d800012008000000000000005d
:10069c002d040120010000000000000060f8002083
:1006ac004800000000000000d005012006000000fa
:1006bc000200ffffe00001200c0000000000000021
:1006cc00260401200400000000000000ec000120c2
:1006dc000c000000000000002e04012001000000ae
:1006ec0000000000f80001200400000000000000e1
:1006fc0098ef0020d800000000000000e8f900206e
:10070c003400000000000000fc0001200400000088
:10071c00000000002f040120010000000000000078
:10072c00000101200400000000000000eccc0020bf
:10073c004006000000000000f8fc0020180000003b
:10074c0000000000a4f30020900000000000000056
:10075c00040101200c000000000000009cdb0020c4
:10076c00340200000000000068e70020680100006f
:10077c000000000031040120010000000000000016
:10078c0038fb002060000000000000002a0401205b
:10079c0002000000000000003204012001000000f3
:1007ac00000000001cfa00202c00000000000000db
:1007bc00c89e00200010000000000000ecf8002093
:1007cc00400000000000000034fd0020100000007c
:1007dc0000000000100101200400000000000000d7
:1007ec00330401200100000000000000c8ae00200e
:1007fc0000080000000000001401012008000000a7
:10080c000000000070f00020c0000000000000009c
:10081c0044fd0020080000000000000010fd002036
:10082c000c00000000000000c8b60020000800000a
:10083c000000000034040120020000000000000051
:10084c001c010120080000000000000030f900200d
:10085c004000000000000000d4f10020a0000000c7
:10086c00000000009a0501200200000001000000b9
:10087c000100000024010120100000000000000015
:10088c003604012001000000000000008ced002067
:10089c00080100000000000074fa0020280000008d
:1008ac0000000000ecfa0020240000000000000012
:1008bc0034010120040000000000000010fb0020a7
:1008cc002400000000000000880501201200000038
:1008dc000100000030303a30343a32353a30313a97
:1008ec0030323a30330000009c050120100000002b
:1008fc000100000001010000c10403009934030051
:10090c0000000100acf600206000000000000000b8
:10091c003801012008000000000000001404012030
:10092c00010000000000000000000020e45e000058
:10093c0000000000400101200c000000000000003d
:10094c00b8940020100a00000000000098c6002097
:10095c0054060000000000003704012002000000d3
:10096c00000000004c0101200c0000000000000001
:10097c0050fd00200800000000000000580101207c
:10098c00040000000000000048fa00202c000000c9
:10099c00000000005c0101200400000000000000c9
:1009ac0058fd00200800000000000000600101203c
:1009bc0004000000000000003904012007000000c2
:1009cc00000000009cfa002028000000000000003d
:1009dc00640101200400000000000000400401201c
:1009ec00010000000000000060fd00200800000075
:1009fc000000000068010120080000000000000059
:100a0c0041040120050000000000000068fd0020ea
:100a1c000800000000000000460401200200000055
:100a2c000000000070fd002010000000000000001d
:100a3c0070010120040000000000000048040120a7
:100a4c00020000000000000080fd002008000000f3
:100a5c0000000000740101200400000000000000f0
:100a6c004a04012001000000000000007801012070
:100a7c0008000000000000004b04012001000000f1
:100a8c00000000002106012003000000010000000e
:100a9c000807ff002cd30020ee050000000000002a
:100aac00800101200c00000000000000100001205b
:100abc0006000000000000002406012001000000d8
:100acc000100000001000000e8df0020000200002f
:100adc00000000001ad900200200000000000000f5
:100aec0032fd002002000000000000008c010120fb
:100afc0004000000000000004c0401200100000074
:100b0c000000000090010120040000000000000023
:100b1c00d60501200200000001000000be150000f7
:100b2c00140601200200000001000000ffff00007d
:100b3c0094010120200000000000000020fc002097
:100b4c001800000000000000b401012004000000a7
:100b5c000000000088fd00202000000000000000c4
:100b6c0010f70020600000000000000090fc002046
:100b7c0010000000000000004d04012002000000e5
:100b8c0000000000a0fc002010000000000000008d
:100b9c00a8fd00201800000000000000b801012092
:100bac0004000000000000004f04012002000000bf
:100bbc0000000000c0fd0020080000000000000044
:100bcc00510401200200000000000000d0e80020c9
:100bdc004001000000000000bc01012008000000e2
:100bec000000000053040120010000000000000080
:100bfc00c401012008000000000000005404012082
:100c0c000100000000000000cc01012004000000e5
:100c1c00000000005504012002000000000000004c
:100c2c00c8fd002020000000000000005704012037
:100c3c000100000000000000e8fd0020080000009a
:100c4c00000000005804012001000000000000001a
:100c5c00b005012010000000010000000000002879
:100c6c000000000028000000000000002506012004
:100c7c00010000000100000002000000dc05012062
:100c8c0004000000010000002000000026060120e6
:100c9c00010000000100000001000000f0fd002038
:100cac001800000000000000b0fc00201000000044
:100cbc000000000008fe00200800000000000000fa
:100ccc00d0010120200000000000000010fe0020d8
:100cdc006000000000000000590401200100000029
:100cec0000000000f00101200800000000000000de
:100cfc0070fe00200800000000000000f801012038
:100d0c00040000000000000078fe0020100000002d
:100d1c00000000005a040120010000000000000047
:100d2c00fc010120080000000000000088fe0020eb
:100d3c0010000000000000005b0401200200000015
:100d4c000000000004020120080000000000000068
:100d5c005d040120010000000000000098fe00204e
:100d6c0008000000000000005e04012003000000e9
:100d7c0000000000a0fe00200800000000000000a1
:100d8c00e45e002000240000000000000c020120a2
:100d9c000400000000000000a8fe00200800000075
:100dac0000000000100201200800000000000000fc
:100dbc00b0fe002008000000000000001802012016
:100dcc00040000000000000098ee0020000100006c
:100ddc00000000001c0201200800000000000000c0
:100dec00b8f400208000000000000000e0050120a5
:100dfc0008000000010000002000000004000000ba
:100e0c002706012001000000010000000100000085
:100e1c00e805012008000000010000008813000014
:100e2c00c80000002806012001000000010000009d
:100e3c0001000000c0fc00201000000000000000b9
:100e4c0038f5002080000000000000006104012043
:100e5c000100000000000000e8e10020000200009a
:100e6c0000000000b8fe0020080000000000000098
:100e7c00240201200800000000000000c4fa002039
:100e8c0028000000000000002c02012004000000db
:100e9c0000000000e8e30020000200000000000059
:100eac00c0fe00200800000000000000f00501203a
:100ebc000400000001000000ac5e030016060120d7
:100ecc0002000000010000000100000029060120c2
:100edc0001000000010000000100000018060120c4
:100eec0006000000010000000100ffffffff0000f2
:100efc00c0f7002050000000000000006204012038
:100f0c00010000000000000016000120020000009b
:100f1c00000000003002012008000000000000006a
:100f2c00c8fe00202800000000000000380201204c
:100f3c002c00000000000000f0fe00200800000063
:100f4c00000000006402012004000000000000000a
:100f5c006304012001000000000000006802012071
:100f6c0004000000000000006404012001000000e7
:100f7c00000000006c0201200400000000000000d2
:100f8c00f8fe002018000000000000007002012094
:100f9c0008000000000000006504012001000000b2
:100fac000000000078020120080000000000000092
:100fbc0010ff002008000000000000006604012063
:100fcc00030000000000000080020120040000006b
:100fdc000000000069040120010000000000000076
:100fec0018ff002008000000000000006a04012027
:100ffc00030000000000000084020120100000002b
:10100c000000000020ff0020100000000000000085
:10101c006d040120010000000000000030ff0020e2
:10102c0008000000000000006e0401200100000018
:10103c0000000000940201200800000000000000e5
:10104c006f04012001000000000000009c02012040
:10105c0004000000000000007004012001000000ea
:10106c00000000001e000120020000000000000033
:10107c00a0020120040000000000000038ff002046
:10108c001800000000000000a40201200400000071
:10109c000000000050ff00200800000000000000cd
:1010ac00710401200100000000000000a8020120d2
:1010bc00040000000000000058ff002008000000a1
:1010cc0000000000ac020120040000000000000041
:1010dc0072040120010000000000000060ff0020ed
:1010ec000800000000000000b00201200400000015
:1010fc0000000000e8e50020800100000000000076
:10110c00b4020120040000000000000068ff002071
:10111c000800000000000000b802012008000000d8
:10112c000000000070ff002008000000000000001c
:10113c00730401200100000000000000c002012027
:10114c00180000000000000078ff002018000000cc
:10115c0000000000d8020120040000000000000084
:10116c00f40501200800000001000000d007000079
:10117c00e8030000c0050120080000000200ffff8a
:10118c00fc050120080000000100000032000000f6
:10119c008000000004060120040000000200ffff94
:1011ac00740401200100000000000000dc0201209a
:1011bc000c000000000000002600012002000000ce
:1011cc0000000000e80201200c00000000000000fc
:1011dc004afc002002000000000000000404012072
:1011ec00020000000000000074f20020a0000000cb
:1011fc0000000000f40201200c00000000000000c0
:10120c00060401200200000000000000750401200b
:10121c00010000000000000090ff0020080000000a
:10122c00000000000003012004000000000000008a
:10123c0076040120010000000000000098ff00204f
:10124c00080000000000000004030120040000005e
:10125c0000000000770401200200000000000000e4
:10126c00a0ff00200800000000000000790401200d
:10127c00010000000000000008030120080000002d
:10128c00000000007a0401200200000000000000b1
:10129c001003012004000000000000007c04012069
:1012ac0001000000000000001403012010000000e9
:1012bc00000000007d04012001000000000000007f
:1012cc00a8ff0020080000000000000024030120fb
:1012dc0004000000000000000804012002000000cf
:1012ec00000000002803012008000000000000009e
:1012fc00b0ff0020080000000000000030030120b7
:10130c000400000000000000b8ff002008000000ee
:10131c00000000007e04012001000000000000001d
:10132c00340301200400000000000000c0ff002076
:10133c000800000000000000380301200c00000031
:10134c0000000000c8ff00200800000000000000a2
:10135c00440301200400000000000000d0ff002026
:10136c0008000000000000002a0601200100000017
:10137c00010000000100000008060120040000002c
:10138c000200ffff480301200800000000000000dd
:10139c007f04012001000000000000005003012028
:1013ac0010000000000000000a04012002000000f0
:1013bc00000000008004012001000000000000007b
:1013cc0060030120040000000000000081040120e3
:1013dc000200000000000000640301200c0000006b
:1013ec000000000010ea0020700200000000000065
:1013fc00700301200400000000000000d8ff002052
:10140c000800000000000000740301200800000028
:10141c00000000002b06012001000000010000006c
:10142c00010000007c030120080000000000000007
:10143c0070f90020780000000000000084030120f7
:10144c0034000000000000000c0401200400000027
:10145c0000000000830401200100000000000000d7
:10146c001004012002000000000000008404012090
:10147c000100000000000000180001200600000020
:10148c0000000000b8030120040000000000000070
:10149c00e0ff00200800000000000000bc03012059
:1014ac000800000000000000e8ff00200800000019
:1014bc0000000000c4030120040000000000000034
:1014cc008504012001000000000000002000012024
:1014dc00060000000000000086040120010000004e
:1014ec0000000000120401200200000000000000b7
:1014fc00d0fc00201000000000000000c8030120f8
:10150c000400000000000000f0ff002008000000b4
:10151c00000000002c06012001000000010000006a
:10152c00010000001e060120020000000100000066
:10153c00ffff0000b8f50020800000000000000054
:10154c00870401200100000000000000f8ff0020cb
:10155c000800000000000000cc0301200400000083
:10156c000000000000000120080000000000000046
:10157c00d0030120080000000000000088040120b6
:10158c000100000000000000d8030120040000004e
:10159c00000000000c060120040000000100000007
:1015ac00320000002d0601200200000001000000a6
:1015bc0001010000c8050120080000000100000026
:1015cc000100000000000000dc0301200800000006
:1015dc0000000000080001200800000000000000ce
:1015ec00890401200100000000000000e403012038
:1015fc0008000000000000008a0401200200000026
:10160c0000000000ec0301200c00000000000000b2
:10161c001006012004000000010000000100000081
:10162c00f8030120040000000000000010f8002066
:10163c005000000000000000fc030120040000002a
:10164c000000000000040120040000000000000065
:10165c001cfd00200c000000000000000000000039
:10166c0000000000666666666666666666666666a6
:020000040000fa
:04167c000120704792
:020000040000fa
:101680002de9f04fa9b005460c46022840f326820a
:101690009b49606836f095fa002800f0a580032d7c
:1016a00041f307809749606836f08bfa002800f014
:1016b000e6809549606836f084fa002800f0cc8115
:1016c00066689249304636f07cfa002800f00e82b7
:1016d0008f49304636f075fa002800f00f828d49a8
:1016e000304636f06efa002840f0e482022d1cdd10
:1016f000a6688949304636f064fa002800f01e8258
:101700008649304636f05dfab0fa80f67609032d48
:1017100040f31c82e06831f05afc0146431e622b04
:1017200000f20e8230462df001fe7d4b18787d4b85
:101730001b6800937c4b1b687c4a7d49002808bfce
:101740000a467c4900202df025f97b4bd3e9003473
:10175000cde90a34234306d0784bd3e9006756ea33
:10176000070340f0f681764900202df013f9754b00
:101770001b680593744b1b680493744b1b6803939d
:10178000734b1b680293734b1b68019300200090fe
:10179000714b1b68714a126871492df0fbf8714b4f
:1017a000d3e90045b5f1ff3f08bfb4f1ff3f00f0ba
:1017b00047826d4b1e6850a3d3e90023204629467b
:1017c00034f040f8cde902234ba3d3e900232046af
:1017d000294634f037f8cde900013246634900204c
:1017e0002df0d8f8012483e000221146a06836f0dd
:1017f000c3fb0646032d0adc012512a831f0a2fd29
:10180000044658b95a492df0c5f8012470e0002269
:101810001146e06836f0b0fb85b2eee7554b19682b
:101820000131196000237001f70e801b67eb03077d
:101830007a0242ead0524fea402e17461eeb0600cb
:1018400043eb07074fea871e4eea906e8201101a9b
:101850006eeb0707801947eb0303129a821813985f
:1018600040eb030328461ff09bfa2df095fd0090f6
:1018700033462a46404900202df08cf838e0a06815
:1018800028f036f906460f4600221146e06836f089
:1018900073fb8046042d14dc4ff001090022002365
:1018a000cde9102356ea070313d0b8f1000f1ad080
:1018b00010a831f047fd002868d130492df06af8b2
:1018c00015e000221146206936f056fb1ffa80f918
:1018d000e4e7a2682a4900202df05cf8294900209d
:1018e0002df058f803e0284900202df053f801248a
:1018f000204629b0bde8f08f00ca9a3b00000000e6
:101900000c450000544500009446000004470000c8
:101910002047000040470000e44300002447000047
:1019200072040120ac020120fc050120c443000028
:10193000d44300007447000048ff002088ff0020c7
:10194000084800009c02012070020120d4020120fe
:10195000d0020120b002012098020120940201204f
:1019600030480000c005012038020120f84800007e
:1019700014450000d80201202c450000f04500006d
:101980005c45000084450000b44500001098b24b4f
:10199000c01811994ff0000343eb010132463b465a
:1019a000801947eb010133f04dff00fb07f301fb0a
:1019b0000631a0fb06450d44a84b1968013119609a
:1019c000cdf81080cde9024500220023cde90023a7
:1019d00032463b46484618f065fa82464a46a049d8
:1019e00000202cf0d7ff304639462ef0d9fca8fb5a
:1019f000062308fb0733171943eb050650462df065
:101a0000cbfc089092a3d3e900233846314633f04b
:101a100019ffcde906238ea3d3e9002338463146ca
:101a200033f010ffcde9040189a3d3e90023204658
:101a3000294633f007ffcde9022385a3d3e900232c
:101a40002046294633f0fefecde900014246854995
:101a500000202cf09fff4ae7a06828f049f80646ce
:101a60000f46032d0edc012556ea070311d1a268ab
:101a70007d4900202cf08eff7c4900202cf08aff4d
:101a8000012435e700221146e06836f075fa85b288
:101a9000eae7774b196801311960002404940022a9
:101aa0000023cde90223cde9002332463b462846f8
:101ab00018f0f8f980462a466e4920462cf06aff55
:101ac000304639462ef06cfc40462df065fc02464f
:101ad000694920462cf05eff012409e702283ff403
:101ae000efad022d00f0ef80002401e72af0e6fac6
:101af000624900202cf04eff0124f9e6022d0edd94
:101b0000a4685f49204636f05cf8a8b15d492046dc
:101b100036f057f8b0fa80f040095b4b18705a4b1a
:101b200019785a4a5a4b002908bf1a4659490020c9
:101b30002cf030ff0124dbe60120eee70126e6e58c
:101b4000554900202cf026ff0124d1e6534b19689b
:101b5000e8e5534bd3f80080d3f804904fea8903ab
:101b60004fea880043ea987110eb080041eb090145
:101b7000cb0043ea5073c200b2eb080063eb0901eb
:101b80000b0143ea1073020112eb080043eb090159
:101b90000b0143ea1073020110461946dde90a45bc
:101ba00022462b4633f04efe82466b01600143ea2b
:101bb000d461001b61eb05018b0043ea9073820046
:101bc00019461019cde90a4545eb0101cb0043ea5e
:101bd0005073c2001046194632463b4633f032fe7f
:101be0000546304ba3fb0a235b09642202fb13a2c8
:101bf000039202934fea49134fea481043ead8612f
:101c0000b0eb080061eb09018b0043ea907382009e
:101c100012eb080043eb0901cb0043ea5073c2000a
:101c20001046194632463b4633f00cfe0190cdf883
:101c300000802b460a9a1c4900202cf0abfe96e54a
:101c40001a4b1a681a4900202cf0a4fe01244fe612
:101c500000ca9a3b00000000ffc1eb0bf405012015
:101c600028460000444600005c45000098460000fd
:101c7000f8050120d4460000f44600000c4700009f
:101c8000e4430000244700006b0401209843000057
:101c9000ac4300002847000048470000fc05012035
:101ca00060ff00201f85eb51ac4700003802012087
:101cb000cc480000022d7ff714afb249606835f0c0
:101cc00080ff002839d06668af49304635f079ff8b
:101cd000002840f0d580032d57dc032d00f08a80ca
:101ce000aa4c01260025aa49204635f06aff0028a3
:101cf00000f0aa80a749204635f063ff002800f0d5
:101d0000a380a549204635f05cff002840f0b18053
:101d1000a24b53f825300421187833f0fbf8002843
:101d200050d09f4a0123ab4011780b4313709d4b59
:101d300000200021c3e900016ce0a5689a4928460b
:101d400035f03fffe8b19949284635f03affb0fa3f
:101d500080f0400929f09ef9a4689349204635f0a7
:101d600030ff80b19149204635f02bff8e4a884bd9
:101d7000002818bf1a468e4900202cf00bfe0124c3
:101d8000b6e50120e6e7884af5e700221146e0685b
:101d900036f0f2f80646451e012d24d8a468824983
:101da000204635f00eff28b18049204635f009ff66
:101db000002898d1794b53f825300421187833f056
:101dc000a9f8d0b9754b53f825301c78204636f069
:101dd000d9f930f009ff03462246764900202cf05d
:101de000d9fd012484e50246734900202cf0d2fd80
:101df00001247de501260025d0e7694a012101fa89
:101e000005f0137823ea00031370644b53f82500a0
:101e100033f09af8614b53f825301a78604b1b78f1
:101e2000eb4013f0010f5c4b18bf1c46019400926d
:101e3000624a634b002d08bf1346324661490020b9
:101e40002cf0a8fd012453e55549012303fa05f2be
:101e50000b7823ea02030b70504f002157f825003e
:101e600033f072f857f825300421187835f0a2facb
:101e7000d0e72246544900202cf08cfd012437e5a0
:101e80005249304635f09dfe70b35149304635f029
:101e900098fe002849d1022d43dda6684d49304601
:101ea00035f08ffe20b34c49304635f08afe0028cd
:101eb00037d1032d0edde4683b49204635f081fe25
:101ec000002800f0bf823949204635f07afe00280c
:101ed00000f0b882002036f0b7fa2d4a3f490020c2
:101ee0002cf058fd012403e528f05cfc0124ffe4fc
:101ef000032d0ddde4682c49204635f062fe70b1fb
:101f00002a49204635f05dfeb0fa80f0400900e035
:101f1000012035f059fd1ef089fb0124e8e4012081
:101f2000f7e71ef083fb0124e2e42d49304635f04b
:101f300048fe002840f0aa83022d0bdd0022114646
:101f4000a06836f019f8a0f10802264b9a4212d880
:101f5000254b1860244b1a68244900202cf01afde8
:101f6000234bd3e90023134348d1224900202cf00e
:101f700011fd0124bce4204900202cf00bfd0124bc
:101f8000b6e400bf2849000048490000ec430000c7
:101f9000e84300007c4900000044000028ff0020c6
:101fa0006d04012030ff0020e443000024470000be
:101fb0002c490000dc4900004c490000f0430000bf
:101fc000f8430000bc49000080490000fc490000c3
:101fd000044a0000084a0000104a0000144a0000a9
:101fe0002c4a000038420f0000060120804a000001
:101ff00040ff0020c04a0000344a0000ac4b1b6880
:10200000ac4ad2e900455b08a3fb040103fb0511c0
:10201000a5a3d3e9002333f015fc0246a64900200e
:102020002cf0b8fca1e7a549a06835f0cafdb0facc
:1020300080f35b09a24a13700028a24aa24b18bf82
:102040001a46a24ba249002818bf0b46a1490020fe
:102050002cf0a0fc01244be414a825f05dfb9e4b62
:1020600018789e4b19789e4b9e4a002908bf13464c
:102070009d4a9e49002808bf0a469d4900202cf031
:1020800089fc9df850009df85110bdf85230009326
:102090008c4b8d4a012918bf1346964a9649002851
:1020a00008bf0a46954900202cf074fcdde91801b0
:1020b0002ef076f9924900202cf06cfc914b1b68b5
:1020c00001931c9b00931b9b1a9a8f4900202cf0b4
:1020d00061fc8e4b1b688e4a12688e4900202cf0e2
:1020e00059fc8d4b1b6802938c4b1b6801938c4be6
:1020f0001b6800938b4b1b688b4a12688b4900202e
:102100002cf048fc8a4b1b68002b00f01882884b8f
:102110001b68072b00f2ce81854b19680c461a68a4
:102120000b46844900202cf035fc834900202cf01c
:1021300031fc002c40f0cb8101e2804bd3e900233d
:10214000b9eb04006aeb050128f0f4ff02467c4974
:1021500000202cf01ffc80e2239c234679490020bc
:102160002cf018fc1d9ee5171f9fddf878904feab4
:10217000e67b4fea4b1c73014cead6629b1b62eb79
:102180000b024fea820c4cea937c4fea830e1eeb63
:1021900006004ceb0b01cb0043ea5073c200104623
:1021a000194622462b4628f0c5ff80464feae97bb8
:1021b0004fea4b1c4fea49134cead962b3eb0903cf
:1021c00062eb0b024fea820c4cea937c4fea830edf
:1021d0001eeb09004ceb0b01cb0043ea5073c2002d
:1021e0001046194622462b4628f0a4ff0390cdf84e
:1021f00008904feae77a4fea4a1c7b014cead76223
:10220000db1b62eb0a024fea820c4cea937c4fea3a
:10221000830e1eeb07004ceb0a01cb0043ea507320
:10222000c2001046194622462b4628f083ff019033
:10223000009743463246444900202cf0abfb209ed9
:10224000219fddf888b04ff0000a5a4653463046c9
:10225000394633f0f7fa804689467a01730142ea3b
:10226000d6619b1b61eb07018a0042ea93729800da
:102270001146801947eb0101cb0043ea5073c200bd
:10228000104619465a46534633f0dcfa22462b468e
:1022900033f0d8facde9000142464b462b4950466f
:1022a0002cf078fbdde100bf00ca9a3b0000000083
:1022b0000006012040ff0020a84a0000cc4a000090
:1022c0006f0401200844000048440000104400004e
:1022d000ec430000d44a00006b040120710401208b
:1022e000e4430000e843000098430000ac430000d2
:1022f000f04a00005044000054440000104b00001d
:10230000c04a000050020120444b0000400201205e
:1023100058020120904b0000a4020120c0020120bd
:10232000c4020120c8020120cc020120d84b0000c9
:10233000b4020120344c00006c4c000088ff0020e7
:102340006c4e0000a44e0000e04e0000244f000040
:10235000414a424909680191009204224049002003
:102360002cf018fb3f4b18783f4b1b683f4a404905
:10237000002808bf0a463f4900202cf00bfb3e4bcb
:10238000d3e9002310461946002a73f1000449db03
:102390003a4cd4e90067002a73f10003384c394bfa
:1023a000a8bf1c46384b1b68384a12680692384a48
:1023b0001268059204934ff47a72002333f042fac4
:1023c000cde90201009432463b46324900202cf010
:1023d000e1fa314bd3e9000150ea010326d12f4b3a
:1023e0001c78e4b22e4b1d682e49d1e9006718a372
:1023f000d3e90023d1e9000133f024facde9022327
:1024000013a3d3e900233046394633f01bfacde954
:1024100000012b462246244900202cf0bbfa01245f
:10242000fff766ba504263eb4301b1e74ff47a72ab
:10243000002333f007fa02460b461c4900202cf01b
:10244000a9facce7012035f0ffff194a46e500bfa5
:1024500000ca9a3b0000000094440000740201206e
:10246000784f00006804012078020120c844000071
:10247000e0440000b84f000068ff002050ff00203b
:10248000044500000845000000060120b8020120b4
:10249000bc020120f84f000070ff002067040120fb
:1024a0008002012010ff00208050000054500000e6
:1024b000e4430000864b1a680823864900202cf06c
:1024c00069fa854900202cf065fa08231c4600268d
:1024d000274600bf06eb4604804b03eb0414d4f8f8
:1024e00028c0d4e902abd4e90001cde90a01d4e95e
:1024f0000601d4e90423cde90c23d4e90689d4e903
:102500000823b8eb020469eb030504940595dde9a3
:102510000c45021b61eb050302920393dde90a01fe
:10252000baeb00026beb0103009201936346324663
:102530006b4900202cf02efa0136be42cad3694bfb
:1025400019685868002301f001021343664b674a7b
:1025500008bf1346029300910190654b1a686549c4
:1025600000202cf017fa644b1a68644900202cf004
:1025700011fa634b1b680193624b1b680093624b1b
:102580001b68624a1268624900202cf003fa614b12
:102590001968586844014a0144ead163521a63eb4e
:1025a00000039c0044ea9274950023466a1840ebad
:1025b0000303d90041ea5271d00002460b46564946
:1025c000d1e9000128f0b6fd0346544a1268544987
:1025d00000202cf0dff933f045f881468a46514b54
:1025e000d3e90045231a0e9365eb01030f934e4b7d
:1025f0001a784e4e4e4b002a08bf1e464d4b1a7895
:102600004a4f4b4b002a08bf1f464b4b19684b4a99
:102610004b4bb1f1ff3f0cbf904698463d4bd3e981
:102620000023dde90e0128f085fd02900e9b019349
:10263000cdf800803b463246424900202cf0aaf9f2
:10264000414b1b784bb1414a4ff0ff33dde90e019e
:10265000904271eb0303fff670ad229a002a7ff4db
:102660007bad3b4b1a683b4900202cf093f93a4b69
:102670001b683a4a1278002a7ff46aae384a10780a
:10268000384a3949002808bf0a4662e6022d06ddad
:102690003649606835f095fa00283ff4c4ac3449f7
:1026a000606835f08efa00283ff4d6ac0024fff7be
:1026b0001fb93049606835f084fa00287ff400a81b
:1026c000a06827f015fa06460f460125fff7ccb99a
:1026d000b4020120344c00006c4c0000e8e50020fe
:1026e000b44c000058ff0020584400006c44000027
:1026f00048020120e44c00004c020120384d00004b
:10270000d8fe0020e0fe0020d0fe00203002012094
:102710006c4d000088ff0020c8fe0020340201201c
:10272000d04d000078ff00207304012050440000c9
:10273000544400006c04012004060120844400007d
:102740008c440000104e000062040120402bfeff6c
:1027500064020120504f00007c0201206604012029
:10276000690401209c440000bc440000c44a0000ed
:08277000e84a00009446000055
:020000040000fa
:102778002de9f04f8db00f210a2033f00dfd0290a6
:1027880010f0010f40f05d85029b13f0020f40f03e
:102798007c850db0bde8f08fd9f8187007f11002ec
:1027a800059213f4007f21d1fb6809933b690a93d2
:1027b80000228df82c2006238df82d30330a43eaa9
:1027c8000623adf82e300c2109a82cf0e3fac043fb
:1027d80083b2d9f8202012f0040f30d03246414697
:1027e80048462af033ff002840f09a8640462cf0ed
:1027f8006dfe98f80ca04fea1a1a4fea8a03049360
:10280800d9f81ca0baf80220002a00f08c86fd89ad
:10281800bb891d44baf800301d445540adb2c74bc2
:10282800d3f800c0bcf1000f00f08086d9f828e08a
:10283800c34b1b68039300239b4610460ee01a46c1
:10284800314640462cf0a6facde7b4f87220824211
:102858002fd001331bb21c469c452fd9039a52f83e
:102868002440002cf5d094f876200b2af1d094f867
:1028780077100129edd8a16c09b18e45e9d1002a5c
:10288800e3d0b4f87220aa42e3d1daf80010226e3d
:102898009142ded1216cfa689142dad1012184f8a3
:1028a8007710c4f848e0059a204632f089f8a34624
:1028b80022e0bbf1000f08bfa346cae7bbf1000f37
:1028c80000f08380fb68cbf8403001218bf877104b
:1028d800cbf848e0059a584632f072f8abf87250d7
:1028e800baf80030abf86030baf80230abf86230b2
:1028f800dbf80030cbf81030d9f810209389049910
:102908005b1a938198f80d40d8f80870d8f80450ed
:102918009bf83f3013f0400f5bd19bf875306ff395
:1029280000038bf875309bf87630002b69d0012bab
:1029380000f09e801436049aa6eb020a1ffa8afa5f
:10294800aaf1140292b2059214f0010206921abf7b
:10295800aaf1130a1ffa8af2059a039214f0020fd9
:1029680003d0039a013292b20392dbf81c60dbf8c1
:1029780020209642c0f0aa80dbf81810dbf814007b
:10298800091aa6eb020aa1eb0a0a1ffa8af20492b4
:10299800dbf85820a5eb020a039a002a00f0a98068
:1029a800049a002a00f0a080baf1000fc0f29680c5
:1029b8009245c0f0a780039a04998a1a8a45c0f202
:1029c800a180924540f39e808ee06ff00e0100f0ea
:1029d80034bc00238bf879309bf83e3013f0020f9b
:1029e8009bd133f0ddfcbbf87020564b1b6803fb12
:1029f80002f3554aa2fb032300eb9310cbf8240003
:102a08008be714f0040f1ad114f0100f1dd114f035
:102a1800020f27d00135cbf85850404626f03cf835
:102a2800abf86a00584631f0d7f80122122158460f
:102a380009f05cfe02238bf876300026e6e30021dd
:102a480058461df04dfd0026e0e3cbf854700022f7
:102a58000421584609f04afe002158461df040fd61
:102a68000026d3e3002158461df03afd0026cde3a9
:102a780014f0040f40f0c98314f0100f00f0a08583
:102a8800dbf85460b74205d114f0020f40f05585c9
:102a98000026bbe3cbf8547001220421584609f004
:102aa80025fecbf854600026b0e333f079fcbbf880
:102ab8007020244b1b6803fb02f3234aa2fb032369
:102ac80000eb9313cbf8243000f056bda2eb060ab6
:102ad8000af1ff3a1ffa8af2049259e703990a4663
:102ae800514400293ff768af14f0040f1fd00026a7
:102af8008ce3baf1000f05d0baf1000ff4db049aa9
:102b08009245f1da14f0060f20d114f0100f00f0fe
:102b18009083023b072b00f2cc81dfe813f02900f9
:102b28003e003e003e003e00ca013e00bd010122bb
:102b38001021584609f0dafd002667e3e400012079
:102b4800e0000120e8000120d34d621014f0040fca
:102b580008d09bf83f3043f002038bf83f304ff426
:102b6800006600e00026002158461df0b9fc4de340
:102b7800dbf85460b74205d103238bf876304ff465
:102b880080760be0cbf8547001220421584609f0f6
:102b9800adfdcbf85460002638e30026dbf81010b2
:102ba800dbf808305a1a13d4dbf854003b1a9b1a86
:102bb800002b1dddbbf8742002f40172042a01d138
:102bc800012b0cd000221021584609f08ffd1de37f
:102bd800dbf80430dbf800001b1a1a44e4e7013084
:102be800cbf854009bf8753043f002038bf875302e
:102bf800dbf85430dbf80c20881a914249d2dbf814
:102c08000420dbf80010521afb1a0344d318079368
:102c1800002b07dddbf80430dbf800209b1a079a4d
:102c28009a4246d9dbf83830002b40f0a280dbf816
:102c38000c20dbf808309a4200f0d980b8f80e3042
:102c4800bbf86e209a4238bfabf86e30dbf85420e0
:102c5800b8f80e303b449b1a9bb2bbf8641031b9ec
:102c68002bb19bf83e1041f040018bf83e10abf8b9
:102c780064309bf87630042b00f0f080062b40f08f
:102c88001981974240f0c282002158461df028fc65
:102c9800bce2fb1a03440793002b07dddbf8043082
:102ca800dbf800001b1a0798984202d99142bed05f
:102cb800b8e740f2dc53cbf8343033f071fbdbf883
:102cc8003420c44b1b6803fb02f3c34aa2fb032353
:102cd80000eb9313cbf838309bf83e306ff3451375
:102ce8008bf83e30dbf80c10079b0b44cbf80c300c
:102cf800dbf8102091420ed893421cd99a1adbf8bf
:102d080054100a44cbf85420cbf81030dbf80420d8
:102d1800934224d313e0dbf80410dbf80000091a0f
:102d28000a44934207d99a1adbf854100a44cbf89c
:102d38005420cbf81030dbf80420934205d3dbf89d
:102d48000010511a5b1acbf80c30dbf810309342a4
:102d580005d3dbf80010521a9a1acbf810209bf80a
:102d68007630032b02d0082b7ff461af46f00406bf
:102d78005de733f015fbdbf83830c31a002bfff69c
:102d880056afdbf834305b00b3f57a4f28bf4ff409
:102d98007a43cbf8343033f003fbdbf834208d4b27
:102da8001b6803fb02f38c4aa2fb032300eb93137b
:102db800cbf83830dbf81010dbf80c20881adbf879
:102dc80054301b1acbf85430914207d2dbf8041068
:102dd800dbf80000091a5b1acbf85430cbf8102046
:102de8009bf83e3043f080038bf83e301fe79bf89a
:102df8003f3013f0010f19d113f0400f06d19bf8a3
:102e08003e306ff341038bf83e3017e733f0c8fad2
:102e1800bbf870206f4b1b6803fb02f34ff47a7208
:102e2800b3fbf2f30344cbf82430e8e7dbf8543083
:102e38009f427ff403af9bf8743013f0040f3ff404
:102e4800fdae9bf83e306ff341038bf83e309bf8a4
:102e58003f306ff300038bf83f30efe6974203d023
:102e680014f0200f35d0d1e19bf8743013f0040f23
:102e7800f6d033f095fa574b1a6841f2883303fbc2
:102e880002f34ff47a72b3fbf2f30344cbf8303019
:102e980005238bf87630e3e7dbf8543001339f42a3
:102ea80001d00026b2e1002158461df019fb00268a
:102eb800ace1002614f0200f40f0a8819bf87620a2
:102ec800a2f10803dbb2012b40f2a081062a00f030
:102ed8009d81059a002a3fd0baf1000f7edd059b3f
:102ee8005344049a934203dda2eb0a039bb2059371
:102ef80098f80c301b0908eb83030893dbf81c10c7
:102f0800dbf81830059a52440a44934280f0f48062
:102f18005a1a0132b2eb0a0200f1df801ffa82f876
:102f280001240094434608a80246514448462bf021
:102f380037f90490059aa2eb080300949bb208aafb
:102f4800dbf8141048462bf02bf9049b034498b285
:102f5800059b834200f0d980039bcbb19bf8763068
:102f6800033bdbb2022b84bfdbf81c30cbf82030ec
:102f78009bf83e3013f0100f40f0fa809bf83e307b
:102f880043f010038bf83e3013f0080f00f0f68082
:102f9800069b002b00f03a81dbf858300133039a86
:102fa8002a44934240f03281cbf8583046f4806688
:102fb8009bf83f3043f004038bf83f309bf87630a2
:102fc800023b032b00f20781dfe813f0ec00f50069
:102fd800fe001501e8000120d34d621098f80c306e
:102fe8001b09caeb830343440893524493b2049adf
:102ff8009a4228bf1a469246dbf81c10dbf81830b4
:103008008a18934259d25b1a01330493bdf8108091
:1030180001240094434608aa48462bf0c1f80590bd
:10302800aaeb080300949bb208aadbf814104846e0
:103038002bf0b6f8059a024490b2049baaeb03035e
:10304800dbf814201344504586d1dbf8581051445e
:10305800cbf85810cbf81c309bf87620033ad2b244
:10306800022a98bf46f40076dbf85c20b2f1ff3ff5
:103078003ff472afa2eb0a0acbf85ca0bbf8682059
:1030880012eb0a0224d4baf1000f3ff765af1144de
:10309800cbf858101344cbf81c30dbf818209342b7
:1030a80006d9dbf81410521ad2431344cbf81c305b
:1030b8004ff0ff33cbf85c304ee7012300935346c3
:1030c80008aa48462bf06cf8dbf81c305344bae7e2
:1030d8004ff0ff33cbf85c303ee70af1ff30dbf806
:1030e80014209b1ac01a01230093059b08aa0144c7
:1030f80048462bf055f82be701230093059b08aab7
:10310800514448462bf04cf822e7dbf85c30b3f129
:10311800ff3f15d09a4519d2059a02eb0a01bbf870
:103128006820d018814205d88b4203d8a0eb0a0347
:103138009bb20593059babf86830cbf85ca00be716
:10314800cbf85ca0059babf8683005e7bbf86820b6
:103158001a4405980146514491427ff6fdae9245c6
:103168003ff6faaeaaeb03031844abf86800f3e69f
:1031780001221021584609f0b9fa09e7dbb243f0f9
:1031880008038bf83e3033f00bf9b14b1a6864230f
:1031980003fb02f34ff47a72b3fbf2f30344cbf868
:1031a8002c30f5e609238bf8763001221121584698
:1031b80009f09cfa2ae008238bf876309bf87530e2
:1031c80013f0010f07d021e0dbf854309f4208d0fc
:1031d80006238bf8763001221021584609f086fa2a
:1031e80014e000221021584609f080fa00215846c0
:1031f8001df076f90ae000221021584609f076fa07
:10320800002158461df06cf900e00026bbf87a2032
:10321800324000f08e81dbf87c40002c00f08b817e
:10322800dbf88030d9f82810bbf93c00a047022110
:1032380003e00026eae76ff00d010a22484632f063
:103248008df80a2034f0f0fa814600283ff49caa51
:10325800b9f82c60132eeed9d9f81c8098f80c30e8
:103268001b09042b0bd9b6eb830f0bdbd9f82030e5
:1032780013f400343ff490aa6ff00e01dde76ff00d
:103288000d01dae76ff00d01d7e7724b1b68002bd1
:103298003ff47faa00252b46dff8bc91dff8bca1dc
:1032a800dff8b081e6e033f07bf8a36ac01a0028a3
:1032b800a8bf1026f4e033f073f8e36ac01a0028b8
:1032c800c0f2f48094f87630052b00f08a8110263d
:1032d80087f001023146204609f008faeee033f0a3
:1032e8005ff8236bc01a0028c0f2e5800122142180
:1032f800204609f0fbf9002120461df0f1f8b1e065
:1033080094f83e6006f001060121204626f0a4ff4d
:1033180094f83e3043f0010384f83e304ff4805275
:10332800002120462ef074fb002e40f09b8094f87c
:103338003e306ff3000384f83e300a2384f8763079
:1033480090e033f02df8636ac01a0028c0f28a8032
:1033580094f876104b1e082b00f28280dfe803f009
:103368000541556080688080700094f87830032ba0
:1033780040f22b81042384f87830354b1a684ff4d7
:103388007a7303fb02f3aafb03239b091b01236542
:103398000221002694f87830013384f87830236dc0
:1033a8005b0023652069e268831a9bb2904204d2cd
:1033b80060682768c01b03449bb2606dc01a6065d3
:1033c800b4f864000344a4f8643022610022204663
:1033d80009f08cf9002e45d0002120461df080f818
:1033e80040e094f87830022b40f2f18094f83e6087
:1033f80006f001031e46002b18bf1421002fc9d167
:103408000122204609f072f9e4e794f87830042b99
:1034180040f2df80042384f8763011210026ede79e
:1034280094f87830042b40f2d68014210126e5e781
:1034380094f87830042b40f2d08014210126dde77f
:1034480094f87830042b40f2ca8014210126d5e77d
:10345800e8000120e4000120e0000120d34d6210c3
:10346800002e5ad101352db22b46d8f800209542ae
:10347800bff48fa9d9f8002052f82340002cf1d0ce
:1034880094f876300b2bedd094f83e3013f0c0064c
:103498001abfdf091026002713f0040f7ff403afcb
:1034a80094f83e3013f0080f7ff405af94f87630a7
:1034b800052b3ff414af002e7ff40aaf94f83e308a
:1034c80013f0020f7ff43daf94f83f3013f0400f34
:1034d800c8d094f87630032bc4d132f061ff636a08
:1034e800c01a0028bedb94f8792094f884309a42f8
:1034f8003ff406af02221021204609f0f7f832f017
:103508004fffb4f870203b4b1b6803fb02f3aafb88
:10351800032300eb93106062a4e7314600266de7b1
:103528006ff0090189e66ff00e0186e66ff00e0173
:1035380083e6022181e602217fe60135cbf8585067
:10354800b8f80e30abf86e30abf86430404625f072
:10355800a3faabf86a00584630f03efb012210216e
:10356800584609f0c3f803238bf876309bf83f30b0
:1035780013f0400f7ff499aa9bf83e306ff3410394
:103588008bf83e304ff4807640e60135cbf8585042
:10359800b8f80e30abf86e30abf86430404625f022
:1035a8007bfaabf86a00584630f016fb012212216c
:1035b800584609f09bf802238bf87630002625e65a
:1035c80014f0020fe1d1002620e60221e1e61221e3
:1035d800dfe61021dde61121dbe61021d9e6112115
:1035e800d7e632f0ddfe236bc01a0028bff67eaea8
:0835f80010266de6e800012039
:020000040000fa
:103600002de9f04f2ded028b9bb00f21212032f0e0
:10361000c7fd002800f0b8867d4b1b68002b40f3e7
:10362000b3867c4c0026dff820929fed7b8ab9e3bd
:10363000d4f8c4305d6894f8d1202ab3227c012ae2
:1036400042d0022a61d1b4f93830b3f1ff3f25d01e
:103650000023724a4ff40071b4f9380032f07ef959
:10366000d4f8bc200221b4f938001ff027fa30b991
:10367000d4f8c4301b681b6869492846984706215e
:1036800020462df0fdff86e31b681b686549284630
:103690009847012120462df0f3ff7ce304f18002de
:1036a000618a012026f02eff2087b0f1ff3fcfd1a5
:1036b000d4f8c4301b681b685b4928469847012131
:1036c00020462df0ddff66e304f18002618a0120cf
:1036d00035f011f8a087b0f1ff3f0ad00023534a1c
:1036e0004ff4807132f09efa032120462df0c8ff7e
:1036f00051e3d4f8c4301b681b684d4928469847ed
:10370000012120462df0bcff45e31b681b68494999
:1037100028469847012120462df0b2ff3be3d4f81c
:10372000c430d3f804b03b4be31adb1003ebc30205
:1037300003eb4203c3eb432303eb8343c3f1000ad0
:1037400097e0d4f8c4301b681b683b49584698473b
:10375000042120462df094ff1de3b4f93c0033f022
:1037600065f918e30133c4f89430284633f06ff953
:1037700002460b46d4e9080114f0a7ffc4e908018a
:10378000002f19dba36ae26a511c8b4231d09342ad
:1037900020dc616b01f1010161632cd020e0d4f8e1
:1037a000c4301b685b68254958469847236b013b2a
:1037b000a26a1344236391e07f42a76232f0f4fdd2
:1037c000c4f88c00002384f8cc30042120462df06e
:1037d00057ffd7e75b1a226b13442363a36ae362a4
:1037e0000c3dadb2002d44d0dff858804ff4c867cf
:1037f00036e0934206d1d4f8c4301b681b681049e8
:1038000058469847a36ae26a9342e9dde7e700bfba
:103810000001012098ef002000007a44817b030022
:103820006c23010024230100482301006b7b03006b
:1038300094230100b8230100d0230100f0230100ec
:103840001c240100eccc0020e8f900203a46414657
:10385000b4f93c0022f04afaa5f5c865adb245b10d
:10386000b5f5c86ff2d22a46d149b4f93c0022f02e
:103870003dfab4f93c0032f0f7fc05460b2878d944
:103880000c224946b4f93c0022f030fa0c287ff4af
:1038900058afd9f800301f0e47ea03671a0202f446
:1038a0007f0217431b0a03f47f431f43a762d4f828
:1038b0009430002b7ff456af002ffff64eaf01235c
:1038c000c4f89430d4f8c4301b685b685246b949d8
:1038d00058469847a26a002a7ff461afa36ae36260
:1038e00005a9b4f93c0021f053fab4f93c0034f0d6
:1038f000d1fb33f099fa069dd4f8c4301b68628a74
:103900000292020e0192c0f3074200925f68c0f378
:103910000723c2b2a8495846b847d4f8c4301b6838
:10392000bdf8582002922a0e0192c5f30742009278
:103930005f68c5f30723eab2a0495846b8476564f3
:10394000bdf85830a4f8643032f02efdc4f8880079
:10395000c4f8a800a36ac4f89c30d4f89430c4f822
:103960009830236bc4f8a030b4f93c0033f05ef813
:103970007fe7d4f894304bb994f8cf30012b40f066
:103980000a82042120462df07bfe04e232f00cfd79
:10399000d4f8a830c31a22689342edd9d4f8942001
:1039a000d4f898309a4212d1d4f8c4301b681b68fe
:1039b00083495846984732f0f7fcc4f88c0000233e
:1039c00084f8cc30042120462df05afed4e70021a3
:1039d000204613f0ebfacfe7b4f93c0032f044fc98
:1039e00038b994f8cf304bb1092120462df048fe6c
:1039f000d1e1b4f93c0033f019f8cce105212046bf
:103a00002df03efec7e194f8cd30002b00f0bd80d4
:103a1000b4f93c0032f028fc002840f0be8094f855
:103a2000cc305a1c84f8cc200a2b00f2bb808021b9
:103a3000b4f93c0034f0b4fe002800f0ac81e36a35
:103a40005b421a0e42ea0362190201f47f010a4343
:103a50001b0a03f47f431343c9f800300025c9f85b
:103a60000450c9f808508023c9f80c30c9f8105028
:103a7000d4e9080132f040ff020e42ea006203027c
:103a800003f47f031a43030a03f47f431343c9f883
:103a9000143032f09dfcd4f88c10d4f88830c91a58
:103aa000b1fbf0f31a0e42ea03621f0207f47f072c
:103ab0003a431f0a07f47f473a43c9f8182000fb2e
:103ac000131307ee103ab8ee477a27ee087a07ee9e
:103ad000900af8ee676ac7ee267a67ee887afceeff
:103ae000e77a17ee903a1a0e42ea0362190201f4dd
:103af0007f010a431b0a03f47f431343c9f81c30b8
:103b0000236b1a0e42ea0362190201f47f010a4391
:103b10001b0a03f47f431343c9f82030636b1a0e6a
:103b200042ea0362190201f47f010a431b0a03f40b
:103b30007f431343c9f82430e36a1a0e42ea036252
:103b4000190201f47f010a431b0a03f47f43134364
:103b5000c9f82830c9f82c50c9f8305034224946e9
:103b6000b4f93c002ef0fefc4c273a46294605a845
:103b700034f0daf93a4605a9b4f93c002ef0f2fc2b
:103b8000b4f93c0014f080fc05e10221204613f05a
:103b90000dfa012384f8cd303ae7b4f93c0032f055
:103ba00045fff8e0092120462df06afdf3e000bf53
:103bb000eccc0020542401000c48020040480200d4
:103bc0003c24010094f8cf30012b26d0b4f9380002
:103bd00032f027fd002800f0de803822002105a801
:103be00034f0a2f905a9b4f938002af064fa04f116
:103bf000400705ad0fcd0fc70fcd0fc70fcd0fc7b6
:103c000095e8030087e80300072120462df038fde2
:103c1000b4f9380032f0faf9bde0092120462df060
:103c20002ffdb8e0d4f8c4305f68b4f9380034f040
:103c3000e4f90546002865d0a36a002b49d1bd4ba5
:103c4000e31adb1003ebc30203eb4203c3eb432392
:103c500003eb8343d4f8c4201268d2f804805a429c
:103c6000b5493846c04732f09ffbc4f88800c4f815
:103c7000a800a36ac4f89c30b4f9380034f012faf2
:103c800033f0d2f8d4f8c4301b68628a0292020e74
:103c90000192c0f307420092d3f80480c0f30723d7
:103ca000c2b2a6493846c047d4f8c4301b68b4f83d
:103cb0006420029294f84720019294f846200092e2
:103cc000d3f8048094f8453094f844209c49384651
:103cd000c047a36a0133a362d4f894200132c4f828
:103ce0009420e362284632f0b2fe02460b46d4e945
:103cf000080114f0eafcc4e90801dff848824ff437
:103d0000c8671ce0b4f9380032f080f920b9b4f982
:103d1000380033f01fffd8b132f046fbc4f88c00f6
:103d2000082120462df0acfc35e03a464146b4f976
:103d3000380023f0f9f8a5f5c865adb245b1b5f581
:103d4000c86ff2d22a467f49b4f9380023f0ecf864
:103d5000a36a63b994f8cf30012b1cd10821204607
:103d60002df08efc32f020fbc4f88c0013e032f012
:103d70001bfbd4f8a830c31a22689342ead9002169
:103d8000204613f013f9e5e794f8cd30c3b30921c9
:103d900020462df075fc0136d8346b4b1b68b342be
:103da00040f3f28294f8ce30012bf4d0023b102b7a
:103db00000f2e58201a252f823f000bf3136000084
:103dc0001f370000d9390000073a0000c53b00004a
:103dd000253c0000893d0000113e0000ad3e000082
:103de000d93e0000c9400000af410000334200004e
:103df00059430000d93f0000c94200006f43000052
:103e00000221204613f0d2f8012384f8cd30bee71a
:103e1000d4f8c4305f68237c012b29d0022b2cd02e
:103e2000444be31adb1003ebc30203eb4203c3eb87
:103e3000432303eb83435d42d4f8c4301b685b68c3
:103e40002a4642493846984720462ef09ff994f872
:103e5000d130012b19d0d4f8c4301b685b682a46d6
:103e60003b4938469847012120462df009fc92e74e
:103e7000b4f93c002ef008fdd2e7b4f938002ff079
:103e8000fbff4ff6ff732387cae794f8cf30002b70
:103e9000e1d1d4f8c4301b685b682a462d49384606
:103ea0009847022120462df0ebfb74e7d4f8c800b8
:103eb00033f031fb032808d10b2120462df0e0fb25
:103ec00032f072fac4f8ac0065e704f14401d4f8aa
:103ed000c8002ff036f8efe7d4f8c4305d6894f8e6
:103ee000cf20012a17d0d4f8c80033f014fb0328e0
:103ef0001bd094f8443003f0f003e02b2ed1237c48
:103f0000012b64d0237c022b7ff445af0c2120468b
:103f10002df0b6fb3fe71b681b680f492846984702
:103f2000012120462df0acfb35e70022a267a4f862
:103f30007c20e4e798ef0020542401000c480200a4
:103f400040480200eccc0020000101208024010048
:103f5000e4240100b02401000425010004f17802ea
:103f600004f14401d4f8c80027f080ffb8b1d4f8b8
:103f7000c4301b6894f87d20039294f87c20029250
:103f800094f87b20019294f87a2000925f6894f86c
:103f9000793094f87820bf492846b847afe732f027
:103fa00003fad4f8ac30c71a32f012fa00eb8000f2
:103fb00087427ff6f0aed4f8c4301b681b68b64960
:103fc0002846984732f0f0f9c4f8ac00e3e6102137
:103fd00020462df055fb95e7d4f8c4305d6804f118
:103fe0004402618a012034f08bfba087b0f1ff3fcf
:103ff0005ed00023a94a4ff4807131f013fee268cd
:104000000521b4f93c000df097fa30b9d4f8c4306a
:104010001b681b68a2492846984702220621b4f96a
:104020003c000df089fa30b9d4f8c4301b681b6825
:104030009c4928469847d4f8c810b4f93c002bf0a6
:104040003cff05a9b4f93c0020f0a2febdf85a30af
:10405000a4f87e30d4f8c4301b681b689249284607
:104060009847d4f8c4301b68628a029294f84720bb
:10407000019294f8462000925f6894f8453094f8d5
:1040800044208a492846b847112120462df0f8fae5
:1040900032f08af9c4f88800d4f884300344c4f8b4
:1040a00090304ff4c8625521814833f03dff72e6ed
:1040b000d4f8c4301b681b687e4928469847012104
:1040c00020462df0ddfa66e6d4f8c4305d680022a3
:1040d000618a012033f060fa6087b0f1ff3f51d070
:1040e0000023754a4ff4007131f038fcd4f8803069
:1040f000002b53d104f1440300220121b4f93a000a
:104100002df0b3fc4ff48063a4f87e30d4f8c430b3
:104110001b681b68644928469847d4f8c4301b685c
:10412000628a029294f84720019294f84620009205
:104130005f6894f8453094f8442060492846b847b1
:104140000d2120462df09cfad4f8b8200321b4f9b3
:104150003a001ef0b3fc30b9d4f8c4301b681b68b9
:104160004f4928469847b4f93a0031f0e0fb32f065
:104170001bf9c4f8ac004ff4c86254214c4833f02a
:10418000d3fe08e6d4f8c4301b681b684c492846a7
:104190009847012120462df073fafce504f18003d5
:1041a000628a0121b4f93a0023f040fca2e794f8b6
:1041b000cf30012b19d0d4f8c4305f68b4f93a007d
:1041c00032f02ffab0b1b4f93a0031f01fff32f0fb
:1041d000ebf8c4f88800d4f884300344c4f8903075
:1041e0000e2120462df04cfad5e50f2120462df06a
:1041f00047fad0e532f0d8f8d4f8ac30c51a32f02e
:10420000e7f800eb800085427ff6c5adb4f93a00cf
:104210002ff032fe4ff6ff736387d4f8c4301b686b
:104220001b682849384698470f2120462df028fa68
:10423000b1e520460cf0c2fd01280bd002287ff426
:10424000aaad0f2120462df01bfa32f0adf8c4f8cc
:104250008c00a0e5164f00bfb4f8b0508db1b5f595
:10426000c86f28bf4ff4c8652a463946b4f93a00ea
:104270001af094feb4f8b0301b1aa4f8b03085429e
:10428000ead9b4f93a0032f0dff9204618f07cf8a8
:1042900081e500bf64250100242501006b7b03003c
:1042a00090250100b82501000ca40100e0250100c3
:1042b000eccc002094230100817b03001826010030
:1042c0004823010050260100227d0b21b4f93c0057
:1042d0000df032f920460cf071fd01280bd00228b8
:1042e0007ff459ad122120462df0caf932f05cf866
:1042f000c4f88c004fe5b4f8b05015b30027dff8d0
:1043000094a0a846b5f5c86f28bf4ff4c8684246c8
:104310005146b4f93c002ef025f90744bfb22d1ade
:10432000adb2804501d1002debd1b4f93c0014f0c1
:10433000abf840b900221146b4f93c002ff031fc33
:1043400029e52f46f1e7b4f8b030df1ba4f8b070d0
:10435000204618f019f81ee520462af0e1fab4f9d3
:104360003a002ff089fd4ff6ff73638713e520466f
:104370002af0d6fab4f93c002ef086fa0be50121ba
:1043800020462df07df906e51bb0bdec028bbde8a3
:08439000f08f00bfeccc00200f
:020000040000fa
:104398004531202854433120636f6d70617265295f
:1043a800000000004320285359535f54494d4520cd
:1043b80063616c6c6261636b290000006f6e20287a
:1043c8005345542f434c5229000000006f66662065
:1043d80028746f67676c6529000000006f6e000025
:1043e8006f66660000000000504332310000000094
:1043f8005041313600000000626c696e6b000000ad
:10440800465245450000000020203c2d2066697278
:10441800657320776974686f75742061207573619e
:10442800626c652074696d65626173652c204e4ffe
:10443800542073796e6368726f6e697a65640000e0
:104448005354524943540000796573006e6f00005d
:104458006f6464202d207072652d6c6576656c2004
:104468004c4f57004556454e202d207072652d6cd7
:104478006576656c20484947480000006e6f6e6598
:10448800000000006c6976650000000068656c64d7
:104498000000000057414e5445442c2068656c6468
:1044a80020627920736f6d656f6e6520656c73652a
:1044b800000000006e6f7420696e2075736500003f
:1044c8006772696420706172697479202873796ee3
:1044d80063656429000000004c4f43414c20544f51
:1044e80047474c4520286e6f206d617374657220b4
:1044f8007265666572656e63652900002d000000af
:104508002b00000066697265000000005b54524988
:10451800475d206e6f2074696d65626173650d0a71
:10452800000000005b545249475d2073636865646e
:10453800756c652069643d257520696e20256c754c
:10454800206d733a2025730d0a000000627572739e
:10455800740000005b545249475d2063616e6e6fc2
:10456800742072656164206120706572696f6420cf
:1045780066726f6d20272573270d0a0020202020e2
:104588002020207462617365206275727374203c08
:1045980032307c32306d737c35303075733e203c60
:1045a8006e3e205b69645d0d0a0000005b54524951
:1045b800475d206e203d2030206d65616e7320754b
:1045c8006e6c696d69746564202d2075736520278c
:1045d8007462617365207065722720666f7220743b
:1045e8006861740d0a0000005b545249475d206ef3
:1045f8006f20757361626c652074696d65626173a3
:1046080065202d2063616e6e6f7420636f6d707509
:10461800746520612073746172740d0a00000000d3
:104628005b545249475d2062757273742069643d1a
:104638002575206576657279200000002c20706849
:1046480061736520302c20256c752070756c73653e
:10465800732c0d0a2020202020202073746172748e
:1046680020256c6c752e2530396c6c7520732020d4
:1046780020656e6420256c6c752e2530396c6c7540
:1046880020733a2025730d0a00000000706572003f
:1046980020202020202020746261736520706572bc
:1046a800203230207c2032306d73207c2035303031
:1046b80075732020202862617265206e756d6265b1
:1046c80072203d206d73290d0a0000005b54524989
:1046d800475d20706572696f6469632069643d2570
:1046e8007520657665727920000000002c207068be
:1046f80061736520303a2025730d0a0063616e638b
:10470800656c00005b545249475d2063616e6365c8
:104718006c6c65640d0a00006877000031000000c9
:104728005b545249475d206261636b656e643a2051
:1047380025730d0a0000000070756c736500000099
:104748005b545249475d2064757479206d757374a4
:1047580020626520312e2e3939202525202d207202
:104768006566757365640d0a000000005b54524964
:10477800475d2070756c73653a202573202020648e
:104788007574792061736b65643a20256c752025f2
:1047980025202020636c616d7065643a20256c7556
:1047a8000d0a00005b545249475d206163686965e2
:1047b8007665643a20706572696f6420256c75208f
:1047c8007469636b732028256c75206e732920200b
:1047d800206869676820256c75207469636b73208d
:1047e80028256c75206e7329202020647574792023
:1047f800256c752e2530326c752025250d0a000094
:104808005b545249475d2061636869657665643a1f
:10481800206e6f20706572696f642061726d6564c7
:10482800207965740d0a00005b545249475d206d7c
:1048380063303a20256c752020206d63313a20259d
:104848006c752020207761746368646f673a20254f
:104858006c752020206f6e652d73686f74207374db
:104868006f70733a20256c752020205359535f547c
:10487800494d4520726570616972733a20256c75df
:1048880020286c61737420256c75207469636b73c0
:1048980029202020667265652d72756e2073746fed
:1048a800707065643a20256c752020204f4e455362
:1048b800484f5420736b69707065643a20256c7595
:1048c8000d0a00005b545249475d2062757273748b
:1048d80020646f6e653a20256c75202020656e6413
:1048e8003a20756e6c696d697465640d0a00000084
:1048f8005b545249475d20627572737420646f6e11
:10490800653a20256c75202020656e643a20256c58
:104918006c752e2530396c6c7520730d0a000000fb
:1049280070696e005b545249475d20504431302015
:10493800746f67676c653a2025730d0a00000000e4
:104948006c6564005b4c45445d206e6f204c4544ab
:104958002025752c206f6e6c792031202850433229
:10496800312920616e642032202850413136290dca
:104978000a000000300000005b4c45445d20756e65
:104988006b6e6f776e20272573270d0a7573616725
:10499800653a207462617365206c6564206f6e7c73
:1049a8006f66667c626c696e6b205b317c325d0d74
:1049b8000a0000005b4c45445d204c4544257520a9
:1049c8002825732c2070696e202575293a202573b7
:1049d8000d0a00005b4c45445d2070696e2025750a
:1049e8002069732068656c64206279202725732705
:1049f8000d0a000070696e73000000006570000009
:104a08006f666665720000006c6f67005b45505dfd
:104a1800206672616d65206c6f673a2025730d0af8
:104a280000000000736c6577000000005b54524979
:104a3800475d20736c6577203c64697669646572ac
:104a480020382e2e313030303030303e2020207348
:104a5800746570203d20706572696f642f64697693
:104a68006964657220706572206772696420706f6e
:104a7800696e740d0a0000005b545249475d20734b
:104a88006c65773a20706572696f642f256c7520a4
:104a9800706572206772696420706f696e740000b7
:104aa80020202068616c6620706572696f642069d7
:104ab8006e20256c752073000d0a00006d6f64650b
:104ac8000000000066726565000000005b545249f2
:104ad800475d206d6f64653a20257325730d0a00c4
:104ae80074726967000000005b545249475d206298
:104af80061636b656e643a20257320202050443131
:104b0800303a2025730d0a005b545249475d2061f5
:104b1800726d65643a2025732020206d6f64653ab4
:104b2800202573202020616374696f6e3a202575f3
:104b3800202020706572696f643a20005b545249e6
:104b4800475d2066697265643a20256c75202020cf
:104b5800726566757365643a20256c75202020732c
:104b68006b697070656420706572696f64733a2050
:104b7800256c75202020726561726d206c6f7374ce
:104b88003a20256c750d0a005b545249475d207325
:104b980074616c6c73207265636f766572656420ee
:104ba8006279207761746368646f673a20256c7551
:104bb80020202073746f7070656420627920686f9c
:104bc8006c646f7665723a20256c750d0a000000da
:104bd8005b545249475d206d61737465722073742c
:104be8006172743a2074616b656e20256c752020a3
:104bf800207061737420256c752020206f66662de7
:104c08006772696420256c75202020616273656e67
:104c18007420256c752020206c6f63616c2070688f
:104c280061736520256c750d0a0000005b545249bc
:104c3800475d206c6172676520736b6970733a20f9
:104c4800256c752020202862756666657220736859
:104c58006f777320746865206c61737420256c7598
:104c6800290d0a005b545249475d2020206e202000
:104c7800706572696f647320202064287469636b9f
:104c88002920202020202064286e7329202020201d
:104c9800202020206e6f775f6e73202d206e657840
:104ca800745f6265666f72650d0a00005b54524955
:104cb800475d202025326c75202025386c75202012
:104cc8002531306c6c6420202531316c6c642020d7
:104cd8002531346c6c640d0a000000005b545249a5
:104ce800475d206564676573207768696c65206136
:104cf800726d696e6720286f7574736964652074b6
:104d080068652067726964293a20256c752020201f
:104d18006669727374206772696420696e64657865
:104d280020256c6c7520282573290d0a00000000c9
:104d38005b545249475d206c6576656c20636f72e1
:104d48007265637465642061667465722072652d8e
:104d580064657269766174696f6e3a20256c750da9
:104d68000a0000005b545249475d20636f756e74fa
:104d78006572206d697372656164733a20256c757c
:104d88002020206c61737420256c642020206d69bc
:104d98006e20256c642020206d617820256c6420ad
:104da8007469636b732020283332373638203d20ee
:104db80068616c66207468652031362d62697420dc
:104dc80077726170290d0a005b545249475d206f64
:104dd80075746167657320287472696767657220e6
:104de800646964206e6f742072756e293a20256c90
:104df800752020206c6f6e6765737420256c6420a5
:104e08006d730d0a000000005b545249475d206332
:104e18006861696e3a207374616765323d25732055
:104e28002068775f70656e64696e673d2573202022
:104e380073797374696d655f74696d65723d257307
:104e480020207461726765742d6e6f773d256c64e0
:104e5800207469636b732028256c64207573290d91
:104e68000a0000005b545249475d205354414c4ca2
:104e780045443a2061726d656420627574207468d7
:104e88006520696e7374616e7420697320256c6483
:104e980020757320676f6e650d0a00005b545249d8
:104ea800475d206c6174656e657373206f766572fb
:104eb80020256c752066697265732c207469636b94
:104ec800732028256c64207469636b73203d20313e
:104ed800207573293a0d0a005b545249475d20201a
:104ee800206c61737420256c642028256c64206e06
:104ef80073292020206d696e20256c642028256c7c
:104f080064206e73292020206d617820256c642030
:104f180028256c64206e73290d0a00005b545249e1
:104f2800475d2020206d65616e207c6c6174657c16
:104f380020256c6c75207469636b732028256c6c54
:104f480075206e73290d0a005b545249475d206431
:104f5800656d6f20616374696f6e203120286973f5
:104f6800722920686974733a20256c750d0a00004f
:104f78005b545249475d20616374696f6e202575e3
:104f8800202867726964204c454431292068697477
:104f9800733a20256c752020204c4544313a202551
:104fa80073202020627573793a20256c750d0a00ec
:104fb8005b545249475d2020207068617365206604
:104fc800726f6d3a20257320202066697265732000
:104fd800776974686f757420677269642072656692
:104fe8006572656e63653a20256c750d0a000000d0
:104ff8005b545249475d2067726964207068617329
:10500800653a20256c6c75206e73202020736c65c2
:105018007720646562743a202573256c6c75207559
:10502800732020207261746520706572696f642f27
:10503800256c7520202072756e7320256c752020d4
:1050480020646f6e6520256c750d0a005b5452490b
:10505800475d2020206c6173742073746172742022
:10506800617420256c6c75207573206f66206465eb
:1050780062740d0a000000005b545249475d20200d
:10508800207068617365206269743a202575202054
:1050980020746f67676c65732073696e636520732e
:1050a800746f703a20256c752020206c6173742011
:1050b8006772696420706f696e743a20256c6c752c
:0c50c8002e2530396c6c7520730d0a0029
:020000040000fa
:1050d4006f6666006f6e000054433320636f756e15
:1050e40074696e6700000000544333204e4f54200f
:1050f40073657420757000004f4e00002020202836
:10510400646961676e6f73746963206d6f64652091
:105114002d207768696c652069742072756e732c14
:10512400205448495320626f61726427732063726c
:105134006f73732d6d6561737572656d656e742023
:105144006973206e6f74206d65616e696e67667534
:105154006c2900006f6b00004641494c45442028ef
:105164006e6f2074776f2073616d706c657320634c
:105174006c6f736520746f676574686572290000cd
:105184002028737562747261637465642900000079
:105194002020445754204f4646202d20676170201c
:1051a4004e4f5420737562747261637465640000b9
:1051b400757000004e4f5420534554205550000044
:1051c400636f756e7420636865636b3a2060706505
:1051d400657220636f756e74207265736574602cdc
:1051e400206e65696768626f7572206070656572ac
:1051f4002067656e203c6e3e6000000063616c6950
:1052040062726174656400004e4f542063616c697e
:10521400627261746564000070726573656e740017
:105224004d495353494e4720286e6f7468696e6721
:105234002061726d6564290070656572000000006c
:10524400736563005b504545525d206361707475fe
:1052540072653a2025730d0a0000000072657365bb
:10526400740000005b504545525d2073746174699d
:10527400737469637320636c656172656420286369
:10528400616c6962726174696f6e206b65707429f8
:105294000d0a0000636f756e740000005b50454595
:1052a400525d206576656e7420636f756e746572e9
:1052b400207a65726f656420287261772073746147
:1052c4007465202575290d0a000000005b504545d2
:1052d400525d206576656e74732073696e63652014
:1052e4007265666572656e63653a202575202020b7
:1052f40072617720737461746520257520202063a2
:105304006861696e3a2025730d0a00005b504545bb
:10531400525d20636f756e74657220697320313637
:1053240020626974202d20612073616d706c65208a
:105334006f66206d6f7265207468616e2036353536
:105344003335206576656e7473206973206e6f74cf
:1053540020756e616d626967756f75732e0d0a0035
:105364006d6972726f7200005b504545525d20504a
:105374004431302069732068656c64206279202789
:10538400257327202d206074626173652070696e17
:10539400206f6666602066697273742e0d0a0000c1
:1053a4005b504545525d20455854494e542575205f
:1053b40063616e6e6f742062652073657420746f10
:1053c40020626f7468206564676573202d206d69a1
:1053d40072726f72696e67204e4f5420656e6162ff
:1053e4006c65642e0d0a00005b504545525d206dce
:1053f4006972726f722050443131202d3e20504426
:1054040031303a20257325730d0a00005b50454561
:10541400525d206d6972726f723a202573202020cc
:105424006d6972726f7265642065646765733a2092
:10543400256c750d0a0000005b504545525d2060e7
:1054440074626173652070656572206d6972726f34
:1054540072206f6e60206e65656473206074626193
:1054640073652070696e206f66666020666972736a
:10547400742e20204d656173757265642066726fa9
:105484006d206f7574736964653a207374696d7502
:105494006c7573206f6e20746865206e656967682b
:1054a400626f75722773206368616e6e656c2c0d74
:1054b4000a5b504545525d20726573706f6e73656b
:1054c400206f6e20746865206f776e206f6e652084
:1054d4002d2074686520646966666572656e63650f
:1054e40020697320746865206c6174656e6379202b
:1054f40066726f6d206564676520746f204953522e
:1055040020656e7472792e0d0a00000067656e00c6
:105514005b504545525d206e206d75737420626545
:1055240020312e2e2575202874686520666172202e
:1055340073696465277320636f756e74657220697f
:105544007320313620626974290d0a005b50454589
:10555400525d2073706163696e67206174206c65ad
:10556400617374202575207573202d2073686f7204
:10557400746572206973206e6f742063617272693e
:105584006564206279207468652077726974652087
:10559400697473656c660d0a000000005b50454534
:1055a400525d2073656e64696e6720256c7520708a
:1055b400756c73657320256c75207573206170613b
:1055c4007274206f6e20504431302028626c6f63f7
:1055d4006b7320256c75206d73290d0a0000000083
:1055e4005b504545525d20746865206379636c6542
:1055f40020636f756e74657220284457542920699e
:1056040073206e6f742072756e6e696e67202d2024
:10561400776974686f75742069742074686572653d
:10562400206973206e6f2074696d652062617365f3
:1056340020666f72207468652070756c73652077be
:10564400696474682e0d0a005b504545525d205014
:105654004431302069732068656c642062792027a6
:10566400257327202d206074626173652070696e34
:10567400206f6666602066697273742c2074686596
:105684006e2072657472792e0d0a00005b504545d8
:10569400525d2073656e743a20256c7520726973af
:1056a400696e672065646765730d0a0063616c0049
:1056b4005b504545525d20726563616c696272613d
:1056c4007465643a20257320202064656c7461330a
:1056d40032203d2030782530386c580d0a00000007
:1056e4005b504545525d202020256c75206f662057
:1056f40025752073616d706c6573206b6570742cf7
:105704002073707265616420256c75207469636b05
:10571400732c20256c7520646973636172646564fd
:105724002020207265616420676170206d6178209b
:10573400256c75206379636c657325730d0a00000d
:105744005b5345435d206f776e2067726964206107
:105754006761696e737420746865206f776e207357
:1057640065636f6e642028315050532c206e6f2077
:105774007769726520696e766f6c766564290d0aa7
:10578400000000005b5345435d207365636f6e64e6
:1057940020656467657320736f206661723a202503
:1057a4006c750d0a00000000534543005b534543ec
:1057b4005d204974206e6565647320424f54483af5
:1057c40020616e2061726d656420677269642028af
:1057d400747269677065722920616e6420656467fc
:1057e4006573206f6e2050433132202874626173d8
:1057f4006520707073292e0d0a0000005b53454329
:105804005d2054686973206e756d626572207465dd
:105814006c6c7320796f7520574849434820626f38
:1058240061726420686173206d6f766564202d2039
:105834007468652063726f73732d6d65617375721f
:10584400656d656e742063616e6e6f742e0d0a0053
:105854005b504545525d20696e707574205044312b
:10586400312028455854312070696e20362c20454b
:105874005854494e543629202020636861696e3a91
:10588400202573202020636170747572653a202589
:10589400730d0a005b504545525d206576656e7454
:1058a4007320696e205443333a2025752028736988
:1058b4006e6365207265666572656e636529202076
:1058c4002025730d0a0000005b504545525d20639e
:1058d400617074757265733a20256c75202020649c
:1058e40069736361726465642c206e6f20677269ea
:1058f400642061726d65643a20256c7520202065f2
:1059040072726174612072652d72656164733a20ec
:10591400256c7520286d617820256c75206c6f6f5f
:105924007073290d0a0000005b504545525d2064e8
:10593400656c74613332203d2030782530386c58e2
:1059440020202825732c20256c752f257520736144
:105954006d706c65732c2073707265616420256ca6
:1059640075207469636b732c20256c752077696cc2
:10597400642c20726561642067617020256c752039
:105984006379636c657320737562747261637465a3
:1059940064292020206772696420726566657265d7
:1059a4006e63653a2025730d0a0000005045455288
:1059b400000000005b504545525d204e4f20454499
:1059c40047452e20204361626c6520746865206e13
:1059d40065696768626f7572277320455854312072
:1059e40070696e203520746f2070696e20362068cf
:1059f4006572652c2067726f756e6420636f6e6ebe
:105a040065637465642c20616e6420746865206e1f
:105a140065696768626f75720d0a5b504545525d32
:105a2400206d7573742062652064726976696e678f
:105a340020612067726964202874726967706572d6
:105a4400292e2020436865636b20776974686f751d
:105a540074206669726d776172653a207079746832
:105a64006f6e20736372697074732f746573745fdf
:105a7400706565725f776972696e672e70790d0a59
:105a8400000000005b504545525d20526561642072
:105a9400626f746820626f617264733a2028412dca
:105aa40042292f32206973207468652074727565e9
:105ab400206f66667365742c2028412b42292f328f
:105ac40020746865207061746827732070726f7029
:105ad40061676174696f6e2064656c61792e0d0a6b
:045ae400000000bfff
:020000040000fa
:105ae8002de9f04f8bb08e4bd3e90023134321d01f
:105af8008c4b1b78022b00f05382032b00f02a8377
:105b0800012b22d0884b1b78002b40f0c383854b98
:105b18001b78002b40f0c383844b1b78013b052b7b
:105b280000f2bd83dfe813f0c303cf03d903f50305
:105b38007604800432f042fc794b7d4aa2fb0020b7
:105b48008009186000225a60d2e77a4b1b78002b34
:105b580051d1794b1b78002b34d100200090774b22
:105b68000122774909682ef075f8024630b1754967
:105b7800002028f00bff2ff07bf9c3e72ff06efd14
:105b8800714f674b1c685d68231945eb05021b19ab
:105b980045eb0202d60046ea53764feac30c32467a
:105ba8001ceb040345eb0202d40044ea5374dd0005
:105bb80022462b1841eb02023b607a605e4b0122c1
:105bc8001a709fe72ff04afd5f4a13685268c31a9c
:105bd800069361eb02030793dde90634002b74f1a9
:105be80000038fdb564b1a685849002028f0cefe78
:105bf8002ff03ef986e7564b1b78002b6ed0544b9e
:105c080000221a70534b1b78002b37d10023454aca
:105c18001370494a1370444b1b78002b3ff47caf38
:105c28002ff01cfd4c4a13685268b0eb030861eb77
:105c38000209b8f1000f79f10003fff668af0024fc
:105c4800394b1c704549204628f0a0fe3c4b444a7d
:105c58001a60444b1c60444b1c60444b4ff4604238
:105c68001a60434b01221a70424b1c70314b1c7056
:105c7800314b1c702b4b02221a7010e33e4b1b68f1
:105c880003f0400213f0800f15d1002abed0c3f3f1
:105c9800c2033a4a13703a4a1278002a00f0e9839c
:105ca800384a12789a4200f2f183374a12789a42b7
:105cb80080f0e383dfe303f00700344a136801331d
:105cc8001360334b18702cf01fff02463149002037
:105cd80028f05cfe154b05221a7097e72e4b1b78af
:105ce800002b00f003811b4b1b78002b00f0f08089
:105cf8002a4a137820490868294941f823000133c2
:105d0800dbb21370092b4fd8264a52f823200c4bcc
:105d18001a600023074a1370074a137006e200bf8f
:105d280080fd00204904012040040120480401208e
:105d3800d34d6210390401203a0401206173030035
:105d48005c010120ac77000058fd0020d8770000e6
:105d5800460401203b04012060fd0020cc7f0000a8
:105d6800fb08030074010120780101207c01012057
:105d78004a0401204b04012064010120430401204e
:105d88004104012045040120440401206c01012044
:105d980042040120007800003d0401203e04012057
:105da8009cfa0020106503000023a94a1370a94a31
:105db8001370a94a1370a94a136854689168069128
:105dc800d5681069918a41ea004008909069918be2
:105dd80041ea0046099692f82060978c03f4004047
:105de800c3f3c0339e4a9f49002808bf0a469e490c
:105df800002028f0cbfdc5f307229c49002028f09d
:105e0800c5fd099b089a9a49002028f0bffd06990c
:105e180011f0ff0223d114f4806f25d14ebb77bb5c
:105e280014f0200f31d114f0100f33d114f0400fbb
:105e380035d114f0800f37d114f0080f39d114f090
:105e4800040f3bd114f4006f3dd140f6fc431c42d3
:105e58007ff458ae8749002028f098fd52e686491d
:105e6800002028f093fdd6e78449002028f08efd15
:105e7800d4e732468249002028f088fdcfe73a4629
:105e88008049002028f082fdcae77f49002028f0d9
:105e98007dfdc8e77d49002028f078fdc6e77c49ec
:105ea800002028f073fdc4e77a49002028f06efd31
:105eb800c2e77949002028f069fdc0e7774900204a
:105ec80028f064fdbee77649002028f05ffdbce7b6
:105ed800744b1a687449002028f058fd00235c4a66
:105ee80013705c4a13705c4a137094e66f4b1b780e
:105ef800002b41d06e4b1b686a4a12686d4900201e
:105f080028f044fd6c4b1b78a3b1694b1a686b4ba6
:105f180019680a406a4b1b680b409a4215d00191d8
:105f28000092604a12686749002028f02ffd624bf2
:105f380000221a705b4b1a68634b9a420ed00023fa
:105f4800454a1370434a137065e600911346554a53
:105f580012685e49002028f019fde8e7544b1c68d8
:105f6800c4f3423420462df01bfd0346224658490f
:105f7800002028f00bfde2e74a4b1a68554900203b
:105f880028f004fd4c4b1b78002bd8d0454b1a68e1
:105f98005149002028f0fafc474b00221a70cee73e
:105fa8004e4b1b78002b40f0a7802a4b1b78002b08
:105fb80037d1002001904a4b00930123494a1268c7
:105fc800384909682df06cfb024630b1464900207b
:105fd80028f0dcfc2ef04cff94e52ff03ffb434ffc
:105fe800434b1c685d68231945eb05021b1945ebfb
:105ff8000202d60046ea53764feac30c32461ceb3f
:10600800040345eb0202d40044ea5374dd0022463f
:106018002b1841eb02023b607a600e4b01221a708a
:1060280070e52ff01bfb314a13685268c61a61eb02
:106038000207002e77f10003fff664ad194b1a68ca
:106048002c49002028f0a2fc2ef012ff5ae500bfd0
:106058003d0401203a040120490401209cfa002053
:10606800907700009c77000030780000547800009a
:10607800ac780000d47c0000f0780000587900006b
:10608800d47900006c7a0000f07a00003c7b0000b4
:10609800807b0000c47b0000fc7b0000487c000083
:1060a8009c7c00005c010120047d00003b04012071
:1060b80064010120387d00004b0401207c0101208f
:1060c800780101209c7d0000fb080300647d00002e
:1060d800e47d0000007e0000287e000039040120d5
:1060e8009d7e030074010120607e000058fd0020a1
:1060f80080fd00208c7e0000a34b1b78e3b1a34bee
:106108001b68a34a1268a349002028f03ffca24b51
:1061180000221a70a14b1b78c3b1a04b1a7001233f
:106128009f490b709f490a709f4a13709f4b1b78b9
:10613800002b3ff4ecacb2e0954b1a689c49002068
:1061480028f024fc954b00221a70e0e7964b0022b9
:106158001a7060e5934b1b78002b54d18e4b1b783b
:10616800002b3ad100200290924b01930123009317
:10617800914b1b68854a1268854909682cf08aff8b
:10618800024630b18d49002028f000fc2ef070fe48
:10619800b8e42ff063fa8a4f8a4b1c685d682319ac
:1061a80045eb05021b1945eb0202d60046ea537679
:1061b8004feac30c32461ceb040345eb0202d40041
:1061c80044ea5374dd0022462b1841eb02023b607f
:1061d8007a60714b01221a7094e42ff03ffa784ae2
:1061e80013685268c41a61eb0205002c75f10003ac
:1061f800fff688ac664b1a687349002028f0c6fb86
:106208002ef036fe7ee4604b1b78ebb16f4b1b68bb
:1062180001935e4b1b680093674b1b685c4a1268ce
:106228006b49002028f0b2fb5b4b00221a705b4bd5
:106238001b789bb1594b1a70012359490b70594966
:106248000a70594a13702ae0514b1a6861490020b4
:1062580028f09cfb514b00221a70e5e75e4b1b7837
:106268007bb100235c4a137001225c490a705c49c7
:106278000b7047495b4808604a490b704a4b1a70d3
:106288000de0494b00221a70484b1b78002b7ff415
:10629800c7ac41e4444b1b78002b3ff4c1ac524bd4
:1062a8001b78002b40f0ca800bb0bde8f08f4f4b35
:1062b8001a7812014ff47f614d4829f033fd4d4b98
:1062c80002221a70ebe74ff4f85211464a4829f0b7
:1062d80029fd484b03221a70e1e74ff4804211462a
:1062e800464829f01ffd434b04221a702ff0b6f9d7
:1062f800434bc3e900013d4b1a78ff2a04d04149ba
:10630800002028f043fbcae73f49002028f03efb65
:10631800c5e72ff0a3f93a4a13685268c31a0493e1
:1063280061eb02030593dde90434002b74f10003eb
:10633800b5db334d234b1c685e687701630147ea80
:10634800d4621b1b62eb0602970047ea93774fea79
:10635800830c3a461ceb040346eb0202d40044eae1
:106368005374de002246331841eb02022b606a6048
:10637800264b01221a7026482ef05efa00288ed18c
:10638800224b00221a708ae73b0401207401012085
:106398005c010120b47e00003a0401204a04012077
:1063a8004b04012039040120490401204004012044
:1063b800e47e00007d730300600101200c7f000073
:1063c80058fd002080fd0020387f00006801012072
:1063d800607f0000a47f00003f0401203d040120ed
:1063e8003e04012003ca04004704012023060120bb
:1063f800aa00040048040120ac000400a000040026
:1064080068fd002048800000048000004604012048
:10641800a100040000224ff480411e4829f082fcac
:106428001d4b06221a703ae74ff48042114619486c
:1064380029f078fc184b04221a7030e72ff00ef977
:10644800164a13685268b0eb030a61eb020bbaf103
:10645800000f7bf10003fff627af104c104a1368ba
:106468005268181842eb0101206061601af0fafbcb
:106478001ae70c4a13700c4a13700c4b01221a705d
:106488000b4a136801331360fff7c0bb054a13704a
:106498000be400bfa00004004804012070fd0020a8
:1064a80078fd002045040120440401204104012016
:0464b800700101204e
:020000040000fa
:1064bc006f6e00004f46460000000000202028743c
:1064cc0068652064656665637420706173736573b9
:1064dc00207468726f756768202d20666f72207447
:1064ec0068652074656574682068616c66206f66e9
:1064fc002074686520616363657074616e636520e8
:10650c0072756e2900000000504431302020286e36
:10651c0065656473202774626173652070696e20f1
:10652c006f66662720616e64206e6f2061726d65e8
:10653c0064207472696767657229000050413136b6
:10654c002f4c454432202028776f726b73205749ab
:10655c00544820616e2061726d65642074726967a5
:10656c006765723b20277462617365206c656427d4
:10657c00206d757374206265206f666629000000bb
:10658c006f6666006163636570746564000000008b
:10659c0052454655534544003150505300000000bd
:1065ac0050545020706169727300000072756e6ee9
:1065bc00696e67004e4f542052554e4e494e47203f
:1065cc002d2076616c75657320766f696400000010
:1065dc0070707300666978005b5050535d20777261
:1065ec00617020636f7272656374696f6e3a2025f7
:1065fc007325730d0a0000005b5050535d20696ecb
:10660c006a656374696e672061206c6f73742077a0
:10661c0072617020282d2564207469636b732920a6
:10662c00696e746f20746865206e657874202575aa
:10663c002065646765287329202d20277772617087
:10664c002066697827206d757374207269736520d4
:10665c00627920257520616e6420276f75746c69d2
:10666c0065727327206d7573742073746179207053
:10667c0075740d0a000000006d61726b0000000063
:10668c006c6564005b5050535d2049535220706917
:10669c006e206d61726b65723a2025730d0a0000d5
:1066ac00636c61696d0000005b4549435d20636c60
:1066bc0061696d20455854494e54256c753a202516
:1066cc00730d0a005b4549435d20636c61696d6520
:1066dc00643a2030782530386c582020207265665a
:1066ec00757365643a20256c750d0a0064696167e1
:1066fc00000000005b444941475d20636f6e666992
:10670c006775726174696f6e2c20726561642062aa
:10671c0061636b3a0d0a00005b444941475d2020e0
:10672c00205443322e4354524c4120202530386c97
:10673c007820202843415054454e303d42697432f4
:10674c00342c204d4f44453d426974333a322c2051
:10675c00454e41424c453d42697431290d0a0000b9
:10676c005b444941475d2020205443322e4556431b
:10677c0054524c20253034782020202020202854be
:10678c004345493d426974352c2045564143543d9f
:10679c00426974323a30290d0a0000005b444941c9
:1067ac00475d20202045565359532e4348414e4ea9
:1067bc00454c5b25755d202530386c7820202045b4
:1067cc00565359535f555345525b5443325f4556ac
:1067dc00555d20256c750d0a000000005b44494195
:1067ec00475d2020204549432e45564354524c20aa
:1067fc002530386c782020204549432e4153594e82
:10680c004348202530386c782020204549432e43be
:10681c004f4e46494731202530386c780d0a000020
:10682c005b444941475d206e202063633020206328
:10683c00636275665f707265207c20616674657238
:10684c002077616974696e673a20636362756620ac
:10685c00636330207c20616674657220524541442c
:10686c0053594e433a206363627566202064286353
:10687c0063627566292020636f756e7420207374b3
:10688c007320696e740d0a005b444941475d2025f5
:10689c006c7520202535752020253575207c20250c
:1068ac00357520253575207c20253575202025361d
:1068bc007520202535752020253032782025303262
:1068cc00780d0a005b444941475d207374696c6c18
:1068dc002070656e64696e673a20256c752065645e
:1068ec006765730d0a0000005b444941475d2061f8
:1068fc00726d656420666f7220256c752065646707
:10690c006573202d2063616c6c20616761696e205a
:10691c00696e20256c7520730d0a00005b50505376
:10692c005d2066656564696e6720746865207469ae
:10693c006d65626173653a2025732020286d6f6444
:10694c00656c20636c6561726564290d0a0000003a
:10695c005b5050535d2075736167653a20746261ba
:10696c00736520707073207c207462617365207075
:10697c007073206f6e7c6f66660d0a005b5050530f
:10698c005d2065646765733a20257520202064724c
:10699c006f707065642028746f6f206c617465294a
:1069ac003a2025752020207375626d6974746564b6
:1069bc003a20257520202072656164206661696c1f
:1069cc00733a2025750d0a005b5050535d206665a7
:1069dc006564696e673a20257320202074696d65a3
:1069ec006261736520736f757263653a2025730d50
:1069fc000a0000005b5050535d207365636f6e643a
:106a0c002d6e756d626572206d69736d617463684e
:106a1c0065733a2025752020206c617374206f6695
:106a2c006620627920256420730d0a005b50505358
:106a3c005d206361707475726520757365643a20ae
:106a4c00257520202072656a656374656420617306
:106a5c0020696d706c61757369626c653a2025757f
:106a6c00202020286c696d69742025752074696359
:106a7c006b73292020206e6f742072656164793ae3
:106a8c0020257520286d6178202575206c6f6f701e
:106a9c0073290d0a000000005b5050535d205443d5
:106aac00322d3e5443302072656164206761703a28
:106abc00206c61737420256c752020206d696e200c
:106acc00256c752020206d617820256c75206379ec
:106adc00636c657320202028313230204d487a2099
:106aec002d3e20382e33206e732070657220637912
:106afc00636c653b206f6e6c792074686520535015
:106b0c0052454144206d617474657273290d0a00fd
:106b1c005b5050535d204d43303a2074696d656f66
:106b2c007574732025752020206c61737420776137
:106b3c006974202575207370696e732020202830ad
:106b4c00207370696e73203d2074686520636170da
:106b5c00747572652077617320616c7265616479fc
:106b6c00207468657265290d0a0000005b50505353
:106b7c005d2064656c74613a206c617374202575ba
:106b8c0020206d696e20257520206d61782025757b
:106b9c00207469636b732020283630203d2031200f
:106bac0075733b206d6561737572656420747275c5
:106bbc0065206c6174656e6379206973207e333552
:106bcc00290d0a005b5050535d2065646765206990
:106bdc006e74657276616c207673203120733a2066
:106bec006c61737420252b6c6420206d696e2025dc
:106bfc002b6c6420206d617820252b6c64207469cb
:106c0c00636b732020283d20252b6c64202e2e20b6
:106c1c00252b6c64207573292020206f76657220db
:106c2c003130302075733a2025750d0a00000000b4
:106c3c005b5050535d2073616d65207365636f6e9f
:106c4c006420696e20435055206379636c65732012
:106c5c0028445754293a206c61737420256c752094
:106c6c00206d696e20256c7520206d617820256c57
:106c7c007520202073707265616420256c7520630b
:106c8c0079636c65732020204457542025730d0aba
:106c9c00000000005b5050535d20777261702066dd
:106cac0069783a20257520636f7272656374696f19
:106cbc006e732020206c617374206572726f722069
:106ccc00252b6c6c64207469636b73202020286afc
:106cdc00756d702076732070726576696f75732090
:106cec00656467653a206472696674206973207ef6
:106cfc0039302c2061207772617020697320363511
:106d0c00353336290d0a00005b5050535d206c6101
:106d1c007374207365636f6e643a20257520202090
:106d2c002d3e20256c6c75206e730d0a0000000042
:106d3c005b5050535d206e6f2065646765207965ec
:106d4c00742e202027746261736520707073206f1d
:106d5c006e2720656e61626c6573207468652050c7
:106d6c0048593b206966206974206973206f6e2036
:106d7c00616e64207374696c6c206e6f7468696edc
:106d8c006720617272697665732c207375737065f8
:106d9c006374207468650d0a5b5050535d20686104
:106dac00726477617265206d6f64202852333720ce
:106dbc002f206d696b726f425553203133202d3e5d
:106dcc002050433132292e202042792068616e6494
:106ddc003a206c616e5f726d7720307830303041c4
:106dec003030383820307830333030203078303113
:106dfc003030203b206c616e5f7772697465203097
:106e0c0078303030413032333920307830303031d6
:106e1c000d0a000065696300696e6a6563740000a1
:020000040000fa
:106e2c0030b585b0044690f99030002b40f00f81be
:106e3c000378012b04bf0023037090f8d430042b8b
:106e4c0000f22e84dfe813f005008b00d9001b0143
:106e5c00110390f90830b3f1ff3f57d090f8fc20a4
:106e6c00012a22d051b229b1022a43d0ff2380f843
:106e7c009030dce003f01f01c3f34a1303f502006a
:106e8c0000f580700022012303fa01f1c00131f0fa
:106e9c006ffa31f09ffc2df043f8c4f8dc0094f845
:106eac00fc30013384f8fc30cfe031f093fc2df052
:106ebc0037f8d4f8dc30984200f0c78094f90830e9
:106ecc0003f01f0201219140c3f34a1303f50200a2
:106edc0000f580700a46c00131f04afa31f07afcb4
:106eec002df01ef8c4f8dc0094f8fc30013384f863
:106efc00fc30aae031f06efc2df012f8d4f8dc3046
:106f0c00c31a062b94bf002501258fe090f8fc30a6
:106f1c002bb1012b16d0ff2380f8903087e0002393
:106f2c000193b44a009201220321d0f8ec002ff017
:106f3c00b9fd002800f0898094f8fc30013384f806
:106f4c00fc3082e000230193aa4b009301231a46e4
:106f5c000321d0f8ec002ff0a5fd054666e0d0f833
:106f6c00ec0094f8fc30042b43d8dfe813f0050058
:106f7c009d0313009d033300002200929e4b0121c0
:106f8c0030f028f8002860d094f8fc30013384f8f5
:106f9c00fc305ae0d4f8e4309a0ac3f30913b2f582
:106fac00f87f01d11b2b07d09449002027f0ecfc73
:106fbc00ff2384f890303ae0002200928e4b9049e7
:106fcc0030f008f8002840d094f8fc30013384f8f5
:106fdc00fc303ae0d4f8e43003f00f0384f8fe30d0
:106fec002bbb8849002027f0cffcff2384f890307e
:106ffc001de0ff2384f8903027e090f8fc10c1f1dd
:10700c00200200230093804b92b2804800eb0111c8
:10701c00d4f8ec0022f006fc94f8fc500544edb2d8
:10702c0084f8fc50202d14bf002501256db10023e0
:10703c0084f8fc3094f8d4300133dbb284f8d430cb
:10704c00052b04bf022384f890300123237094f99c
:10705c009030022b00f02a8394f804316bb1237822
:10706c00012b00f04d83002384f804310121d4f866
:10707c00ec000bf099fc0123237005b030bdd0f867
:10708c00ec0094f8fc302e2b00f2e881dfe813f0d2
:10709c002f002f002f002f002f00e601e601e60144
:1070ac00e601e60148004800480048004800e601b7
:1070bc00e601e601e601e6016e006e006e006e0070
:1070cc006e00e601e601e601e601e6018900eb014e
:1070dc009b00eb01c600eb01dc00eb01f200eb01c5
:1070ec00080130014d0171019601bb01db010093d8
:1070fc00402303aa0521204621f02afd054600283d
:10710c0094d0039b23b10a2384f8fc3000258de72f
:10711c003f49002027f038fcff2384f8903085e7a6
:10712c000a3bdbb200931f2303aa0421204621f063
:10713c000ffd054600283ff479af039b13f0100fa9
:10714c0018bf43f0e0035bb284f8f03013f1050f85
:10715c0004db142384f8fc30002567e72c4900205d
:10716c0027f012fcff2384f890305fe7143bdbb26e
:10717c0000931f2303aa0821204621f0e9fc0546b1
:10718c0000283ff453af039b13f0100f18bf43f0cc
:10719c00e0035bb284f8f1301e2384f8fc30002548
:1071ac0044e700230093144b01221a492ff012ffdd
:1071bc00054600283ff43aaf94f8fc30013384f8cc
:1071cc00fc30002532e7d4f8e430a4f8f230002388
:1071dc000093094b012210492ff0fcfe05460028b4
:1071ec003ff424af94f8fc30013384f8fc300025d4
:1071fc001ce700bf8b1902001d5b0300d8d60200f0
:10720c0094000a0000d70200597c0300d4a60100a8
:10721c0018d70200840004008a000400d4f8e4307b
:10722c00a4f8f43000230093ba4b0122ba492ff092
:10723c00d1fe054600283ff4f9ae94f8fc3001333a
:10724c0084f8fc300025f1e6d4f8e430a4f8f630ec
:10725c0000230093af4b0122b0492ff0bbfe054633
:10726c0000283ff4e3ae94f8fc30013384f8fc3092
:10727c000025dbe6d4f8e430a4f8f83000230093c2
:10728c00a44b0122a6492ff0a5fe054600283ff489
:10729c00cdae94f8fc30013384f8fc300025c5e603
:1072ac00d4f8e430a4f8fa3094f9f0309bb203f13e
:1072bc00090291b203f10e0292b2120142ea81224a
:1072cc00b4f8f23003f00f031a4300230193009338
:1072dc00012392b293492ff0e5fb054600283ff4b9
:1072ec00a5ae94f8fc30013384f8fc3000259de603
:1072fc0094f9f13028339bb2b4f8f420c2f30902ac
:10730c0042ea8322002301930093012392b286491f
:10731c002ff0c8fb054600283ff488ae94f8fc30eb
:10732c00013384f8fc30002580e694f9f0309bb2f0
:10733c005a1d91b2b4f8f62022f47c5222f03f028e
:10734c0042ea012212b292b209331a43002301938a
:10735c000093012392b270492ff0a4fb054600283c
:10736c003ff464ae94f8fc30013384f8fc30002513
:10737c005ce694f9f0309bb203f1090291b2b4f8d7
:10738c00f82022f47c5222f03f0242ea012212b28f
:10739c0092b20e331a43002301930093012392b24d
:1073ac005e492ff07ffb054600283ff43fae94f872
:1073bc00fc30013384f8fc30002537e694f9f030ca
:1073cc009bb203f1110291b2b4f8fa2022f47c5270
:1073dc0022f03f0242ea012212b292b216331a4351
:1073ec00002301930093012392b24d492ff05afbd5
:1073fc00054600283ff41aae94f8fc30013384f8ab
:10740c00fc30002512e694f8fe5000230193009303
:10741c00012345f6217243f631719d4218bf0a468d
:10742c0042492ff03ffb054600283ff4ffad94f88e
:10743c00fe30012b3ff4faad94f8fc30013384f8a4
:10744c00fc300025f2e500230193009301234ff457
:10745c00404237492ff026fb0546e7e5ff2384f829
:10746c0090300025e2e50025e0e5d0f8ec0094f83a
:10747c00fc30092b00f21081dfe813f00a00250024
:10748c003a00640077009600ad00cc00e5000201e4
:10749c00637e1bb9042384f8fc30d6e5a17d627da4
:1074ac0000230193234b0093012342ea012222493a
:1074bc002ff0f8fa00283ff4c8ad94f8fc300133f3
:1074cc0084f8fc30c1e5e17d227e00230193194b49
:1074dc000093012342ea012218492ff0e3fa002815
:1074ec003ff4b3ad94f8fc30013384f8fc30ace5d8
:1074fc00002301930f4b00930123832210492ff09b
:10750c00d1fa00283ff4a1ad94f8fc30013384f893
:10751c00fc309ae51d5b0300ad000400ae000400d6
:10752c00af000400840004008a000400d0000400b2
:10753c00e0000400597c030002ca040005ca0400e0
:10754c008700040000230193864b009301234ff422
:10755c00004285492ff0a6fa00283ff476ad94f846
:10756c00fc30013384f8fc306fe594f8953094f8d6
:10757c009420120442ea036294f892301a4394f86d
:10758c00931000230193774b0093012342ea0122cd
:10759c0076492ff087fa00283ff457ad94f8fc3069
:1075ac00013384f8fc3050e594f8971094f8962049
:1075bc00002301936b4b0093012342ea01226c4997
:1075cc002ff070fa00283ff440ad94f8fc300133f2
:1075dc0084f8fc3039e594f8973094f8962012042e
:1075ec0042ea036294f894301a4394f895100023fd
:1075fc0001935c4b0093012342ea01225d492ff079
:10760c0051fa00283ff421ad94f8fc30013384f892
:10761c00fc301ae5a37e002b4ff000030193514b75
:10762c0000934ff0010314bf102200224ff0011100
:10763c002ff038fa00283ff408ad94f8fc300133f1
:10764c0084f8fc3001e5e17e49f2260249f226235a
:10765c00002918bf1a46237f0bb142f48072002315
:10766c000193404b0093012304212ff01bfa0028b7
:10767c003ff4ebac94f8fc30013384f8fc30e4e4d8
:10768c00002301933c4b009301230c224ff48031d7
:10769c002ff008fa0546c9e4ff2384f89030c6e4bd
:1076ac00ff2380f89030d0e40025bfe4637e53bb09
:1076bc00d4f8e830002b43d194f90750c5f34a10a5
:1076cc0000f5020000f58070c00131f0f0f805f013
:1076dc001f0520fa05f515f0010f7ff4bdac2378da
:1076ec00012b04bf002323700021d4f8ec000bf015
:1076fc005bf90123237094f80431002b3ff4bdaceb
:10770c0000232370afe431f065f82cf009fcd4f8b9
:10771c00e030c31ab3f57a7fcad3c4f8e0002378fb
:10772c00012b04bf0023237000230093134b012271
:10773c001349d4f8ec002ff04dfc01232370b7e76c
:10774c0031f048f82cf0ecfbd4f8e830c01a632880
:10775c00b2d90023c4f8e830d4f8ec0030f0a2ff22
:10776c00aae700bf597c030001ca040024000100f1
:10777c002500010022000100c97603003f690300c7
:04778c0003ca040028
:020000040000fa
:10779000696e2072616e6765000000004f555420cd
:1077a0004f462052414e4745000000004c414e38a4
:1077b0003635582052656164206661696c656420c5
:1077c000746f2073746172743a20726573756c748f
:1077d0003d25640a0d0000004c414e3836355820d6
:1077e000526561642074696d656f757420666f728f
:1077f00020616464723d3078253038580a0d0000ed
:107800005b5351495d206572726f723a2025732077
:107810002d207265636f766572696e6720285351fb
:1078200049454e206f66662f6f6e290a0d000000d5
:107830005b504c43415d206c696e6b3a2025732090
:1078400028504c43415f5354532e5053543d25759b
:10785000290a0d005b504c43415d20636f6f7264d9
:10786000696e61746f72206379636c65206c656efc
:107870006774683a20257520285052535354532e6c
:107880004d415849442c206d6179206469666665d4
:10789000722066726f6d206f7572206f776e204e4a
:1078a0004f44455f434e54290a0d00005b504c4342
:1078b000415d2073696e6365206c61737420636839
:1078c00065636b3a20256c75207472616e736d6907
:1078d00074206f70706f7274756e69746965732c43
:1078e00020256c7520424541434f4e730a0d000020
:1078f0005b504c43415d206c617374207472616e07
:10790000736d69742d6f70706f7274756e697479b0
:10791000206576656e7420617420494420257520a9
:1079200028535453332e455252544f49442c2075fa
:107930006e72656c6961626c65206966206d756c3c
:107940007469706c65206576656e74732062656c11
:107950006f77290a0d0000005b504c43415d2065a4
:1079600076656e743a20504859534943414c20542f
:1079700052414e534d495420434f4c4c4953494f6b
:107980004e2028535453312e5458434f4c29202d08
:10799000206e6f74206120504c43412061646472fa
:1079a000657373696e6720636f6e666c6963742cb0
:1079b0002061207265616c20656c65637472696317
:1079c000616c2d6c61796572206661756c740a0d4d
:1079d000000000005b504c43415d20657863657397
:1079e0007369766520636f6c6c6973696f6e732061
:1079f00073696e6365206c61737420636865636b83
:107a00003a2025752028535441545331302e584381
:107a10004f4c202d204d41432d6c6576656c2c20fc
:107a2000646174617368656574207761726e732038
:107a3000746869732063616e20626520636f6e668f
:107a40007573656420627920504c43412773206f21
:107a5000776e206c6f676963616c20636f6c6c6913
:107a600073696f6e73290a0d000000005b504c4370
:107a7000415d20636f727275707465642074726109
:107a80006e736d697373696f6e732073696e63656e
:107a9000206c61737420636865636b3a20257520e0
:107aa0002854315350435344494147322e434f5297
:107ab0005458434e54202d207468652064617461cd
:107ac00073686565742d7265636f6d6d656e646551
:107ad0006420706879736963616c20636f6c6c6992
:107ae00073696f6e20636f756e746572290a0d007d
:107af0005b504c43415d206576656e743a20756e2f
:107b0000657870656374656420424541434f4e203b
:107b10007265636569766564202d20636865636bb3
:107b200020666f722061207365636f6e6420636fdf
:107b30006f7264696e61746f720a0d005b504c4322
:107b4000415d206576656e743a20424541434f4e53
:107b5000207265636569766564206265666f72652b
:107b6000206f7572206f776e207472616e736d690d
:107b700074206f70706f7274756e6974790a0d007d
:107b80005b504c43415d206576656e743a206672a9
:107b9000616d6520726563656976656420647572e0
:107ba000696e67206f7572206f776e207472616ed8
:107bb000736d6974206f70706f7274756e6974790b
:107bc0000a0d00005b504c43415d206576656e7484
:107bd0003a20656d70747920504c4341206379637d
:107be0006c65202d206e6f206e6f6465207472614d
:107bf0006e736d69747465640a0d00005b504c43cc
:107c0000415d206576656e743a20756e65787065a5
:107c10006374656420636172726965722073656e56
:107c2000736520647572696e672041434d4120740d
:107c3000696d6520736c6f742028535453312e5531
:107c40004e435253290a0d005b504c43415d206561
:107c500076656e743a20504c43412073796d626fa3
:107c60006c73206465746563746564207768696cff
:107c70006520504c43412069732064697361626cd4
:107c80006564206c6f63616c6c79202853545331a8
:107c90002e504c434153594d290a0d005b504c4323
:107ca000415d206576656e743a20504c43412073e7
:107cb0007461747573206368616e676564207369ad
:107cc0006e6365206c61737420636865636b0a0d75
:107cd000000000005b504c43415d206e6f20504c13
:107ce0004341206576656e7420666c61677320730e
:107cf000696e6365206c61737420636865636b0ae9
:107d00000d0000005b504c43415d20737461742092
:107d100072656164206661696c65642061742061cc
:107d20006464723d307825303858202d2061626fb0
:107d30007274696e670a0d004c414e383635582012
:107d400052656164204f4b3a20416464723d307843
:107d5000253038582056616c75653d3078253038af
:107d6000580a0d005b5645524946595d2050415313
:107d70005320616464723d307825303858206d613d
:107d8000736b65643d30782530385820286d6173f9
:107d90006b20307825303858290a0d005b56455243
:107da0004946595d204641494c20616464723d302a
:107db00078253038582065787065637465643d3087
:107dc000782530385820676f743d30782530385822
:107dd00020286d61736b20307825303858290a0dc2
:107de000000000005b544553544d4f44455d206ee8
:107df0006f77202575202d2025730a0d00000000c7
:107e00004c414e38363558205265616420666169b0
:107e10006c656420666f7220616464723d30782501
:107e20003038580a0d0000005b5645524946595dee
:107e3000204641494c20616464723d3078253038d9
:107e400058202d20726561646261636b20646964ef
:107e5000206e6f7420636f6d706c6574650a0d0021
:107e60004c414e383635582057726974652066612a
:107e7000696c656420746f2073746172743a207247
:107e80006573756c743d25640a0d00004c414e38d5
:107e90003635582057726974652074696d656f7541
:107ea0007420666f7220616464723d3078253038ca
:107eb000580a0d004c414e383635582057726974b7
:107ec00065204f4b3a20416464723d30782530384c
:107ed000582056616c75653d3078253038580a0d4c
:107ee000000000004c414e383635582057726974f6
:107ef00065206661696c656420666f7220616464e8
:107f0000723d3078253038580a0d00004c414e380b
:107f100036355820524d57206661696c656420746f
:107f20006f2073746172743a20726573756c743d5e
:107f300025640a0d000000004c414e3836355820ab
:107f4000524d572074696d656f757420666f72208d
:107f5000616464723d3078253038580a0d000000a5
:107f60004c414e3836355820524d57204f4b3a2011
:107f7000416464723d307825303858204d61736b10
:107f80003d3078253038582056616c75653d307825
:107f9000253038582046696e616c3d307825303880
:107fa000580a0d004c414e3836355820524d572056
:107fb0006661696c656420666f7220616464723dfd
:107fc0003078253038580a0d000000005b544553c6
:107fd000544d4f44455d206175746f2d7265766513
:107fe00072743a20726573746f72696e67206e6f77
:107ff000726d616c206f7065726174696f6e0a0dcd
:10800000000000005b5351495d206d6f6e69746f15
:1080100072696e6720616c6c206e6f6465732028d6
:10802000776569676874656429202d2027737169f5
:10803000272073686f777320746865207265706f8e
:1080400072740a0d000000005b5351495d206d6f92
:108050006e69746f72696e67206e6f646520257536
:10806000202d2027737169272073686f7773207420
:0c8070006865207265706f72740a0d0064
:020000040000fa
:04807c000020704729
:020000040000fa
:108080002de9f04fa3b0a84bd3e90023134313d03d
:10809000a64b1b78002b00f0e483a54b1b78dbb1cb
:1080a000a44b1b78042b00f2d883dfe813f01200f6
:1080b00051003f005c03c20330f084f99e4ba3fbe8
:1080c000003080090021984bc3e9000150ea010308
:1080d000ded123b0bde8f08f2df0c4fa974a1368c3
:1080e0005268c41a61eb0205002c75f1000311da25
:1080f000904b1b78042b00f2b08301a252f823f0be
:10810000d38000004b8100002d81000067870000b4
:10811000338800000024854b1c708949204626f0d6
:1081200039fc844b1c70874b1c70d2e7864b1a6855
:10813000864b1b689a4200f00d83854b1b78002b01
:1081400040f00d8302230b933de1784b1b786bb11c
:10815000774b1b78002bbcd0744b00221a707d4be0
:108160001b784bb1734b02221a70b2e7c022114642
:10817000042024f077faace77749104626f00afc91
:108180000023704a13706b4a1370a2e77349d1e958
:10819000000182457beb0101bcbf7049c1e900ab26
:1081a0006f49d1e90001504571eb0b01bcbf6c492f
:1081b000c1e900ab6b49baeb02026beb0c060a603b
:1081c0004e605ce1674bd3e90067674b18782bf092
:1081d0000bfc664bd3e90023cde906230490cde9df
:1081e0000267cde900ab089a6149002026f0d2fb76
:1081f0004de10494cdf814900295cdf80c80dde9a2
:108200000c23cde90023089a5a49002026f0c2fb2e
:1082100042e1594b1b786bb9584a4b0143ead06392
:10822000440114605360514b18605960524b012255
:108230001a7075e1514a16685468730943eac463b9
:108240006711c31a61eb07019b1941eb040413602a
:108250005460464a5b0943eac46364111360546086
:108260005ee1daf100006beb4b0182e10ff2a8084e
:10827000d8e90078874278eb010345db404b1b6867
:10828000022b0cd91aeb02004beb0901032200234d
:10829000801944eb010122f04dff82468b4620a459
:1082a000d4e90034dde908128b4274eb0203c0f21a
:1082b000258254465d46baf1000f7bf10003c0f2ff
:1082c0002182304b1b68304a1268934206d3274afa
:1082d000d2e9006756ea070240f019822b4bd3e936
:1082e0000023a242ab41c0f22482972c75f1000317
:1082f000c0f228824ff496720023a242ab4151dab9
:10830000032027f0b7f94de0002027f0b3f91d4b0b
:108310001a681f4b1a6045e080e7c63f0000000066
:1083200000e1f50500000000e8fd002050040120f8
:108330005104012056040120d34d6210c0fd0020dd
:108340002c5b020053040120c0010120bc0101206c
:108350004d04012052040120545b0200a0fd0020c6
:1083600098fd002088fd002054040120b8fd002065
:10837000805b0200c45b02004f040120a8fd0020c6
:10838000b4010120c4010120b8010120b805012079
:10839000cc010120ba4b1b68ba4a12689b1a0f2bfa
:1083a00000f204810b9b013b0b9300f0d381b64b91
:1083b0001a68b64b1b689a4200f0cc81b44b1b780c
:1083c000002b40f0cc81b04e336803eb830318ad33
:1083d000b04c04ebc3040fcc0fc50fcc0fc594e811
:1083e000030085e80300bdf8601008911a9dddf8d0
:1083f0006c801c9cddf87490dde91e23cde9102310
:10840000dde92023cde90c233368013303f00703b2
:108410003360631b69eb08029f4913eb010a42f1c9
:10842000ff3b9e49d1e9002316461f46cde90e6762
:108430009b4b1a6812925a6813929a480268d0f8b5
:1084400004c0c0e900ab9848c0e900670d60c1f8fe
:1084500004801c60c3f80490944b08991960884b01
:108460001b68002b7ff492ae914ac2e900ab914a9f
:10847000c2e900ab904a00200021c2e900010133ab
:108480007f4a13608d4b1b78002b7ff49bae8c4b87
:108490001b78002b7ff4adae2a464346dde90c0184
:1084a0002ff086fadde90e1251ea020338d0854b2f
:1084b0001b78002b34d16b1a149368eb02031593cd
:1084c000dde91467012e77f1000329db129be41a22
:1084d000139b69eb03037c4a10685268201a63eb14
:1084e0000203801b63eb0703784aa0fb020102fb37
:1084f000031132463b4622f01dfe754bc3181693fe
:1085000041f100031793734a0023dde91667bb426c
:1085100008bfb242bff47dae6f4a136801331360e7
:108520000023684a1370684b00210022c3e900123f
:108530006a4b9e68dc681e615c611a68d3f804901f
:108540009a60c3f80c90c3e900ab654b1b68022b23
:1085500002d8013362490b60624b1b78002b3ff459
:1085600021af50465946baf1000f7bf10003fff6e8
:1085700078aecde908015c4b93f800e0aef103035f
:10858000dbb2012b7ff672aebef1040f00f2de808b
:1085900001a353f82ef000bf95830000cb850000a7
:1085a000ef8500007d8200007d8200004f4bd3e903
:1085b0000001404261eb41011df00afc00283ff43c
:1085c000f1ae012027f056f8ece640f6cc60dde98c
:1085d000102328184ff0000148eb01011ff038f874
:1085e00000283ff4dfae022027f044f8dae64ff42b
:1085f00096720023dde9080182428b4119da1ea43c
:10860000d4e90034dde908128b4274eb020326db67
:108610001b4b1b68364a1268934205d3334ad2e992
:10862000004554ea050208d15046594621f06cfd38
:10863000b8e6032027f01ef8b4e62e4a1268134469
:108640002b4a13602c49630843eac5736a10086813
:108650004968c01a61eb02011df0bafba2e640f6c0
:10866000cc60dde9102328184ff0000148eb010130
:108670001ef0eeff96e600bfffe0f50500000000eb
:10868000c4010120cc010120c0010120bc01012056
:108690004d040120d0e8002034f1ffffd0fd002080
:1086a000e0fd002090fd0020d8fd0020c801012041
:1086b00098fd0020a0fd002088fd00205804012026
:1086c0005704012055040120c8fd002000ca9a3b30
:1086d000404b4c00809698009c01012020fc00201b
:1086e000b40101202606012054040120b8fd002019
:1086f000b8010120dc050120b0fd0020022026f099
:10870000b9ff4fe6daf100046beb4b05d9e55d4aa2
:10871000126813445c4a13605c49730843eac773e8
:108720007a1008684968c01a61eb02011df050fb1d
:10873000dbe54fea5a0040eacb704fea6b0121f0cb
:10874000e3fcd2e5042026f095ff2be6002026f07e
:1087500091ff27e64e4b1b78002b3ff4baac4d4bf4
:1087600003221a70b5e44c4b1b78002b47d14b4bbe
:108770001978474b1b788b4209d80023444a137061
:10878000464a1370464b1a78424b1a70a1e40020f7
:10879000444b1870444b18700190444b00930123d4
:1087a000434a52f82120434c54f821102af07cff10
:1087b00000287ff48eac384b01221a702cf052ff47
:1087c0003d4e3e4b1c685d68231945eb05021b19a5
:1087d00045eb0202d70047ea53774feac30c3a460b
:1087e0001ceb040345eb0202d40044ea5374dd00a1
:1087f00022462b1841eb02023360726069e4294b78
:108800001b78002b3ff465ac234b00221a70264bdb
:108810001b7823b1214a13780133137059e41f4b9d
:108820001a78244b53f822202549002026f0b2f86c
:10883000f0e7194b1b7853b11a4b1b78002b3ff410
:1088400048ac0023144a1370124a137041e4c0224a
:108850000021042023f006ff3be40e4b00221a7097
:1088600037e40c4b1b78042bf7d801a252f823f005
:10887000d38000004b8100002d810000678700003d
:108880004f880000dc050120b8010120b0fd002068
:108890004d04012056040120500401204e04012003
:1088a000250601205104012052040120c57e030049
:1088b000a0fc002090fc0020c0fd0020e8fd00206e
:0488c000ec5b02006b
:020000040000fa
:1088c4003150505300000000505450006f66660051
:1088d4003f000000554e494e495400004c4f434b55
:1088e40045440000484f4c444f5645520000000098
:1088f400414e43484f5245440000000079657300df
:108904006e6f0000696e6a65637400005b544241d7
:1089140053455d20696e6a6563743a206e6f206dfd
:108924006f64656c20796574202d206e6f7468699e
:108934006e6720746f20646973747572620d0a0027
:108944005b54424153455d20696e6a6563743a2005
:10895400256c752070616972287329206174204c1c
:108964003d256c6c75207769746820252b6c6c64cc
:10897400206e73206572726f722028736f75726334
:1089840065202573290d0a005b54524143455d203f
:108994007265636f7264696e67206f666620286211
:1089a4007566666572206b657074290d0a00000097
:1089b4005b54524143455d207265636f7264696e16
:1089c40067206f6e0d0a00006d7300005b54524106
:1089d40043455d20256c75206d7320697320746f89
:1089e4006f2066617374202d203230206d73206dea
:1089f400696e696d756d0d0a000000005b5452418b
:108a040043455d20696e74657276616c20256c75d2
:108a1400206d73202d3e20256c752073206f6620f9
:108a2400686973746f72792c20627566666572204a
:108a3400636c65617265640d0a000000636c6561b6
:108a4400720000005b54524143455d20636c6561d4
:108a54007265640d0a0000005b54524143455d2079
:108a6400646f6e652028256c752073616d706c656c
:108a740073290d0a000000005b54524143455d20f8
:108a84006e6578743a2074626173652074726163f0
:108a94006520256c750d0a006e6f77005b544241aa
:108aa40053455d204c3d256c6c75202d3e20256c76
:108ab4006c75206e73202028256c6c752e2530393a
:108ac4006c6c752073290d0a000000005b54424150
:108ad40053455d206e6f206d6f64656c20796574fd
:108ae4000d0a0000617400005b54424153455d204f
:108af400256c6c75206e73202d3e204c3d256c6cce
:108b040075202d3e20256c6c75206e732020286501
:108b140072726f7220256c6c64206e73290d0a00ca
:108b24006761696e000000005b54424153455d205b
:108b34006761696e3a20736c6f7065206469762092
:108b4400256c752020206f666673657420646976d1
:108b540020256c752020202864656661756c74205e
:108b64002575202f202575290d0a00005b544241ec
:108b740053455d206761696e3a206578706563745a
:108b8400656420312e2e3130303030302c20676f28
:108b94007420256c6420256c640d0a005b544241ea
:108ba40053455d206761696e3a20736c6f70652070
:108bb40064697620256c752020206f666673657461
:108bc4002064697620256c752020207365740d0a55
:108bd400000000005b54424153455d206761696eab
:108be400205b3c736c6f70655f6469763e203c6ffc
:108bf40066667365745f6469763e5d0d0a00000005
:108c040073796e636d7367005b54424153455d2015
:108c140073796e636d7367203c6e733e2066726f6a
:108c24006d2031303020746f2031303030303030ae
:108c340030202d20726566757365642072617468d6
:108c44006572207468616e20677565737365642e40
:108c54000d0a00005b54424153455d2073796e63f5
:108c64006d73673a202573202020746872657368d9
:108c74006f6c6420256c64206e732c202575207322
:108c8400616d706c657320696e206120726f77204e
:108c94002020276c6f737427207468726573686f63
:108ca4006c64202575206d730d0a00007265736570
:108cb400740000005b54424153455d206d6f646550
:108cc4006c20636c65617265640d0a005b544241fb
:108cd40053455d20756e6b6e6f776e20737562639e
:108ce4006f6d6d616e6420272573270d0a000000e7
:108cf40075736167653a207462617365207c206ec8
:108d04006f77207c206174203c6e733e207c20723f
:108d140065736574207c2074726967207c206669a1
:108d24007265203c6d733e205b69645d207c20701d
:108d34006572203c6d737c4e6d737c4e75733e2062
:108d44005b69645d207c2063616e63656c207c20bc
:108d54006877206f6e7c6f6666207c2070696e2059
:108d64006f6e7c6f6666207c206d6f646520737403
:108d7400726963747c66726565207c2073796e63a6
:108d84006d7367205b6f6e7c6f66667c3c6e733eb2
:108d94005d207c206c6564206f6e7c6f66667c62ef
:108da4006c696e6b205b317c325d0d0a0000000043
:108db4005b54424153455d2073746174653a2025c8
:108dc40073202020757361626c653a20257320201e
:108dd400206167653a20256c6c75206d730d0a005f
:108de4005b54424153455d207175616c6974793af5
:108df40020257320282575292020206d6173746532
:108e04007220726566206167653a20006e6576653a
:108e140072000000256c6c75206d73002020207397
:108e240065656e3a20256c752020206f66662d746a
:108e3400696d656c696e653a20256c752020206c1f
:108e4400617374206465763a20256c6c64206e73bb
:108e54000d0a00005b54424153455d207061697204
:108e6400733a20256c7520202077696e6e657273c5
:108e74003a20256c752f257520202072656a65635c
:108e84007465643a20256c752020207265616e63d8
:108e9400686f72733a20256c750d0a005b54424169
:108ea40053455d20656d657267656e6379207265f3
:108eb4002d616e63686f72733a20256c75202020d3
:108ec40072656a656374696f6e7320696e206120d0
:108ed400726f773a20256c752f25752020206c61e0
:108ee40073742074726967676572696e672072654e
:108ef40073696475616c3a20252b6c6c64206e7305
:108f04000d0a00005b54424153455d206f75746c3b
:108f1400696572733a20256c752072656a6563749d
:108f240065642028252b6c6c64202e2e20252b6c48
:108f34006c64206e7329202020666f726365642040
:108f44007468726f7567683a20256c752020206cf0
:108f5400696d697420256c6c64206e730d0a0000c1
:108f64005b54424153455d206f75746c6965722092
:108f740072756e733a20256c752020206f70656eb3
:108f8400696e672072657369642066697273742000
:108f9400252b6c6c642020206c61737420252b6c51
:108fa4006c642020206d696e20252b6c6c6420205d
:108fb400206d617820252b6c6c64206e730d0a0083
:108fc4005b54424153455d20686f6c646f766572f3
:108fd4003a20656e747269657320256c75202020b3
:108fe400746f74616c20256c75206d732020206c67
:108ff4006f6e6765737420256c75206d730d0a00a0
:109004005b54424153455d206761696e3a20736c3d
:109014006f70652064697620256c752020206f664a
:10902400667365742064697620256c750d0a0000ea
:109034005b54424153455d20736c6f70653a202543
:109044006c6420707062207673206e6f6d696e613f
:109054006c2020207132343a20256c6c752020203d
:10906400626173656c696e653a20256c6c75206d60
:10907400730d0a005b54424153455d206c61737467
:1090840020726573696475616c3a20256c6c642088
:109094006e7320202077696e6e657220737072651e
:1090a40061643a20256c6c75206e730d0a00000013
:1090b4005b54424153455d20626c6f636b3a2025db
:1090c4006c752f25752073616d706c65730d0a00c6
:0890d40074726163650000bfc6
:020000040000fa
:0490dc00084670478b
:020000040000fa
:1090e0002de9f04fa1b00c4615461146204602f07e
:1090f000e9fc10b121b0bde8f08f2946204602f00e
:10910000a3f90028f6d12946204610f093fa00284a
:10911000f0d12946204609f0e7fd0028ead129468a
:1091200020460df06ffa0028e4d129462046f8f7d2
:10913000a7fa0028ded1022c40f3c780b84968683e
:109140002ef03ffd002844d06e68b64930462ef020
:1091500038fd002800f0ca80b34930462ef031fdba
:10916000002800f01781022c06ddb04968682ef057
:1091700028fd002800f038816e68ad4930462ef099
:1091800020fd002840f0b181022c00f09781032cd3
:1091900040f3a68100221146a8682ef0f7fe04468f
:1091a00000221146e8682ef0f1fe0346611ea14a36
:1091b000914200f28f81411e914200f28b819e4ac2
:1091c00014609e4a106022469d49002025f0e2fb73
:1091d00090e700221146a8682ef0c4fe09908b4645
:1091e000032c0adc2cf03efa80468a46002200233b
:1091f000cde90a234ff0010913e000221146e86887
:109200002ef0bafe81462cf02dfa80468a460022c6
:109210000023cde90a2309f1ff33402b28bf4ff08b
:1092200001090aaa404651462df042fb002848d0c9
:10923000844b1978844b854a012918bf134604933f
:10924000099b0293cdf80cb0cdf80080cdf804a0b6
:109250004a467f49002025f09dfbb9f1000f3ff4fd
:1092600049af002425467b4b1a68596804fb01f17d
:1092700002fb0511a2fb04230b4412eb080743eb8e
:109280000a0600220023cde90c230caa38463146f9
:109290002df00efb00283ff42daf0c9b099ad3183c
:1092a0000d9a4beb0202009301923a463346654910
:1092b000087800f0e9fa013445f10005a145d2d85b
:1092c00018e7654925f066fb14e7022c00f043829d
:1092d00010a818f093f99df84030032b00f2658137
:1092e000dfe813f065015d015f016101ae685b4974
:1092f00030462ef066fcb8b1594930462ef061fc7c
:10930000c0b1032c04dd5749a8682ef05afcc0b147
:10931000ac68554920462ef054fc78b30022114623
:1093200020462ef029fe1fe2504b1870504925f0c0
:1093300031fbdfe64d4b01221a704e4925f02afb26
:10934000d8e600221146e8682ef016fe04461328df
:1093500005d802464849002025f01cfbcae6474bc9
:1093600018602af087ff22024ff47a73b2fbf3f3fe
:1093700022464349002025f00dfbbbe62af07aff88
:109380004049002025f006fbb4e63f49002025f0c7
:1093900001fbafe62cf066f906460f460ea829f051
:1093a000d1ffe0b1dde90e451ba3d3e90023204640
:1093b00029462cf047facde9042317a3d3e900236b
:1093c000204629462cf03efacde90201cde90045c0
:1093d00032463b462d49002025f0dcfa8ae62c492e
:1093e000002025f0d7fa85e600221146a8682ef065
:1093f000fefb04460d460caa1bf064fa30b10eaa1f
:10940000dde90c012df054fa002843d12049002059
:1094100025f0c0fa6ee600bf00ca9a3b00000000cb
:1094200008890000d49000009c8a0000e88a0000af
:10943000248b00009f860100e4050120e005012047
:10944000a08b00005b040120c4880000cc880000d1
:1094500044890000a0fe002010890000d088000090
:109460000cf10100cc890000408a00002806012090
:109470008c890000b4890000d0890000ec0501202f
:10948000008a0000488a00007c8a0000a08a000050
:10949000d08a00000e9b0f9a181b62eb0501049006
:1094a000059102930392dde90c23cde900232246c6
:1094b0002b46b449002025f06dfa1be620230193ca
:1094c00004230093b04b1b68b04a1268b04925f0e2
:1094d00061fa0fe62246af49002025f05bfa09e663
:1094e000ad49002025f056fa04e6ac4930462ef08e
:1094f00068fb00283dd1022c23ddac68a84920463a
:109500002ef05ffb48b1a74920462ef05afb48b920
:10951000a54b00221a70a34a1ae0a34b01221a702d
:109520009f4a15e00022114620462ef02ffda0f1a3
:1095300064029e4b9a4217d89d4b18609d4b0122a6
:109540001a70994b1978964a964b002908bf1a460b
:1095500040f6b833019308230093954b1b68964956
:10956000002025f017fac5e59449002025f012faed
:10957000c0e5934930462ef024fb48b1324691496c
:10958000002025f007fa9049002025f003fab1e504
:1095900010f09eff8d49002025f0fcf9aae58c4cc7
:1095a00006e08c4c04e08c4c02e08c4c00e08c4ccf
:1095b0002ef0d8fddde91a23cde90023894b8a4a34
:1095c000002808bf134622468849002025f0e2f90a
:1095d00027f02cfa04460d462bf082fc844b53f8fe
:1095e00020602bf07dfc034632468249002025f0a6
:1095f000d1f9b5f1ff3f08bfb4f1ff3f00f0a680fd
:1096000022462b467c49002025f0c4f97b4bd3e948
:109610000023cde900237a4b1b687a4a12687a4905
:10962000002025f0b7f9149b0293139b019310239c
:109630000093129b119a7549002025f0abf9744be9
:10964000d3e90023cde9022308230093714b1b6863
:10965000714a12687149002025f09cf947f2305296
:109660000023cde906236e4b1b6804936d4bd3e9b1
:109670000023cde902236c4bd3e90023cde900237d
:109680006a4b1a686a49002025f084f9694bd3e9ce
:109690000023cde90623684bd3e90023cde9042359
:1096a000664bd3e90023cde90223654bd3e90023c0
:1096b000cde90023634b1a686349002025f06af95d
:1096c000624bd3e9004522462b466149d1e90001ae
:1096d0002cf0b8f807465f4b1e6822462b465e49c1
:1096e000d1e900012cf0aef800903b4632465b49d0
:1096f000002025f04ff9244b1b68244a1268584972
:10970000002025f047f9574a0023dde918012cf025
:1097100099f8cde90201dde91623cde90023159a78
:109720005149002025f036f9dde91e23cde900235b
:10973000dde91c234d49002025f02cf920234c4a5b
:1097400012684c49002025f025f9d3e44a4900204d
:1097500025f020f95ae76e68484930462ef031fa74
:1097600000287ff4f9ac0020202114f095f902467e
:1097700000287ff40aae424b1a68424925f00af9e4
:10978000b8e400bfec8a0000e0050120e4050120f8
:109790002c8b0000708b0000d88b0000048c000024
:1097a0000cf10100d0880000270601201c969800cb
:1097b000e805012060040120588c00000c8c00009a
:1097c000b08c0000d08c0000f48c0000b88c00003d
:1097d000f4880000e0880000e8880000d4880000d9
:1097e000d88800000089000004890000b48d0000c2
:1097f00074810300e48d0000188e000078fe0020c4
:10980000f8010120fc010120208e0000588e00008c
:1098100070fe002000020120e0010120a08e000067
:10982000d801012040fe002048fe0020d401012084
:10983000088f000060fe002068fe002058fe002017
:1098400050fe0020f4010120648f0000a0fe0020e3
:1098500020fe0020ec01012010fe0020c48f00003b
:109860000490000040420f00349000007890000007
:10987000d0010120b4900000108e0000d4900000b0
:08988000140201205c8a0000c3
:020000040000fa
:109888002de9f04f99b014461d46229fddf88ca0b3
:10989800064660b9844a136801331360834b1b780a
:1098a80063b9834bc3e90045824b01221a70824b8e
:1098b8001b78b34226d019b0bde8f08f2046294660
:1098c80024f04efec01b61eb0a017c4b1860596006
:1098d8007b4b10eb03084ff0000341eb030970a327
:1098e800d3e900234b4508bf424504d2754a1368a3
:1098f80001331360dbe76e4bc3e900456d4b012272
:109908001a70d4e7704a1368013313606f4bc3e9c8
:109918000045664b93f80080b8f1000f30d0204620
:10992800294624f01dfec31b029361eb0a0303932f
:10993800674bdde90212c3e90012664b1b78002b66
:1099480047d0654b1b78002b43d013460a46084680
:109958001946002a73f1000c32db604b1a68d317e2
:1099680082428b4132db5e4a136801331360072b56
:109978002fd9594b00221a705a4b03221a7028e02b
:10998800eff3108272b6584bc3e90045574b1f607e
:10999800c3f804a082f310880123444a1370544a80
:1099a8001360544bc3e900459f60c3f80ca0002224
:1099b80000235149c1e900234549c1e900237ae759
:1099c800524263eb430310461946c6e7444b002254
:1099d8001a603b4bdde90201c31804934ff0000302
:1099e80041eb030305932ea3d3e90023dde904012a
:1099f8008b4208bf824280f09580404a1368013349
:109a080013603f4a136801331360072b7ff653af87
:109a18003c4a1368013313603b4bdde90212c3e98a
:109a280000120026364b1e600823009313460a4690
:109a38003649304624f0aaff4ff480723146344844
:109a48002ef06efa8022314632482ef069fa324bf7
:109a58001e60324b1e60eff3108272b6224bc3e9d0
:109a68000045224b1f60c3f804a082f3108801232d
:109a78000e4a13701e4a13601e4bc3e900459f60cf
:109a8800c3f80ca0002200231b49c1e90023104998
:109a9800c1e9002307490e702149c1e900230ae7fb
:109aa80000e1f50500000000fc0101205c04012034
:109ab80080fe00205a0401205b04012078fe00206b
:109ac80080f0fa02f8010120dc01012028fe0020c4
:109ad80030fe0020270601205f040120e805012050
:109ae800080201205e040120f0fd0020f8fd00209e
:109af800d0010120b0fc002008fe0020e801012070
:109b080000020120e001012070fe00207818030007
:109b180098ee0020b8f40020200201201c02012049
:109b280038fe00209a4b00221a60b8f1020f00f0ac
:109b38008380984b00221a60974b1b6843b1974a61
:109b4800d2e90001dde90289804579eb01020adaf0
:109b5800934ac2e900459760c2f80ca08f4adde934
:109b68000201c2e9000101338b4a1360012e0cbfc8
:109b7800012220229342fff49eae884bd3e9004590
:109b8800dff854c2dcf80060864f07eb0617844bf9
:109b98000fcb87e80f00844b03ebc603c3e90045ee
:109ba800013606f00f06ccf80060804b1b680f2bbf
:109bb80002d801337d4a1360774b00221a607b4b31
:109bc8001c68012c7ff677aea6eb040e0ef00f0e84
:109bd80006f10f0303f00f03724a02eb0311d1e9f8
:109be8000001cde90c0102eb0e12d2e900678f42a9
:109bf80008bf8642bff45fae6a4a02eb0313d3e99b
:109c08000201cde90e0102eb0e12d2e90289894563
:109c180008bf8045bff44fae032c40f29181630822
:109c2800069300230a930b93089309931d46049304
:109c380018469c46029389e05c4b1b680f2b7ff605
:109c480078af47f23053dde90201c31806934ff0ad
:109c5800000341eb030307934ef660220023dde97e
:109c680006018b4208bf8242bff463af494a1368ba
:109c780001331360012b06d0082b1ed94c4a1368f8
:109c88000133136058e74b4a1368013313604a4b9a
:109c98001b787bbb494bdde90212c3e90012484b34
:109ca800c3e90012474bc3e90012434b01221a7063
:109cb800454bdde90212c3e90012444a1368013337
:109cc8001360434bd3e90023dde9020182428b4153
:109cd800bcbf3f4bc3e900013e4bd3e90023dde99c
:109ce8000201904271eb0303bff6e5ad394bc3e9be
:109cf8000001e0e5334bd3e90023dde902018242ac
:109d08008b41bcbf2f4bc3e900012d4bd3e9002386
:109d1800dde90201904271eb0303bcbf284bc3e9a4
:109d28000001c5e7089911eb0a010891099941eb6f
:109d38000b0109910a998a180a920b9a43eb0202bd
:109d48000b9200bf0cf1010c644547d00ceb0e03dd
:109d580003f00f03134a02eb03131a68b2eb060a67
:109d68005a6862eb070b9a68db68b2eb080263eb90
:109d7800090306998c45d5d210eb0a00029941ebec
:109d88000b010291ad18049a43eb02020492d9e741
:109d980000020120f0010120d001012008fe00206e
:109da800b0fc002098ee0020b8f400201c0201202e
:109db800d8010120f40101205904012050fe00209f
:109dc80068fe002060fe002058fe0020d40101201b
:109dd80040fe002048fe0020200201200299069a39
:109de80000232bf02bfd83468a46069be11a02913d
:109df8000a460023089809992bf020fd16eb0b0c56
:109e0800cdf840c047eb0a0ccdf844c00890301894
:109e18001290099147eb01061396dde91067dde919
:109e280012018f4208bf8642bff445ad069a00234f
:109e3800284604992bf002fd07460d46029a002396
:109e48000a980b992bf0fafc18eb0702149249ebcd
:109e58000502159218eb0002169249eb01021792bf
:109e6800dde91423dde916894b4508bf4245bff4f7
:109e780022ad089bb3eb0b0b099b63eb0a09c71bcd
:109e880061eb05055a464b46384629462bf0d6fc69
:109e980011461e065a464b46080646ea11212bf083
:109ea800cdfc06468a465a464b46384629462bf08c
:109eb800c5fc0b0643ea10230206b0184aeb03015f
:109ec8000f2c68d9374e3468d6f804804ff0000953
:109ed800354b1a684b46001b61eb080121f026f947
:109ee800001941eb080130607160304b1f605d6004
:109ef800dde90c0124f034fb04460d462c4b1a68ae
:109f08004b46dde90e67801b61eb070121f00ef976
:109f1800231a0e9365eb01030f93eff3108372b6c8
:109f2800244adde90c01c2e90001234adde90e01fa
:109f3800c2e9000183f31088204b02221a70bae4a8
:109f4800dde90c128c1b62eb0706dde90e12b1eba2
:109f5800080762eb090522463346384629462bf0a6
:109f68006dfc11464fea036c2246334608064cea5c
:109f780011212bf063fc8046894622463346384639
:109f880029462bf05bfc0b0643ea1023020618eb6c
:109f9800020049eb0301034b18605960034b1f6033
:109fa8005d60bae790fe0020e405012000fe002075
:109fb800e0050120f0fd0020f8fd00205c040120f0
:020000040000fa
:109fc8005478204279746520436f756e742d6c6fd8
:109fd800776572203332626974732854784f544c11
:109fe8004f290000ef8403005478204279746520db
:109ff800436f756e742d75707065722031366269a5
:10a0080074732854784f544849290000f984030090
:10a018005478204672616d657320772f6f206572c2
:10a02800726f722854784654434e54290000000039
:10a03800000000000385030054782042726f6164b9
:10a0480063617374204672616d6573285478424366
:10a058004654290000000000000000000d850300a0
:10a068005478204d756c746963617374204672610d
:10a078006d65732854784d4654290000000000008f
:10a08800000000001785030054782050617573653f
:10a09800204672616d657328547850465429000033
:10a0a80000000000000000000000000021850300ff
:10a0b80054782036342d62797465204672616d6556
:10a0c80073285478424654363429000000000000b2
:10a0d800000000002b85030054782036352d3132de
:10a0e800372062797465204672616d657328544221
:10a0f800465431323729000000000000358503003e
:10a108005478203132382d32353520627974652003
:10a118004672616d657328544246543235352900bc
:10a12800000000003f8503005478203235362d3575
:10a1380031312062797465204672616d65732854e7
:10a14800424654353131290000000000498503009a
:10a158005478203531322d313032332062797465ac
:10a16800204672616d65732854424654313032334b
:10a178002900000053850300547820313032342df3
:10a18800313531382062797465204672616d6573a6
:10a198002854424654313531382900005d85030082
:10a1a8005478204672616d6573203e3d203135310b
:10a1b8003820627974652847544246313531382948
:10a1c8000000000067850300547820556e646572ae
:10a1d80072756e204672616d6573206e6f742054bf
:10a1e8005865642854785455522900007185030035
:10a1f80054782053696e676c6520436f6c6c697383
:10a20800696f6e204672616d6573285478534346b2
:10a21800290000007b850300547820322d31352039
:10a22800436f6c6c6973696f6e204672616d6573fc
:10a238002854784d43462900000000008585030016
:10a24800547820313620436f6c6c6973696f6e20c7
:10a258004672616d65732854784543434e5429000e
:10a26800000000008f8503005478206c617465201d
:10a27800436f6c6c6973696f6e204672616d6573ac
:10a288002854784c43434e54290000009985030014
:10a298005478204465666572726564204672616d03
:10a2a80065732854784454462900000000000000d3
:10a2b80000000000a385030054782043617272698e
:10a2c80065722053656e7365206572726f722046e1
:10a2d80072616d657328547843534529ad85030031
:10a2e8005278204279746520436f756e742d6c6fb7
:10a2f800776572203332626974732852784f524cf2
:10a308004f290000b78503005278204279746520f0
:10a31800436f756e742d7570706572203136626981
:10a3280074732852784f524849290000c1850300a8
:10a338005278204672616d657320772f6f206572a1
:10a34800726f722852784652434e5429000000001a
:10a3580000000000cb85030052782042726f6164d0
:10a3680063617374204672616d6573285278424345
:10a37800465229000000000000000000d5850300b7
:10a388005278204d756c74696361737420467261ec
:10a398006d6573202852784d465229000000000050
:10a3a80000000000df850300527820506175736556
:10a3b800204672616d657328527850465229000014
:10a3c800000000000000000000000000e985030014
:10a3d80052782036342d62797465204672616d6535
:10a3e8007328527842465236342900000000000093
:10a3f80000000000f385030052782036352d3132f5
:10a40800372062797465204672616d6573285442fd
:10a41800465231323729000000000000fd85030054
:10a428005278203132382d323535206279746520e2
:10a438004672616d6573285442465232353529009b
:10a4480000000000078603005278203235362d358b
:10a4580031312062797465204672616d65732854c4
:10a4680042465235313129000000000011860300b0
:10a478005278203531322d3130323320627974658b
:10a48800204672616d65732854424652313032332a
:10a49800290000001b860300527820313032342d09
:10a4a800313531382062797465204672616d657383
:10a4b8002854424652313531382900002586030098
:10a4c8005278204672616d6573203e3d20313531ea
:10a4d8003920627974657328544d584246522900d0
:10a4e800000000002f8603005278204672616d65d7
:10a4f80073203c203634206279746573285278556d
:10a5080046522900000000000000000039860300c0
:10a518005278204672616d6573203e20313531389e
:10a528002062797465732852784f465229000000da
:10a5380000000000438603005278206572726f7233
:10a54800204672616d6573203e20313531382062b6
:10a55800797465732852784a522900004d860300a1
:10a56800527820435243206572726f72204672619e
:10a578006d65732852784643534529000000000052
:10a5880000000000578603005278204c656e6774ff
:10a5980068206669656c64206572726f7220467205
:10a5a800616d65732852784c4646452961860300db
:10a5b80052782073796d626f6c206572726f7220a9
:10a5c8004672616d65732852785253452900000020
:10a5d800000000006b860300527820616c69676e8a
:10a5e8006d656e74206572726f72204672616d655a
:10a5f8007328527841452900000000007586030041
:10a608005278205265736f75726365204572726f58
:10a61800722028527852524529000000000000009c
:10a62800000000007f8603005278206f7665727202
:10a63800756e206572726f72204672616d6573283f
:10a648005278524f45290000000000008986030017
:10a6580052782049504864722043686b73756d20a6
:10a668006572726f72204672616d657328527849ff
:10a678004843452993860300527820544350204389
:10a68800686b73756d206572726f72204672616daa
:10a698006573285278544345290000009d860300bd
:10a6a8005278205544502043686b73756d2065724d
:10a6b800726f72204672616d6573285278554345f2
:08a6c80029000000a786030031
:020000040000fa
:10a6d0002de9f04f8db0d0f850a00a68436d846d1d
:10a6e00083ea040e0eea0a0e8eea040ed84bc46cfe
:10a6f00023440a9213449e440aeb7e6e4e68436dd7
:10a700008aea030707ea0e075f40d24b856d2b44a8
:10a71000009633441f440eeb37578b681a468aea7b
:10a720000e053d4085ea0a05cb4b446d234401925a
:10a7300013441d4407ebf535cb681c468eea07062b
:10a740002e4086ea0e06c54b5344029423441e4411
:10a7500005ebb6260b691c4687ea050333407b40b0
:10a76000bf4a039422449644734406eb73694a69d2
:10a77000134685ea060404ea09046c40b94a0493c6
:10a780001a4417443c4409eb34548b6986ea0902a5
:10a7900022407240b44f05931f443d442a4404ebc9
:10a7a000f232cf6989ea040808ea020888ea09084f
:10a7b000ae4d06973d442e44b04402ebb8280f6ad4
:10a7c00084ea020c0cea080c8cea040ca84d0797ea
:10a7d0003d4409eb05039c4408eb7c6c4d6a82ea1e
:10a7e000080909ea0c0989ea0209a24b08952b44d9
:10a7f0001c44a1440ceb39598b6a88ea0c0e0eea12
:10a80000090e8eea080e0993a3f524434f3b1a4420
:10a81000964409ebfe3eca6a16468cea090505ea2b
:10a820000e0585ea0c05944b1344984445440eeb01
:10a83000b525d1f8308089ea0e072f4087ea09074d
:10a840008e4b43449c44674405eb7767d1f834c092
:10a850008eea05033b4083ea0e03894a6244914431
:10a860004b4407eb3353d1f8389085ea07041c407a
:10a870006c40844a4a449644744403ebf434d1f85f
:10a880003ce087ea030222407a407f4971440d444c
:10a890002a4404ebb22284ea020b0bea030b8bea94
:10a8a000040b7a49009d29440f44bb4402ebfb6b27
:10a8b00082ea0b07274057407549059d29440b4400
:10a8c0001f440bebf7578bea0703134083ea0b0394
:10a8d00070490b9631440c44234407ebb34387ea99
:10a8e000030505ea0b057d406b490a9c21440a4497
:10a8f000154403eb353583ea05023a405a4067496f
:10a90000049e31448b445a4405ebf26285ea02010d
:10a9100019406940624c099e34442744394402eb93
:10a92000f15182ea01042c4054405e4f77443b448d
:10a930001c4401ebb44481ea040313404b405a4fda
:10a94000039e37443d442b4404eb333384ea030b2a
:10a950000bea010b8bea040b544d089e35442a4444
:10a96000934403ebfb6b83ea0b0727405f40504a9d
:10a970004a4411440f440bebf7578bea07051d407f
:10a9800085ea0b054b4a02990a441444254407eb17
:10a99000b54587ea050202ea0b027a404649079e5e
:10a9a00031440b441a4405eb323285ea02033b4042
:10a9b0006b40424961448b445b4402ebf36382ea9f
:10a9c0000301294051403e4c019e34442744394400
:10a9d00003ebf15183ea010414405c40394f069eb9
:10a9e00037443d442c4401ebb44481ea040b0beaa8
:10a9f00003054d40344f47443a44154404eb353584
:10aa0000049fa7f5b822a2f2be6213448bea050b9d
:10aa10005b4405eb337384ea05025a402b4f079ed3
:10aa200037443944114403eb715185ea030b8bea37
:10aa3000010b274a0b9f3a4414445c4401eb344415
:10aa400083ea01076740234a4a4415442f4443e000
:10aa500078a46ad756b7c7e8db702024eecebdc114
:10aa6000af0f7cf52ac68747134630a8019546fdef
:10aa7000d8988069aff7448bbed75c892211906b60
:10aa8000937198fd8e4379a62108b44962251ef67c
:10aa900040b340c0515a5e26aac7b6e95d102fd612
:10aaa0005314440281e6a1d8c8fbd3e7e6cde121e7
:10aab000d60737c3870dd5f4ed145a4505e9e3a948
:10aac000f8a3effcd9026f678a4c2a8d81f6718753
:10aad00022619d6d0c38e5fd04eb772781ea0402c5
:10aae0007a40944d009e35442b44134407eb337356
:10aaf00084ea07025a40904d039e3544294411448c
:10ab000003eb715187ea030b8bea010b8b4a069d1d
:10ab10002a441444a34401eb3b4b83ea010282ea3a
:10ab20000b02874c099d2c4427443a440beb7222bc
:10ab300081ea0b045440834d65442b44234402ebcb
:10ab400033738bea02075f407f4c0a9e34442144f2
:10ab50000f4403eb775782ea03057d407b49029c53
:10ab600021448b445d4407eb354583ea070b8beab0
:10ab7000050b7749059c21440a44934405eb7b2b44
:10ab800087ea050484ea0b04724a08990a441344cc
:10ab90001c440beb347485ea0b0161406e4b43445b
:10aba0001f44394404eb71518bea04034b406b4a58
:10abb000724415441d4401eb354584ea01026a40a4
:10abc000674b019f3b449b445a4405eb722262ea67
:10abd00001036b40634f37443c44234402ebb363af
:10abe00063ea050b8bea020b5f4c069f3c44214451
:10abf0008b4403ebbb5b6bea02075f405b49494454
:10ac00000d442f440beb774767ea030484ea0b04f7
:10ac10005749049d29440a44144407ebf42464ea88
:10ac20000b057d40534a424413441d4404ebb56573
:10ac300065ea070888ea04084f4b02990b449b44d5
:10ac4000d84405ebb85868ea04036b40099aa2f5aa
:10ac50008016a6f683363e44334408eb734363ea1a
:10ac6000050989ea08094549009e31440c44a1447c
:10ac700003ebf92969ea08065e40414a07990a444c
:10ac800015442e4409ebb66666ea030181ea090120
:10ac90003c4a72449044414406ebb15161ea0904d4
:10aca0007440394a059d2a4413441c4401eb744402
:10acb00064ea06054d40354b634499444d4404eb2a
:10acc000f52565ea01076740314a039b1a4416449b
:10acd000374405ebb76767ea04036b402d4a0b9ec8
:10ace00032441144194407ebb15161ea05067e4034
:10acf000294a019b1a441444344401eb7444c36c44
:10ad00003b44c36464ea07074f40244b089a13444a
:10ad10001d442f440aeb040505ebf7250565436d3b
:10ad20001c444465836d1944816500200db0bde865
:10ad3000f08f00bf44eabea4a9cfde4b604bbbf648
:10ad400070bcbfbec67e9b28fa27a1ea8530efd42f
:10ad5000051d880439d0d4d9e599dbe6f87ca21f1b
:10ad60006556acc4442229f497ff2a43a72394ab29
:10ad700039a093fcc3595b6592cc0c8fd15d84855f
:10ad80004f7ea86fe0e62cfe144301a3a111084eec
:10ad9000827e53f735f23abdbbd2d72a91d386ebe8
:020000040000fa
:10ada000b14b834240f03f83b04b93f90020531ed8
:10adb000dbb2012b00f237832de9f04f87b0ac4bab
:10adc0001b685bb1012a1ad0a94b1c68a64b1b88d3
:10add000002b00f01a830025a34e7be0a54b1b68d7
:10ade00002a89847002800f3f38220b9029810b116
:10adf00005f0dcf9ece29d4b00221a70e8e29e4b74
:10ae00001b68b3f1ff3fdfd19c4a002105202cf0e5
:10ae100061fa994b1860b0f1ff3f2ed02bf0d8fab1
:10ae200000eb800303f2e733954aa2fb03239b095f
:10ae30004ff47a7606fb03f3b3fbf0f6914b1e60fa
:10ae40000225914c04e001351034282d00f0d48205
:10ae50002368002bf7d0b4f90a20002af3d021464a
:10ae6000a8b22bf089f90028edd106f5a673b3fb43
:10ae7000f6f306fb03f6854b1e602df09dfa88b9ac
:10ae80001ff098fa794bff221a702df095fa0028de
:10ae900000f09e822df08afa4ff0ff327c4923f0b9
:10aea00079fd95e22df082fa05227a4923f072fdb0
:10aeb000e6e7032304222146304624f00bfe94f8f3
:10aec000433043f0800384f84330013574343188d3
:10aed0008d424bdae06c0028f7d0636c9b69984791
:10aee00094f8433013f0400fefd0636c5b69e06c73
:10aef00098470028dddb0228e7d100230293039363
:10af00000493059340f2dc53adf81230636c1b6c74
:10af100002a9206d98470298e063bdf80c30a4f8b0
:10af20004030bdf80e30003318bf012394f84320a1
:10af300063f3451284f84320bdf81230a4f866305c
:10af40009df8153084f868309df8143084f8693025
:10af500094f8423043f0400384f84230d3b203f017
:10af6000bf0343f0800384f84330aee73f4b93f9cf
:10af70000030012b25d0002025f05efb464b1b68de
:10af800033b9464b1a68464b1b68134300f02082c6
:10af9000414b1b68002b40f089804ff000083f4b6d
:10afa0001b68002b00f08e813c4b00221a60304b56
:10afb0001c682d4b1b88002b00f01a811646394f58
:10afc000e8e02b4b1e68002900f025823246002560
:10afd0002b46012706e007fa03f0054301337432dc
:10afe000994212d092f8430000f00c04042cf2d1e4
:10aff00010f0800f00f0ec8192f8420010f0400f4a
:10b00000ecd007fa03f00543e8e7012202fa03f364
:10b01000013bab4200f0ff81134b1b88abb1002416
:10b0200044f24008104f0ae0032304223146384618
:10b0300024f050fd013474363b889c4205dab6f8a2
:10b04000423018ea030ff5d0eee7084bff221a70e2
:10b050002df0b2f9002800f0bb812df0a7f92a46a7
:10b06000114923f097fcb3e1d4fb0020b7fb00208b
:10b070003c00012040000120ac050120d960030004
:10b08000d34d6210340001203cd900203000012053
:10b0900010560200e0550200280001204400012063
:10b0a0002c00012020f30020805602000025b34b25
:10b0b0001d602df087f904462af0d4fa06460f46a3
:10b0c00022462b462af0befbad4b1860ad4aa2fbd0
:10b0d000043292092b46304639462af0b3fbaa4b7c
:10b0e0001860aa4b1b68aa4a12689b1aab4204dd7f
:10b0f000a64a13604ff0010851e703f24d13a34a2b
:10b100001360a44b1c68a44b1b88002b00f06a81c1
:10b110000025a14e0ee094f86a3043f0020360f37c
:10b12000820360f3000384f86a3001357434338895
:10b130009d420fda94f8423013f0400ff5d0636c63
:10b140005b6a206d984794f86a3003f001039842d7
:10b15000e1d1eae74ff0010821e74ff0010823e7ca
:10b16000002503e08c6238462cf0eff9636c5b6bd2
:10b170002a462946206d984701460028f2d1874a81
:10b1800013680133136029e001367434824b1b8845
:10b19000b3422ddd94f8423013f0400ff4d0b4f8f0
:10b1a0006250636c5b6d206d98470543adb22df026
:10b1b0000ffbb4f8623023ea0503a4f862302df0e7
:10b1c0000bfbb4f864302b43a4f86430636c1b6d44
:10b1d0002946206d984715f0160fc1d194f84330d9
:10b1e00013f0200fd0d0636c9b6b206d9847cbe79a
:10b1f0004ff0000bdff8b09109f10c07dff8aca1bc
:10b200000af10803019310e040f606039c422ad09d
:10b21000b4f5006f20d04ff6ff739c421fd001227f
:10b220006ff00c0128462af09df838462bf08eff6f
:10b23000054600283dd06b699b891c0a44ea03241b
:10b24000a4b2a86a866d002eded0c36d22462946c0
:10b25000b0470028e9d1d7e7019c012605e00af1b3
:10b260001004022601e0002654462b6a23f47c13c6
:10b270002b62626813432b62608800eb4000294612
:10b2800009eb80002cf061f9012303fa06f616eab7
:10b290000b0fcad14bea060b6388414800eb031041
:10b2a000038943f001030381002201212bf0d0fe2a
:10b2b000bbe72df08dfa3a4a138b23f00103138379
:10b2c0002df08afa334b1b68334a108820b30022d2
:10b2d00040f286651446334e09e031680131316031
:10b2e0000ee0a3f8644001327433824214d093f824
:10b2f000421011f0400ff6d0b3f864100d42ecd1bb
:10b3000093f86a1011f0020febd093f86a106ff304
:10b31000410183f86a10e4e7b8f1000f67d1204dce
:10b3200005f1300405f5247545e01344a381238914
:10b3300043f0020323810022022120462bf088fee5
:10b340001034ac420fd02368002bf9d0b4f90a2096
:10b35000002af5d03168a3895b1a9bb219b2002983
:10b36000e3dda181ece72df033fa0d4a138923f0d8
:10b37000020313812df030fad1e700bf280001202d
:10b3800034fb0020d34d62102cf900203000012046
:10b39000340001203c000120d4fb00204cfd0020a3
:10b3a0001cd900205cfc002014f30020506b03002b
:10b3b0001034ac4209d054f8103c34f8082c002b5f
:10b3c000f6d0002af4d09847f2e7174b1b6813b960
:10b3d00007b0bde8f08f00224ff4807113482bf0c6
:10b3e00037fef5e7124b1b68002b7ff4b6ae114c0d
:10b3f000114e04f51875a6e706f5a673b3fbf6f330
:10b4000006fb03f60d4b1e60dee40d4b93f9003096
:10b41000012b7ff4b0ad0a4b02221a7009490020bb
:10b420002af0f0f8a7e570472c0001202cd9002065
:10b43000440001203cd900203400012030000120cc
:08b44000b7fb0020505602008a
:020000040000fa
:10b448002de9f04395b0012840f36f810c4605467d
:10b45800b84960682cf0b1fb002840f08482b649f6
:10b4680060682cf0aafbb0fa80f6760982e2b3484d
:10b478002cf00affb2482cf007ff0020b14b1860ef
:10b48800b14b1860b14b1860b14b1860b14923f04b
:10b498007dfa01264ae129f0d5fd0246ae4b188017
:10b4a800ae49002023f072fa01263fe1ac49e0687a
:10b4b8002cf083fb002836d002210a2029f026fd33
:10b4c800e0b10321062022f043fb18b3a54b4ff44b
:10b4d8008062c3f89421c3f888210022a24b1a6025
:10b4e800a24b01211970a24b83f812234ff480223a
:10b4f800c3f880211a609f4a9f4b2fe00a202cf046
:10b508003dfe27f06dfb02469c49002023f03efae1
:10b5180001260be106229a4923f038fa02210a2073
:10b528002bf044fff4e7924b4ff48022c3f88020bd
:10b53800bff34f8fbff36f8f8c4b00221a70894b6c
:10b548004ff48062c3f8942102210a202bf02effc9
:10b558000121062022f0fcfa814a8a4b8a49002000
:10b5680023f014fa0126e1e000221146e0682cf0ed
:10b57800fffc0746042d1fdc421e44f61f639a4257
:10b588002ed8642505fb07f3804aa2fb03239b09f9
:10b5980000932b463a467e49002023f0f7f92cf019
:10b5a8000dff7c4ca4fb0034a40c64002cf04eff6f
:10b5b800f0b10cbb0126b9e00022114620692cf03d
:10b5c800d7fc05467a1e44f61f639a4208d803281a
:10b5d800d8d804227049002023f0d8f90126a5e024
:10b5e80044f620626d49002023f0d0f901269de041
:10b5f8006b4923f0cbf9dde702210a2029f086fc0c
:10b60800064670b36d0804fb05f8b8f1000f08bfd3
:10b61800a046544b4ff48062c3f89421c3f88821a4
:10b6280040462cf069fc0024dff838914ff480651f
:10b63800c9f8985140462cf05ffcc9f8945140462f
:10b648002cf05afc0134a742f0d8564c276002214e
:10b658000a202bf0abfe22685349002023f096f90c
:10b6680064e00a202cf08afd27f0bafa02464f4916
:10b67800002023f08bf99de714f0ecfd4c4b187873
:10b688004c4b1b684c4a4d49002808bf0a464c4998
:10b69800002023f07bf94b4b1c684b4b1d684b4b30
:10b6a8001e684b4b1f682cf0d1fe4a4b4a4a0028b3
:10b6b80008bf13460393029701960095212322465b
:10b6c8004649002023f062f901262fe000220023da
:10b6d800cde9082308a906a826f084fe40490020e1
:10b6e80023f054f92cf0cafe02463e49002023f00c
:10b6f8004df90aa912481af085fadde908230aa9c2
:10b7080039481df0aff89df8283023b1374900209b
:10b7180023f03cf90ae03649002023f037f9f5e731
:10b728003449002023f032f9fce00026304615b0f9
:10b73800bde8f0833c5200004452000010ea0020ab
:10b7480048eb002058030120680301206c03012006
:10b7580078030120685200000a040120a05200006a
:10b76800d4500000008000416403012082040120bd
:10b7780000e100e0fc500000005100006c530000a4
:10b78800a4530000a4370200ec530000d34d62100c
:10b79800a055000083de1b435055000014550000df
:10b7a800e455000060030120905600004c5600004c
:10b7b8007f0401205c030120585100005c51000007
:10b7c800b45600004c03012050030120540301200b
:10b7d800480301208451000094510000e456000001
:10b7e8004457000088570000ac570000005800007c
:10b7f800b0570000b8590000824b01221a70824ae3
:10b808008249002023f0c2f801268fe77d4b0022f1
:10b818001a707f4af4e7032d40f38a807d49a068b7
:10b828002cf0cbf900283ff441ae032d06dd7a4910
:10b83800a0682cf0c2f900283ff496ae7749a068ba
:10b848002cf0bbf900283ff417af002e7ff43eaf71
:10b8580000220023cde9082308a906a826f0c2fd86
:10b8680005466f4b1878674b1978674b684a00296b
:10b8780008bf13466b4a6c49002808bf0a466b4943
:10b88800002023f083f829f0ddfb694b1a88821a1f
:10b89800684b1878684b6949002808bf0b4692b274
:10b8a8006749002023f072f8664b1b680193664bca
:10b8b8001b680093654b1b68654a12686549002040
:10b8c80023f064f8644b1978644b1b68644a126867
:10b8d80064480468644806686448654f002d08bfda
:10b8e800384605900496039402922122019200930f
:10b8f800604b614a002908bf1346604a12686049d4
:10b90800002023f043f80aa95e481af07bf9dde924
:10b9180008230aa95c481cf0a5ff4d4b1b68002ba7
:10b928003ff4feae5949002023f030f80126fde629
:10b938003849a0682cf041f900287ff47faf544bb8
:10b948001978c9b2534b1b685348314a002918bfac
:10b9580002465249002023f019f85149002023f0eb
:10b9680015f80126e2e64f4960682cf026f9012611
:10b97800002844d1022d7ff768afa76822493846ce
:10b988002cf01bf900283ff437af214938462cf03a
:10b9980014f900283ff43aaf434938462cf00df922
:10b9a80000283ff464ad414938462cf006f90028d8
:10b9b8007ff431af032d06dd3b49e0682cf0fdf83c
:10b9c80000283ff468ad29f03dfb194b1c88041b87
:10b9d800a4b229f037fb174b1978354b174a0029c1
:10b9e80008bf13460093034622463249002022f03e
:10b9f800cdff3149002022f0c9ff012696e6002636
:10ba080094e600bf2b060120d850000048520000e1
:10ba1800d45000006453000010550000b0560000d8
:10ba280081040120b4510000b851000054580000ae
:10ba38000a04012080040120c4510000ec500000d9
:10ba480098580000780301206c0301206803012046
:10ba580058030120cc5800007f0401204c0301202a
:10ba68005003012054030120480301201c52000008
:10ba780024520000005200000c5200005c03012018
:10ba88002c59000010ea0020b0590000885a000024
:10ba98008204012064030120fc50000010540000bf
:10baa8003c540000445200006052000098520000cc
:0cbab800dc500000d052000010530000d1
:020000040000fa
:10bac400012840f3a3822de9f04f89b00d460446c6
:10bad400944968682cf073f8002840f09982032c8c
:10bae40056dd9149a8682cf06af8002833d08f49b4
:10baf400a8682cf064f8002800f00c81032c4addbf
:10bb04008b49a8682cf05bf8002800f08381ae68ac
:10bb1400884930462cf053f8002800f0ab81864960
:10bb240030462cf04cf8002800f0c581834930469b
:10bb34002cf045f80446002800f04e828049304637
:10bb44002cf03df8002800f047827e49002022f0c6
:10bb54001fff01205de27a49e8682cf030f80030dc
:10bb640018bf0120784b18701978c9b21a78d2b26c
:10bb74007648774b002a18bf03467048754a002957
:10bb840018bf02467449002022f002ff012040e25f
:10bb9400032c00f05682032c00f03e826f4b1a688f
:10bba4006f4b1b6801936f4b1b6800936e4b1b68b4
:10bbb4006e49002022f0ecfe6d4b1a785f4c604b0e
:10bbc400002a08bf1c462cf031fc6a4b6a4a012843
:10bbd40018bf134622466949002022f0d9fe684b5b
:10bbe4001b68684a12686849002022f0d1fe674b3e
:10bbf4001a68674b1b6867490968674800880290a0
:10bc0400019141f2707100916449002022f0c0fe5c
:10bc1400634b1a68634b1b68b3f1ff3f1abf614b58
:10bc24001b6800236049096800916049002022f0e4
:10bc3400affe5f4b1a685f4b1b885f49002022f000
:10bc4400a7fe5e4b1a885e4b1b885e4909880091eb
:10bc54005d49002022f09cfe5c4b1b685c4a156821
:10bc64005c4ad2e9006756ea070208bf01265a4a2d
:10bc740012685a49096803914ff47a7101fb05f47b
:10bc840094fbf6f4029401fb03f191fbf6f10191ac
:10bc940000955349002022f07bfe524b1d68524b05
:10bca4001e68524a176812681b689a4240f2a681bd
:10bcb4004e4b1c684c4b1b68e41a2cf0c9fb4c4bd4
:10bcc4004c4a002808bf1346029301940097334658
:10bcd4002a464949002022f05bfe484b1a68484b2b
:10bce400d3e90001cde900014649002022f050fecd
:10bcf400454bd3e90023cde90023444b1a6844495a
:10bd0400002022f045fe154b1b68002b00f07881c3
:10bd140001207ee100221146e8682cf02bf903464d
:10bd240097e100bfdc650000e0650000246e0000c0
:10bd340084660000206e0000f8660000bc64000009
:10bd44008c6500005c6900002a060120c4640000c0
:10bd5400c8640000c0640000e46500000003012022
:10bd64003403012040030120fc0201208869000003
:10bd740079040120a4650000ac650000d4690000ca
:10bd8400380301203c030120006a0000e402012082
:10bd9400e0020120dc02012026000120386a0000b4
:10bda40008030120080601200c030120a46a0000f6
:10bdb40028030120080401201c6b00000604012054
:10bdc400040401204afc0020786b00001c030120bd
:10bdd40018030120c8ff00201403012020030120c0
:10bde400d06b0000e8020120f0020120ec020120e7
:10bdf400b8650000c06500003c6c000044030120ed
:10be0400d0ff0020a06c0000a8ff00202403012024
:10be1400146d0000ec68944920462bf0d0fed0b994
:10be2400924b4ff480329a619a60914b02221a70bd
:10be34008f4b1b78dbb2012b1ad08d4b1a78d3b2ff
:10be44008c4a8d49022b18bf0a468c49002022f0e7
:10be54009ffd0120dde08a4920462bf0b0fe18b991
:10be6400834b01221a70e3e7814b00221a70dfe74b
:10be7400844aeae78449e8682bf0a1fe002840f0f0
:10be8400d380042c10dc632400220121e0b21df0d5
:10be940085fe7e4b7e4a002808bf134622467d4914
:10bea400002022f075fdbfe00022114628692cf025
:10beb40061f80446e8e7032c37dc0526764b1b685b
:10bec4001bb9764b1b68002b7ad07549002022f0f1
:10bed4005ffd744c22687449002022f059fde28809
:10bee4007249002022f054fd714a936ad2f8d82195
:10bef400009201226f49002022f04afd6e498a68af
:10bf04008b69096a00916d49002022f041fd6c495a
:10bf1400002022f03dfd604b1b68002b4ad000241a
:10bf24002146684ddff8c8b117e000221146e868e1
:10bf34002cf020f8431e082b34bf06460826bde724
:10bf440003eb830205eb8202918804eb840405eb86
:10bf54008404a288891a89b21c4604eb840305eb85
:10bf6400830235f823305088d788b2f808e0b2f855
:10bf74000480b2f80c9092f80ea0d27b0792cdf810
:10bf840018a0cdf814900491cdf80c80cdf808e0f9
:10bf94000197009022465946002022f0f9fc631cc8
:10bfa4003d4a12689a4205d9082b03d0002bc7d109
:10bfb4000021d1e7394b1a684349002022f0e8fcfc
:10bfc4000020354b1860354b1e60731c32463f49c8
:10bfd40022f0defc01201ce0b4fa84f0400926f0d3
:10bfe40091fe3b4b1978264a234b002908bf1a4679
:10bff4003849002022f0ccfc01200ae000245ce651
:10c004003549002022f0c4fc012002e000207047e2
:10c01400002009b0bde8f08fae68304930462bf0ff
:10c02400cefd00287ff47bad2cf030fa04462cf0d2
:10c0340033fa034622462a49002022f0a9fc0120b3
:10c04400e7e72849a8682bf0bafd012300287ff40c
:10c0540055ad254a136000934ff4803223490020e4
:10c0640022f096fc0120d4e78c6600000080004199
:10c074007c040120486500008c6500009066000087
:10c08400bc64000014650000ac660000906500000c
:10c094009c650000b4660000f8020120f40201204f
:10c0a4000067000000a00141246700006c670000e5
:10c0b40000e00041a867000000280040e867000095
:10c0c4002c68000074f20020d0680000f4680000be
:10c0d40079040120286900003c6d0000206e0000f6
:10c0e400d0660000246e00001003012004660000e6
:04c0f400946800004c
:020000040000fa
:10c0f8002de9f04f8db082468946002308930993b5
:10c108000a930b9343680393aa4b1968002940f3d9
:10c11800b8829346a84b93f8ce30012b00f0b88232
:10c128000023a54d0133d8358b4200f0aa8295f83b
:10c13800ce20012af6d1a04beb1adb1003ebc30289
:10c1480003eb4203c3eb432303eb8343daf80020fa
:10c1580054685a4299490398a047002485f8d14069
:10c1680002232b7485f8cf4041f289336b82944bbc
:10c17800ab612af029f904906c6000eb80035b0046
:10c18800ab6028602c75c5f8c4a0284625f0faffd6
:10c19800b9f1010fc8bf012411dc95f8d130002b8b
:10c1a80000f0e581012b00f01d820db0bde8f08f95
:10c1b800012385f8d1300134e4b24c45edda5bf85f
:10c1c800246002227f4930462bf0fef80028efd089
:10c1d80005227d4930462bf0f7f80028e8d00222e6
:10c1e8007a4930462bf0f0f828b1052278493046d4
:10c1f8002bf0eaf810b901232b74dce70222754909
:10c2080030462bf0e1f830b10522734930462bf067
:10c21800dbf800285cd101232b741c44e4b25bf8e2
:10c22800246030462bf008fcc7b207f1ff38b04451
:10c238006a4940462bf0c1fcb8b1694940462bf029
:10c24800bcfc00283dd14ff47a7807f1ff3cbcf1e3
:10c25800000f33dd00273a464ff0010e3b460594a8
:10c268007146b64644460e46f4e15d4940462bf019
:10c27800a4fc00285b4b0cbf4ff47a789846e4e79f
:10c2880002eb820200eb4202303aede12346059cc4
:10c2980003fb07f3424501d208fb02f20892099317
:10c2a800daf80010981800904e684f49daf8040040
:10c2b800b047089b099a1344ab617ce700221346f8
:10c2c800eae7012208a930461ff016fe089bf3e7ab
:10c2d8000222464930462bf077f828b10522444916
:10c2e80030462bf071f850b90134e4b2012208a9a4
:10c2f8005bf824001ff000fe089bab615be702229d
:10c308003c4930462bf060f828b105223a493046be
:10c318002bf05af8b8b9002385f8d1300134e4b2cb
:10c32800042208a95bf824001ff0e6fd089b85f8a5
:10c338004430099b85f845300a9b85f846300b9bad
:10c3480085f8473037e702222c4930462bf03cf875
:10c3580028b105222a4930462bf036f878b901343d
:10c36800e4b2012208a95bf824001ff0c5fd089b70
:10c37800049a02fb03f3ab6000236b601be7022205
:10c38800204930462bf020f830b105221e493046ae
:10c398002bf01af8002839d10134e4b2012208a997
:10c3a8005bf824001ff0a8fd089b6b600023ab60be
:10c3b80001e700bf0001012098ef0020a4a40100bc
:10c3c80080969800c8a20100cca20100d8a2010062
:10c3d800dca20100e4a20100e8a20100f4a201002d
:10c3e800f8a2010040420f00fca2010018a30100be
:10c3f8001ca3010028a301002ca3010038a30100fd
:10c408003ca3010044a3010048a301000222a14962
:10c4180030462af0d9ff30b105229f4930462af02c
:10c42800d3ff002836d10134e4b25bf82400437806
:10c43800782b17d0012208a91ff05efd9df8200077
:10c448000246202820d018d9a0281ad0c0281ed1ea
:10c4580010232b75daf800305e682b7d8f4903981e
:10c46800b047a8e683788df81f30c3788df81e3062
:10c47800bdf81e0027f00cfce2e740b900232b753d
:10c48800e8e720232b75e5e708232b75e2e700236f
:10c498002b75dfe70222824930462af095ff28b142
:10c4a8000522804930462af08fff58b90134e4b29a
:10c4b800012208a95bf824001ff01efd089ba5f8bf
:10c4c800d23078e60222784930462af07dff28b13a
:10c4d8000522764930462af077ff68b90134e4b27c
:10c4e800012208a95bf824001ff006fd089b049aa6
:10c4f80002fb03f32b605ee602226d4930462af008
:10c5080063ff28b106226b4930462af05dff50b917
:10c518000134e4b2012208a95bf824001ff0ecfc06
:10c52800089b6b8247e60222634930462af04cff9b
:10c5380038b10522614930462af046ff00287ff4c9
:10c548003aae0134e4b2012208a95bf824001ff0d6
:10c55800d3fc089b332b01d9eb602ce6d5f8c4300b
:10c568001b685b6834225649039898471de60021ea
:10c5780005f180002af0c0f8c5f8c80010b32b7c7c
:10c58800022b2ad0012b06bfab8907ee103a9fed8c
:10c598004d7added047ab8ee676aab69db0807ee21
:10c5a800903af8ee677ab8ee477ac7ee876ac6ee31
:10c5b800267afceee77ac5ed217a0a21284625f08d
:10c5c8005bf8f2e5daf800301b683f4903989847b2
:10c5d8002bf08efec5f8c800d1e7b5f8d23007eecb
:10c5e800103ad6e7daf800301b683849039c204631
:10c5f8009847daf800301b683549204698472b7c65
:10c60800012b0fd02b7c022b13d0d5f8c4301b681c
:10c618005b686a8a2f49039898470221284625f0c3
:10c628002bf8c2e5daf800301b682b4903989847c5
:10c63800e8e7daf800301b68284903989847e4e7e8
:10c648002e2802d108fb02f200260133dbb2634533
:10c65800bff61cae1ef80300a0f13001c9b20929cb
:10c66800eed8002e7ff40cae002eeed107eb870734
:10c6780000eb4700a0f130071949a1fb0401cc08e1
:10c68800e3e7daf800301b681649039898478ce509
:10c69800154d50e550a3010054a301005ca301000f
:10c6a80088a301008ca301001854020094a3010080
:10c6b800a0a30100a4a30100aca30100b0a3010042
:10c6c800b8a3010000000000e4a301000ca40100cd
:10c6d80048a401006ca4010064a4010068a401003e
:0cc6e800cdcccccc78a4010098ef002051
:020000040000fa
:10c6f40090f87730012b40f0cb822de9f04786b0db
:10c7040004460e469146c26c002a60d0136a13f0a8
:10c71400080f5cd143f008031362c76c002f56d096
:10c724000023a7f85630a7f85430bb64a7f86e303e
:10c73400a7f86c303b663a6913603a69938116f046
:10c74400010f07d094f83f3043f0010384f83f30e1
:10c7540006f0fe0694f83e3003f023036ff345130e
:10c7640084f83e3094f87730012b0cbffd69002526
:10c774002b7b6ff307132b7316f0060f59d016f0ab
:10c78400020f00f01c8102238df8143004238df86d
:10c79400153094f87730012b34d00020030a43ea93
:10c7a4000023adf81630a4f86c002b7bc3f30312fe
:10c7b400013262f307132b7394f87730012b04bf13
:10c7c400059b6b61636d6bb34ff00008f9e0b64bea
:10c7d40004221421782029f00dfa0746002800f0dd
:10c7e4005a82b24b8360c4600123a0f87030a0f871
:10c7f4005830036a43f008030362e36c002b9ed1b4
:10c80400e0649ce7a36c2bb1a06c2af0c7fc14383d
:10c8140080b2c3e7204626f0e4fe0028f4d16ff08e
:10c82400030089e120461bf0cbfc60654ff0000853
:10c83400c7e0b4f86a80a26823699a4200f034829f
:10c84400b4f86430002b00f0aa8094f87730012b00
:10c854002dd0b4f86c30984528bf9846a368216958
:10c864008b423cd95b1ab4f864a09a4528bf9a4617
:10c87400d04506d294f83e3043f0800384f83e302d
:10c88400c24694f87730012b16d0236953442361b0
:10c8940094f83f3013f0010f00f08380b4f8643053
:10c8a40053457ed0d0457cd046f0010679e02bf08c
:10c8b400feff0028d2d1cce70023bb6459b11ffa94
:10c8c4008af3a7f85630a7f8543039653b6907f165
:10c8d40048021a60d9e73b6900221a60d5e762680a
:10c8e400521a206813441b1ab4f864a09a4528bf4e
:10c8f4009a46d04506d294f83e3043f0800384f83b
:10c904003e30c2461346524528bf5346baeb030293
:10c914002cd094f877c0bcf1010f0ad0236953449a
:10c92400236162689342b3d32168521a9b1a23612c
:10c93400aee7a0b192b2a7f86e20a7f86c20b86653
:10c9440007f16002ba6469b19bb2a7f85630a7f840
:10c95400543039653b6907f148021a60dee700226a
:10c96400ba64f0e73b6900221a60d7e794f87720ad
:10c97400012ad3d10022ba6451b19bb2a7f8563030
:10c98400a7f8543039653b6907f148021a60c5e7d6
:10c994003b6900221a60c1e74ff0000a7ee74ff0be
:10c9a400000a1ffa8af8baf1000f0ad0b4f864300a
:10c9b400a3eb0803a4f8643046f0080606e04ff041
:10c9c400000816f0030f45d04ff0000a19f0010fcc
:10c9d4000dd0002384f87830354b1a684ff47a73fd
:10c9e40003fb02f3334aa2fb03239b09236529f0cb
:10c9f400d9fc236d1844606294f83e3043f002037e
:10ca040084f83e30b4f862302b80b4f860306b8028
:10ca1400636d6b60a36dab602b7b6ff303032b73b0
:10ca24006e7300236b822b82636d5344636516f02f
:10ca3400020f4dd016f0100f04bf0023ab6094f822
:10ca4400743013f0080f37d06b68013b6b604ff004
:10ca540004093fe019f0020f0ad094f87930013349
:10ca640084f87930636d013b63654ff0010ac9e7cf
:10ca740094f83e3013f0020f13d019f0010f08d1cf
:10ca840094f878302bb1013b84f87830236d5b083f
:10ca9400236529f087fc236d184460624ff0000a77
:10caa400b0e74ff0000aade7060020006160020025
:10cab400e8000120d34d6210636d0133636594f87f
:10cac400743043f0080384f874304ff0040901e033
:10cad4004ff0000916f0010f05d094f8743043f0bc
:10cae400040384f8743016f0100f05d094f87530f0
:10caf40043f0010384f87530e369226a934223d337
:10cb0400a1696069091a9b1acb1a9bb2eb81a4f83c
:10cb14006630284622f0dcfc2b7bc3f3031205327b
:10cb240062f307132b7394f87730012b10d0b8f10c
:10cb3400000f7ed14ff0ff3094f87730012b00f0d6
:10cb4400a28006b0bde8f087d31a013b9bb2dde7b3
:10cb5400236c23b90025b8f1000f6dd06ae020469c
:10cb640026f03ffd05460028f5d009f11409636c51
:10cb7400bb63236cfb63a36c3b643a6993894b44aa
:10cb84009381fd6900232b82a36c93f8683013f022
:10cb9400010f18d094f885308df8053094f886305c
:10cba4008df8043000258df8065009eb080201ab1e
:10cbb40092b20621384614f0effb3d6038462bf064
:10cbc400bdfb0546c7e7bb6b0293fb6b03930022d7
:10cbd4008df8102006238df8113009eb08039bb261
:10cbe400190a41ea0323adf812300c2102a822f0fd
:10cbf400d3f8c24392b24946284622f0cdf8c34343
:10cc04009bb2b8f1000f07d139690a8a22f00802f1
:10cc14000a82db432b82bde739690a8a42f00802a3
:10cc24000a824246396d384620f012fdc3439bb256
:10cc3400efe70025a36babb1002d3ff47baf16f0fb
:10cc4400040f2bd0e56f5db3b4f87a3013f0080ffe
:10cc540028d0d4f880300822a16cb4f93c00a8474d
:10cc640000206ee740f2dc53636329f09bfb626ba8
:10cc7400124b1b6803fb02f3114aa2fb032300ebd4
:10cc84009310a063d8e73b6a23f008033b6258e79c
:10cc94006ff0010070476ff0020052e7002050e788
:10cca40000204ee700204ce794f83f3013f0010fca
:10ccb4007ff472ae4ff0000883e600bfe800012065
:04ccc400d34d6210da
:020000040000fa
:10ccc80082b02de9f04f89b012ac84e80c009df8d1
:10ccd80058900f2968d90278437843ea02231bb297
:10cce80040f66502934264d1037b012b61d1437bfb
:10ccf800012b5ed1837b012b5bd8037945792d0409
:10cd080045ea0365c3791d43837945ea0325072d61
:10cd180058d9a5f10803103989b28b4252d8044674
:10cd28008378c67846ea032636b2b7b2837a90f893
:10cd38000b8048ea0328083dadb2042f47d0052fe1
:10cd480054d0072f00f0a380062f00f0be80032ddb
:10cd580040f2498190f808b0437a0793037c90f831
:10cd6800119049ea032990f812a0baf1000f40f097
:10cd78003f81079b43ea0b2b48ea0b41a14b1f80dd
:10cd8800a14ba3f80080a14ba3f80090022e00f05d
:10cd9800f581032e00f07781012e00f055819c4a21
:10cda80013680133136008e0994a1368013313606c
:10cdb80003e0974a13680133136009b0bde8f04fe8
:10cdc80002b07047924a136801331360f5e78d4b40
:10cdd80004221a80179b0293cdf80490159b0093a8
:10cde80012ab0ecb40461cf04dfae6e700202bf0c4
:10cdf8009df9844b05221a800d2d0cd958b10622b5
:10ce0800014604f110002af0dffa48b1814a13689c
:10ce180001331360d1e77e4a136801331360cce70e
:10ce2800a67de57d237e617e090441ea0361e37ef8
:10ce38001943a37e41ea0321237f03f0010423461b
:10ce4800080e002260f30702080c60f30f22080a9c
:10ce580060f3174261f31f62002900f0aa81294696
:10ce6800304629f015fb294630461ff0d9f8002036
:10ce780027f0c6fc684a13680133136032462b4614
:10ce88006649674d002814bf08462846a1e1032dce
:10ce98000ad9047c44b12bf0a9fa844204d05d4a33
:10cea80013680133136088e75e49002021f06efda6
:10ceb800bff34f8f5c49ca6802f4e0625b4b1343cf
:10cec800cb60bff34f8f00bffde74e4b06221a80a1
:10ced800032d04d84e4a1368013313606de7037cb1
:10cee800ff2b02d05bb319f08ff9667cff2e29d196
:10cef800a07cff2835d1e07cff2838d1042d02d949
:10cf0800207dff2839d1062d4bd9637da57d45eac3
:10cf180003254ff6ff739d4203d0002d33d121f036
:10cf2800e3fd434a136801331360424b1b78002b1f
:10cf38004dd0227c637ca07ce17c247d40e029f0fc
:10cf4800a1fcd2e7003618bf01262bf06dfa0128a4
:10cf580014bf00200120b042cad0304625f0d0fed0
:10cf6800c6e7003018bf01201ef090f8c3e7003074
:10cf780018bf01202bf07cfac0e7003018bf012051
:10cf88002bf06afabfe728461bf028fd0028c8d115
:10cf9800294a1368013313602a46284921f0f6fc10
:10cfa800bfe7234a136801331360224b1b7873b120
:10cfb800227c637ca07ce17c042d98bfff24bcd834
:10cfc8000294019100901e49002021f0dffc179b7c
:10cfd8000293cdf80490159b009312ab0ecb4046fc
:10cfe8001cf050f9e9e60a4a136801331360e4e6d5
:10cff8002bf0fcf982453ff4bcae124a13680133aa
:10d008001360dae60e040120100401200c0401204c
:10d0180090030120880301208c03012030eb0100dc
:10d0280044eb0100a4eb010000ed00e00400fa0568
:10d03800b80301202c060120a0030120d0eb010039
:10d048001cec01009c0301200b2d04d86d4a1368c9
:10d0580001331360b1e6227d637d1b0443ea02635a
:10d06800e27d1343a07d257e627e120442ea0562ba
:10d07800e57e2a43a47e42ea042243ea0023484686
:10d0880013f08afe68e0132d6ed91b2d71d994f820
:10d09800243094f82560360446ea036694f827306d
:10d0a8001e4394f8263094f8282094f829000004a8
:10d0b80040ea026094f82b20104394f82a2040eab2
:10d0c800022046ea03261f2d56d994f82c3094f8ee
:10d0d8002d502d0445ea036594f82f301d4394f82c
:10d0e8002e3045ea0325227d637d1b0443ea026353
:10d0f800e27d134394f816c094f818e0627e120497
:10d1080042ea0e6294f81be042ea0e0294f81ae032
:10d11800049502900396257f607f000440ea05602d
:10d12800e57f2843a57f40ea052094f8206094f81d
:10d1380021502d0445ea066594f82360354394f898
:10d14800224045ea04240094019042ea0e2243ea70
:10d158000c2348460cf0a2fe2b4b187098b12b4ab2
:10d1680013680133136013e0264a13680133136010
:10d1780023e600200646a6e70025b4e72bf054fb7b
:10d18800214b00221a70224a1368013313600020d1
:10d19800204b1b78002b3ff410ae22f0f9f80190d9
:10d1a800cdf800804b463a461b49002021f0eefba3
:10d1b80003e600222946304629f06af92946304616
:10d1c8001ef02eff154a13680133136032462b46b2
:10d1d80013481449144d002c14bf0c462c460194d6
:10d1e80000901249002021f0d1fb179b0293cdf843
:10d1f8000490159b009312ab0ecb40461cf042f8ee
:10d20800dbe500bf9003012083040120bc0301205b
:10d21800840301202c06012074ec01008c030120fa
:10d2280040eb010060eb01006ceb01007ceb0100be
:020000040000fa
:10d238002de9f04f8fb004460d46cde90245a849c7
:10d24800d1e90001221a65eb0103b2f1004f73f135
:10d25800ff31bcbf4ff000424ff0ff33a1494ff000
:10d26800ff300860a049002008701046b2f1004f56
:10d2780073f10003a8bf6ff0004006469b4b18608f
:10d288009b4b196800292cd19a4b18609a4b18604f
:10d298009a4886eae677a7ebe677d0e90023d4191f
:10d2a80043ebe775c0e900450131914b1960944a99
:10d2b800136801331360934b188827f075fe40b14b
:10d2c8004278dab14768836832468f49d1e900016c
:10d2d800b8478e4bd3e90023134320d10fb0bde8e4
:10d2e800f08f844b1b689842c4bf824b1860824bf6
:10d2f8001b689842bcbf804b1860c9e7824bd3e9d2
:10d308000001834bc3e90001824b1e607d4b1b88e3
:10d318009bb2814a1380814b01221a70d9e77a4b5c
:10d32800d3e900237949d1e9000112eb000a43eb64
:10d33800010b7b4bd3e90023511c009143f10003ff
:10d348000193784b1b781bb92af008ff00287dd081
:10d358002af004ff0790002800f0f880724bd3e908
:10d368000023134332d1714bd3e9002313432dd04b
:10d37800664bd3e900016d4bd3e90067420842eae6
:10d38800c1724b08bb4208bfb2426bd25f4bd3e9b4
:10d3980000236649d1e90001841a089461eb03036c
:10d3a8000993614adde90834c2e9003460490b6831
:10d3b80001330b60d2e90023002a73f1000357db25
:10d3c800594bd3e900235b49c1e90023564bd3e904
:10d3d8000023134300f0b880534bd3e90023002afd
:10d3e80073f100034bdb504bd3e90067474bd3e99c
:10d3f8000001514b1a680023994208bf904245d357
:10d4080028f01cfa33463a46b94208bfb0423cbf3e
:10d4180003460a464449d1e90001012871f1000197
:10d4280037dbbaeb030a6beb020b3f4ed6e9000180
:10d43800b0eb030861eb0209c6e900893a4bd3e96e
:10d448000023134336d0002307937fe03b4a136839
:10d45800013313603a4b01221a7024f09dff29f022
:10d4680067f83be7314bd3e90034cde9083498e756
:10d478002d4bd3e90023524263eb4303a3e72a4b26
:10d48800d3e90067764267eb4707afe70120002141
:10d49800b8e71aeb030a4beb020b234ed6e900015f
:10d4a8001b180a9342eb01030b93dde90a34c6e922
:10d4b8000034c3e71d4b00200021c3e90001134bd2
:10d4c800d3e900235046594628f0b8f9cde90001c0
:10d4d8001c4a1368013313602af0e2ff36e000bfec
:10d4e80078ff002004060120620401208402012044
:10d4f80090020120880201208c02012020ff0020d8
:10d508003c0201201600012080ff002040ff00207f
:10d5180038ff0020a00201201e0001207004012015
:10d5280018ff00206f04012068ff002050ff002032
:10d53800bc02012070ff00200006012040020120eb
:10d548006a040120b8020120002307930caadde930
:10d55800020129f0a9f900285bd0dde90c675f45d5
:10d5680008bf564568d3754b186852465b4600217c
:10d57800dff8e4c10130dde9004500bfdce90089de
:10d5880012eb080243eb0903013445f1000500ebf7
:10d59800010e01319f4208bf9642efd2cde9004506
:10d5a8006648c0f800e0092929d9dff8ece1def87f
:10d5b800000000f0070c6248d0e900894fea4c00ef
:10d5c800054660445f4c04eb0010c0e90089dde9c2
:10d5d8000289c0e90289dff87081d8e90089c0e9c9
:10d5e8000489c0e90667c0e908abac4404eb0c1c2d
:10d5f800ccf82810def800100131cef800105049a0
:10d60800dde90245c1e900454f49c1e90067924695
:10d618009b464e4bd3e900239b4508bf92450ed24b
:10d62800dde9004514f10803049345f1000305936f
:10d63800474edde904891be052465b46dfe7454a71
:10d648001368013313601ef035fd47e6424bd3e9fa
:10d6580000231aeb020a4beb030b013445f10005da
:10d66800364a136801331360a94508bfa0454ad05c
:10d6780032465046594617f021f90028e6d0374b74
:10d68800c3e900abd6e9000118f02afe0028ddd076
:10d6980020462946cde90001314bc3e900010023aa
:10d6a80004f0010252ea03012e492f4808bf01463f
:10d6b8002e4801600799f9b12d490978e1b12d4942
:10d6c8000978c9b12c490978b1b952ea03010cbfec
:10d6d800012018462949d1f89011c1f3802113433c
:10d6e8000cbf204b204b4ff480621a60884203d055
:10d6f800234a136801331360dde900011cf0a4fa22
:10d70800204b01221a701f4b1b781bb91e4a136845
:10d71800013313601d4b1b78002b7ff4dfad1c4bce
:10d7280040225a71144b1b781bb10f4b4ff4806287
:10d738001a60184a136801331360cfe544020120c8
:10d7480000ff0020e8e50020f8fe0020c0050120c9
:10d7580078ff00203802012040ff002080ff0020d1
:10d7680018ff00209881004194810041a8020120ff
:10d778006b04012071040120720401200080004123
:10d788004c02012062040120500201206c04012097
:0cd79800003c004070020120b40201209f
:020000040000fa
:10d7a4002de9f04f8db000f58852d37e177e1432e8
:10d7b4009279013ad21ad2b2ba4280f0748200f558
:10d7c400885b0bf1140bcdf81cb083468fe0ff2e61
:10d7d40042d199f84130ff2b21d0284627f082fc12
:10d7e400002843d041f2cc1301220bf8032000237c
:10d7f40041f2cb120bf8023041f2bc122bf802308a
:10d804000bf58d531a68042158461df0c5f80bf525
:10d814008e532a78c2f3401203f8092f51e099f885
:10d824004230ff2bd9d199f84330ff2bd5d10121b8
:10d8340041f2cc130bf80310002341f2cb120bf886
:10d84400023041f2bc122bf802300bf58d531a68ea
:10d8540058461df0a1f8dae7284627f043fc0028d3
:10d86400c0d1334616f0400f00f0f98041f2cc13da
:10d8740001220bf80320002341f2cb120bf80230f3
:10d8840041f2bc122bf802300bf58d531a680621b5
:10d8940058461df081f8bae741f2cc1301220bf887
:10d8a4000320002341f2cb120bf8023041f2bc12e8
:10d8b4002bf802300bf58d531a68072158461df0da
:10d8c4006bf8002341f2bc122bf8023041f2cc1267
:10d8d4000bf80230079ad3790133dbb2d37117798d
:10d8e4009279013ad21ad2b2ba4280f0dc81013f75
:10d8f4003b40079a126841f27a0101fb03231a465e
:10d90400039341f27803d25a002ae3d0984ba3fb45
:10d9140002139b0903eb0313a2eb83039bb209934a
:10d92400002bd7d10892039b03f63c07b9467ce051
:10d934000bf58d531b68009300231a46194658466d
:10d9440020f088f9bde741f2ca1301220bf8032045
:10d954000bf58d531968584625f0c4fe98e003f082
:10d964000f039f0094f842201346c2f380110691de
:10d97400002900f0088102f03f0303f10108d309f4
:10d9840002934745c0f0038141f2bc133bf80320e6
:10d994001ffa88f54ab941f2b81300212bf8031095
:10d9a4000bf58d530020e3e9020141f2b8113bf875
:10d9b40001302b442bf801300bf58d531b68009379
:10d9c4002b462146584620f034ff41f2bc1a3bf85e
:10d9d4000a102944029b1a1c18bf012289b2584616
:10d9e40023f0acf800232bf80a30c7f1400a1ffae1
:10d9f4008afa41f2cb131bf80330002b00f0d480d9
:10da0400002e40f0da8041f2cc131bf80330002bd7
:10da140000f0948009f14409039ba9eb0303a3f6e6
:10da24003c03089a9342bff455af09f140054c46b4
:10da340099f84060002e7ff4caae99f841303bb9a2
:10da440099f8423023b999f84330002b3ff4efaef4
:10da5400284627f047fb00287ff4c4ae3346c3f3bf
:10da6400401341f2c9120bf80230002b3ff414affb
:10da740094f84230db0904937ff45aaf41f2ca139d
:10da84001bf8033023b994f84030db097ff45baf13
:10da940094f84130c3f30016002e7ff460af13f006
:10daa400200f67d194f8423013f0400f62d141f255
:10dab400cc1300220bf80320ace741f2cc13012273
:10dac4000bf80320002341f2cb120bf8023041f291
:10dad400bc122bf802300bf58d531a6802215846fc
:10dae4001cf05aff96e741f2cc1301220bf80320f5
:10daf400002341f2cb120bf8023041f2bc122bf896
:10db040002300bf58d531a68032158461cf044ff6c
:10db140080e741f2bc133bf80310002241f2cb1022
:10db24000bf800202bf803205144029b9a1a18bfcb
:10db3400012289b2584623f001f86be741f2cb1376
:10db440001220bf8032041f2cc1300220bf803202e
:10db5400e11941f2bc133bf80320002a4cd085e0c4
:10db640002f03f0303f10108d309029337460ee0a4
:10db7400f1f0f0f094f842201346c2f380110691bc
:10db84000029edd10f46db0902934ff04008a8ebc2
:10db9400070a1ffa8afa002e3ff42baf41f2cb1387
:10dba4001bf80330002b88d141f2cc131bf803304f
:10dbb400002b7ff425af002e95d0b84508d841f24c
:10dbc400cc131bf80330002b7ff424af002eb5d008
:10dbd40094f84330db09049341f2cb1301220bf890
:10dbe400032041f2cc1300220bf80320e11941f287
:10dbf400bc133bf8032052b941f2b81300222bf8ae
:10dc040003200bf58d500023e0e90223099a049bbd
:10dc140063b341f2a8100beb000c0b780024cde9a0
:10dc240004344c782304049c43ea0463cc7900252f
:10dc3400cde904458c7843ea0423cd780026cde968
:10dc44000a560c79049e46ea04664c7946ea044670
:10dc54008c7946ea04240a9d2b434bf80040ccf807
:10dc640004300831aaf1080a1ffa8afa41f2b810fe
:10dc74003bf8003053442bf800300bf58d531b68f0
:10dc840000935346584620f0d4fdb84503d9069b6b
:10dc9400002b7ff43eaf41f2bc133bf803108a44df
:0cdca4002bf803a0b6e60db0bde8f08f31
:020000040000fa
:10dcb0002de9f04f89b03e4b1b78dbb2012b49d0e8
:10dcc0003b4b1b78dbb2022b47d03a4b1b68002b37
:10dcd00030d0394b1a6802f007023849c87ac0b20e
:10dce00002eb8204364b03eb84039873887ac0b24c
:10dcf000d873098e89b25980324890f82e10c9b273
:10dd0000197490f82f10c9b25974f02300bf013b69
:10dd1000fcd12b4b9100881803eb8000f024448148
:10dd2000264d2c8ea4b2c480a88b80b20a4403eb8b
:10dd300082031881214bdb7a13f0100f35d10023b9
:10dd40001e490133ca7a12f0100f0bd1b3f5807f50
:10dd5000f7d109e02af026fab7e71b4b4ff48032df
:10dd6000da61b2e7ff2b03d918490a6801320a6069
:10dd70009bb2174a1380114a136913f0400ffbd16d
:10dd80000e4b9c8ba4b24ff6ff739c422ed1002306
:10dd90000a494ff6ff7201339bb28c8ba4b29442b6
:10dda00018d1b3f57a6ff6d115e00023e0e700bf94
:10ddb0007c040120f4020120f802012000a00141ae
:10ddc00074f2002000e0004100800041280301209f
:10ddd0000804012053b17b490a6801320a607a4a7b
:10dde000128892b29a423cbf774a1380774b102236
:10ddf0009a7280225a711a46136913f0100ffbd1e0
:10de0000dff818a2daf804b0704b9d8aadb227f0a3
:10de100029fc06460f46daf80430a3eb0b036c4ae4
:10de2000136012686b4b1b689a4203d2684b1a68e6
:10de3000684b1a60664b1a68674b1b689a4203d995
:10de4000634b1a68644b1a60644b4ff480525a61fa
:10de5000634b1b6833b36348026802f00702624bee
:10de6000910001eb020c4fea8c0c03eb0c0e23f833
:10de70000c40dff858c1bcf830c01ffa8cfcaef87b
:10de800004c0aef80c50dff898c1bcf800c01ffa0f
:10de90008cfcaef812c0036801330360504a13686b
:10dea000013b13602c1ba4b2504b1c80504b1b68d1
:10deb0003bb14f4a1368013b1360b6f5803647f11a
:10dec000ff3724f0fdfe50ea01032dd0430843ea5a
:10ded000c1734a08b6eb030867eb0209454b1b7890
:10dee000002b56d0444bd3e90001444b1b78c3b1ff
:10def000b8eb0003049369eb01030593404bdde9a4
:10df00000401c31806934ff0000341eb030307938a
:10df100047f6fe720023dde906018b4208bf82420c
:10df20003ed2354bc3e90089304b1b889bb241f28e
:10df30007072934276d82d490a8892b20023b01aa3
:10df4000009067eb030301932e4bdde90045c3e925
:10df500000452d4a1368013313600b882b4a128841
:10df60009bb2934203d90b889bb2284a13801f4b64
:10df70001b88274a12889bb2934204d3244b1b88e8
:10df80009bb2002b55d1194b1b889bb2204a1380a2
:10df90004fe0194bc3e90089164b01221a70c3e701
:10dfa0001c4a1368013313601b4bdde90412c3e9fb
:10dfb0000012114bc3e9008916f5803647f10007be
:10dfc000b2e700bfdc0201202600012000a00141d1
:10dfd00008030120080601200c030120002800404e
:10dfe000f4020120f802012074f20020060401204e
:10dff0001003012078040120a0ff00202a06012040
:10e00000ff3f010090ff0020e40201204afc0020b5
:10e010000404012044030120d0ff0020001000e090
:10e02000080401204b4bc3e900674b4a13680133d6
:10e0300013604a4b5a684a4b1b789bb1494b1b688b
:10e04000d31a49490b604949096819b14749096818
:10e05000994201d945490b604549096899423cbf3d
:10e0600043490b603f4b1a603d4b1b78002b49d056
:10e07000404bd3e9000150ea010343d0354bd3e9cb
:10e0800000673d4bd3e90023b51a67eb03064c014b
:10e09000430144ead0621b1a62eb0102940044ea95
:10e0a00093749f0022463b1841eb0202d40044eadd
:10e0b0005374df00eb1b029366eb040303932f4bb7
:10e0c000dde902451c602e4b1b786bbb2d4b1c60a1
:10e0d0002d4b1c602a4b01221a700a22002327f0c4
:10e0e000b1fbdde90234984271eb040206db4042e9
:10e0f00061eb4101834274eb010303da234a1368a5
:10e1000001331360134bd3e900011b4bc3e900013a
:10e110000123134a13701e4a13701e4a13680133f9
:10e12000136009b0bde8f08f174b1a68d317dde90b
:10e130000245a242ab41bcbf134b1c60114b1a6895
:10e14000d317dde90245944275eb0303bcbf0d4bc9
:10e150001c60c2e790ff0020e0020120001000e0f8
:10e160007a0401202c030120e8020120f0020120a2
:10e17000ec020120c8ff0020b0ff002014030120a2
:10e180007d0401201c03012018030120200301202d
:08e190007504012000030120c9
:020000040000fa
:10e198002de9f04f2ded028bd2e9008997b0cde93a
:10e1a8000c138b6808930b690f90d1e900b6149390
:10e1b800cd68002200234046494626f0e5fb40b9d9
:10e1c8001bf0040f32d11bf00803059330d0202335
:10e1d80003e089f0004399462d232b70089b03f137
:10e1e800ff3a012305934c4929f0004300208b4254
:10e1f80008bf80451fd10d9b413b192b059b94bf40
:10e20800464947492b4418462af050f9284629f030
:10e2180013fccdf800b00246089b0f9829461ff062
:10e22800d3f917b0bdec028bbde8f08f2b23d4e7f0
:10e23800ddf820a0d7e7994208bf404509d20d9bd9
:10e24800413b192b059b94bf364937492b44184647
:10e25800dae7002200234046494626f0a5ff9fed55
:10e268002c7b8ded027b48b300240d982af01af818
:10e27800002ec3b20993c0f2d781672b5ad1002e62
:10e2880008bf0126231d02dbb442c0f2c681652700
:10e2980061e09ded067b8ded027b01340022234b6e
:10e2a800dde9020113f03efa42464b46cde906018c
:10e2b80026f04efb0028ecd000271fe00446ede7cf
:10e2c80014f5967f11da87b90022194b4046494662
:10e2d80013f028fa002280468946154bdde9020131
:10e2e80013f020facde902010127dde9020100223d
:10e2f8000e4b0bf0bdfbcde90201013cdde9022329
:10e308004046494626f040fb0028d9d1ade700bf7a
:10e31800000000000000f03f0000f07fe4810300ef
:10e32800e8810300ec810300f08103000000244031
:10e3380000005043099f662f06f101060bd1002cff
:10e3480004da9fedbd7b8ded027b0024099b672bd2
:10e3580018bf361966279ded027bcde906898ded3c
:10e368000a7b00230e93dde90a23dde906010bf0a1
:10e378007ffb41ec100b18f0d3ff51ec100bb0ee03
:10e38800408af0ee608a24f07df9b0ee480af0ee9b
:10e39800680a069b1093079b159083f0004311931e
:10e3a8009ded0a1b9ded102b27f098fd53ec102bcb
:10e3b80083f000430793dde90a01a34b8ded060abc
:10e3c80000220bf055fb0e9b01339e42cde90a015a
:10e3d8000e93c8d100229d4b13f0a4f9cde90a0190
:10e3e80002460b46dde9060126f0cefa002840f089
:10e3f8008180dde90a23dde9060126f0d5fe10b1aa
:10e40800159bda0776d5dde90a23404649460af026
:10e4180058f90022cde906018b4bdde9020113f022
:10e4280081f9dde90623cde90a0125f0b5ff0028c9
:10e4380065d0662f04f1010465d10136a146a9eb28
:10e4480006034ff00008059e1093cdf80880109b36
:10e45800994540f08180029b002b00f0c880a819e4
:10e468000022652f027029d1149b1499013b944214
:10e47800ea54c1f1030ebcbf644201220a21002cf8
:10e4880040f0bc800eeb030cbcf1000f00f3b6802b
:10e49800002a03f1ff3114bf2d222b226a540d9a52
:10e4a800023b413a192a05eb030198bf45279e42d2
:10e4b8000f70aaf1020a01da29f0f8ff0bf0030342
:10e4c800022b7ff4a3aebaf1000f7ff79fae284668
:10e4d80029f0b2fa05eb0a03059a824240f39980c3
:10e4e800059b2b4418465246302129f019fd00237c
:10e4f80008938be69fed527b8ded0a7b83e79dedbc
:10e50800027b8ded0a7b652f14bfa1464ff00009f1
:10e5180095e7029a52b9b9f1000f07da0e992e223f
:10e528006a54012201360af1ff3a029205eb08010a
:10e53800aa193144302001e002f8010b9142fbd1c5
:10e5480008eb06023033aaeb080808f1ff3a561c1c
:10e55800ab544ff0000828e00c9b0e961b69053b56
:10e56800b3427ff678afdde90a23dde906010bf057
:10e578007ffa41ec100b18f0d3fe51ec100bb0ee03
:10e58800408af0ee608a24f07df80bf0100209282a
:10e598000346a8bf09230243bbd1099a672ab8d109
:10e5a800b9f1000fc2da08f10108069b1293079b24
:10e5b800b0ee480af0ee680a83f0004313939ded2d
:10e5c8000a1b9ded122b27f089fc53ec102b83f0ce
:10e5d80000430793dde90a0100221b4b8ded060a73
:10e5e8000bf046fa09f1ff39cde90a012fe71bf0d4
:10e5f800100f1ebf2e23ab55013630e7b4fbf1fcdc
:10e60800013b01fb1c443034ec540af1ff3a6446e8
:10e6180035e72a5c1a5401385ee7002cbff69aae3b
:10e62800662788e606262de6099b672bfad01f4643
:10e63800062680e6aff30080000000000000f03fef
:10e64800000000000000000000002440000014400a
:020000040000fa
:10e658002de9f04f95b0cde912030b68089392edc0
:10e66800007b4b680a938b6809930b690d93cc6800
:10e678000022002351ec170b8ded047b26f084f962
:10e6880040b9089b580734d4089b13f0080732d0c8
:10e69800202306e0dde9042181f00043cde90423cd
:10e6a8002d232370099b01275a1edde90403dff897
:10e6b800f8b223f000414ff0000a594508bf504511
:10e6c8001bd1139b413b192b04eb070094bfb049a6
:10e6d800b04929f0ebfeaf4829f0aef9089b00934a
:10e6e8000246099b129821461ef06eff15b0bde840
:10e6f800f08f2b23d5e7099ad7e7139b8b45a3f116
:10e70800410308bf82450b9309d2192b04eb07007c
:10e7180094bfa149a14929f0c9fea048dce73021ee
:10e72800e1550b997b1c1a2934bf58217821e154f3
:10e73800931e079300220023dde90401023726f027
:10e7480033fd002800f07b819fed8f7b8ded027bf0
:10e7580000250a9bdde90289002bdde904abb8bf7f
:10e7680018230e93002642464b46504659460bf056
:10e778007ff941ec100b18f0d3fd42464b4651eca3
:10e78800100b8ded100b12f0cdff02460b465046d4
:10e7980059462af055f8824b82468b4640464946f0
:10e7a800002212f0bfff731c0c930a9b002b8046bb
:10e7b800894606da002200235046594626f0f4fc22
:10e7c80028b90e9bb34200f3408101330c93002219
:10e7d800744b4046494612f0a5ff804689460246da
:10e7e8000b465046594626f0cff8002840f02f81b6
:10e7f80042464b465046594626f0d6fc30b1dde934
:10e80800100123f03fffc10740f1218142464b46ea
:10e81800dde9040109f055ffcde90401dde9042132
:10e8280021f00043604900208b4208bf82423ff438
:10e8380048af4ff000083e46c246c1460d9b053b17
:10e84800b342b34633d9dde90223dde904010bf015
:10e858000ff941ec100b18f063fd51ec100b8ded26
:10e868000e0b23f00fff002840f0f680b9f1000fdf
:10e8780000f0f28008f10108dde90223dde90e016c
:10e8880012f050ff02460b46dde9040129f0d8ffdb
:10e89800434bcde904010022dde9020112f042fff9
:10e8a8000c9b09f101094b45cde90201c6d1baf12a
:10e8b800000f1ed1b8f1000f00f015810a9b002b44
:10e8c80040f31181089bda0700f10d81a3192e226c
:10e8d8001a7008eb06022244302100bf03f8011f1a
:10e8e8009a42fbd1079b46446fea08084344013625
:10e8f80007930d9b0d990022a019013b95420270c8
:10e90800b8bf6d42e254c1f1020eb8bf01224ff008
:10e918000a08002d40f0d7800eeb030cbcf1010f64
:10e9280000f0d180002a03f1ff3114bf2d222b22e1
:10e9380062540b9a023b1a2a04eb030134bf50229b
:10e9480070229e420a7001da29f0b0fd089b03f09c
:10e958000303022b14d1079ba3f10208b8f1000f9f
:10e968000edd204629f068f804eb0803b84280f26f
:10e97800b68042463021e01929f0d2fa00230993e3
:10e988002046a9e6aff30080000000000000f03f39
:10e99800d4810300d8810300dc810300e0810300f7
:10e9a8000000b03f000020400000f07fcde9028960
:10e9b8000135dde902231046194609f082fe80463a
:10e9c800894602460b46dde9040125f0ddff0028f3
:10e9d800ecd0dff82cb1dff82c914ff0000a4ff0a3
:10e9e8000008dde90223dde9040125f0cdff002858
:10e9f8003ff4afae52465b46dde9020112f092feeb
:10ea08000022002326f0d0fb78b142464b46dde9d0
:10ea1800020112f087fe4246cde902014b46dde9cc
:10ea2800040112f07ffecde90401dde9020152463e
:10ea38005b4612f077fe013dcde90201d1e79fed7b
:10ea48002e7b05468ded027bb3e70c9e8be64ff0df
:10ea580000084ff00009d9e6baf1000f0bd1b9f15f
:10ea6800000f08d02e2304f80b30079b013b01361a
:10ea780007934ff0010a04eb0803a219334430212d
:10ea880002e000bf02f8011b9a42fbd1079b06eb8c
:10ea9800080ba3eb08080b9b0928d4bf303057306c
:10eaa800192b06d840f02003613b192b01d829f017
:10eab80000fc08f1ff330bf1010604f80b00079383
:10eac8004ff00008d8e60799b5fbf8fc013b08fbb6
:10ead8001c5530350139e5540791654619e7225c24
:10eae8001a54013842e7089bdb067ff502af2e2354
:10eaf800a3550136fde600bf000000000000f03f0e
:08eb08000000e03f0000504353
:020000040000fa
:10eb10002de9f04f8fb041f2c613c35c0393002b75
:10eb200040f02e820691834641f2c6130122c25460
:10eb300041f2c713c35c0293002b00f0188241f22c
:10eb4000b013c35c002b40f0108200f58853597e4f
:10eb50001a7e1433db79cb1adbb2934280f00d823c
:10eb6000013a0a4041f21413c35841f27a0101fb01
:10eb70000231089141f278030022ca5241f2c313d4
:10eb8000c35c03eb03139b0040f63c029a4228bf90
:10eb90001a4605920a91002b00f0b0810027aee0e2
:10eba0000a98c4190494013a0a4002ebc2020c927a
:10ebb00041f20c135bf803300d9303eb820a002340
:10ebc000c351c35d63f07f03c355637843f02003f3
:10ebd000637041f2c2121bf80230591c0bf802108c
:10ebe00003f00103c25d42ea8313c35541f2ba1335
:10ebf0003bf803307bb9637843f0100363709af8f5
:10ec000023302bb303f00303e27842ea8313e3706b
:10ec1000029b0b9301e0039b0b9341f2ba133bf869
:10ec20000320baf82030a3eb02091ffa89f9b9f1e1
:10ec3000400f28bf4ff04009c9f1400189b2079148
:10ec40009a4200f0a48000250997ddf8108004e0c6
:10ec5000029b0b93e1e7a94533d90bf58e573a7820
:10ec60000aebc20241f2be163bf806109489641a00
:10ec7000a3b2a9eb0504a4b29c4228bf1c46281de0
:10ec8000936822461944404428f0b0fb2544adb2b5
:10ec90003bf806301c44a4b22bf806403b780aeb44
:10eca000c3029289a242d6d100212bf8061001336b
:10ecb000dbb23b709af822209a4204bf3b4619709f
:10ecc000c9e7099f079b002b61d141f2ba123bf8bb
:10ecd00002304b449bb22bf80230baf820209a4203
:10ece0005ed0049c204626f0fff900f00100e37896
:10ecf0000343e3704437bfb2059b9f420bd20bf531
:10ed00008853997c1a7c0c335b79013b5b1adbb22c
:10ed10009342fff445af41f27803089ad752002f8f
:10ed200000f0ec8041f2c4131bf803502db3ad0189
:10ed300040f63b039f4220d800244026ddf8208087
:10ed400008eb0700802308f807300021417081702c
:10ed5000c1703246043029f0e7f841f2780338f800
:10ed600003704437bfb228f803704034a4b2a54200
:10ed700003d940f63b039f42e2d941f27803089a57
:10ed8000d35a002b40f0c180039b0293efe009f1be
:10ed90000400079a0021049b184429f0c5f894e761
:10eda00009f1ff3303f03f0304998a78134343f0da
:10edb00040038b7041f2ba1300222bf80320daf8db
:10edc00004406cb10d9b0c9a53f82230baf8202005
:10edd000daf808100bf58d50006800905846a047ef
:10ede0000bf58852937c0133dbb293740b9a002aa3
:10edf0007ff477af0bf58852117c0c325279013acf
:10ee0000d21ad2b28a42bff46caf01390b4003eb85
:10ee1000c30341f20c125bf8022002eb830abaf83a
:10ee20002020b2f5806f3ff65caf09f103039bb27f
:10ee300023f0030189b20791c1f140091ffa89f952
:10ee4000b9f1000f3ff44daf4a457ff64aafc3f327
:10ee5000830304994a78134343f010034b709af8e4
:10ee600023302bb103f00303ca7842ea8313cb703b
:10ee70004ff000080997049f01e0c1453cd90bf50c
:10ee80008e5632780aebc20241f2be153bf80510ed
:10ee900093895b1a9bb2a9eb0804a4b29c4228bfd9
:10eea0001c46079b181d4044936822461944384469
:10eeb00028f09cfa41f2ba123bf8023023442bf8b6
:10eec0000230a0441ffa88f83bf8053023449bb277
:10eed0002bf8053032780aebc20189899942ccd1ee
:10eee00000212bf80510531cdbb233709af8222056
:10eef0009a42c2d13170c0e7099ff2e6069b002b0f
:10ef000044d100270ee7002711e70bf588535a7efe
:10ef100001325a7641f2b0131bf803303bb10bf5c6
:10ef200088535a7e013a5a76039b02931fe041f2be
:10ef300078030898c35a41f2b01201210bf802106d
:10ef40000bf58d5212680092014600f63c0241f228
:10ef5000c1101bf8000021f041fb029038b941f2ca
:10ef6000b01300220bf80320d9e7039b029341f270
:10ef7000c61300220bf8032004e0039b0293f6e77c
:10ef80000023029302980fb0bde8f08f41f2c41342
:10ef90001bf80350002db6d141f2c3131bf8033008
:0cefa000002b0cbf402580250027c5e693
:020000040000fa
:10efac002de9f041a2b0c74bb3f90030b3f1ff3fec
:10efbc000ed0c54b1b787bbbc24bb3f9000027f0be
:10efcc004df90246002840f0fd8022b0bde8f081ea
:10efdc00002027f097fd0028f7d028f06bf80028c8
:10efec00f3d0002241f69021012029f07efbb54b95
:10effc001880b0f1ff3fe8d00022114602f096fadb
:10f00c00b24b01221a7041f690234ff61072b049a0
:10f01c0000201ff0b9fcd8e726f01efb04460d4675
:10f02c00ac4bd3e90023994208bf9042c4d30020d3
:10f03c0027f068fd002800f0938027f0effe060e05
:10f04c0046ea0066c0f3072346ea0346c0f30740ce
:10f05c0056ea002600f08480362200210deb0200d7
:10f06c0028f05cffff238df834308df83530812388
:10f07c008df8363030238df83b3097490a88531c75
:10f08c009bb20b80110a8df83e108df83f2013b9fe
:10f09c00914b01221a8001238df840308df84130bc
:10f0ac0002228df8422010228df84b208df84c3026
:10f0bc008df84f20ff218df850108df851208df8d0
:10f0cc0053308df854308df857108df85b300c237d
:10f0dc008df85f3009238df8613004238df8623090
:10f0ec00330e8df8643026fa02f38df86530330a4e
:10f0fc008df866308df8676011238df869301a230e
:10f10c008df86a3090238df86b30744bb3f9003066
:10f11c00b3f1ff3f0bd0714bb3f9000022f058f95b
:10f12c0037283cd86e4a13680133136018e0e0238b
:10f13c008df8243000238df825308df826300120f1
:10f14c008df8270009aa47f21a7129f0d3fa634bfc
:10f15c001880b0f1ff3fded1614a136801331360b0
:10f16c005c4e604b1868014600274301c20e1b1a07
:10f17c0062eb0702900040ea93704fea830c024660
:10f18c001ceb010347eb0202d10041ea5371d8009a
:10f19c000a46031945eb0202336072600ce7382211
:10f1ac000da94e4bb3f9000023f0d6f93828b9d18c
:10f1bc004a4bb3f9000009f061f94b4a136801336b
:10f1cc001360cde7b0f5007f28bf4ff400723d4cc3
:10f1dc0092b24649b4f9000016f082fd05460023b0
:10f1ec0005930693079308930da9b4f9000015f045
:10f1fc00c9fd20b1169b0593bdf8788001e041f65e
:10f20c009028304bb3f9000027f00afc0f2d04d8de
:10f21c002e4a936801339360d7e60023adf8123081
:10f22c002a4a536801335360304c2378667846ea97
:10f23c000326adf82460a378e77847ea0327adf8f6
:10f24c002670201d28f0acfc0b90227a637a43eade
:10f25c000223adf82830a37a94f80bc04cea032ca7
:10f26c00adf82ac0237b8df8303094f80de08df882
:10f27c0031e0a17b8df83210e27b8df8332007282a
:10f28c003ad9a0f10802103daa4235d84ff61072b7
:10f29c00964205d1bdf8304040f20112944230d074
:10f2ac000a498a6801328a60114a1278002a3ff4ae
:10f2bc008caecdf800e032460e4900201ff064fb06
:10f2cc0083e600bf1c06012029060120c4fa002099
:10f2dc00549a0200b8fe0020180601201a060120dc
:10f2ec00240201202c02012028020120e8e1002048
:10f2fc0061040120889a0200434a936801339360a9
:10f30c0063e601294fd8a0f1080399b23e4b1f8444
:10f31c00a3f822c041f202039f4249d100243b4b87
:10f32c003b4a1a603b4b03ebc4030df112020092f3
:10f33c005d684ff4f873384a3848a8470546324b95
:10f34c0083f82400364b1b78bbb1bdf82620bdf8e2
:10f35c002a3000284ad02d490f682e4901ebc401f0
:10f36c008e7830493048002e08bf01460291019733
:10f37c0000952e4900201ff007fb264b03ebc4041d
:10f38c00a378002b34d19df83230012b30d0cdf83e
:10f39c00048005ab0093bdf812301f4a294609a81a
:10f3ac0017f0f0fe11e6184a9368013393600ce6ef
:10f3bc000124184a32f83430bb42b0d00134222c2c
:10f3cc00f8d1114b9a6901329a61032283f82420f7
:10f3dc00134b1b788bb9cdf8048005ab009300233d
:10f3ec001a46032109a817f0cdfeeee5104fb4e73d
:10f3fc00054a536901335361e7e53a460d4900204c
:10f40c001ff0c2fae7e700bfc4fa0020f0050120a4
:10f41c00ac5e03007c350200f8e30020f8e100202c
:10f42c0061040120449a0200509a0200b49a02002e
:08f43c00409a0200d49a02007c
:020000040000fa
:10f44400b64b1b7803b970472de9f04f8db026f009
:10f4540007f904460d46b24a136801331360b14bf1
:10f464001b78abb1b04bd3e9002352ea03010fd0b0
:10f47400ae49d1e90001014304bfac49c1e90045eb
:10f48400ab49d1e900018d4208bf844280f08480f9
:10f49400a54b196858684b1840eb00025b1840eb09
:10f4a40002024fea021c4cea137c4fea031ebeeb35
:10f4b40001036ceb00024feac20c4cea537c4feaa6
:10f4c400c30ebeeb01066ceb0007fb0043ea567368
:10f4d400f20016461f46974a13685268e31a0293cd
:10f4e40065eb02030393dde902239f4208bf9642c2
:10f4f40080f0e980894b1b78032b09d0874b0322ca
:10f504001a708d4a1368013313608c4bc3e90045ac
:10f514008b4b1b78002b40f037818a4b1b78012bd7
:10f5240000f05081022b00f08581032b00f08f81c5
:10f53400854a13685268e31a049365eb0203059342
:10f54400794b18685e687101430141ead0621b1a65
:10f5540062eb0602910041ea93719f000a463b1850
:10f5640046eb0202110141ea13711801b0eb030ae0
:10f5740061eb020b4fea4b1343eada634fea4a1298
:10f5840092469b46dde904239b4508bf9245c0f0a3
:10f5940068810db0bde8f08fdff894c16b49d1f8f4
:10f5a40000e0aefb02890efb039918eb040045eb67
:10f5b4000901ccf80000ccf80410654909680991e8
:10f5c40001ebc1094fea8909624901eb090857496e
:10f5d40008684968201a65eb010126f031f95d4994
:10f5e40041f809005c4b1b68c8f80430564b1b6893
:10f5f400c8f80830594b1b68c8f80c30584b1b68c6
:10f60400c8f81030574b1b68c8f81830564b1b68a5
:10f61400c8f81c30414b1b7888f8203025f05efc7c
:10f6240088f821000023c8f81430504b1a68002ac7
:10f6340036d04f4b1b68a3eb020e0ef00f034d495f
:10f6440001ebc301d1e90089012a3ad903f1010c84
:10f6540002eb030e40464946cde90a450cf00f0380
:10f66400444a02ebc303d3e90023424573eb090484
:10f67400bcbf90469946904271eb0304bcbf104650
:10f6840019460cf1010cf445e8d1dde90a45099b62
:10f6940003ebc3022f4b03eb8203a0eb080058617a
:10f6a4002b4a13680133dbb21360334b1b68ff2b07
:10f6b40002d80133304a1360304a136801331360af
:10f6c400e6e64046e3e7154b1b78032b7ff420afb7
:10f6d4001a4a13685268e31a069365eb0203079308
:10f6e400274a13685168dde906679b1947eb010156
:10f6f40013605160234bd3e90023bb4208bfb242dd
:10f704003cbf204bc3e90067184b1b68012b8cbf1f
:10f7140002220122014b1a70fae600bf5c040120a8
:10f724000c02012028060120a0fe0020b0fe0020cb
:10f73400a8fe002028fe0020ec01012018fe002075
:10f74400270601205e040120f0fd0020ec050120c5
:10f7540010020120e45e002090fe0020f8fd00204d
:10f7640030fe0020dc010120e40101201c02012004
:10f7740020020120b8f40020140201201802012004
:10f7840020fe002010fe002021f04ef940f6b83291
:10f7940000238b4208bf82421dd23c4b1b78002bb6
:10f7a4007ff4bbae3a4b1b68002b3ff4b6ae374b2d
:10f7b40001221a700023374a1370374a1360374bfb
:10f7c400c3e900450020364b187040f6b83235497d
:10f7d4001ff0def8ace62d4b1b78002b3ff49daefa
:10f7e4002e4bd3e90023ab4208bfa24203d2a01a96
:10f7f40065eb030101e0002001462b4bd3e9002314
:10f8040026f01ef8294b18600023204a1370214a61
:10f8140001211170204a1360254b1b7853b9254be5
:10f82400197841f288334cf25032012918bf13463b
:10f83400214a136000201a4b1870082300931e4bb2
:10f844001b681a4a12681d491ff0a2f870e60020ce
:10f85400134b18700823184a126819491ff098f8b6
:10f8640066e6204629461ef07dfeeff3108372b64d
:10f87400144ac2e90045144ac2e9000183f310881e
:10f88400124a13680133136083e600bf5d0401204c
:10f89400fc0101205f0401200802012098fe0020e1
:10f8a4005e04012038e20100a0fe002004020120d1
:10f8b400600401205b040120e8050120bce2010092
:10f8c40068e30100f0fd0020f8fd0020e4010120c0
:020000040000fa
:10f8d4004c414e3836357820646961676e6f7374b5
:10f8e40069637320636f6d6d616e64733a0a0d0012
:10f8f40020206c616e5f7265616420203c616464e9
:10f90400723e202020202020202020202020202d76
:10f91400205265616420204c414e3836355820729f
:10f92400656769737465722028686578206164640a
:10f9340072657373290a0d0020206c616e5f777203
:10f94400697465203c616464723e203c76616c7528
:10f95400653e20202020202d205772697465204c9c
:10f96400414e383635582072656769737465722064
:10f974002868657820616464722c20686578207634
:10f98400616c7565290a0d0020206c616e5f726dd3
:10f9940077203c616464723e203c6d61736b3e2051
:10f9a4003c76616c3e20202d20526561642d6d6f84
:10f9b400646966792d7772697465202b2076657287
:10f9c4006966793a206e65773d286f6c64267e6d92
:10f9d40061736b297c76616c0a0d000020207465cc
:10f9e40073746d6f6465205b302e2e345d205b7301
:10f9f40065636f6e64735d202020202d204945458a
:10fa0400452054582074657374206d6f64652c20f0
:10fa140076657269666965642062792072656164dd
:10fa24006261636b20286e6f20617267203d2073d2
:10fa3400686f77290a0d00002020706c63615f6e87
:10fa44006f6465205b69645d2020202020202020d5
:10fa5400202020202020202d204765742f736574da
:10fa640020504c4341206e6f646520494420286e29
:10fa74006f20617267203d2073686f772063757211
:10fa840072656e74290a0d002020706c63615f73c7
:10fa94007461742020202020202020202020202079
:10faa400202020202020202d20504c43412062750e
:10fab40073206865616c74682062656c6f77204997
:10fac400502d6672616d65206c6576656c20286cbe
:10fad400696e6b2f6e6f6465732f544f2b424541d3
:10fae400434f4e20636f756e74732f6576656e7425
:10faf40073290a0d000000002020737169205b6ed9
:10fb04006f64657c616c6c7c6f66665d2020202070
:10fb1400202020202020202d205369676e616c2036
:10fb24005175616c69747920496e64696361746f9d
:10fb3400722c20636f6e74696e756f757320286ef6
:10fb44006f20617267203d2073686f772072657043
:10fb54006f7274290a0d0000202073716920726588
:10fb6400706f7274203c7365633e7c6f6666202000
:10fb7400202020202020202d206175746f2d70728c
:10fb8400696e742074686520737169207265706f82
:10fb94007274206576657279203c7365633e2073c8
:10fba4002c206f722073746f7020646f696e6720ed
:10fbb400736f0a0d000000000a0d416464726573de
:10fbc40073203d20284d4d53203c3c2031362920c4
:10fbd4007c206f66667365742e204d4d5320332050
:10fbe4003d2050485920504d412f504d442c204d1c
:10fbf4004d532034203d2076656e646f72207370ff
:10fc04006563696669632e0a0d0000004578616dbd
:10fc1400706c653a206c616e5f7265616420307847
:10fc2400303030344341303220202028504c43417e
:10fc34005f4354524c313a204e4f44455f434e5437
:10fc44003c3c38207c204e4f44455f4944290a0df2
:10fc5400000000004578616d706c653a207465732e
:10fc6400746d6f64652031203330202020202020e3
:10fc74002020202874657374206d6f646520312cf6
:10fc8400206175746f2d7265766572742061667477
:10fc940065722033302073290a0d00004578616da8
:10fca400706c653a2073716920616c6c202020208f
:10fcb4002020202020202020202020286d6f6e6905
:10fcc400746f7220616c6c20504c4341206e6f64e1
:10fcd40065732c207765696768746564206176654f
:10fce40072616765290a0d004578616d706c653a2b
:10fcf40020737169207265706f7274203520202022
:10fd040020202020202020287072696e74207468be
:10fd140065207265706f727420657665727920351e
:10fd240020732c20737461727473206d6f6e697408
:10fd34006f72696e67206966206e65656465642903
:04fd44000a0d0000a4
:020000040000fa
:10fd4800ac4b1b68002b40f021822de9f04fbbb073
:10fd5800a94b1c6814b1dff8dcb2a2e0a74911f87e
:10fd6800012fa7481df08cf838b1a34b1c68002c54
:10fd7800f1d101203bb0bde8f08fa24b1b78002bde
:10fd8800f3d128f015fb012803d89e4b01221a70e5
:10fd9800ebe728f007fb9c491ef0f8fdf5e7002388
:10fda80063759a4e04f1120803273a4631684046b3
:10fdb80026f0d2fb002800f0e7810c365e45f4d12e
:10fdc8000023238269e00d283ad00a2838d0082871
:10fdd80000f070817f2800f0a0811b2800f0bd8111
:10fde800e26904f12008a2eb08034f2b00f3bf815e
:10fdf800a369d31a00f0b781d01a00bf12f8011c0a
:10fe080002f801198242f9d1e269511ce16100212d
:10fe18005170a26901327e4904f1720027f006fc94
:10fe2800214601f8717f336828469847a3691f70f7
:10fe3800a3690133a361e26993422ed9e3612ce0ff
:10fe480004f1200ae369534555d0336871492846bf
:10fe58009847e36900211970c4f818a0c4f81ca0d9
:10fe680020220deb020028f05bf867680497512206
:10fe7800514610a828f020fb082208a910a81df058
:10fe880027fd039000283bd123681b686249384648
:10fe980098473368614928469847a468002c3ff47e
:10fea80068af26686568f368284698470028f4d044
:10feb8003369284698470746b4f91030002b82d09a
:10fec800e218907401331db22582032d3ff467af09
:10fed800022de2dde668b3689d42ded1316804f1a7
:10fee800120027f06afe18b9736831462046984711
:10fef80000232382d1e73368494928469847cce74d
:10ff0800039b002b05dc23681b6846490498984727
:10ff1800bfe7d4f8cc30d4f8d070bb4239d07a6877
:10ff2800c4f8d0201360d4f8cc30d4f8d0205a606c
:10ff38005122514607f1080028f0befad4f8cc3017
:10ff480073b33b60d4f8d0307b601f60d4f8cc30fa
:10ff58005f60c4f8cc700023c4f8d430504622f057
:10ff680083f9ddf82090304f07f1240839684846b6
:10ff780027f023fed8b10c374745f7d12b4b03f1b7
:10ff88001802d83305930696cdf81ca0a2469146d0
:10ff980057e00022c4f8cc20c4f8d0201f46c7e799
:10ffa800c4f8cc70c4f8d0703f607f60d3e7039b7f
:10ffb800082b06dd23685b6808221d4904989847ca
:10ffc80067e77b6808aa03992046984761e7544683
:10ffd800069edaf800305b680822154904989847ad
:10ffe80057e75446069e7b6808aa039950469847e7
:10fff8004fe700bf180101203cfd0020100101203f
:020000040001f9
:10000800607e030033040120641f0200a829030056
:100018004c2002008cc40200881f02002820020025
:10002800a8830300f81f02002068030070f0002076
:10003800c01f0200f029030009f11809059b4b4570
:1000480032d04c4659f8146c002ef5d059f8087c7b
:100058009fb15122079925a828f02efa59f8043c97
:100068000093512325aa51463046b847f8b90822cb
:1000780008a925a81df02cfc0390039b082ba6dcdf
:1000880054f8147c54f8184c002cd5d0ddf8208096
:1000980000263968404627f090fd0028a1d0013697
:1000a8000c37a642f5d1c7e75446069e2be75446bf
:1000b800069eeee6a16904f1200399427ff6edaeb3
:1000c800e36999421ed24a1e5b1a06d0581e0144a3
:1000d800507802f8010b8a42fad1a269013aa2616a
:1000e800e269511ee161002102f8011c04f1710767
:1000f800a2692749384627f099fa336839462846cd
:100108009847cae63368234928469847a369013bbc
:10011800a361e369013be361bfe6e369a269934236
:100128007ff6bbae511c5b1a05d0d018517802f887
:10013800011b9042fad1e269511ee161002102f8e7
:10014800011c04f17107a2691349384627f06efab9
:1001580033683946284698479fe64ff01b03a37437
:100168000123238299e6002384f8723058e6336825
:100178000a4928469847c4f81880c4f81c80336890
:1001880007492846984788e6e660a3e601207047b5
:100198002c200200382002004020020054200200d7
:0401a8002820020009
:020000040000fa
:020000040001f9
:1001ac002de9f04f8db08468002c00f0c4814568b7
:1001bc00002d00f0c681ab6a002b00f0c581c6682b
:1001cc00002e00f0c481d0f810b0bbf1000f00f08d
:1001dc00c181dff84cc307460fcface80f0097e89e
:1001ec0003008ce803003388012b00f0ca81abf1cb
:1001fc00020233460833b2f1ff3f2ed0013a198880
:10020c000129f7d15b6804930021049827f082fd43
:10021c000746b34b986018b3049b1a78b04b1a730b
:10022c008368742221469847ae4b186048b3224627
:10023c002946384625f078f80390002838d128f064
:10024c00b5f868bb032428f0b1f8002840f06c81a5
:10025c001af0aaf8002303936fe100230493d3e769
:10026c0028f0a4f808b90124ede728f099f8049bcc
:10027c002bb11a789c491ef087fb0124e3e700227e
:10028c00f8e728f093f808b90224dce728f088f89e
:10029c00742202fb04f295491ef076fb0224d2e78d
:1002ac0028f07ef83a4692491ef06efb0324cae70a
:1002bc008b4b1c80c3f804b08a4bd3f80080002c05
:1002cc0040f36181a9464ff0000a0022414648469e
:1002dc0011f018fd034690b10af1010a08f17408f7
:1002ec0009f138095445f0d17e4ad2f800907c4a85
:1002fc005088c84600218e469a468c4622e028f04b
:10030c0055f820b928f052f840b904249be728f09e
:10031c0047f8524677491ef037fbf3e728f040f8d0
:10032c00224675491ef030fb04248ce7013080b264
:10033c00d446013374329c4203d0556c8d42f8d1b3
:10034c00f4e7059dd8f844100ef1010e08f174087d
:10035c00744503d0424673460595eee7614609b1f4
:10036c005f4b58805e4b5b88002b40f0148109f189
:10037c0074004ff0010c864610e028f011f8584b31
:10038c005a885e491ef000fb05245ce7884619e09c
:10039c00644524dd0cf1010c0ef1740e73465ef80d
:1003ac005c0c0028f4d06246644518dddef81810a9
:1003bc008842ebd0013274339442ebd09969884275
:1003cc00f8d1884627f0f2ff08b906243be727f05e
:1003dc00e7ff42464a491ef0d7fa062433e70023ca
:1003ec00484a13600793089309930a930b933c4b69
:1003fc001b8833b309f16c084ff0000a059400bf59
:10040c0028f80cac18f8013c0caa02eb830959f83b
:10041c00144c00943c4a52f823303c4a0721404685
:10042c0027f0f5f8002388f80630013449f8144c0d
:10043c000af1010a08f17408294b1b889a45dfdb85
:10044c00059c4ff420720021314827f067fd314b99
:10045c0000221a60304b049a07ca83e80700dff8c1
:10046c00c48008f19009404628f03af908f10c08cc
:10047c00c845f8d11a4b00221a761a4bd3f800a0b3
:10048c0094426add5346a2461446b0461e4618e016
:10049c0027f086ff4a4621491ef076fa0724d2e659
:1004ac000f4880f81990066144615b464246294624
:1004bc0008f024fa002862d0013474363835a2458d
:1004cc004bd0286a24f000ff814600f0fd03012b7d
:1004dc00e6d027f06bff0028dad10724b3e600bf83
:1004ec00d4fb00203c0001206474010094740100d2
:1004fc00d4740100087501004c7501008c75010065
:10050c00d0750100380001205c7d030014760100d9
:10051c001cd900202c000120e0fc00201c760100de
:10052c00f0fb002014f3002027f03aff22461d496f
:10053c001ef02afa8ce60023039303980db0bde855
:10054c00f08f00230393f8e700230393f5e70023d0
:10055c000393f2e700230393efe7bb693846984710
:10056c000446b0f5006fe8d227f020ff0128e4d94b
:10057c0027f016ff22460c491ef006fadde7082488
:10058c0061e633463ee6094bd3f80090084b5b8896
:10059c00002b3ff424af27f009ff00287ff4edaec9
:1005ac00052450e67c760100507601003c000120c9
:0405bc00d4fb00204c
:020000040000fa
:020000040001f9
:1005c0002de9f04fedb00023054616460391049344
:1005d0009946039b1b78002b62d00023cde905339d
:1005e00007930aab089303a980232846099325f0b3
:1005f000faf90446039b1a780ab1252a40d10498d7
:10060000204404901a78252a31d15a1c00240392e0
:1006100007945a782a2a04bf02330393039808bf29
:10062000012422f0d4fc01460790284627f038fa2e
:10063000039b1a78303a092a48d903a823f074fe9c
:10064000039b8046187827f031fe672861dc652817
:1006500080f2c680612800f0c3803adc252800f0d3
:10066000ef805b2800f00c81039b013303937b1c1c
:1006700040f0f980b9f1000f08bf4ff0ff390fe0eb
:10068000eb6bea6c93420fd25a1cea631f78039b10
:100690001b78bb420ed0eb6c13b1eb6b013beb63f1
:1006a00048466db0bde8f08f284620f03ffe074673
:1006b0000130ecd1049b01330493039b03a9013364
:1006c0002846039325f08ff9044493e701330393fd
:1006d000aee7632800f098806428c5d104ab05aa72
:1006e0002aa9284628f0faf80028c0f26a81039b5c
:1006f00001330393002c40f0b6803346012241467b
:100700002aa81df01ffc0028044667da0134b1d086
:10071000c6e7702841d00bdc6e2850d02fdc69284a
:10072000a2d104ab05aa2aa9284628f0d7f8dbe70e
:10073000752813d0782829d0732895d1b8f1800f67
:1007400092d1039b01330393002c77d133681a1d98
:1007500032601b680093012204ab68e004ab05aa79
:100760002aa9284628f0baf80028c0f22a81039b5b
:1007700001330393002c76d133462246bfe704ab06
:1007800005aa2aa9284628f0a9f8ede704ab05aa8e
:100790002aa9284615f08afbe6e704ab05aa2aa990
:1007a000284615f083fb0028c0f20b81039b013320
:1007b0000393002c57d133462246f021a0e7039b38
:1007c000049a01330393d317cde92a23002c4ad18d
:1007d0003346224641462aa81df0b4fba144f8e660
:1007e00004ab05aa2aa9284628f078f80028c0f208
:1007f000e880039b01330393002c34d132464146f9
:100800002aa822f011fb7ee7b8f1800f7ff42caf0d
:10081000079b0bb901230793039b013303935cb937
:1008200033681a1d32601b680093002204ab05a9cf
:10083000284628f055f866e70023f5e7002389e706
:10084000b8f1800f7ff410af039bea6c0133039380
:10085000eb6b934209d25a1cea631878252808d119
:10086000049b013304930024b8e7284620f05efd82
:10087000f4e7eb6c002bf6d0eb6b013beb63f2e79c
:10088000b8f1800f7ff4f0ae002c39d133681a1d17
:100890003260d3f80080039b5a1c03925a785e2a78
:1008a0000cbf012700272aac08bf023340f2011217
:1008b0003946204608bf039327f036fb00232370f8
:1008c000039b1a782d2a1ed101330393c7f101032c
:1008d00084f82e30c7f10107039a13785d2b1bd1e2
:1008e000b8f1000f5cd1eb6bea6c934264d25a1cf6
:1008f000ea631f78e3195b78002b59d19a463ae0f6
:100900004ff00008c7e75d2ae4d101330393c7f134
:10091000010384f85e30dde7002be1d02d2b06d0fb
:10092000039b13f8012b039322445770d4e7049bd5
:100930001b78002bf4d05d2bf2d0531c0393029b49
:100940001b7851788b42ebda0133e754f9e700bfab
:1009500008f80b70049b013304930bf1010bea6b55
:10096000eb6c9a42da461ed2531ceb631778e319fc
:100970005b78002becd1eb6c13b1eb6b013beb63c1
:10098000039b01330393baf1000f3ff46daeb8f14e
:10099000000f3ff469ae002308f80a3001241de778
:1009a0004ff0000bdbe7284620f0c0fc0746dee7ef
:1009b000049b0133049396e7284620f0b7fc0746d2
:0809c00098e70446a2e600bf1f
:020000040000fa
:020000040001f9
:1009c8002de9f04f242985b006460f46144601d874
:1009d800012903d1b64b16221a6050e0f36bf26c72
:1009e800934220d25a1cf26318782028f6d0a0f13e
:1009f8000903042bf2d92b2801d02d281bd1f36b26
:100a0800f26c2d284ff0ff3a18bf4ff0000a9342be
:100a18000dd25a1cf2631878f26c7fb1102f4ed1a8
:100a280030280dd04be0304620f07cfcdde7304626
:100a380020f078fcf0e74ff0000aede730283dd1d0
:100a4800f36b934222d25a1cf263187840f02003c9
:100a5800782b2ad1f36bf26c93421bd25a1cf263a7
:100a68001878944b03445b780f2b40f2c180f36ce9
:100a7800002b00f09581f36b84b1023bf3630024f3
:100a880000252046294605b0bde8f08f304620f005
:100a980049fcdbe7304620f045fce2e7013bf36325
:100aa8000021304626f0f8ffe9e7002f00f0eb8040
:100ab8000a2f40f09e8000247f4d1ae00a277d4bc4
:100ac80003445b78bb42f3d312b1f36b013bf3638e
:100ad8000021304626f0e0ff7ce70a2303fb0404ec
:100ae800f26bf36c9a42a4f130046bd2531cf3639b
:100af8001078a0f13003092b01d8ac42edd90025bc
:100b0800a0f1300109293dd86c4b4ff09932ab4226
:100b180008bfa24217d34fea850ca3001b194cea61
:100b2800947245eb020213eb03086fea010300938a
:100b38004ff0ff33019342eb0209dde900234b45f7
:100b480008bf424542d25b4b184498464278ba42a5
:100b580018d2f36bf26c934280f00a815a1cf2634c
:100b6800187840444378bb42f3d3514b0e99222264
:100b78001a60dde90e45002301f00102134318bf96
:100b88004ff0000af36c13b1f36b013bf363dde93b
:100b98000e239d4208bf9442c0f0fa800e990023ac
:100ba80001f00102134340f0e780baf1000f40f072
:100bb800e3803f4b22221a600f9b11f1ff3443f16f
:100bc800ff355ee7304620f0adfb92e718eb0104f5
:100bd8004ff0000349eb0305f26bf36c9a4203d222
:100be800531cf36310788be7304620f09bfb87e7b4
:100bf80010277c1e3c402f4d40f0b48017237b43c8
:100c0800c3f342132b4493f801b12b185b789f422e
:100c180002d9b4f1006f38d34ff0ff33cbf1200184
:100c2800abf1200223fa0bf803fa01f148ea0108b4
:100c380023fa02f2002548ea020823fa0bf91d4bb1
:100c4800034459788f427ff67eafa94508bfa04577
:100c5800fff479afabf1200004fa00f005fa0bf2cb
:100c6800cbf12003024324fa03f342ea0305f26bb3
:100c7800f36c04fa0bf09a4241ea000414d2531cb4
:100c8800f3631078dbe70827b3e704fa0bf41c4397
:100c9800f26bf36c9a4203d2531cf3631078b4e7f7
:100ca800304620f03ffbb0e7304620f03bfbc6e77c
:100cb800f8030120a438020098999919999999196b
:100cc80004fb0734f26bf36c9a4247d2531cf3636c
:100cd80010782b185b789f4202d9334a9442efd997
:100ce8000025324b034459788f427ff62caf4ff0e2
:100cf80000084ff0000965b1a4fb07234ff0000c72
:100d08001a466346e5fb07231bb14ff001084ff075
:100d1800000958ea09037ff416af5ffa81f86fea11
:100d2800080102914ff0ff310391dde902bca7fbf6
:100d3800042307fb05339c4508bf93454ff0000982
:100d4800fff401af12eb080443eb0905f26bf36cf7
:100d58009a4209d2531cf3631078c2e7304620f058
:100d6800e1fab6e70024b4e7304620f0dbfab8e74a
:100d7800304620f0d7faf4e6dde90e23ab4208bf8f
:100d8800a24205d20a4b22221a60dde90e4578e616
:100d9800baf1ff3f7ff475ae644265eb450570e636
:100da800002c7ff46cae7be6c6711c07a4380200e9
:040db800f80301201b
:020000040000fa
:020000040001f9
:100dbc002de9f0410446d0f8c4305f6825f0eefa16
:100dcc00d4f89030834200f2c081054694f8cf608d
:100ddc008eb9a36823b1d4f88820134483420ad374
:100dec00606858b126f018fb02460b46d4e908019e
:100dfc0023f0acfd10b1012384f8d030a36a73b991
:100e0c00c4f88850c4f8a850c4f89c30d4f8942086
:100e1c00c4f89820226bc4f8a02084f8cc30d4f805
:100e2c0084301d44c4f89050237c012b2ad0022b13
:100e3c0040f0b980b4f93a0027f0d9f8e0b9b4f928
:100e4c003a0025f0ddf848b1d4f8c4301b681b68b3
:100e5c00c24938469847012384f8cf30b4f93a0098
:100e6c0026f0aefbb4f8d2308342c0f09c80002e4a
:100e7c0040f09980354669e1b4f93a0025f0f1fb70
:100e8c00002563e1b4f93c0025f0e8f938b9b44b1e
:100e9c001868002849dd0023b2499c4627e0b4f9c4
:100eac003c0025f0bdfd002550e10d7d202d02d02c
:100ebc0015f0ef0f16d191f8d4509db1013281f895
:100ecc00d520002542e10d7d102d0bd191f8d45089
:100edc0045b1013281f8d520002537e1032a08bf3e
:100eec0081f8d5c00133dbb2d83183421dda8c4294
:100efc00f8d091f8d520022af0d8257d082dd4d031
:100f0c00202de0d0002de9d191f814e0bef1200f96
:100f1c0002d0bef1100fe5d191f8d4e0bef1000f74
:100f2c00e0d0013281f8d52010e1a189b4f93c0060
:100f3c0027f030fce36898422dd294f8d43001337a
:100f4c0084f8d430d4f8b43043b125f027fad4f86f
:100f5c00b430c31a002b14da0025f7e025f01efa82
:100f6c00054625f02ffa642303fb00f303f2e73365
:100f7c007d4aa2fb032305eb9313c4f8b430002580
:100f8c00e4e0d4f8c4301b685b68e2687749384603
:100f9c0098470225dae00023c4f8b43094f8d43032
:100fac00013b84f8d43094f8d010237c012b00f052
:100fbc008b80022b00f08c8000231d4600201860d3
:100fcc004ff080725a60b4f812c04fea0c2202f44f
:100fdc007f0242ea0c629a60d860a269100e40ea65
:100fec0002604fea022c0cf47f0c40ea0c00120a4f
:100ffc0002f47f4202431a61606800286cd0020e32
:10100c0042ea00624fea002c0cf47f0c42ea0c021c
:10101c00000a00f47f4002435a61002970d094f812
:10102c00cc30a26a9b1a1a0e42ea0362190201f42e
:10103c007f010a431b0a03f47f4313432b6025f003
:10104c00adf9804625f0bef9b8fbf0f31a0e42ea72
:10105c000362190201f47f010a431b0a03f47f4364
:10106c0013436b60d4f88c20d4f88830d31ab3fbbc
:10107c00f0f200fb12324ff47a7303fb02f2b2fb74
:10108c00f0f003fb00f0030e43ea0063020202f4eb
:10109c007f021343000a00f47f401843a860257cac
:1010ac00012d3ad0022d54d1b4f8d230343ba4f8ef
:1010bc00b03034222e49b4f93a000df069ff3428cf
:1010cc0049d0feb1012541e0294d05f10c0375e72e
:1010dc00274b03f1180571e7a2682648a0fb0220f4
:1010ec00c0084042020e42ea00624fea002c0cf4a7
:1010fc007f0c42ea0c02000a00f47f4002438be7ab
:10110c00a36a90e7d4f8c4301b681b681a493846a8
:10111c009847236b0133236318e0e368343ba4f84e
:10112c00b03034221249b4f93c0021f015fa3428bd
:10113c000cd0d4f8c4301b681b680f49384698474c
:10114c00236b01332363022500e000252846bde80c
:10115c00f0810125fae70125f8e700bf00fc020049
:10116c000001012098ef0020d34d621034fc0200e6
:0c117c00e8f90020cdcccccccc47020020
:020000040000fa
:020000040001f9
:1011880055736167653a206d69696d203c6e6574b9
:101198006978206e3e203c61646420613e202d20e9
:1011a80053657420746865206e6574776f726b2060
:1011b800696e7465726661636520696e646578201e
:1011c800616e642050485920616464726573730dc0
:1011d8000a00000055736167653a206d69696d20e2
:1011e8003c737461727420723e203c656e64207298
:1011f8003e202d20536574732074686520737461d4
:10120800727420616e6420656e642072656769730c
:101218007465722028646563696d616c2920666f46
:101228007220612064756d70206f700d0a000000d7
:1012380055736167653a206d69696d203c72656117
:1012480064207269783e202d205265616473207293
:1012580065676973746572207269782028646563ac
:10126800696d616c290d0a0055736167653a206dd7
:1012780069696d203c777269746520726978207796
:10128800646174613e202d20577269746573207201
:10129800656769737465722072697820286465636c
:1012a800696d616c2920776974682031362062691c
:1012b8007420646174612028686578290d0a00002b
:1012c80055736167653a206d69696d203c64756d79
:1012d800703e202d2044756d707320616c6c2072f7
:1012e8006567697374657273205b72537461727495
:1012f8002c2072456e645d0d0a000000557361670d
:10130800653a206d69696d203c73657475703e207f
:101318002d20506572666f726d7320746865205059
:1013280048592073657475700d0a0000557361671c
:10133800653a206d69696d2077726974655f736db0
:101348006920726978207764617461202d2045785e
:1013580074656e6465642033322062697420534d6d
:1013680049207772697465207573696e67207269a0
:101378007820286865782920616e64207764617414
:101388006128686578290d0a0000000055736167b7
:10139800653a206d69696d20726561645f736d6976
:1013a80020726978202d20457874656e6465642004
:1013b80033322062697420534d492072656164207c
:1013c8007573696e67207269782028686578290db9
:1013d8000a00000064756d70000000007365747584
:1013e800700000006d69696d207365747570206602
:1013f80061696c65643a202564210d0a00000000cb
:101408006d69696d207365747570207375636365a4
:1014180073733a25640d0a00726561640000000068
:10142800726561645f736d690000000077726974aa
:101438006500000077726974655f736d690000006c
:10144800616464006d69696d2077726974653a201a
:101458006d697373696e672077446174610d0a0062
:101468006d69696d3a205365742041646420746f16
:101478003a2025640d0a00006e6574697800000042
:101488006d69696d3a20496e636f72726563742085
:10149800496e7465726661636520696e6465780d6e
:1014a8000a0000006d69696d3a20536574204e6525
:1014b80074776f726b20496e74657266616365201c
:1014c800696e64657820746f3a2025640d0a0000ff
:1014d80073746172740000006d69696d3a20536518
:1014e800742053746172742052656720746f3a20b7
:1014f80025640d0a00000000656e64006d69696d61
:101508003a2053657420456e642052656720746fd5
:101518003a2025640d0a00006d69696d3a20556e00
:101528006b6e6f776e206f7074696f6e0d0a0000b6
:020000040000fa
:020000040001f9
:1015380070b50c46154624f07ffe002800f03b816c
:10154800064614f4004f40f0998114f4804f40f09f
:101558005881c4f30d040f2c00f22f81dfe814f03a
:10156800100021003e004f006d0087008d009100a3
:101578009500a000a400fc0004010f011501200142
:10158800002300e00123b5fa85f56d0996f840209f
:1015980065f3820286f84020002b40f02681012066
:1015a8000ae1002302e0022300e00123b5fa85f5f1
:1015b8006d0996f8402065f3c30286f84020002b99
:1015c80000f0fd80012b14bf0023012396f83f2073
:1015d80063f3410286f83f200120ede00023b5facd
:1015e80085f56d0996f8402065f3041286f84020c9
:1015f800002b40f037810120dee00223efe705f001
:10160800030596f8403065f3010386f8403055b17c
:101618004ff0ff33736196f8413043f0010386f8c9
:1016280041300120c8e00022726196f8413062f32f
:10163800000386f841300120bee096f8413013f0ef
:10164800020f40f0be80003518bf0125c3f38003a8
:10165800ab4201d10120afe0304623f0affe96f84f
:10166800413065f3820386f841300120a4e030461a
:1016780023f0a4fe358201209ee086f83d5001202b
:101688009ae086f86250012096e0003518bf0125df
:1016980096f8423065f3000386f8423001208be06b
:1016a80086f86350012087e0002d00f08c802b78ad
:1016b80013f0010f12d06a7896f8403062f3c30332
:1016c80086f840306a78dbb262f3041386f840305b
:1016d8006a78dbb262f3820386f840302b7813f025
:1016e800020f03d06b78c3f3400373642b7813f0b5
:1016f800040f08d06b78c3f3800396f8482063f38f
:10170800000286f848202b7813f0080f08d06b7871
:10171800c3f3c00396f8482063f3410286f84820d3
:101728002b7813f0100f08d06b78c3f3001396f8da
:10173800422063f3820286f842202b7813f0200fb0
:1017480043d06b78c3f3401396f8422063f3c30287
:1017580086f8422001202fe0b6f8483065f3c80328
:10176800a6f84830012027e0003518bf012596f873
:10177800493065f3410386f8493001201ce0003503
:1017880018bf01257564012016e0003518bf012532
:1017980096f8483065f3000386f8483001200be0de
:1017a800b5fa85f56d0996f8493065f3820386f830
:1017b8004930012000e0002070bd0020fce7012036
:1017c800fae70020f8e70020f6e70120f4e7002018
:1017d800f2e70020f0e7b5fa85f56d0996f8403094
:1017e80065f3820386f840300223012b14bf0023df
:1017f800012396f83f2063f3000286f83f2001207a
:10180800dae7c4f30d040f2ce1d801a353f824f050
:10181800df170100af1501000316010007160100cc
:101828004316010077160100831601008b1601008c
:1018380093160100a9160100b116010061170100f5
:10184800711701008717010093170100a9170100fc
:10185800b5fa85f56d0996f8403065f3041386f8f6
:1018680040300123012b14bf0023012396f83f20a9
:1018780063f3820286f83f2001209de7c4f30d043c
:101888000f2ca6d801a353f824f000bf8d15010032
:10189800b31501005918010007160100431601008d
:1018a80077160100831601008b16010093160100bc
:1018b800a9160100b1160100611701007117010096
:0c18c8008717010093170100a917010009
:020000040000fa
:020000040001f9
:1018d4002de9f04184b0c24b9c7d14f0010f40f01f
:1018e4008a8014f0020440f06c814d68eb68002b90
:1018f40000f06a818e68002e00f06981b369002bc4
:1019040000f06881f369002b00f06781b44fd022a6
:101914000021381d26f006fb4ff0ff333b61fb60ce
:10192400eb68bb616b68fb61ab683b62b5f9303057
:10193400a7f8c8302b697b626b69bb62ab69fb6239
:10194400eb693b63eb8ea7f8d030eb8e03f0010319
:10195400002b0cbf2246022287f8d220eb8e03f024
:101964000103002b14bf6ff003034ff0ff33b8469d
:10197400c7f8cc3090370fce0fc70fce0fc70fce9e
:101984000fc796e8030087e803000121404622f0d0
:101994005dfd0221404622f059fd98f89c307bb34e
:1019a400d8f898205389002b00f01e81d3893f2b4f
:1019b40040f21d81414600bfb3f5c06f28bf4ff40c
:1019c400c0633f3323f03f03d3810134e4b291f881
:1019d4009c30a34214d904eb8402d1f8983003eb71
:1019e40082025389002b00f00581d3893f2be3d871
:1019f4004ff0ff3400e01c46204604b0bde8f081ff
:101a0400774826f0d4fa002800f0f780744b2a4671
:101a140052f8380fc3f890009288a3f894201b6bf7
:101a24002bb101216f489847002800f0e9806c4ce5
:101a340000223f21204624f017f8d4f8a860278913
:101a44003368d4f8ac1038469847b0f1ff3f00f043
:101a5400fc80e0607369032138469847b0f1ff3f8a
:101a640000f0f38022462061d4f8ac30198900914b
:101a7400b4f8a010adf80410997a8df806100f216f
:101a84008df807101b690293f36a3432694698474c
:101a94000028c0f2da80524c20461bf09ff8b4f8bc
:101aa400c03013f0020f7ed14d4bb3f8c02091101b
:101ab400d30403f08063500100f04000034350045a
:101ac40000f00050034301f48070034301f08000f0
:101ad400034301f040010b4302f00101002914bf4c
:101ae40000212021d01100f010001843931203f0bc
:101af400080303433a4c1943204626f0a1f8204634
:101b0400f6f7bafa002840f0a08020460ef012f949
:101b1400002840f09a80204612f0d4f8002840f0c3
:101b2400948094f89c3073b100242d4e3746e1b272
:101b340038461df0f9f8002865d1013496f89c2048
:101b4400e3b29a42f3d8264e3f21304623f0a2ff57
:101b54003f21304623f0b4ff304625f045f93446a2
:101b64002f6a6d6a00223f21304623f07dff3f211a
:101b7400304623f08fff0023a6f84e30a6f84c30f1
:101b8400a6f85230a6f850307765b565b27d42f0bc
:101b94000102b2750122327533674ff0ff3272676a
:101ba400b366f36628e74ff0ff324ff0ff33cde919
:101bb400002300238df80c30694609480af05cffc5
:101bc40072e74ff0ff3417e74ff0ff3414e74ff09c
:101bd400ff3411e74ff0ff340ee74ff0ff340be70b
:101be4008c040120ec0401204ff0ff3404e74ff093
:101bf400ff3401e74ff0ff34fee64ff0ff34fbe61d
:101c04004ff0ff34f8e6144c3f21204623f042ff06
:101c14003f21204623f054ff204625f0e5f82e6aa4
:101c24006d6a00223f21204623f01eff3f212046fb
:101c340023f030ff0023a4f84e30a4f84c30a4f86d
:101c44005230a4f850306665a565034809f0ecffee
:0c1c54004ff0ff34d0e600bf8c040120ec
:020000040000fa
:020000040001f9
:101c600070b584b001293add0d4616465468a54981
:101c7000204625f0a6ff002839d0a349204625f0ac
:101c8000a0ff002843d0a149204625f09aff002854
:101c900044d09f49204625f094ff002841d09d491b
:101ca000204625f08eff00286cd1022d0fdd00228a
:101cb0001146b06826f06af9421e974b9a425bd8eb
:101cc000964b1860964b1b681844964b186020235f
:101cd000924a1268944900201cf05cfe05e009f06d
:101ce000d5fb924900201cf055fe04b070bd904b0e
:101cf0001b781bb18f491cf04dfef6e714f088faf3
:101d00000028f2d08c4900201cf044feede724f0be
:101d1000bdfd8a4900201cf03dfee6e709f0b6fb58
:101d2000e3e7022d1addb4687649204625f049ff25
:101d3000002800f0cd808249204625f042ff02466f
:101d4000b0fa80f040097f4b1b78834206d07d4b70
:101d50001870002a00f0c4807b4a06e0794b19789d
:101d6000684a794b002908bf1a46784900201cf0c0
:101d700011febae7634af8e70246754900201cf0f5
:101d800009feb2e77349204625f01bff10bb022d68
:101d90000bdd00221146b06826f0f8f86e4b984231
:101da00012d8c1176d4bc3e900016d4b1b6802933c
:101db00028220023cde90023684bd3e90023694999
:101dc00000201cf0e7fd90e70246674900201cf068
:101dd000e1fd8ae76549204625f0f3fe78b16449c4
:101de000204625f0eefe48b36249204625f0e9fe84
:101df000002846d0604900201cf0ccfd75e7022d7c
:101e000010ddb4683f49204625f0dbfe38b14c496f
:101e1000204625f0d6feb0fa80f0400900e001200f
:101e2000564b1870554b1978364a374b002908bf66
:101e30001a46534900201cf0adfd56e7022d0edd79
:101e4000b4683049204625f0bcfec0b13c4920466c
:101e500025f0b7feb0fa80f040094a4b1870494ba4
:101e60001a78284c284b002a08bf1c4626f0aafaec
:101e700003462246444900201cf08cfd35e7012032
:101e8000ebe7274b1860414b1860414b1860414b02
:101e90001860414b1860414b1860002200234049f4
:101ea000c1e900233f49c1e900233f49c1e90023bb
:101eb0003e4b18603e4b1860294b18603d4b186034
:101ec000164b1a68174b1a603b491cf063fd0ce770
:101ed0001c4b1b78002b7ff44daf1a4b01221a705c
:101ee000364b00221a700e4b1a68324b1a600022d1
:101ef00000233349c1e900233249c1e90023014ae3
:101f000033e700bf984d01009c4d01007859010056
:101f100080590100a05901009f860100dc050120c5
:101f2000c4010120b8010120d4590100c4580100a6
:101f30005304012024590100405901006459010053
:101f40008859010026060120ac5801008c59010077
:101f5000a8590100105a0100a0860100b80501200f
:101f6000a4010120485a0100185a01008c5a0100ae
:101f7000ac5a0100f05a0100145b01005804012022
:101f8000905a010057040120b05a01009401012029
:101f9000ac010120a801012098010120b00101201d
:101fa000e0fd0020d0fd0020d8fd00209c01012094
:101fb000a0010120cc010120f85a010054040120a5
:081fc000a8fd0020b8fd00207f
:020000040000fa
:020000040001f9
:101fc8002de9f04f8db09df858b0d0f8a450079582
:101fd8002c6a14f0010f1abf01242c620024059406
:101fe800002900f078810b930a92089104460bebc4
:101ff8000b139a0006921046d4f88c301344d3f889
:1020080004a00beb8b02920011460992d4f8982099
:10201800575a9d8f002f00f060810aebc5035af8cc
:10202800352012f0010f00f058810022019202922f
:1020380090461646cdf80cb08346c8e0ddf80cb0e3
:102048006a1c92b2974200f25681029501230193cd
:102058000022d4f88c30069908460b449a87ed0084
:10206800d4f88c300b445b682b445b680b990b608d
:102078000a9b1946019b0b60d4f88c301a18d2f8c9
:1020880004a053f80090d4f8983009995a185b5a6c
:102098000493b2f80e80029b59f82320089b1a601b
:1020a80055446f6894f8b130002b40f0a680019b2e
:1020b800002b40f02481012015e15a6812f4804f6a
:1020c8000fd1019a013292b201925b6813f4004f6a
:1020d80066d0ddf80cb06a1c92b2974298bf002215
:1020e800b7e7029b019a9e18731e93fbf7f607fb4e
:1020f8001636002eb8bff619b6b2ddf8049001e026
:10210800013eb6b209f1ff391ffa89f94ff6ff739c
:1021180099452cd00496d4f88c3053f80b3053f8ea
:1021280026008368c1689847d4f88c3053f80b3080
:10213800002243f82620236b1bb1052104f15c0023
:102148009847d4f88c305b445a68049952f8313077
:1021580003f0030342f83130236b1bb1062104f16d
:102168005c009847002ecbd17e1eb6b2cae7019b11
:10217800029a039920460ef0d9fc08f1ff381ffa9d
:1021880088f81db97d1eadb2002609e0013dadb24b
:10219800002605e001232a46039920460ef0c6fcd6
:1021a8000135adb2af4298bf002508f1010292b2e5
:1021b8004745c0f09280974240f28f800aebc503f2
:1021c8005af8351011f0010f00f0878090461a6810
:1021d80032f00302ded0002e7ff46faf5a6812f49b
:1021e800804fddd05b6813f4004f7ff427af029572
:1021f8000123019398461e46d2e76b6803f4400317
:10220800b3f5000f0bd0b3f5400f0dd0b3f5800f29
:102218007ff44daf136a43f48073136247e7136a80
:1022280043f44073136242e7136a43f4a0631362f2
:102238003de7013eb6b24ff6ff739e423dd0dbf854
:1022480000301b694246b84528bf3a469a81dbf8f8
:1022580000301b69a3f80e80b84594bfa7eb0807a8
:1022680000270395002349f82530236b1bb105216e
:1022780004f15c009847039a5af8323003f00303dc
:102288004af83230236b1bb1062104f15c009847f1
:10229800002fced00135adb2049bab4298bf0025cc
:1022a800dbf800301b6959f8252012691a60dbf841
:1022b80000301a6912681a61bbe7ddf824b0089b80
:1022c8001b68069a1a61019b029a594620460ef02d
:1022d8002dfc002007e001200ae0d4f88c30069a93
:1022e80013449d870120059b13b10123079a1362ac
:1022f8000db0bde8f08f029501230193a9e6c7f35d
:102308000d07089a13681b690693019b5e1eb6b2f7
:0c231800029dcdf824b0934691e700bf71
:020000040000fa
:020000040001f9
:1023240069706572663a20556e737570706f727459
:10233400656420436f6e66696775726174696f6e58
:102344000d0a000069706572663a20437265617413
:10235400652054435020736f636b65742066616914
:102364006c65640d0a00000069706572663a20535a
:102374006574206f66205258206275666665722007
:1023840073697a65206661696c65640d0a000000f2
:1023940069706572663a20437265617465205544bc
:1023a4005020736f636b6574206661696c65640d9e
:1023b4000a00000069706572663a2050726f746f8b
:1023c400636f6c206572726f720d0a0069706572ba
:1023d400663a2055445020476574204172726179f1
:1023e400204661696c65640d0a00000069706572bd
:1023f400663a202d20466972737420706b742069cc
:1024040064203d20256c64202873686f756c6420fb
:1024140062652030290d0a0069706572663a20529f
:10242400656376206475706c69636174656420709b
:102434006b740d0a0000000069706572663a2052e0
:10244400782074696d6564206f75740d0a0000004e
:102454000d0a69706572663a20696e7374616e6301
:10246400652025642073657373696f6e20737461ce
:1024740072746564202e2e2e0d0a00000d0a6970f8
:1024840065726620696e7374616e63652025643ab3
:1024940020527820646f6e652e20536f636b6574d1
:1024a40020636c6f7365642e0d0a00006970657299
:1024b4006620696e7374616e63652025643a2052e8
:1024c4006561647920666f7220746865206e657832
:1024d400742073657373696f6e2e0d0a000000001b
:1024e400697065726620696e7374616e6365202518
:1024f400643a20636f6d706c657465642e0d0a0018
:1025040069706572663a20636c69656e74207365e0
:102514007373696f6e20636c6f7365642e0d0a00ac
:1025240069706572663a2041525020756e61626c22
:102534006520746f207265736f6c766520746865ae
:10254400204d41432061646472657373206f66207b
:1025540072656d6f746520736964652e0d0a0000e1
:10256400202020202d2052656d6f74654e6f6465a8
:10257400204d41433a2025782025782025782025b0
:10258400782025782025780d0a000000697065728e
:10259400663a20536574206f66205458206275662d
:1025a4006665722073697a65206661696c65640d7d
:1025b4000a00000069706572663a20536574206fe2
:1025c400662054582071756575696e67206c696d55
:1025d4006974206661696c65640d0a0069706572ce
:1025e400663a20436c69656e7420636f6e6e656332
:1025f40074696e6720746f2025752e25752e2575d8
:102604002e25752c2055445020706f72742025752a
:102614000d0a000069706572663a20436c69656e44
:102624007420636f6e6e656374696e6720746f20c7
:1026340025752e25752e25752e25752c2054435071
:1026440020706f72742025750d0a00006970657220
:10265400663a2054435020436c69656e7420636f5e
:102664006e6e656374696f6e2074696d656f7574e1
:042674000d0a00004b
:020000040000fa
:020000040001f9
:1026780070b58cb00f21202023f08efd10f0020fd2
:102688000cd0924b1a78531edbb2062b08d98f4b0d
:102698001b780a3bdbb2042b40f2c9800cb070bd3a
:1026a800013a032a40d8dfe802f002173339012142
:1026b800874826f0ddf8c0b2022809d9854b1b6887
:1026c8001b685b68824a84498448006898472be005
:1026d8007e4b02221a70dae7002281497c4826f0f4
:1026e800caf80128d3d0002809da7a4b1b681b687e
:1026f8005b68774a784979480068984714e011225e
:10270800784977481ff0f2fc704b03221a70bee735
:10271800754b00221a606d4b04221a70734b1a68ad
:10272800734b1b689a4206d16c4b1968694b186841
:102738001df012fdabe723f033fe6b4b1c68041b46
:1027480023f042fe6b4b1b6803fb00f36a48a0fbb7
:102758000323b4eb931f46d9644b1a68674b1b6875
:102768009a423ed0664b1b68003318bf0123002bea
:1027780058d1644b1b680593594b1b680693624af2
:10278800138801339bb21380adf81c305f4b1b8854
:10279800adf81e305e4b08935e4b1b68adf82430d5
:1027a8005d4a0a9200220b9293420bdd0024584d99
:1027b800584e00bf25f064f905f8010b0134336861
:1027c8009c42f7db4e4905a810f058f80028abdb0f
:1027d80023f0e6fd444b1860444a13680133136044
:1027e80055e70023c3e7414b1a68444b1b689a42dc
:1027f8003ff44daf23f0d4fd3b4b1c68041b23f082
:10280800e3fd41f2883303fb00f33b4aa2fb0323b9
:10281800b4eb931f7ff63baf394b1b68003318bfef
:102828000123a4e7364b18681ff0d2fca1e73b4b05
:102838001b689b6b05aa3a4909683a48006898479b
:102848008df8130001283ff429af204b1978a1f126
:102858000a03dbb2042b9dbfa1f10a03324a52f8e6
:102868002340324ce0b90d39c8b21a4b1b681b68bb
:10287800059a02922e4a128801922e4a12680092f4
:102888005d682d4b1b8822462c4e2d49012898bf88
:1028980031462c480068a8470c4b1b780c2b55d0a8
:1028a8009df91330002b0dda00260a4a12681268c7
:1028b80055682246244923480068a8479df91330e3
:1028c800002b63da012020f08ffce7e649fc0020aa
:1028d80098fb002094000120a8bd020050000120b0
:1028e8006c00012038fc00206800012058000120fd
:1028f800640001205c000120d34d62104c000120cf
:102908006000012054000120180401201604012051
:10291800c8be0020d80501204d32020080000120e9
:102928008400012078000120987d0300fc0c03003e
:102938001a0401207c0001201e04012044bd02006d
:1029480078bd020074000120c4bd0200114b1b8831
:10295800114a12689342a3d0104a1268d56a01330b
:1029680099b20c4b19800df11303009300230c4a04
:1029780012880c480068a8470b4b18609df9133063
:10298800002bb8bf0126bff689ae8ee7002e7ff474
:1029980085ae97e71e0401208800012080000120f1
:0c29a8001a0401207800012084000120a6
:020000040000fa
:020000040001f9
:1029b4002de9f04f89b041f2c813c55c35b100254b
:1029c40085f00100c0b209b0bde8f08f059106465c
:1029d40041f2c51310f80380b8f1000f40f05481a0
:1029e4000122c25400f58c52117f137e1432d27925
:1029f400013a521ad2b29a4278d24ff0ff3900f516
:102a04008c5414344ff0000a24e07a6b10230293a0
:102a1400019707ab009301235146184615f04efd6c
:102a240038875ce006f58d531a680921304617f0a3
:102a3400b3ff237a01332372637a01336372a37a77
:102a44000133a372217a2379e279013a521ad2b27c
:102a540093424bd9cdf81890013b0b40c3eb0313c1
:102a6400226802eb830bbbf838109bf83a300093d2
:102a7400042306aa0bf1100012f01af80028d8d08b
:102a84009bf82830032bd4d12379013b227a1340bd
:102a9400c3eb0313216801eb8307042287f8282082
:102aa400386b069a22ea0002f86a0243079241f858
:102ab40023a0c7f804a0c7f808a0c7f80ca097f88b
:102ac4003a30002ba1d07a6b10230293019707ab05
:102ad400009301235146184613f01afe38873b8fa2
:102ae400002b9fd0237a01332372abe706f58c5277
:102af400d17f137e1432927a013a521ad2b29a4298
:102b040044d24ff0ff3a06f58c54143406f58d592f
:102b140009e0002833d0e17a2379a27a013a521ae3
:102b2400d2b2934232d9cdf81ca0013b0b40c3eb87
:102b34000313226802eb830bbbf838109bf83a307e
:102b44000093042307aa0bf1100011f0b1ffdbf886
:102b54002010dbf83420dbf82470e37a0133e372cd
:102b64000029d6d0d9f8003001930097dbf820b0c3
:102b7400079b011c18bf01213046d847cbe7d9f881
:102b840000200121304617f007ffc4e741f2b012dc
:102b9400b25c4ab906f58c52507f1432127a013a6b
:102ba400121ad2b29a421bd341f2b013f35c002b37
:102bb40040f0928006f58c53987e1a7e14335b792c
:102bc400013b1b1adbb2934235d341f2c5130022f9
:102bd400f254b8f1000f57d0059b83f00105efe6de
:102be40041f29412b418013b0340c3eb0313b158f0
:102bf40001eb83010130607241f2b0130222f254fe
:102c04000b8f06f58d521268009201f1100241f209
:102c1400c110305c1df0e0fc0346002852d141f2a3
:102c2400b0130022f25406f58c535a7f013a5a77b6
:102c3400bae79846bee741f29413f418013a024009
:102c4400c2eb0212f15801eb82010130a07141f292
:102c5400b0130222f2540b8f06f58d5212680092c3
:102c640001f1100241f2c110305c1df0b5fc20bb33
:102c7400002141f2b013f15406f58c539a7e013ac7
:102c84009a7641f2c513f15441f2c713f35c1bb9b0
:102c9400059b83f0010593e63046faf781fd059b19
:102ca40083f0010739463046fbf730ff002808bfa0
:102cb4003d463046faf774fd82e641f2c513002220
:102cc400f25489e741f2b012b25c002ab1d041f269
:102cd400c5130022f2547fe706f58e53002203f851
:042ce400052fd1e700
:020000040000fa
:020000040001f9
:102ce800012840f3e2802de9f04f87b00d460446f5
:102cf800a349686824f061ff002840f0d880032cbd
:102d080040f3d980ae689f49304624f056ff10b38f
:102d18009d49304624f051ff002830d0ae689b49c9
:102d2800304624f04aff00283dd09949304624f027
:102d380044ff002840f0c18000221146e86825f0d1
:102d480017f941f2883398424fd9924900201bf075
:102d58001dfe0120ace09049e86824f02effb0fa8f
:102d680080f35b098d4a13708b4a8d4b002818bf7e
:102d78001a468c4900201bf009fe012098e086497c
:102d8800e86824f01affb0fa80f35b09864a1370ea
:102d9800814a834b002818bf1a46844900201bf03b
:102da800f5fd012084e0032c06dd00221146e868c9
:102db80025f0def80646ade00126abe0002211461c
:102dc800286925f0d5f80746a8e000221146686969
:102dd80025f0cef80446a5e0754900201bf0d6fd85
:102de800012065e0032ca0dc67e0724b1860024606
:102df800714900201bf0cafd012059e06f490020ed
:102e08001bf0c4fd01354034022d41d0dbf8a01180
:102e180094f8323094f8310001229a400a40dff8e1
:102e2800e4c16749002a14bf62460a46654901ebb6
:102e38008511c968266a0496e6690396029101928b
:102e48000090a26b514600201bf0a0fde369002b07
:102e5800d8d094f83030002bd0d0d4e90a8946a3d2
:102e6800d3e900234046494622f0e8fc06460f46cf
:102e780041a3d3e900234046494622f0dffccde9cf
:102e8800002332463b46504900201bf07ffdb9e73e
:102e98004e4b1b6800934e4b1b684e4a12684e49b6
:102ea80000201bf073fd012002e000207047002085
:102eb80007b0bde8f08f032c23d0484b1878374b68
:102ec8001c78394b1a783449354b002a08bf194603
:102ed800384b1b68019300912f4b314a002c08bfd7
:102ee80013463f4a3f49002808bf0a463e4900208a
:102ef8001bf04cfd334c0025dff80cb1dff80ca1ba
:102f080084e7ae682149304624f057fe00287ff454
:102f180069af0126042c3ff751af0127052c3ff775
:102f280054af0524731e012b3ff656af7b1e632b4f
:102f38003ff652af2d4d013e2e702d4b1f602d4b8d
:102f480059681a68a2fb042304fb01332a49c1e922
:102f5800002322f083fb294bc3e900012b78194a8f
:102f680002eb831200943b46926b254900201bf02c
:102f78000dfd01209ce700bf00ca9a3b000000003d
:102f88007c820100808201009c8201008084010013
:102f9800208301002c8301003c8201002e060120c1
:102fa80040820100888201002d060120a0820100d4
:102fb800b08201000c0601204c8301001c84010032
:102fc80074820100b8f50020f0830100d0030120cd
:102fd800d4030120d8030120408401008804012083
:102fe800448201004c8201006883010087040120ab
:102ff800cc030120c8050120f8ff002000000120b3
:10300800dc82010068820100008000419883010091
:020000040000fa
:020000040001f9
:103018002de9f04fcbb0a0f1040a41aa009200f1cb
:103028001c040194534600bf53f8040f42f8040fe0
:10303800a342f9d104390df1080912a84b4600bf83
:1030480051f8042f43f8042b8342f9d109f1c00049
:103058004a461546916b52f8044f4feaf14383ea0a
:10306800714383ea9123696a2d6829440b444fea26
:10307800b44181eaf41181ead4010b44d36382425a
:10308800e7d1ddf824e1459addf820c14499479f4e
:103098004398469b429cdff88882d346ca46c1467d
:1030a8004feaf32585eab31585ea7368d9f8005025
:1030b800daf80060354445448cea07061e4086ea83
:1030c8000c063544ae4472444fea743585eab405bb
:1030d80085eab45544ea00060e4004ea000846eac8
:1030e80008063544ae44d9f80450daf8046035448b
:1030f800654483ea070c0cea020c8cea070c654469
:103108004feaf22c8ceab21c8cea726c654401eb33
:10311800050c4fea7e3181eabe0181eabe514eead2
:10312800040606400eea040846ea08063144294423
:10313800d9f80850daf8086035442f4483ea0205c4
:1031480005ea0c055d402f444feafc2585eabc15cd
:1031580085ea7c652f4400eb07084fea713080ea66
:10316800b10080eab1504eea010525400eea010699
:10317800354328443844d9f80c50daf80c60354403
:103188002b4482ea0c0505ea080555402b444fea12
:10319800f82585eab81585ea78651d4466194fea69
:1031a800703383eab00383eab05341ea000404eac7
:1031b8000e0401ea00073c4323442b44d9f810408d
:1031c800daf810502c4422448cea0804344084ea8b
:1031d8000c0422444feaf62484eab61484ea76649e
:1031e8001444a6444fea733282eab30282eab35225
:1031f80040ea03050d4000ea03073d432a44224400
:10320800d9f81440daf814502c44644488ea060cbf
:103218000cea0e0c8cea080c64444feafe2c8cea8b
:10322800be1c8cea7e6c644401eb040c4fea7231dc
:1032380081eab20181eab25143ea0205054003ea94
:1032480002073d4329442144d9f81840daf81850b8
:103258002c44a04486ea0e0404ea0c047440a044fa
:103268004feafc2484eabc1484ea7c64a04400eba2
:1032780008074fea713080eab10080eab15042eaab
:1032880001041c4002ea01052c4320444044d9f8bb
:103298001c40daf81c502c4434448eea0c063e409c
:1032a80086ea0e0634444feaf72686eab71686ea17
:1032b8007766264433444fea703484eab00484eadb
:1032c800b05441ea0005154001ea000845ea08053e
:1032d8002c44344409f120090af1200a0f4da9456c
:1032e8007ff4deaeda46cdf824e14693cdf820c16e
:1032f80047974294439044914592009a019800bfa1
:103308005af8043f52f8041f0b44caf800308245ab
:10331800f6d100204bb0bde8f08f00bfd4420200c8
:04332800d44102008a
:020000040000fa
:020000040001f9
:10332c006f6e00006f6666004e4f54204f50454e36
:10333c00000000006f70656e000000006b6e6f7710
:10334c006e000000756e6b6e6f776e202862726f68
:10335c006164636173742900636d64006c6f670052
:10336c005b54524947434d445d206c6f673a2025ae
:10337c00730d0a005b54524947434d445d20736ff3
:10338c00636b65743a202573202020706f72742053
:10339c0025752020206c6f672025730d0a00000016
:1033ac005b54524947434d445d2072783a20256c5a
:1033bc007520202061636365707465643a20256c08
:1033cc0075202020726566757365643a20256c75ce
:1033dc002020206d616c666f726d65643a20256cdf
:1033ec00750d0a005b54524947434d445d2061738f
:1033fc007369676e3a2074616b656e20256c75205d
:10340c002020666f72206f746865727320256c754e
:10341c000d0a00005b54524947434d445d206772ce
:10342c006964206469766964657220726566757377
:10343c0065643a20256c75202020284c45443120a9
:10344c0068656c6420656c73657768657265290db9
:10345c000a0000005b54524947434d445d20636fa2
:10346c006d6d616e64733a2074616b656e20256cb2
:10347c0075202020666f72206f74686572206e6fe5
:10348c0064657320256c750d0a0000005b5452496d
:10349c0047434d445d20726177204c323a2072785c
:1034ac0020256c752020206672616d6573206f7508
:1034bc007420256c752020206661696c656420255c
:1034cc006c75202020616e7377657273206f662097
:1034dc006f746865727320256c7520202065766585
:1034ec006e7473206f66206f746865727320256c20
:1034fc00750d0a005b54524947434d445d2062757b
:10350c0074746f6e206576656e74732073656e745b
:10351c003a20256c752020206661696c65643a2020
:10352c00256c752020206d6173746572206d61634c
:10353c003a2025730d0a00005b54524947434d4411
:10354c005d20737461747573207265706c6965733a
:10355c003a20256c752020206661696c65642074a6
:10356c006f2073656e643a20256c752020206e6f79
:10357c006465202575202020616374696f6e73204b
:10358c0030782530386c580d0a0000005b545249d5
:10359c0047434d445d206c6173743a206d657468cb
:1035ac006f64203078253034582020206163746992
:1035bc006f6e20257520202073657373696f6e20e4
:1035cc0025752020202d3e2025730d0a00000000bb
:1035dc005b54524947434d445d206e6f20736f63bb
:1035ec006b657420796574202d206973207468656f
:1035fc0020737461636b2075703f20202773686f94
:10360c0077656e76272073686f77732074686520f2
:10361c00636f6e6669677572656420616464726558
:08362c0073730d0a000000bfda
:020000040000fa
:020000040001f9
:103634002de9f041aeb006461546059100270599df
:103644000b78002b00f0fa8000244ff0ff33cde913
:1036540009430eab0c9380230b940d930b5d0bb1bc
:10366400252b26d134b12246304620f079fe059b25
:1036740023440593059b1a78252a40f0d78003f14b
:103684000108cdf81480059803782b2b1ad025d87f
:10369400202b1bd0232b1dd02a2b27d01ff095fcc9
:1036a4000b90059b1a78303a092a2ed801330593da
:1036b400f7e70134d2e7099b43f001030130099392
:1036c4000590e0e7099b43f00403f7e7099b43f007
:1036d4000803f3e7099b43f01003efe72d2bead02f
:1036e400302bd9d1099b43f00203e7e72b681a1d5d
:1036f4001b682a600130002b05900b9305da099aa8
:103704005b4282f0010209920b93099bda0744bfe2
:1037140023f002030993059b1a782e2a0dd1002267
:10372400581c0a9205905a782a2a25d10233059307
:103734002b681a1d1b682a600a9305a820f0f2fd65
:10374400059b0390187824f0affd6928039979d07c
:1037540032dc632800f0cb8019dc252800f0d98006
:10376400612853d000234ff0ff32cdf81480099321
:103774000b930a920093d4e01ff027fc0a90059b58
:103784001a78303a092ad8d801330593f7e7642820
:1037940058d06728e6dc2a4606a822f04afc00280e
:1037a40000f0a180059b5a1c05921b7806aa09a962
:1037b4003046faf7effc38e0702873d015dc6e2839
:1037c40000f08c806f28cdd12b46002206a816f07d
:1037d400effc002800f08780059b06aa013309a9a5
:1037e400304605931bf02efa1fe075283ad078284e
:1037f40048d07328b6d1802975d1059b2a68013336
:103804000593131d2b60126800237de02a4606a849
:1038140022f00ffc002866d0059b5a1c05921b78e9
:1038240006aa09a93046faf715ff04443c44a74206
:103834007add3e4b4f221a604ff0ff3738462eb0e8
:10384400bde8f0812b46012206a816f0b1fc002841
:1038540049d0059b06aa013309a93046059317f000
:1038640047f8e2e72b46002206a816f0a1fc002840
:1038740039d0059b06aa013309a9304605931df0ea
:10388400d6fdd2e72b46002206a816f091fc50b3d1
:10389400059b5a1c05921b7806aa09a930460ef00e
:1038a400cdfec2e72b460022f02106a816f080fccc
:1038b400c8b1059b01330593dde9062313430bd1fe
:1038c4001b4824f0bbf8099b009319490b9b024643
:1038d400304619f07bfea8e77823dde72b463a193a
:1038e40006a81af06bfb059b013305939ee780291c
:1038f400f9d1059b013305932b681a1d1b682a60b7
:103904008df8183006aa012309a930461df038fda8
:103914008be78029e7d1059b01330593099b00932d
:103924000b9b04490122d3e7274688e6f8030120cc
:083934005088030056880300cf
:020000040000fa
:020000040001f9
:10393c002de9f04f85b003f03004302c00f0d68028
:10394c001f4615460e4622f0b1fc0446002800f036
:10395c00cf80b5f5807f38bf4ff48075436802681f
:10396c009b1a013b9bb282694169521a1ffa82f978
:10397c0017f0100f23d1b6f5807f38bf4ff4807647
:10398c0017f0200f21d113fa82f271198a4217dd38
:10399c00a9eb01021a4492b217f0030108d00329d3
:1039ac0006d0022907bfad18adb2b618b6b207e003
:1039bc00013252081644b6b21544adb200e04e4680
:1039cc009d4203d25b1b9bb202e01d46eb1a9bb2dd
:1039dc001f2b08d9934b18684368691c984780467d
:1039ec0018b90020b9e04ff00008b14594bfa6eb20
:1039fc000909a9eb06091ffa89f9b9f11f0f0dd9ad
:103a0c00884b18684368711c9847824640b9854baf
:103a1c001868c3684146984700209ee04ff0000aa2
:103a2c00b8f1000f00f0aa8017f0080f00f0b78073
:103a3c00a368e168994225d96268521a92b2019240
:103a4c00d4f800b0a3eb0b091ffa89f9019a12eb19
:103a5c00090300f0e180ab4200f38580eab9b9f1cb
:103a6c00000f1ed12269e368a2eb030b1ffa8bfb3c
:103a7c009a4280f09980636822689b1a9b441ffad3
:103a8c008bfb91e0994280f0c180a3eb01091ffaf6
:103a9c0089f98b4600230193d8e7404620f0b2fd0c
:103aac00dde74a465946019b08eb030020f0aafdce
:103abc00d8e74ff0000bd946cdf804b077e0b94207
:103acc004ed9a36901335b1a9bb2029363690393ca
:103adc00ff1abfb287e0504620f094fd8be0012224
:103aec0010212046f8f700fe012036e0002034e0db
:103afc00002032e000270297b8f1000f4ad0494b62
:103b0c001868c36821689847c4f80080013545449b
:103b1c006560c4f80c80019b4b444344a36008ebe4
:103b2c000b032361204620f055f8baf1000f0fd09b
:103b3c003c4b1868c36861699847c4f814a0564494
:103b4c00a661c4f820a0029b3b441f465744e76182
:103b5c0094f87630032bc2d0012005b0bde8f08f6d
:103b6c0000270297c8e72f4c2068c3685146984736
:103b7c002068c368414698470020eee7baf1000f71
:103b8c0097d14ff0000bd946cdf804b05f46cdf875
:103b9c0008b0b1e7baf1000fcad10120dde74ff050
:103bac00000bd946cdf804b0baf1000f37d017f09e
:103bbc00040f9fd0e769e36db3f1ff3f0ad0b4f86f
:103bcc00682013441f44a369bb4203d262699b1a49
:103bdc00db431f44216ab942bff471af7f1abfb2f5
:103bec00039100230293029ad31985d0b342badc15
:103bfc00002a7ff470af002f3ff47eaf3a46039952
:103c0c00029b0aeb030020f0fdfc75e74ff0000b64
:103c1c00d946cdf804b0c7e74ff0000bc4e7002736
:083c2c0002976ce7ec00012097
:020000040000fa
:020000040001f9
:103c34002de9f04f87b007460192d0f8049001298e
:103c44001add8b46019b5c689049204623f0b7ff40
:103c540000283cd08e49204623f0b1ff00283dd0f7
:103c6400bbf1020f30dd019eabf1030a2af0010a19
:103c74000af1030a0125a4e003681b688549484644
:103c840098473b681b688449484698473b681b68cb
:103c94008249484698473b681b688149484698478b
:103ca4003b681b687f49484698473b681b687e49c8
:103cb400484698473b681b687c49484698473b6898
:103cc4001b687b494846984707b0bde8f08f0c2332
:103cd40000221146384609f0a3fff5e7754b1b682f
:103ce40013b9754b1b682bb13b681b687349484675
:103cf4009847e9e7494638461ff074fd0028e3d0a9
:103d04006f4b03936f4b049300238df814306e4b69
:103d14001b689b6903a9674a10689847021e3b68a1
:103d24005b68b4bf69496a494846984700201ff058
:103d34005dfac9e740461ff048f981b20a23002220
:103d4400384609f06dffbfe710220021404624f0f9
:103d540011f981b20d23f2e740461ff036f984b21f
:103d64000b2602355d450ddb3b685b6859494846c7
:103d74009847a9e710220021404624f0fbf884b2ba
:103d84000e26eee7009b023310220021019850f822
:103d9400230024f0eff8334602462146384609f062
:103da4003fff91e740461ff010f94b4b18803b68ea
:103db4005b6882b2494948469847023508365545fa
:103dc40082d000957468d6f808804549204623f0cf
:103dd400f6fe0028aed04349204623f0f0fe00282a
:103de400b2d04149204623f0eafe0028b4d03f492e
:103df400204623f0e4fe0028bcd03d49204623f0b1
:103e0400defe0028ced03b49204623f0d8fe78b110
:103e14003949204623f0d3fe00b33849204623f025
:103e2400cefe38b33b681b68354948469847c4e71b
:103e340040461ff0caf8334b186028b13b681b6832
:103e4400314948469847b8e7304b1a882d4b1a60d9
:103e54003b685b682e4948469847aee740461ff0ea
:103e6400b4f802462b4b18603b685b682a49484605
:103e74009847a2e740461ff0a8f80246274b18606f
:103e84003b685b6826494846984796e7dc1301007f
:103e9400e413010088110100dc1101003812010053
:103ea40070120100c8120100041301003413010050
:103eb400941301007800012084000120040d030004
:103ec400000e270780841e0080000120ec130100ef
:103ed400081401004c1401001a04012068140100a4
:103ee4002014010028140100341401003c140100c2
:103ef4004814010080140100d814010000150100c9
:103f0400201501007c000120881401001c040120fc
:103f1400ac1401008c000120e01401008800012091
:043f2400041501007f
:020000040000fa
:020000040001f9
:103f28002de9f04f83b080468a460092019301291b
:103f380000d012bb20f0f4fb8346002800f03b8140
:103f480024f042fcab4b1b78e3b924f041fcaa4bac
:103f58001a68002a00f0d880a84b19680b68002b53
:103f680000f02c810024013424b2264694420fd25a
:103f780051f82430002bf6d10de0ddf800b0002315
:103f88000093dde7013b9b4a137024f021fcdee738
:103f9800002b40f0b980dff87092d9f800008368f0
:103fa8008822012198470546d9f80000944b1988c2
:103fb8004368013198470746d9f80000914b1988a2
:103fc800436801319847002d00f0a980002f00f0c8
:103fd800a680002800f0a380894b1b88894a118895
:103fe800ac872f6001331f446f6068610844a86183
:103ff8004ff40673a5f86a30804b1b6843f82650c7
:1040080024f0e2fb7b4a13780133137024f0e0fbc1
:10401800b5f86230a5f872302b68ab60eb602b61a5
:104028006b69eb612b6295f83e3003f081036ff307
:10403800c71385f83e3095f83f3003f0fe0343f090
:1040480002036ff3820385f83f3095f8743095f8d2
:1040580075206ff3410285f8752003f0fb036ff3b9
:10406800c30385f874300021a963696369654ff05b
:10407800ff30e8650120a5f86400a5f86e00a5f8f2
:104088006010296485f8791003f0030385f8773008
:10409800d2b212f0200f08bfa96412f0400f04bf7b
:1040a80000236b64002385f8873085f87780b8f1a2
:1040b800010f4dd00023eb6495f87730002b74d1b5
:1040c80095f8743068f3010385f87430baf1000f7d
:1040d8005ad0a5f862b0009ba5f8603022f060f9cc
:1040e800686295f83e3043f0020385f83e30b8f137
:1040f800010f74d028461cf05ff80028acbf0123dc
:104108000b2385f876304ce024f05efb394a1378af
:104118000133137024f05cfb4ff0ff3441e03a4c5c
:104128002368da680146184690472068c36839460c
:1041380098472068c3682946984724f045fb2d4acc
:1041480013780133137024f043fb4ff0ff3428e059
:104158002e4b04221421782021f04afd002846d055
:104168002b4a8260c5600122a0f87020a0f8582070
:10417800e8640028a0d095f8743068f3010385f846
:104188007430baf1000f1cd1a5f862b095f83e3032
:1041980043f0010385f83e30002385f87630a5f812
:1041a80072b0204603b0bde8f08f28461ff042feeb
:1041b8004ff0ff34f5e74ff0ff34f2e700242646ce
:1041c800e9e6a5f862b0009ba5f8603022f0e8f8af
:1041d800686295f83e3043f0020385f83e30019b53
:1041e800002b87d01b68002b84d02b6482e7e864ff
:1041f80062e700bf2e040120e4000120e000012056
:104208002804012026040120ec00012006002000db
:0442180061600200df
:020000040000fa
:020000040001f9
:10421c00f0b5b7b0a94bb3f90030b3f1ff3f06d0fe
:10422c00a74b1b78002b3ed1a44ca64d27e121f0c7
:10423c0013faa54bd3e90023994208bf904201d24f
:10424c0037b0f0bda04ea14b1c685d686f016301d7
:10425c0047ead4621b1b62eb0502970047ea93778f
:10426c004fea830c3a461ceb040345eb0202d400e4
:10427c0044ea5374dd0022462b1841eb02023360f2
:10428c007260002247f22d71012024f02efa8b4b24
:10429c001880b0f1ff3fd3d047f22d728c4900202b
:1042ac001af072fbbce721f0d7f98a4bd3e9002353
:1042bc00994208bf9042b7d30024814b1c70864ba7
:1042cc001e88864b04ad0fcb85e80f0014a80df0ab
:1042dc008ff908238df8203065238df821308df867
:1042ec00224004238df823308df824408df825408e
:1042fc008df8264026238df827308df828408df830
:10430c002940330a8df82a308df82b6001238df863
:10431c002c308df82d3080238df82e308df82f40d9
:10432c0024f062f88df830408df831009df8503053
:10433c008df8323023f010ff8df83300684b1b885a
:10434c001a0a8df834208df83530664b1b788df8b1
:10435c0036408df83730644b1b681a0e8df83820b8
:10436c001a0c8df839201a0a8df83a208df83b304a
:10437c005e4b1b681a0e8df83c201a0c8df83d20f4
:10438c001a0a8df83e208df83f3020f025fe030ee2
:10439c008df84030030c8df84130030a8df8423013
:1043ac008df84300204623f0bffe034628b3006877
:1043bc0011909b88adf84830002022f0a3fb08b385
:1043cc0022f02cfdcdf84a00494b1b78e3b904aa26
:1043dc0047f22e71012024f08df90446b0f1ff3f15
:1043ec0023d01cf0f5ff2d2824d8424a1368013342
:1043fc00136020461ef042fa16e700231193adf825
:10440c004830d9e70020dde73b4b3c4a2e2108a879
:10441c0019f054f820b13a4a13680133136003e7da
:10442c00344a136801331360fee6324a13680133d1
:10443c001360f9e62e2208a920461ef08df82e28ce
:10444c00d3d1204604f01af82d4a136801331360b7
:10445c00cfe700bfb4f9000022f0e2fa2b68013379
:10446c002b600023039302930aab93e803008de8bf
:10447c00030008ab0ccb31462aa8f8f71ffcb4f9a3
:10448c00000021f0ebfe024600283ff4d9ae302aa2
:10449c0028bf302292b22aa9b4f9000011f020fcf6
:1044ac0006460023089314a9b4f9000010f06afc26
:1044bc000028cfd01d9b0893cce700bf1e0601201f
:1044cc0086040120c8030120e0ff0020f0ff00203b
:1044dc00706d0300e8ff002012040120d0fc0020c6
:1044ec00100401208304012084030120bc0301205b
:1044fc0085040120c403012070f900202000012054
:04450c00c0030120c7
:020000040000fa
:020000040001f9
:104510002de9f04784b00c469e464668b2f1000c87
:1045200040f34781a64b6d460fcb07c52b806b46ea
:1045300007cb20606160a2601b88a38196f8fe30e3
:104540006362bcf1010f40f32f819e4b6d460fcb90
:1045500007c52b7004f128056f4607cfa0622846d7
:104560006960aa602b73737ee364737e002b7cd03a
:104570000225654580f2fc80934a6b4607ca83e8b2
:10458000070005eb85084feac80804eb080707cbce
:1045900044f808007960ba6096f807317b626b1cba
:1045a0009c4540f3fd80894a6b4607ca83e80700b3
:1045b00008f1280904eb090707cb44f809007960e2
:1045c000ba60737d7b62ab1c9c4540f3e780804bf7
:1045d0006f460fcb07c727f8023b1b0c3b7008f157
:1045e000500904eb09076b4607cb44f809007960d2
:1045f000ba601a889b78ba81bb73b37d7b62eb1c6f
:104600009c4540f3c980734b6f460fcb87e80f0082
:1046100008f1780a04eb0a090fcf44f80a00c9f838
:104620000410c9f80820c9f80c30f37dc9f824300b
:104630002b1d9c4540f3ae80674b6f460fcb87e840
:104640000f0008f1a00804eb08090fcf44f8080098
:10465000c9f80410c9f80820c9f80c30337ec9f82d
:104660002430053502e0002583e7022565457fda21
:104670005a4b6f460fcb07c73b8005eb8507ff0002
:1046800004eb07086b4607cbe051c8f80410c8f8e4
:1046900008201b88a8f80c30337dc8f824306b1c28
:1046a0009c4575dd4e4be8460fcba8e80700a8f8ff
:1046b000003007f1280904eb09086b4607cb44f8e2
:1046c0000900c8f80410c8f808201b88a8f80c30a6
:1046d000f37ec8f82430ab1c9c4557dd414be846bf
:1046e0000fcba8e80700a8f8003007f1500904eb49
:1046f00009086b4607cb44f80900c8f80410c8f84d
:1047000008201b88a8f80c30337fc8f82430eb1c35
:104710009c4539dd344a6b4607ca83e8070007f138
:10472000780904eb090807cb44f80900c8f804101d
:10473000c8f80820b37ec8f824302b1d9c4521dd25
:104740002a4bec460fcbace80700acf80030a037a2
:1047500004eb070c6b4607cbe051ccf80410ccf807
:1047600008201b88acf80c30f368ccf824300535f1
:10477000cef80050002d14bf00206ff0050004b0eb
:10478000bde8f0871d46f3e71d46f1e71d46efe75c
:104790001d46ede71d46ebe71d46e9e71d46e7e749
:1047a0001d46e5e70125e3e7737e002bfad10125dd
:1047b0005ce7737e002b7ff456af0025d8e700bf7f
:1047c0004493020054930200649302007093020029
:1047d0007c9302008c9302009c930200ac93020035
:1047e000bc930200cc930200dc930200e893020029
:020000040000fa
:020000040001f9
:1047f0002de9f04fa9b00f211a2021f0d1fc10b9fa
:1048000029b0bde8f08fa34bd3f80090a24b1b88d2
:10481000002bf5d009f108054ff000081be02046f9
:1048200013f0c8f956f8040c20b11bf01bfa002352
:1048300046f8043c0022502120460df06ffe4f2820
:1048400028d8002706f8067c08f101081835924b95
:104850001b889845d4daa5f1080a2e4635f9084c8c
:1048600015f8067c20461cf0a1fa0028d7d1204676
:104870001cf0c8fa83460028d1d1032fe2d801a347
:1048800053f827f035480100a54801002d490100e3
:10489000314a010035228149204617f0d7f82046d9
:1048a0001cf008fb36f9084c0022502120460df080
:1048b00035fe4f2801d80127c4e713ab039302aba1
:1048c000532203a9204619f07bff68b3022819d0b0
:1048d000734903981ef084fa039010b30f22014627
:1048e000304623f0edfd0023f373bdf808200021ce
:1048f00020460ef0bbfd0d226a49204617f0a6f8af
:1049000002279fe718226849204617f09ff81322d4
:104910006649204617f09af8204613f04bf9002715
:1049200090e700233370e0e701278be735f9084c67
:104930000022502120460df0f1fd4f2882d913ab03
:10494000029301ab532202a9204619f039ff002837
:104950003ff478af022811d108eb480209f10800b2
:1049600000ebc201002340f832304b608b60cb601b
:1049700018224d49204617f069f842e0484902984c
:104980001ef02efa0290002876d0494b1b6823b304
:10499000404b1b68aaeb0303db10464a02fb03f300
:1049a000adf80c300223adf80e30adf810402046c3
:1049b0001ef07affadf8120005a91cf04ffa08ebc3
:1049c000480c09f108003a4b1f683b4b1b6803aacf
:1049d000029900ebcc00b84783465322002113a86c
:1049e00023f0a2fa09f1080208eb480002ebc0012b
:1049f000002342f830304b608b60cb60bbf1000f7e
:104a000009d113222949204617f020f8204613f037
:104a1000d1f8002716e7bdf80420002120460ef04b
:104a200025fd1c222549204617f010f8032709e729
:104a30000022502120460df071fd4f287ff602af75
:104a400033221f49204617f001f820461cf032faa5
:104a5000002221461b4818f017fa45f8040c08b14b
:104a60000427efe637221849204616f0efff2046cc
:104a700013f0a0f80027e5e608eb480209f108006a
:104a800000ebc201002340f832304b608b60cb60fa
:104a9000b7e700bfbc00012028fd0020b83a0200a3
:104aa000203b0200243b0200f03a02000c3b0200d3
:104ab000b8000120abaaaaaab4000120343b02002e
:0c4ac000543b0200c07d0300883b020054
:020000040000fa
:020000040001f9
:104acc00002800f040812de9f047d6b00e46904604
:104adc000446d0f800a0ac4b9a4500f03681032375
:104aec008df8db30cdf8d4a0002a00f0328112f022
:104afc001f0918bf4ff0010909eb521900f1080505
:104b0c000df1200c00f1380e674628686968aa6818
:104b1c00eb680fc71035bc467545f5d12868386071
:104b2c00aa88ab79ba80bb71b9f1000f00f32a8166
:104b3c00012536e0372208a916a80bf041fa0546e4
:104b4c0060bb694616a808f085fc054616a818f047
:104b5c00bcfd35bb009b2268012a02d962689342d6
:104b6c003bd0002284f88020636066b1b8f1000f5e
:104b7c0009d0b8f11f0f3fd842466946304622f0a3
:104b8c002ffc4ff0000801374f450adae26fa16f96
:104b9c0016a81af06df905460028cbd016a818f007
:104bac0094fd08aa00200df15701134603f8010be0
:104bbc001a468b42f9d1002d44d0012516aa0020ab
:104bcc001ea9134603f8010b1a468b42f9d1281c77
:104bdc0018bf012056b0bde8f08794f88030012b47
:104bec0000f0b58009f1ff33bb4208bf09f10109a0
:104bfc00012384f88030b8e7ec46bce80f00306045
:104c0c007160b260f360bce80f0030617161b26139
:104c1c00f361a8f1200820369df856300133dbb241
:104c2c008df85630002baed10df1560208a900bffd
:104c3c0012f8013d0133dbb21370002ba3d18a4271
:104c4c00f6d1a0e7e26fa16f37a81af011f905466b
:104c5c0030b137a818f039fd236801332360ade774
:104c6c0001220df1db0137a80bf0aaf9054600284b
:104c7c00efd1372204f1080137a80bf0a1f9054652
:104c8c000028e6d116a937a808f0e4fb054637a89a
:104c9c0018f01bfd002ddfd104f13f020df1770759
:104cac000df1580e1046002600e00f46394610f85c
:104cbc00013d11f801c9634433440370c3f30f265b
:104ccc007745f2d104f11f0004f1080110f8013d01
:104cdc0033449bb203701e0a8142f7d11046002365
:104cec0010f8016c90f836703e44334400f8013de6
:104cfc00c3f30f238842f3d14fea1a2303f0ff13b7
:104d0c004fea0a2000f0ff2003434fea3343359368
:104d1c0036ae04f13b0c002312f8010d16f8017da0
:104d2c00384403441370c3f30f239445f4d104f1b6
:104d3c003b0200bf12f8010d03449bb213701b0a17
:104d4c009142f7d188e701207047022042e7032502
:104d5c0034e700f108050df1200c00f1380e674620
:104d6c0028686968aa68eb680fc71035bc4675459a
:104d7c00f5d128683860aa88ab79ba80bb714ff03e
:0c4d8c000108c146002701e740420f006b
:020000040000fa
:020000040001f9
:104d98006f6e00006f6666005b505450465d206c75
:104da800697374656e696e673a20257320202073d5
:104db800616d706c65733a2025752020206c6173d5
:104dc80074207365713a2025750d0a005b505450a4
:104dd800465d2072782073796e633a20257520200d
:104de80020666f6c6c6f775f75703a202575202090
:104df8002073796e6320776974686f75742074699d
:104e08006d657374616d703a2025750d0a00000098
:104e18005b505450465d20756e6d617463686564bf
:104e280020666f6c6c6f775f75703a20257520204f
:104e38002072696e67206f766572666c6f77733a59
:104e48002025750d0a0000005b505450465d206e09
:104e58006f2073616d706c65207965740d0a0000b0
:104e68005b505450465d206f66667365743a202522
:104e78006c6c64206e732020206368616e67652007
:104e8800706572206379636c653a20256c6c6420c8
:104e98006e730d0a000000005b505450465d206f91
:104ea8006666736574206d696e2f6d61783a20258a
:104eb8006c6c64202f20256c6c64206e732020207d
:104ec8007370616e3a20256c6c64206e730d0a0055
:104ed8005b505450465d20743120286d61737465b1
:104ee80072293a20256c6c75206e7320202074324c
:104ef80020286f757273293a20256c6c75206e73a3
:104f08000d0a00005b505450465d206d6173746556
:104f180072206379636c653a20256c6c75206e731a
:104f280020202028445f636f6e737420617373754b
:104f38006d65643a202564206e73290d0a0000000f
:104f48005b505450465d20736572766f3a204f4629
:104f580046202d206d6561737572696e67206f6ece
:104f68006c792c2074686520636c6f636b2069739f
:104f7800206e6f7420746f75636865640d0a000095
:104f88005b505450465d20736572766f3a202573e6
:104f980020666f722025752073616d706c657320b3
:104fa800202072617465206572726f723a20256cd8
:104fb8006c6420707062202020636f727265637465
:104fc800696f6e3a20256c6c64207070620d0a005f
:104fd8005b505450465d207261746520636164655e
:104fe8006e63653a20657665727920256c75207345
:104ff800616d706c65730d0a000000005b505450c1
:10500800465d20696e6372656d656e743a204d4128
:10501800435f5449202575206e73202b2025752f5a
:10502800325e3234206e7320202073746570733ab8
:105038002025752020207261746520777269746557
:10504800733a2025752020206f75746c696572731a
:085058003a2025750d0a000045
:020000040000fa
:020000040001f9
:105060002de9f04f89b09d4bd3e90023134305d1bf
:105070004ff0000a504609b0bde8f08f06a81ef0b8
:1050800061f982460028f5d0954bd3e9006756eace
:1050900007032ed0dff848a2dae90045914bd3e9a7
:1050a00000678e4bd3e90023a01b65eb070120f0be
:1050b000c9fb06460f4600220023cae900238a4b9b
:1050c0001b789bb1894b1b7883b1894b1b786bb9db
:1050d000002306f00102134308d1013647f100070f
:1050e0007e4bd3e90023a41843eb05054ff0080bd2
:1050f000a8e023f037f868b9784bd3e90023dde95d
:10510000060120f09ffb7749c1e90023794a136823
:1051100001331360dde906ab724bd3e900235b4535
:1051200008bf524524d26f4bd3e9002310461946dd
:105130006a4ad2e90023cde90201baeb00000399e3
:105140006beb010120f07efb461c41f10007634a36
:10515000d2e900236349d1e9000102fb07fc06fb09
:1051600003cca2fb06236344141843eb010502e0c1
:105170005c4bd3e90045604b1aeb030300934ff0ff
:1051800000034beb03030193dde900239d4208bfbd
:10519000944294d2dff844a1dae9002312f1ff30ff
:1051a00043f1ff31dde900bc10eb0b00634641eb3e
:1051b00003031946dae90023001b61eb050120f027
:1051c00041fb361841eb0707dae900ab0afb01f1b6
:1051d00000fb0b13aafb00011944241841eb050541
:1051e0006de7464bc3e90045dde90401444bc3e9e3
:1051f000000111f079f88246002850d0414bc3e9f4
:105200000067002306f0010213433f4b3f4a08bfeb
:1052100013463f4a136023f047f93e4b01221a70b0
:1052200028e72e4bd3e90023a41843eb05050136ec
:1052300047f10007384b1b680133374a1360bbf155
:10524000010b48d0284b1b7813b3284b1b78fbb1bc
:10525000274b1b78e3b9314bc3e9006706f001081f
:105260004ff00009b8fa88f252092d4bd3f890316b
:10527000c3f3802358ea09010cbf234923494ff4a3
:10528000806008609a4203d0264a13680133136095
:1052900004aa204629460ff015fb0028a1d1124b85
:1052a0001b78002bbdd0114b1b78002bb9d0104bb5
:1052b0001b78002bb5d1094bd3e90001021841eb53
:1052c0000103a41843eb0505023647f10007124b12
:1052d0001b680233b1e74ff0000acbe640ff002025
:1052e00008ff002050ff00206b0401207104012002
:1052f00072040120a402012080f0fa0280ff002045
:1053000078ff002018ff002098810041948100411f
:10531000a8020120620401204402012058ff00205d
:08532000008000414802012059
:020000040000fa
:020000040001f9
:105328002de9f04f87b00f21022020f035ff064607
:1053380010f0010f06d116f0020f40f0858007b07b
:10534800bde8f08f02276ff00d0909e0a28840f24e
:1053580006439a4213d049463a4628461ff0feffb4
:10536800384622f061fa05460028e4d0ac692046a8
:1053780021f04afc2388012be8d04946ece7d4f811
:1053880018a0d5f82880944bd3f804b0404622f0f2
:1053980043ffd4f80e300593c0eb001005a95bf865
:1053a80020001af05ff8834628b104f1080201468c
:1053b800404619f077fad8f804309a453dd0394676
:1053c800cae7bbf1000f04d0e388012b26d0394689
:1053d800c2e704f1080303937f49d1f804a04046cb
:1053e80022f01affc0eb00100aeb800b05a95af84f
:1053f80020001af007fb0028e6d0037813f0020f0c
:1054080006d00bf11403039a80211ff0c5fbdbe7dc
:10541800039a0146404619f045fad5e7d4f80e300c
:10542800d8f8042008f13c01019108340094394669
:10543800404614f091f839468ee798f8433013f057
:10544800100fbed0394687e7634ca36903f5fa63aa
:10545800a361624aa2fb03239b09636122f04eff0a
:105468006768b0f1000b7ff76aaf07f13c091437a2
:105478004ff0000860e063687268002101915849a4
:1054880000910121304614f067f8638a0133638282
:105498002468fcb134f8041c11f4007f4e4b14bf8f
:1054a800b3f84230b3f84030608a9842f0d2dff85f
:1054b80028c1dcf81420a368d21adcf8383003fbc2
:1054c80000f39a42e4d3baf1000fd4d011f4807fec
:1054d800ded0d0e755f8284cfcb13f4a5369a168a3
:1054e8005b1a126b934218d3211f55f83c0c22f01b
:1054f80053f938461ef026fc6ff002030022211de6
:1055080030461cf08ff855f8284c34b1324a5369ac
:10551800a1685b1a126b9342e6d255f83c3c5a6a72
:1055280055f8083c9a4238d208f1010809f13c09bb
:105538003c37c3453ff403af404621f0e5fa064641
:105548004d4659f8184c002cc4d0234a5369a16819
:105558005b1a526b93421bd307f1100a211f55f8af
:105568003c0c22f019f950461ef0ecfb4ff0ff33cb
:105578000022211d30461cf055f855f8184c002c17
:10558800a8d0154a5369a1685b1a526b9342e5d2b9
:1055980096f843a00af0100a7ce755f8043c002b63
:1055a800c2d0002438461ef0cdfb82460028bbd06e
:1055b800011f55f83c0c22f0eff86ff003030022ae
:1055c8000af1040130461cf02df8013455f8043c6a
:1055d8009c42e7d3a8e700bf60f80020d34d6210d3
:0455e800d0050120c9
:020000040000fa
:020000040001f9
:1055ec0072756e6e696e67007374617274696e6742
:1055fc00000000003f0000003020776f72737420b1
:10560c002028534e52203c3d207e3564422c2020d5
:10561c00424552203e3d207e332e38452d32290006
:10562c0032202020202020202028534e52207e3152
:10563c00302d313264422c20424552207e372e3898
:10564c00452d342e2e332e34452d352900000000e7
:10565c0033202020202020202028534e52207e3121
:10566c00322d313464422c20424552207e332e346c
:10567c00452d352e2e322e37452d372900000000b2
:10568c0034202020202020202028534e52207e31f0
:10569c00342d313664422c20424552207e322e3736
:1056ac00452d372e2e312e34452d3130290000005a
:1056bc0035202020202020202028534e52207e31bf
:1056cc00362d313764422c20424552207e312e3407
:1056dc00452d31302e2e372e32452d3133290000f9
:1056ec0036202020202020202028534e52207e318e
:1056fc00372d313864422c20424552207e372e32d1
:10570c00452d31332e2e392e39452d3136290000b9
:10571c0037206265737420202028534e52203e3d62
:10572c00207e313864422c20424552203c3d207e64
:10573c00392e39452d31362900000000312020202a
:10574c00202020202028534e52207e352d313064cd
:10575c00422c2020424552207e332e38452d322ead
:10576c002e372e38452d3429000000005b5351494b
:10577c005d206e6f74206d6f6e69746f72696e67e9
:10578c00202d2027737169203c6e6f646520302eac
:10579c002e3235343e27206f7220277371692061b9
:1057ac006c6c2720746f2073746172740a0d000086
:1057bc005b5351495d206e6f64653a20616c6c20bf
:1057cc002877656967687465642920202073746183
:1057dc0074653a2025730a0d000000005b53514993
:1057ec005d206e6f64653a202575202020737461ee
:1057fc0074653a2025730a0d000000005b53514973
:10580c005d206e6f2076616c69642073616d706cc5
:10581c006520796574202d20616363756d756c61ed
:10582c0074696f6e206475726174696f6e20646543
:10583c0070656e6473206f6e207472616666696346
:10584c000a0d00005b5351495d206c6173743a2062
:10585c0025730a0d000000005b5351495d206d69f2
:10586c006e3a2025752020206d61783a2025752010
:10587c00202073616d706c65733a2025750a0d00dc
:10588c005b5351495d206572726f72733a202575b6
:10589c0020286c6173743a202573290a0d0000bf0f
:020000040000fa
:020000040001f9
:1058ac006f666620286d6561737572696e67206f0f
:1058bc006e6c79290000000075736167653a207081
:1058cc00747066206f6e207c206f6666207c20735f
:1058dc007461747573207c20736572766f205b6fb6
:1058ec006e7c6f66665d207c2072617465205b6ed9
:1058fc005d207c2064656164205b6e735d207c2080
:10590c006c6f67205b6f6e7c6f66665d207c2072af
:10591c00657365740d0a00005b505450465d206140
:10592c006c7265616479206c697374656e696e67fd
:10593c000d0a00005b505450465d206c6973746511
:10594c006e696e672028465453452b46545353209a
:10595c006f6e290d0a0000005b505450465d207399
:10596c00746f707065640d0a0000000073746174cc
:10597c0075730000736572766f00000031000000d3
:10598c005b505450465d20736572766f3a202573d8
:10599c000d0a000072617465000000005b505450e9
:1059ac00465d20726174653a206578706563746534
:1059bc006420312e2e3130303030302c20676f7413
:1059cc0020256c640d0a00005b505450465d20721b
:1059dc006174653a20696e74657276656e652065d2
:1059ec007665727920256c752073616d706c6573aa
:1059fc002020202864656661756c74202575290d3e
:105a0c000a00000064656164000000005b505450a3
:105a1c00465d20646561643a2065787065637465e1
:105a2c006420302e2e313030303030206e732c20ec
:105a3c00676f7420256c640d0a0000005b50545095
:105a4c00465d20646561643a20256c6c64206e733d
:105a5c002020202864656661756c7420256c6c644c
:105a6c00292020207068617365206a756d70732021
:105a7c00736f206661723a20256c750d0a00000068
:105a8c006c6f67005b505450465d207065722d63df
:105a9c0079636c65206c6f673a2025730d0a0000e2
:105aac00746200005b505450465d20726177202870
:105abc004c2c743129206c6f673a202573202020e0
:105acc004c20756e69743a205359535f54494d45b7
:105adc00207469636b73204020256c7520487a0d07
:105aec000a00000072657365740000005b5054502e
:105afc00465d20636f756e7465727320636c6561af
:105b0c007265640d0a00000075736167653a207058
:105b1c00747066206f6e207c206f6666207c20730c
:105b2c007461747573207c20736572766f205b6f63
:105b3c006e7c6f66665d207c206c6f67205b6f6e81
:105b4c007c6f66665d207c207462205b6f6e7c6f60
:105b5c0066665d207c2072657365740d0a0000bf5b
:020000040000fa
:020000040001f9
:105b6c00546573742067726f757020636f6d6d610f
:105b7c006e64733a0a0d0000202068656c7020205a
:105b8c002020202020202020202020202020202009
:105b9c00202020202020202d2053686f772074682f
:105bac0069732068656c700a0d0000002020746910
:105bbc006d657374616d70202020202020202020c2
:105bcc0020202020202020202020202d2053686ff2
:105bdc0077206275696c642074696d657374616d8e
:105bec00700a0d002020757074696d6520202020ce
:105bfc002020202020202020202020202020202099
:105c0c002020202d2054696d652073696e636520fa
:105c1c00626f6f742f6c6173742072657365740a94
:105c2c000d0000002020686973746f7279202020a9
:105c3c002020202020202020202020202020202058
:105c4c002020202d2053686f7720616c6c2070729f
:105c5c006576696f75736c7920656e7465726564b1
:105c6c0020434c4920636f6d6d616e64730a0d00a7
:105c7c002020697064756d70203c6d6f64653e20ea
:105c8c002020202020202020202020202020202dfb
:105c9c002044756d70205258204950207061636b00
:105cac006574732028303d6f66662c20313d657419
:105cbc0068302c20323d657468312c20333d626f86
:105ccc007468290a0d00000020207374617473201d
:105cdc0020202020202020202020202020202020b8
:105cec00202020202020202d2053686f772054580e
:105cfc002f525820736f66747761726520636f75cd
:105d0c006e7465727320666f7220657468302061e2
:105d1c006e6420657468310a0d00000020206475e3
:105d2c006d70203c616464723e203c636f756e74d0
:105d3c003e202020202020202020202d2044756d66
:105d4c0070206d656d6f72792028686578206164ac
:105d5c0064722c20636f756e74290a0d00000000ac
:105d6c0020206c6f67636c656172202020202020de
:105d7c002020202020202020202020202020202d0a
:105d8c0020436c656172206465666572726564207f
:105d9c007061636b6574206c6f67206275666665f5
:105dac00720a0d0020206c6f6773746174202020c0
:105dbc0020202020202020202020202020202020d7
:105dcc002020202d2053686f7720646566657272e1
:105ddc006564206c6f672073746174697374696394
:105dec00730a0d000a0d4c414e3836357820726519
:105dfc00676973746572732c2074657374206d6f8e
:105e0c006465732c20504c43413a20736565202700
:0c5e1c006c616e68656c70270a0d000058
:020000040000fa
:020000040001f9
:105e28002de9f04f099f154604468e461e46002b65
:105e380040f0cc808a42b2fa82fc4cd9bcf1000f07
:105e48000bd0ccf1200801fa0cfe20fa08f802fa6f
:105e58000cf548ea0e0e00fa0cf44fea15491ffa41
:105e680085f8befbf9fa210c09fb1ae30afb08fbcb
:105e780041ea03439b452ad9eb180af1ff3004d2c3
:105e88009b4502d9aaf102002b44a3eb0b03a4b251
:105e9800b3fbf9f209fb123302fb08f844ea0344a6
:105ea800a04516d92c1902f1ff3303d2a04501d918
:105eb800931e2c44a4eb080443ea004027b124fabb
:105ec8000cf400233c607b603146bde8f08f5046ff
:105ed800dbe71346eee702b9ffdebcf1000f2ed177
:105ee8008b1a01264fea154eaab2b3fbfef8210c15
:105ef8000efb183308fb02f941ea0343994561d9bf
:105f0800eb1808f1ff3004d2994502d9a8f1020034
:105f18002b44a3eb0903a4b2b3fbfef10efb113330
:105f28004a4344ea0344a2424ed92c1901f1ff33f3
:105f380003d2a24201d98b1e2c44a41abce7ccf18f
:105f4800200e02fa0cf521fa0ef901fa0cf320fae8
:105f58000efe4eea03034fea154800fa0cf4b9fbab
:105f6800f8f11ffa85fe08fb1192180c01fb0ef6da
:105f780040ea0242964221d9aa1801f1ff3003d221
:105f8800964201d9881e2a44921b9bb2b2fbf8f9ab
:105f980008fb192209fb0efe43ea02439e450fd96e
:105fa800eb1809f1ff3604d29e4502d9a9f1020681
:105fb8002b44a3eb0e0346ea004693e70846e3e7c3
:105fc8004e46f6e74046a4e70b46b6e78b4206d9ad
:105fd800002f7ed00026c7e90001304674e7b3fae7
:105fe80083fcbcf1000f0fd18b4201d3824209d848
:105ff800841a61eb030e0120002f6dd0c7e9004e13
:10600800002661e76046f7e7ccf1200e03fa0cf3af
:1060180022fa0ef521fa0ef41d4301fa0cf320fac8
:106028000ef10b434fea154a00fa0cf6b4fbfaf9e5
:106038001ffa85f80afb19401c0c09fb08f144ea11
:106048000044a14202fa0cf23fd92c1909f1ff30a1
:1060580004d2a14202d9a9f102002c44641a9bb2cd
:10606800b4fbfaf90afb194409fb08f843ea0441ae
:1060780088452cd9691809f1ff3304d2884502d91b
:10608800a9f10203294443ea0040a1eb0801a0fb5f
:1060980002894945c2464c4602d306d1464504d238
:1060a800b8eb020a69eb05040138afb1b6eb0a0395
:1060b80061eb040606fa0efe23fa0cf34eea03031c
:1060c80026fa0cf6c7e900369ae74846c6e74b4673
:0c60d800d9e73e463846f7e63e46f5e6be
:020000040000fa
:020000040001f9
:1060e400f0b585b014461d469c4b1b686bb9002661
:1060f40037469b4b009300230a9a294620461ff0fb
:1061040059fc48bb042005b0f0bd1ff0a9fa954b1b
:106114001e685f68914b1a680023801b61eb0701be
:106124001ff08efb4e01430146ead0621b1a62eb5c
:106134000102560246ead3565f0232463b1841eb4f
:106144000202970147ea93679e01f31a67eb020282
:106154001e1842eb0107cce7834b009301230a9af4
:10616400294620461ff026fc08b90420cbe77f4bc4
:10617400009302230a9a294620461ff01bfc08b903
:106184000420c0e7794b009303230a9a294620464a
:106194001ff010fc08b90420b5e7744b00930423e6
:1061a4000a9a294620461ff005fc08b90420aae7ec
:1061b4006f4b009305230a9a294620461ff0fafbe9
:1061c40008b904209fe7694b009306230a9a2946dd
:1061d40020461ff0effb08b9042094e700220023b7
:1061e400cde9002307230a9a2946204619f0c5fe63
:1061f40008b9042087e70096019708230a9a2946dc
:10620400204619f0bafe08b904207ce74ff08073e9
:10621400009309230a9a294620461cf0ebf908b991
:10622400042070e74ff0807300930a230a9a2946ea
:1062340020461cf0dff908b9042064e74b4b0093b7
:106244000b230a9a294620461ff0b4fb08b9042000
:1062540059e700220023cde900230c230a9a29469a
:10626400204619f08afe08b904204ce70023009365
:106274000d230a9a294620461ef018fb002864d0f4
:106284000a9b1a88531c9bb29d4260d30a990b80c7
:106294000023a354354b00930e230a462946204677
:1062a4001ff088fb08b904202de7304b00930f231f
:1062b4000a9a294620461ff07dfb08b9042022e7ec
:1062c4000023009310230a9a294620461cf092f9d1
:1062d40008b9042017e70023009311230a9a2946da
:1062e40020461cf087f908b904200ce71ef0f6fddf
:1062f40006460023009312230a9a294620461ef0dc
:10630400d5fa30b30a9b1a88531c9bb29d4222d300
:106314000a990b80a65400220023cde9022302a887
:106324001df00ef810b1dde9022301e00022002384
:10633400cde9002313230a9a2946204619f01dfead
:10634400002814bf00200420dde60420dbe604203e
:10635400d9e60420d7e60420d5e600bf2c020120ac
:106364008c5e0300c0fe00209c5e0300ac5e030054
:04637400b05e030014
:020000040000fa
:020000040001f9
:10637800914b1b78002b00f018812de9f04387b072
:106388008e4b1b6863b98e4b1b7a002b42d18c4b0a
:1063980093f848300126002b3dd107b0bde8f083c3
:1063a8001ff05cf906460f46864bd3e90023994255
:1063b80008bf9042e7d3844b93f800801ff04ef952
:1063c8007f4b03eb8813c3e90001da680132da6016
:1063d8001b7a23b97a4b03eb881301221a72784b84
:1063e80003eb881393f8312001239340774a5361d4
:1063f800774a136801331360704a1368013b1360ce
:106408007049744a136852689b1947eb02020b6083
:106418004a60b8e7002600220023cde90423684b30
:1064280003eb8613b3f93430002b0ddb5a0903f064
:106438001f03012101fa03f32032674941f8223092
:10644800bff34f8fbff36f8f5d4b03eb8613d3e919
:10645800008900221a72b3f93430934208db5909d3
:1064680003f01f03012202fa03f35b4a42f82130ca
:10647800534b03eb86131b7ecbb1514b03eb8613b7
:10648800d3e904234b4508bf424510d2b8eb0204b8
:1064980069eb0305514b524a11681a685868a2fb08
:1064a800012301fb00339d4208bf94425cd3444b57
:1064b80003eb8613c3e9048901221a76da690132eb
:1064c800da6121f04bfe044604aa4046494620f012
:1064d800ebf9002860d1434a1368013313600025a3
:1064e800284604950595364b03eb86139d62dd62bd
:1064f800294601f00101324b03eb861383f8301073
:10650800394b1a6801321a60384b1b78002b32d18c
:10651800374b1b78002b3ff440af294b03eb861316
:1065280093f830306bb3dde904452f4b1f68244bdb
:1065380003eb8616b66b1ea3d3e900232046294633
:106548001ff07cf9cde9022319a3d3e900232046e3
:1065580029461ff073f9cde900013b46324625492b
:10656800002018f013fa18e7154b03eb8616336a68
:106578000133336211e700950190701c0df0a4fc03
:10658800c6e70f4b03eb8616174b1b68b26b1a490d
:10659800002018f0fbf900e7049d0598084b03eb71
:1065a80086139d62d8622146a3e77047aff3008047
:1065b80000ca9a3b0000000088040120cc03012097
:1065c800b8f50020000001208704012000280040c1
:1065d800d0030120f8ff002000e100e0c8050120f9
:1065e8000c060120d4030120d80301202e06012027
:0c65f8002d060120acf70200d8f70200cd
:020000040000fa
:020000040001f9
:106604002de9f04f87b0012840f3cd800d460446b4
:106614007a49686821f0d3fa002840f0c980022c36
:106624001addac687649204621f0c9fa002800f04a
:1066340083807449204621f0c2fa00287cd00022cd
:106644001146204621f096fc431eb3f5803f7bd2d1
:1066540012f0c6f900287dd06b4b1c78002c00f09a
:106664008a806a4b18686a4b19786a4b6a4a00290f
:1066740008bf1346624a6949002818bf0a46684998
:10668400002018f085f9614b1a68002a79d11ef0b0
:106694000ffd644a938bd28800920246624900201f
:1066a40018f076f9614b1a68614b1b6861490978e7
:1066b400c8b26149614d002808bf29466048d0e945
:1066c4000067019600915f49002018f061f94f4b73
:1066d4001b68002b68d021f0c7fe05468b46dff807
:1066e4002c91d9f800a00026524633461ff0a8f892
:1066f40017461ef0ddfc804652463346284659466e
:106704001ff09ef800f001064f4b18681ef035fd8f
:10671400a8eb070101f1030cd9f80020072a04d9da
:10672400032f51d9043aba424ed3864242d02a4664
:1067340005464648464b53e018f0d8f94549002031
:1067440018f026f901242fe04349002018f020f91d
:10675400012429e03c4b1b685bb1187821f010fd43
:106764001cf040fa02463d49002018f011f90124ba
:106774001ae00020f2e73a49002018f009f9012450
:1067840012e0009213463749002018f001f91f4b1c
:106794001a685200344ba3fb0232d208334900205a
:1067a40018f0f6f873e70024204607b0bde8f08f30
:1067b4000024f9e72a4605460646244809e02a4605
:1067c400054606462a4804e08642f8d02a4605468d
:1067d4002748284bdff878e0bcf1060f88bf7346e2
:1067e40005930490039502960191cdf800803b46f1
:1067f4002149002018f0ccf8d6e700bf886d0100cd
:106804004c6d01008c6d01008b040120e803012014
:106814008a040120546d01005c6d0100506d01007b
:10682400206e010000140043cc6e0100e00301203f
:10683400dc03012089040120646d0100686d0100fe
:1068440008000120046f0100e40301206c6d0100c5
:10685400786d0100906d0100b46d0100dc6d0100e4
:106864000c6e0100406e0100cdcccccc986e0100c2
:0c687400706d0100846d01004c6f01008c
:020000040000fa
:020000040001f9
:106880002de9f04f8bb004460d460023adf81c30c7
:106890000df11f02029208aa01920122009207aa9a
:1068a00010f040f9002800f00a819df81f30002bfd
:1068b00000f00981bdf820001ef064ff8246002828
:1068c00000f093800df11f08cdf8088008af019704
:1068d00000260096012307aa2946204610f022f937
:1068e000cdf8088001970096022307aa2946204682
:1068f00010f018f9cdf8088001970096032307aa35
:106900002946204610f00ef99df81f30002b71d05b
:106910009df820900df11f03029308ab0193032310
:106920000093042307aa2946204610f0fbf89df89f
:106930001f30002b61d0dde908670df11f030293c2
:1069400008ab019302230093052307aa294620469a
:1069500010f0e8f8002800f0b8809df81f30002bf8
:1069600000f0b580ddf820800df11f03029308ab25
:10697000019302230093062307aa2946204610f01c
:10698000d1f89df81f30002b3ad0ddf820b00df182
:106990001f03029308ab019302230093072307aa66
:1069a0002946204610f0bef8b8f1000f2bd0b9f1ff
:1069b000000f2dd103219af804001ef0abfa60b34a
:1069c00001238af80530bbf1000f30d156ea0703e6
:1069d00028d03221012018f0a9fc32463b46baf8f3
:1069e000021001200af0dcf962e03a4b3a4a1a60e0
:1069f000052065e04ff000098ce7002600279ce7a2
:106a00004ff0000bc3e7334b344a1a60042057e0c1
:106a1000304b334a1a60042052e02e4b314a1a6040
:106a200004204de02b4b304a1a60042048e000253a
:106a3000444618eb0b0845f10009201945eb050108
:106a4000001945eb01014b0143ead0634201801874
:106a500043eb010142464b46001945eb01011ef094
:106a6000f1fe834620b1632828bf4ff0630b01e09d
:106a70004ff0010bcaf80880e90742464b46e00791
:106a800041ea54011ef0defecaf80c00594601200e
:106a900018f04cfcbaf8021000230493cde9026709
:106aa0000022cde9002342464b46012003f0faf9cb
:106ab00030b118f071fc074b1860042000e005208d
:106ac0000bb0bde8f08f0520fae70520f8e70520b8
:106ad000f6e700bff005012040ca020054ca0200d8
:0c6ae0006cca020090ca0200acca02009e
:020000040000fa
:020000040001f9
:106aec006c616e68656c70003a206c69737420740c
:106afc006865204c414e3836357820646961676e84
:106b0c006f737469637320636f6d6d616e64730072
:106b1c006c616e5f72656164000000003a20726502
:106b2c006164204c414e3836355820726567697364
:106b3c0074657220286c616e5f72656164203c61c3
:106b4c006464725f6865783e290000006c616e5f5a
:106b5c0077726974650000003a2077726974652059
:106b6c004c414e38363558207265676973746572be
:106b7c0020286c616e5f7772697465203c61646477
:106b8c00725f6865783e203c76616c75655f686500
:106b9c00783e29006c616e5f726d77003a207265e9
:106bac0061642d6d6f646966792d777269746520e7
:106bbc002b2076657269667920286c616e5f726d28
:106bcc0077203c616464723e203c6d61736b3e20a7
:106bdc003c76616c75653e29000000007465737429
:106bec006d6f6465000000003a20494545452074ee
:106bfc0072616e736d697474657220746573742040
:106c0c006d6f64652028746573746d6f6465205bab
:106c1c00302e2e345d205b7365636f6e64735d2c58
:106c2c00206e6f20617267203d2073686f7729009a
:106c3c00706c63615f6e6f64650000003a2067657d
:106c4c00742f73657420504c4341206e6f64652023
:106c5c0049442028706c63615f6e6f6465205b69ca
:106c6c00645d2c206e6f206172673a2073686f77b9
:106c7c002063757272656e7429000000706c63611c
:106c8c005f737461740000003a20504c43412062e1
:106c9c007573206865616c74682062656c6f772011
:106cac0049502d6672616d65206c6576656c202887
:106cbc006c696e6b2f6e6f6465732f544f2b42454e
:106ccc0041434f4e20636f756e74732f6576656efe
:106cdc0074732900737169003a20636f6e74696e66
:106cec00756f7573205369676e616c205175616c9b
:106cfc0069747920496e64696361746f72202873ba
:106d0c007169205b6e6f64657c616c6c7c6f666610
:106d1c005d2c20737169207265706f7274203c73e6
:106d2c0065633e7c6f66662c206e6f206172673add
:106d3c002073686f77207265706f7274290000bfc2
:020000040000fa
:020000040001f9
:106d4c006f6666006f6e000068656c640000000082
:106d5c006672656500000000796573006e6f000057
:106d6c000000000020286564676529004d49534ddb
:106d7c0041544348000000006f6b000064697600ca
:106d8c00300000005b474449565d206f6666202d3d
:106d9c00204c45443120697320667265652061671b
:106dac0061696e0d0a0000005b474449565d206422
:106dbc0069766964657220312e2e3635353336206e
:106dcc00286f7220276f666627290d0a00000000c5
:106ddc005b474449565d204c45443120697320681b
:106dec00656c642062792027257327202d206e6f17
:106dfc007468696e67206368616e6765640d0a006c
:106e0c005b474449565d204e4f542072656164794e
:106e1c000d0a00005b474449565d2064697669643d
:106e2c0065723a2025732020204c4544313a2025a8
:106e3c00730d0a005b474449565d2020206e203daf
:106e4c0020256c75202d3e204c454420666c6970c5
:106e5c007320657665727920256c752d74682067b2
:106e6c0072696420706f696e743b206379636c6522
:106e7c00203d2032202a20256c75202a206772693b
:106e8c006420706572696f640d0a00005b474449a9
:106e9c00565d2020206174206120313030207573c4
:106eac0020677269642074686174206973206120a2
:106ebc00256c75206d73206379636c650d0a000079
:106ecc005b474449565d20202054433620434f55a0
:106edc004e54203d202575202020434330203d205a
:106eec00257520202045564354524c203d203078a7
:106efc00253034580d0a00005b474449565d20206c
:106f0c0020616c69676e65643a20256c75202020c1
:106f1c0064656665727265643a20256c7520202064
:106f2c0070656e64696e673a2025732020206c6151
:106f3c00737420696e6465783a20256c750d0a00af
:106f4c005b474449565d20202073656c662d636851
:106f5c0065636b3a20696e64657820256c7520201a
:106f6c0020434f554e542077616e7420256c75204c
:106f7c00697320256c752028252b6c642920202012
:106f8c006c6576656c2077616e742025752069734d
:106f9c00202575257320202025730d0a000000bfc5
:020000040000fa
:020000040001f9
:106fac002de9f04f89b004460d461ff00bfa8146cf
:106fbc001ff0f4f90646d4f8c4707b680593002dd5
:106fcc0000f09180022d64d8d4f830a094f8ce3023
:106fdc00122b06bfe36a0aeb0308d4f82c80d4f812
:106fec008c00d4f88830c01a20f016facde90601ce
:106ffc00484620f011fa0022774b02f037fd02468a
:10700c000b46dde9060102f031fd1ff06ffc8146f5
:10701c00002800f0dc800022704bd4e908010af053
:10702c007ffbcde90601484620f0f6f902460b46f7
:10703c00dde9060102f01afd3b68d3f804b0684f95
:10704c00a7fb0937bf094ff47a7303fb1799654bfc
:10705c00a3fb09394fea59130693b8f1000f00f05e
:10706c00b9804ff0640909fb0af9b9fbf8f9002261
:10707c005d4b01f024fb1ff039fc0390cdf8089018
:10708c00cdf80480cdf800a0069b3a4657490598e8
:10709c00d847022d12d1564aa21ad21002ebc203c3
:1070ac0002eb4302c2eb422202eb8242d4f8c43020
:1070bc001b685b6852424f4905989847a36ac4f80d
:1070cc009c30236bc4f8a030d4f89430c4f89830ba
:1070dc00c4f8a860d4e908011ff008fcc4f8a400a7
:1070ec0009b0bde8f08f226bd4f8a030a2eb030bf3
:1070fc00d4f8a850401b20f08ff9cde90601484682
:10710c0020f08af90022344b02f0b0fc02460b4608
:10711c00dde9060102f0aafc1ff0e8fb824694f8b8
:10712c00ce30122b47d0a26ad4f89c30a2eb0308c5
:10713c00baf1000f46d0d4f8a40020f06df9024645
:10714c000b46d4e9080121f079fb0022234b0af00d
:10715c00e7facde90601504620f05ef902460b46ef
:10716c00dde9060102f082fcd4f88830ed1ab5fb9b
:10717c00f9f53b685f682368b3fbf9f9a944b8f1ea
:10718c00000f22d04ff0640a0afb0bfabafbf8fa94
:10719c000022154b01f093fa1ff0a8fb0390cdf8d9
:1071ac0008a0cdf80480cdf800b04b462a46124911
:1071bc000598b84782e7e36ad4f89c209b1a03eb46
:1071cc000b08b5e700200021cee7c246e0e700201f
:1071dc00002131e7c1464ae700408f4000002040c3
:1071ec00d34d62101f85eb510000e03f84b40200c8
:0c71fc0098ef0020c0b4020048b402006c
:020000040000fa
:020000040001f9
:1072080075736167653a20736574656e76203c6bab
:1072180065793e203c76616c3e0d0a20204950205d
:107228006b6579733a2020206970302f6d61736b1c
:10723800302f6777302f646e7330202028646f7486
:107248007465642d71756164290d0a20204d4143d0
:10725800206b65793a2020206d6163302020285802
:10726800583a58583a58583a58583a58583a58582c
:107278003b206170706c696573206166746572206b
:107288007265736574290d0a2020504c4341206ba8
:107298006579733a20706c63615f69642028302ec9
:1072a8002e323534292c20706c63615f636e742034
:1072b80028312e2e323535290d0a00006d616330d4
:1072c8000000000025783a25783a25783a25783a5a
:1072d80025783a2578000000706c63615f69640066
:1072e800706c63615f636e740000000073657465a1
:1072f8006e763a20706c63615f69642072616e67b4
:107308006520302e2e3235340d0a00007365746501
:107318006e763a20706c63615f636e742072616e82
:10732800676520312e2e3235350d0a007365746578
:107338006e763a202573203d20256c752028524111
:107348004d206f6e6c793b202773617665656e768c
:107358002720746f2070657273697374290d0a0091
:10736800697030006d61736b300000006777300022
:10737800646e733000000000736574656e763a20a1
:1073880062616420495020272573270d0a000000f8
:10739800736574656e763a202573203d2025732029
:1073a8002852414d206f6e6c793b202773617665ba
:1073b800656e762720746f207065727369737429ff
:1073c8000d0a0000736574656e763a206261642068
:1073d8004d41432027257327202875736520585869
:1073e8003a58583a58583a58583a58583a585829da
:1073f8000d0a0000736574656e763a202573203d8a
:10740800202573202852414d206f6e6c793b202730
:1074180073617665656e762720746f207065727368
:107428006973743b204d4143206170706c696573ca
:10743800206166746572207265736574290d0a008f
:10744800736574656e763a20756e6b6e6f776e2015
:0c7458006b657920272573270d0a0000c2
:020000040000fa
:020000040001f9
:107464005443502f495020537461636b3a2048654c
:107474006170206372656174696f6e206661696c06
:1074840065642c20747970653a2025640d0a000027
:107494005443502f495020537461636b3a204e6516
:1074a40074776f726b20636f6e666967757261744f
:1074b400696f6e20616c6c6f636174696f6e2066b6
:1074c40061696c65643a20256c750d0a0000000042
:1074d4005443502f495020537461636b3a205061d8
:1074e400636b657420696e697469616c697a61742f
:1074f400696f6e206661696c65643a20307825781e
:107504000d0a00005443502f495020537461636b9b
:107514003a2044656661756c7420466c617368201a
:107524004e6574776f726b20636f6e6669677572f0
:107534006174696f6e206c6f6164206661696c654b
:10754400642025640d0a00005443502f49502053f1
:107554007461636b3a204e6574776f726b20636f4e
:107564006e66696775726174696f6e20696e69749d
:1075740069616c697a6174696f6e206661696c65b2
:10758400643a2025640d0a005443502f4950205377
:107594007461636b3a204e6574776f726b20636f0e
:1075a4006e66696775726174696f6e3a20416c69c1
:1075b40061736573206e6f7420737570706f72746d
:1075c40065643a2025640d0a000000005443502fde
:1075d400495020537461636b3a204e6574776f721f
:1075e4006b20636f6e66696775726174696f6e3a5a
:1075f40020696e76616c696420495020616464720c
:107604006573733a2030782538780d0a000000003d
:1076140025732564000000005443502f4950205323
:107624007461636b3a20506f776572204d6f6465a7
:1076340020696e697469616c697a6174696f6e201e
:107644006661696c3a2025640d0a00005443502f8a
:10765400495020537461636b3a2044796e616d69bb
:1076640063206d656d6f7279206973206c6f773a52
:1076740020256c750d0a00005443502f49502053a7
:107684007461636b3a20496e697469616c697a61eb
:1076940074696f6e206661696c6564202564202db1
:1076a4002041626f7274696e6721200d0a0000bf69
:020000040000fa
:020000040001f9
:1076b4002de9f84fd0f804a0012912dd81460f46c8
:1076c400144656687449304620f079fa80b1734bf9
:1076d4001b78b3b1d9f800301b68714950469847fc
:1076e40004e003681b686f4950469847bde8f88f6b
:1076f4006a4b1b78002bf9d05146484618f02efdf2
:10770400f4e7694930460bf02bf860b966683046f7
:1077140020f094f91e2820d9d9f800301b68634959
:1077240050469847e2e7624e10226168304620f0e6
:10773400c5fe002333745f4a13705f4a13605f4ac7
:107744001360032fc8bf4ff0030b40f3a180043f25
:1077540027f001070437022618e03146554820f087
:10776400a7fe0023544a1360544a1360032f40f3c6
:1077740084804ff0010beae740461cf0a9fa504b15
:10778400186010b302360834be4241d0a568d4f85c
:107794000c804c49284620f012fa0028ecd04a49c3
:1077a400284620f00cfaa8b14849284620f007fae8
:1077b400b0b14749284620f002fab8b1d9f80030f0
:1077c4001b68444950469847dce720f093fd3c4b46
:1077d4001860d7e740461bf0f8fb374b1860d1e739
:1077e40040461bf0f2fb354b1860cbe740461bf0dc
:1077f400ecfbb0f5fa6f02d8374b1860c2e7d9f842
:1078040000305b684ff4fa623449504698476de79c
:10781400224b83f800b0bbf1010f31d020f032f9d4
:107824002f4b188020f02ef92e4b1880224b1b680a
:1078340013b9214b04221a60204b1b68bbb91f4ba0
:107844004ff47a721a60284bc3f80090274bc3f8a0
:1078540000a00023264a1360264a1360174bb3f98d
:107864000020254b196820201ef084fc3ee7042be1
:10787400e9dc124b05221a60e5e7084b01221a7075
:10788400d9f800305b680b4a1c4950469847c5e755
:10789400024b03221a70c1e7e420020049fc0020d5
:1078a400ec2002008c2002006c0001201821020050
:1078b40038fc002098fb0020640001205c000120bb
:1078c400540001203c210200402102004421020016
:1078d4004821020078210200d80501204c21020031
:1078e40018040120160401209400012050000120f6
:1078f4004c0001205800012098000120942102002e
:020000040000fa
:020000040001f9
:107904002de9f04f89b00f2103201ef047fc10f041
:10791400010f02d109b0bde8f08f0327dff82ca2d4
:107924006ff00e0bc9e028461ff0a9fa814500f25a
:10793400f080d5f82890b9f1000f00f0f98099f89b
:10794400423013f0400f02d16ff01301b1e0f3683d
:10795400b3f1ff3f00f0e080d9f80810d9f8042013
:1079640062ea0102934200f0da8033690193002b4a
:1079740000f0d8800df10c0cb646bee80f00ace860
:107984000f00def80030ccf80030bdf81220130ae6
:1079940043ea0223c3f30d03002b40f0c6802b6a95
:1079a40013f4807f21d0d9f80410d9f8083001ea03
:1079b40003020198904225d0614a1278b0f1ff3f4a
:1079c4001dd061ea0303984219d09df81c3003f0de
:1079d400f003e02b20d05b4b0198984201d0884201
:1079e40010d112f0010f0dd119e0002241463046aa
:1079f40017f0d2f90028d6d06ff0090159e012f03f
:107a0400020f0cd0daf80020daf800309a42f9d1eb
:107a140053bb6ff013014ce012f0040ff2d1a969cb
:107a24000b789b0003f03c03ca18ea6128699bb2f7
:107a34008289d21a82814888020a42ea002292b2da
:107a44004a80d31aab85ca88130a43ea02239bb23d
:107a5400cb80c3f30d034a7a062a6cd0112a6cd06a
:107a6400012a1bd0594624e037481ef0c5fd364b89
:107a74001e6836b934481ff075fbcae73668002e15
:107a8400f8d0337a002bf9d07368214628469847fa
:107a94000028f3d02c481ff065fbc0e7062063b92b
:107aa400012229461cf032f9594630b901e06ff041
:107ab4000d013a4628461df053fc38461ff0b6fe29
:107ac400054600283ff426afae69337803f0f0038f
:107ad400402becd13478a40004f03c04132c12d9cc
:107ae4001ffa84f82b699b8943450fd373884feaa7
:107af400132949ea03291ffa89f9c8457ff613af08
:107b04006ff00d01d5e76ff00d01d2e76ff00d01b5
:107b1400cfe76ff00d01cce76ff00a01c9e76ff012
:107b24000a01c6e76ff00b01c3e76ff00d01c0e770
:107b34006ff01301bde70a20b1e70920afe700bfea
:107b4400150401207f00000180fc0020a00001201a
:020000040000fa
:020000040001f9
:107b54002de9f041784bdb6813f0807f04d0774b3c
:107b64001b6813f0010f14d1734ad36843f0807378
:107b7400d360724b1a6842f001021a6070490a68b5
:107b840001320a605a685b68d31a18bf01236d4a30
:107b940013706d4b1b78002b51d120f0e1fa6b4b25
:107ba40018706b4b1b78b3b16a4b1b789bb96a4b4b
:107bb4001b6883b1052118781df0aaf9002840f04c
:107bc4009080664b1b7833b9644b01221a70644a67
:107bd400136801331360634bd3e90023134314d0b8
:107be400614b1b78002b00f08980604bd3e9006760
:107bf4001df036fd341a67eb01055d4a4ff0ff3383
:107c0400944275eb0303c0f28e805a4b1b78a3b1e8
:107c1400594bd3e90045594b1e68594b1888554bad
:107c240000221a701df0c2f938b142782ab94768a7
:107c34008368324620462946b847bde8f0811df0e6
:107c44000ffd504bd3e90023994208bf9042a4d3bf
:107c54004c4f4d4bd3f800c0d3f804e04fea4e1616
:107c64004fea4c1346eadc62b3eb0c0662eb0e08f7
:107c74004fea881242ea9662b3019b1b62eb080248
:107c8400d60046ea53764feac30818eb0c0346ebda
:107c94000e02160146ea13764fea031c32461ceb29
:107ca400000341eb02023b607a60384b197881f0a3
:107cb40001011970244b1b7813f0010f0cd1224bd6
:107cc4001b7813f0020f3ff468af304b1978224b46
:107cd40058681df037f960e71f4b18681df032f93a
:107ce400ede71c4b01221a701c4b00221a70284b22
:107cf4001978194b18681df025f96ce720f030fa53
:107d040020b9244b1b78012b7ff47faf224b1b78c7
:107d14001bb9224a1368013313601f4b00221a70e7
:107d2400fdf79cf971e71af039fb1c4a136801331b
:107d34001360fdf793f968e7f0ed00e0001000e050
:107d44006c020120640401206d04012068040120f8
:107d5400690401206604012028ff00206504012035
:107d64007402012040ff00206204012078ff0020fb
:107d7400412bfeff7004012038ff0020a0020120e7
:107d84001e00012030ff002088ff00206e04012027
:107d9400670401206f0401206a04012058020120b5
:020000040000fa
:020000040001f9
:107da400537461747573302e5472616e736d69749b
:107db4002050726f746f636f6c204572726f720d16
:107dc4000a000000537461747573302e5472616e2e
:107dd400736d697420427566666572204f766572ac
:107de400666c6f77204572726f720d0a0000000096
:107df400537461747573302e5472616e736d69744b
:107e04002042756666657220556e646572666c6f95
:107e140077204572726f720d0a000000537461740a
:107e24007573302e526563656976652042756666a2
:107e34006572204f766572666c6f77204572726f3b
:107e4400720d0a00537461747573302e4c6f737322
:107e5400206f66204672616d696e67204572726f8d
:107e6400720d0a00537461747573302e4865616431
:107e74006572204572726f720d0a0000537461744a
:107e84007573302e526573657420436f6d706c6525
:107e940074650d0a00000000537461747573302e0c
:107ea40050485920496e746572727570740d0a00d9
:107eb400537461747573302e5472616e736d69748a
:107ec4002054696d657374616d70204361707475bd
:107ed400726520417661696c61626c6520410d0aae
:107ee40000000000537461747573302e5472616e17
:107ef400736d69742054696d657374616d7020438a
:107f040061707475726520417661696c61626c653b
:107f140020420d0a00000000537461747573302e02
:107f24005472616e736d69742054696d6573746104
:107f34006d70204361707475726520417661696c5f
:107f440061626c6520430d0a000000005374617483
:107f54007573302e5472616e736d6974204672614c
:107f64006d6520436865636b2053657175656e6349
:107f740065204572726f720d0a00000053746174bb
:107f84007573302e436f6e74726f6c20446174612c
:107f94002050726f74656374696f6e204572726fde
:107fa400720d0a00537461747573302e556e6b6ec6
:107fb4006f776e204269743d2564207265672d7663
:107fc400616c3d307825640d0a000000436f6e66d5
:107fd40069673020726567697374657220726561c0
:0c7fe40064206661696c65640d0a000091
:020000040000fa
:020000040001f9
:107ff000696e7465726e616c00000000706f6f6c6a
:108000000000000065787465726e616c000000000d
:108010004c6f6f73650000005374726963740000e5
:108020004e6f6e2d00000000200000006e65746928
:108030006e666f003a20476574206e6574776f72c4
:108040006b20696e666f726d6174696f6e000000ff
:108050006465666e657400003a205365742f476549
:10806000742064656661756c7420696e74657266ef
:10807000616365007a636c6c000000003a205475ff
:10808000726e205a434c4c206f6e2f6f6666000054
:10809000736574646e7300003a2053657420444e17
:1080a00053206164647265737300000073657469c2
:1080b000700000003a2053657420495020616464c8
:1080c0007265737320616e64206d61736b000000d4
:1080d00073657467770000003a2053657420476128
:1080e0007465776179206164647265737300000060
:1080f00073657462696f73003a2053657420686f0a
:1081000073742773204e657442494f53206e616d1e
:10811000650000007365746d616300003a2053656b
:1081200074204d41432061646472657373000000e4
:10813000696600003a204272696e6720616e2069ac
:108140006e746572666163652075702f646f776efb
:1081500000000000737461636b0000003a205374e8
:1081600061636b207475726e206f6e2f6f66660090
:1081700068656170696e666f000000003a204368b0
:1081800065636b206865617020737461747573003a
:1081900070696e67000000003a2050696e672061c8
:1081a0006e204950206164647265737300000000a2
:1081b0006d6163696e666f003a20436865636b208a
:1081c0004d41432073746174697374696373000073
:1081d0006d69696d000000003a204d49494d2063ea
:1081e0006f6d6d616e647300756470003a20554464
:1081f0005020636f6d6d616e647300007463700076
:108200003a2054435020636f6d6d616e64730000bb
:108210007463707472616365000000003a20456efb
:1082200061626c6520544350207472616365000084
:0c823000697034003a2049507634000098
:020000040000fa
:020000040001f9
:10823c006f6e00006f666600726561647900000005
:10824c004e4f542052454144592028455854494ecc
:10825c00542074616b656e3f2900000072656c657b
:10826c00617365640000000050524553534544004f
:10827c0062746e0073656e64000000005b42544ec5
:10828c005d2073656e643a2025730d0a00000000b2
:10829c006c6f67005b42544e5d206c6f673a202513
:1082ac00730d0a005b42544e5d2066697265203c7a
:1082bc00317c323e205b656467657320312e2e3134
:1082cc0030305d205b6761705f6d735d0d0a00007f
:1082dc005b42544e5d2025733a20696e6a65637467
:1082ec00696e6720256c7520656467652873292085
:1082fc00256c75206d7320617061727420286e6f0f
:10830c00742061207265616c207072657373290d25
:10831c000a0000006465626f756e63650000000002
:10832c005b42544e5d206465626f756e63653a20e6
:10833c00302e2e35303030206d730d0a00000000c9
:10834c005b42544e5d206465626f756e63653a20c6
:10835c00256c75206d730d0a000000005b42544eb5
:10836c005d20257320202073656e642025732020ea
:10837c00206c6f672025732020206465626f756efa
:10838c00636520256c75206d730d0a005b42544e9d
:10839c005d20257320205044253032752f455854cc
:1083ac00494e542575202070696e2025732020209d
:1083bc00656467657320256c752020207072657369
:1083cc0073657320256c75202020626f756e636554
:1083dc00732064697363617264656420256c750d28
:1083ec000a0000005b42544e5d2020202020206caf
:1083fc006173743a20256c6c752e2530396c6c7554
:10840c00207320286d6173746572290d0a000000b9
:10841c005b42544e5d2020202020206c6173743a06
:10842c00206e6f2076616c69642074696d650d0a2d
:10843c00000000005b42544e5d2073657120256c7a
:10844c007520202064697363617264656420666fb3
:10845c0072206e6f206d6f64656c3a20256c7520f0
:10846c002020696e6a65637465643a20256c750d0d
:0c847c000a00000066697265000000bf85
:020000040000fa
:020000040001f9
:108488002de9f04784b01df0d7fe002800f01281d6
:1084980005461ef055f9002800f0118195f8413085
:1084a80013f0020f40f09e80ac682b68e41aa4b267
:1084b800002c00f0008195f83c60012e18bf0024c4
:1084c80040f0f9806b69002b00f0f08095f840309f
:1084d80013f0800f01d06a6a92b9c3f3801305f1d3
:1084e800180205f11401686a1af013f86862002886
:1084f80000f0de8095f8403043f0c00385f8403046
:1085080095f8403003f00303022b6fd0ef68ab6996
:10851800bb636b69fb636b6a3b64d7f81c9095f887
:10852800413013f0020f66d007f1480ab7f85440fb
:1085380008233a6991890b44938104f108081ffaca
:1085480088f86a8d130a43ea0223a9f800302a8db5
:10855800130a43ea0223a9f802304fea182343ea30
:108568000823a9f804300023a9f806306b6a93f8a9
:10857800683013f0020f48d097f83c3003f0f0034e
:10858800e02b73d095f863308df80130b5f848309a
:10859800c3f3c5038df8003095f84930c3f34003a1
:1085a8008df802306b4642461121384608f0f2fe3b
:1085b80000233b60bb8638461ff0befe00287ad1f8
:1085c8003b6900229a8195f8413013f0020f12bfdf
:1085d800a7f854202b68ab603b6a23f008033b6282
:1085e800002468e0eb68b3f8544061e7686a1ef05d
:1085f80008fc68618ae7ab682c681b1b9cb204f115
:1086080008039bb24ff0000a93e7bb6b0193fb6b27
:10861800029300228df80c2011238df80d30b9f843
:108628000430adf80e300c2101a816f0b3fbc0439e
:1086380082b295f8413013f0020f10d00821484655
:1086480016f0a8fbc24392b22146daf8080016f0e9
:10865800a1fbc3439bb2db43a9f806308ce7414634
:10866800484616f097fbc3439bb2f4e795f863308e
:10867800002b18bf1e468df80160b5f84830c3f3cb
:10868800c5038df8003095f84930c3f340038df8e1
:1086980002306b4642461121384608f07bfe002323
:1086a8003b6095f84230c3f3800383e7002402e07f
:1086b800002400e00024204604b0bde8f087002430
:0286c800f9e7d0
:020000040000fa
:020000040001f9
:1086ca0030b591ea030f00f18280841a71eb030c32
:1086da0005d2121953eb0c03001b71eb0c0140f28b
:1086ea00000ccff6e07c1cea430f52d0bceb410fe2
:1086fa005fd90c0da4eb135e5ff0010c6cf31f51f4
:10870a006cf31f53def1200c2ad303fa0cf540193f
:10871a0041f1000122fa0ef5401923fa0ef56941da
:10872a0012fa0cf2cd0208d349085fea30005fea78
:10873a00320228bf42f001020134013c5fea500cc8
:10874a0072f1004250f1000051eb04514ff4001352
:10875a0013eb410f38bf30bd6ff31301002030bd5a
:10876a00bef1200ebef1200f1ed223fa0ef54019db
:10877a0041f10001cef1200c124218bf012203fa86
:10878a000cf52a43cee711ea5c0f04bf0020002152
:10879a0030bd1cea410f04bf01f00041002030bd8a
:1087aa0001f00041002030bd21f4801101eb045199
:1087ba0030bd004218bf41f00101bceb410f08bfb8
:1087ca0030bd4ff0fe4141f47801002030bd83f006
:1087da000043841a71eb030e07d28ef0004e001b81
:1087ea0071eb0e01121953eb0e0340f2000ccff697
:1087fa00e07c1cea430fc6d0bceb410f72d90c0dca
:10880a00a4eb135ec90241ea5051c00241f0004193
:10881a00db0243ea5253d20243f00043def1200c5a
:10882a0041d312fa0cf522fa0ef203fa0cf542ead7
:10883a00050218bf42f0010223fa0ef3801a994189
:10884a00e30ac4f30a0411f0404f03d418d0013ce0
:10885a0040004941013c23d44205c00a40ea415044
:10886a00c90a51eac3715fea500c72f1004250f131
:10887a00000051eb045130bd01002fd00020203cf4
:10888a000029f9d0b1fa81fcdcf1200e11fa0cf1c1
:10889a0030fa0ef510fa0cf02943a4eb0c04d9e7d0
:1088aa000020d90730bdaef1200ebef1200f0dd247
:1088ba00cef1200c03fa0cf533fa0ef32a4318bf53
:1088ca0043f00103c01a61f10001b9e721f0004148
:1088da00c00a40ea4150c90a01eb045130bd0020e8
:1088ea00002130bd004218bf41f00101bceb410f2d
:0e88fa007ff467afbceb430f3ff463af30bdbc
:020000040000fa
:020000040001f9
:108908002de9f04f95b006461f46d0f81080436910
:10891800a8f8603098f84330417e61f3830388f803
:108928004330d8f84440d8f8549015469ab1208876
:108938008fb11388834200f0e280ba1e2b460833b9
:10894800b2f1ff3f07d0013a19888142f7d1d3f835
:108958000490c8f85490737e012b01d0694cbbe099
:10896800d6f810b04ff0000acdf838a0cdf840a0e6
:10897800cdf844a0cdf848a0cdf84ca03388adf888
:108988003c30614b0493614b0593614b0693b3688c
:108998000793604b0893604b0993604b0a93604bb5
:1089a8000b93604b0c93cdf834b07369adf83e303f
:1089b8001ff064ffadf840001ff073ffadf84200f0
:1089c800337e8df84430737e8df845300123adf841
:1089d80046305b4653f83c0f12909b88adf84c30fc
:1089e8008df804a004ab0293cdf80c90a36801a9fc
:1089f80020889847c8f84c00b0f1ff3f17d0e369ca
:108a0800032120889847c8f85000b0f1ff3fa5d14e
:108a18000023c8f85030c8f84c301ff0c9fc58b1d2
:108a28001ff0c0fc6268404915f0b0ff04e0c8f8c8
:108a38004ca01ff0bdfc08b900243ee01ff0b2fcba
:108a480062683a4915f0a2fff6e700213be02946a3
:108a580039e0002137e01ff0abfc08b901242ae017
:108a68001ff0a0fc2288324915f090ff012422e073
:108a7800d8f85000f0b1d8f84430db6c012240f24d
:108a880096719847044648b198f8433043f040033c
:108a98006ff3c71388f8433000240ce01ff088fcfc
:108aa80058b11ff07ffcd8f844305a68214915f0b6
:108ab8006dff02e0002484f00104204615b0bde8f3
:108ac800f08f2b4659686368304698470028c2d013
:108ad8000c34194b9c42cbd0002db8d02188002fe4
:108ae800b7d02b888b42ecd0ba1e2b460833b2f194
:108af800ff3faad0013a18888842f7d1e2e7134627
:108b080025e700bf000103006187030069870300b0
:108b18007187030035d20200c53d03006553030089
:108b280059fe0200a9200300987902006879020022
:0c8b3800bc790200f0790200600103002b
:020000040000fa
:020000040001f9
:108b44002de9f04782b0784b1b7893b1774b1b78b3
:108b5400abb9774bd3e90023134367d1754b1b782b
:108b640023b1754b1b78002b00f0888002b0bde860
:108b7400f08701206c4b18701af0c4f8e6e71ff078
:108b8400dffa0028e5d1694b1b78012b41d0022b79
:108b9400dfd1012169481bf011fb0028d9d0634bb8
:108ba40000221a701cf05cfddff884c1644bd3f81a
:108bb4000080d3f804e04fea8e094fea880349eabb
:108bc400987213eb080342eb0e024feac20949ea1a
:108bd40053794feac30abaeb080369eb0e024fea72
:108be400021949ea13794fea031a1aeb080349eb0d
:108bf4000e024fea820e4eea937e4fea83087246d3
:108c040018eb000341eb0202ccf80030ccf804204e
:108c14009fe74ff480724ff440714a4817f084f88c
:108c2400002896d0414b02221a7092e71cf018fdde
:108c3400454b1a68454b1b689a4205d03c4b0020b3
:108c44000021c3e9000189e7394bd3e900239942a4
:108c540008bf904282d33e4b1b78002b7ff47eaf3b
:108c64003b4b01221a70324b00200021c3e9000162
:108c740040f6c412374915f08bfe6fe7364b4ff0c0
:108c84008072c3f88020bff34f8fbff36f8f3349d7
:108c9400d1e900892749002008701a601cf0e0fc23
:108ca400894508bf80451ed2b0eb080661eb090771
:108cb400234b1a685868931840eb00019b1840eb4b
:108cc40001014feac10c4cea537c4feac30e1eeb80
:108cd40002044ceb0005eb0043ea5473e200bb4290
:108ce40008bfb2421bd31e4b1b78002b3ff43eaf90
:108cf4001c4bc3e9008901220f4b1a70002000901d
:108d0400194b1a491af0a8ff00283ff42faf0a4b59
:108d140000221a70164a13680133136026e7154ab5
:108d240013680133136021e77404012077040120e0
:108d340098ff0020750401207e04012039020a00f6
:108d4400c8ff002088000a0000030120040301205a
:108d5400760401204066020000e100e090ff00205c
:108d640079040120c0ff00202930020074000100b2
:088d740034030120fc02012080
:020000040000fa
:020000040001f9
:108d7c002de9f0418eb0764b1b78032b09d8dfe838
:108d8c0003f0020b133d734b05221a60704b01224a
:108d9c001a700eb0bde8f0816e4b1b68002bf8d139
:108dac006b4b02221a70f4e76b49002015f0ecfdb6
:108dbc006a4c6b4a2146002015f0e6fd694a2146b3
:108dcc00002015f0e1fd6849002015f0ddfd674a33
:108ddc006749002015f0d8fd6649002015f0d4fd38
:108dec0000201df08ffe644b1a6864491df0e5fdf0
:108dfc0017f05efd564b03221a70cae7604bd3e99d
:108e0c000023134321d05f4a136801331360ecf73e
:108e1c0065fe04f0e7fbeff72df9f6f70dfbfef717
:108e2c0093fefff789fe02f047f8fbf7f1f9fdf727
:108e3c009dfaf6f7b5f8524bd3e900231343a8d0ab
:108e4c000a27514edff8388121e01ff0b5fa4c4b60
:108e5c004e4aa2fb00208009186000225a60d2e71b
:108e6c009df82b404a4b4b4a002c08bf13460293eb
:108e7c00cde90001bdf82230069a4749002015f0d3
:108e8c0083fdbdf82810002940d1013f81d0d6f8d0
:108e9c00042ad6f8003a9a423ff47bafd6f8044a3b
:108eac0004eb840404ad06ebc4040fcc0fc50fcc4b
:108ebc000fc594e8030085e80300d6f8043a0133a3
:108ecc0003f03f03c6f8043ad8e90023dde90401b6
:108edc001cf0b2fc9df82c30022bc1d0032b1bd004
:108eec00002bd2d1cde90001bdf822300df12d02bd
:108efc000799069819f04efebdf828100029c4d029
:108f0c00099b264818440df09ffdbee7099b23489a
:108f1c0018440df099fdb8e79df82b401c4b1d4ae9
:108f2c00002c08bf13460293cde90001bdf8223096
:108f3c00069a1b49002015f027fdbdf828100029c2
:108f4c00a3d0099b154818440df07efd9de700bf8a
:108f5c0014040120440101204c7d0200507e0200cb
:108f6c003c7e0200587e0200a47e0200887d020036
:108f7c00b87d0200007e020038010120c13b0200d6
:108f8c0050fd00204c010120b8940020d34d6210fc
:108f9c003c7d0200487d0200c87d020000000020dc
:048fac00e47d02005e
:020000040000fa
:020000040001f9
:108fb000f8b519f061fe1ff005fa054650220021b0
:108fc00061481ef0b1ff614a536943f400435361a5
:108fd0005f4b00221a601a6912f0020ffbd15c4b42
:108fe00000221a604ff44052da804ff6ff729a83e3
:108ff0001a72ff229a7202221a601a6912f0020f84
:10900000fbd1544b202283f86b23402483f86c431c
:109010004ff48052da6019f0c3f94d4b5c71302285
:109020001a729a7200244c4b1c704c4e4ff48063a1
:10903000c6f88831c6f8943117f052f902201cf0b6
:10904000f9fe474f386006201cf0f4fe78603f4a76
:10905000936943f080039361424b40f24d221a62c0
:109060000120c3f8240140f24e221a630322c3f800
:10907000282140f60a23c6f8ac31d6f8ac3123f4e7
:10908000fe4323f07f0343f4266343f00a03c6f84c
:10909000ac31354b354a1a6000260027344bc3e902
:1090a0000067344b187011f0f5ff334b1c70334bd5
:1090b000c3e90067324bc3e90067324b1c70324b87
:1090c0001c70324b1c60324b1c60324b1c60324bac
:1090d0001c60324b1c60324b1c60324b1c70324b9c
:1090e000c3e90067314b1c60314bc3e90067314b6a
:1090f000c3e90067304bc3e90067304b1c60304b5d
:10910000c3e900672f4b1c602f4b1c602f4b1c606a
:109110002f4bc3e900672f4b1c6075b12e4ba3fb8f
:109120000535ad0c2db92d4b01200021c3e90001ff
:10913000f8bd2a4a15605460fae7284b3c2000210c
:10914000c3e90001f4e700bfc0f7002000080040b9
:10915000003c004000e100e06c0401200080004180
:1091600028ff002000e00041a80201209c8100416e
:1091700018ff00206b0401207304012040ff002031
:1091800050ff0020700401206f0401203c020120e8
:109190005402012044020120500201205802012003
:1091a000400201206a040120e8fe00203002012074
:1091b000e0fe0020d8fe0020d0fe00203402012076
:1091c000c8fe002084020120880201208c020120b8
:1091d00020ff00209002012083de1b4388ff002037
:020000040000fa
:020000040001f9
:1091e0002de9f04784b09abb0f464ff00208036c9c
:1091f000002b00f0f3800d46044600f13c011846b8
:1092000019f0fafa064638b3034653f83c0f0290b9
:109210009b88adf80c302664294630461cf0baf81d
:109220000446002800f0de80a8624ff4006300f1dd
:109230003c0202a928461bf03ffa2b6a43f01003b8
:109240002b6201222946204616f076fc0120c6e05a
:1092500007464ff00108cae7d4f83ca0baf1ff3f37
:109260002fd0d4f8409048461df0cffd824528d03d
:10927000b9f1000f03d099f86b30032b4ad094f862
:109280003c302033dbb20f2b4ad9e26bd9f80430e3
:109290005340d9f808100b4218bfd9f80c2001929e
:1092a000012302aa01a9484616f038fe022800f060
:1092b0009f8020f0020040b2012818bf002006d095
:1092c0008de04ff0ff330293adf80c3002ae29462b
:1092d000206c1cf05ff80446002800f08580a8622e
:1092e0004ff4006300f13c02314628461bf0e4f9dc
:1092f00028461df0c6fd0e38b4f8663080b28342b1
:1093000074d336b3294620461bf016fcc043c0f385
:10931000c01064e000230293adf80c3002aed6e733
:1093200001238df8083000238df809305e238df875
:109330000a3094f83d3003f07f038df80b3094f839
:109340003e308df80c3094f83f308df80d3002ae81
:10935000bde7284b1b68e3b1b4f8604026481df018
:109360004df926481df0f2fe014640b380f8048016
:1093700044718760019bc3601f4c20461ef0e5f8d6
:1093800020461df0f1fe2b6a43f008032b620120fa
:1093900025e000221a4910461bf01cfc154b1860f2
:1093a0000028d9d11ff008f8012801d8002016e0c4
:1093b0001ef0fcff134915f0edfa00200fe01ef03f
:1093c000fbff012804d80c481df0cefe002006e06b
:1093d0001ef0ecff0c4915f0ddfaf4e7002004b0b4
:1093e000bde8f0870020fae70020f8e70020f6e764
:1093f00002ae6ce7a800012070fc0020ecfc00200d
:0c940000f9930200f01c0300201d030083
:020000040000fa
:020000040001f9
:10940c00537461747573312e52585f4e6f6e5f5288
:10941c0065636f76657261626c655f4572726f72bf
:10942c000d0a0000537461747573312e54585f4edd
:10943c006f6e5f5265636f76657261626c655f45d6
:10944c0072726f720d0a0000537461747573312e51
:10945c0046534d5f53746174655f4572726f720d44
:10946c000a000000537461747573312e5352414dd0
:10947c005f4543435f4572726f720d0a0000000036
:10948c00537461747573312e556e646572766f6c9e
:10949c00746167650d0a0000537461747573312e25
:1094ac00496e7465726e616c5f4275735f45727262
:1094bc006f720d0a00000000537461747573312ec5
:1094cc0054585f54696d657374616d705f4361705e
:1094dc00747572655f4f766572666c6f775f410d60
:1094ec000a000000537461747573312e54585f5424
:1094fc00696d657374616d705f43617074757265cd
:10950c005f4f766572666c6f775f420d0a000000e4
:10951c00537461747573312e54585f54696d65734f
:10952c0074616d705f436170747572655f4f7665c1
:10953c0072666c6f775f430d0a00000053746174a0
:10954c007573312e54585f54696d657374616d7009
:10955c005f436170747572655f4d69737365645fa9
:10956c00410d0a00537461747573312e54585f5455
:10957c00696d657374616d705f436170747572654c
:10958c005f4d69737365645f420d0a0053746174b7
:10959c007573312e54585f54696d657374616d70b9
:1095ac005f436170747572655f4d69737365645f59
:1095bc00430d0a00537461747573312e4d434c4b3b
:1095cc005f47454e5f5374617475730d0a0000005c
:1095dc00537461747573312e675054505f50415ff2
:1095ec0054535f45475f5374617475730d0a0000e3
:1095fc00537461747573312e457874656e6465644b
:10960c005f426c6f636b5f5374617475730d0a000a
:10961c00537461747573312e556e6b6e6f776e4526
:08962c0072726f720d0a00005a
:020000040000fa
:020000040001f9
:10963400012840f3b58070b584b00d4604465a49fc
:1096440068681ef0bcfa002840f0ac80032c06ddec
:109654005649a8681ef0b3fa002800f08780544bde
:10966400b3f90000534b1978534b544a002908bfef
:109674001346009347f22d73514a5249b0f1ff3f0c
:1096840018bf0a465049002015f082f94f4c504b40
:109694001b6801934f4b1b68009323684e4a126862
:1096a4004e49002015f074f94d4b1b684d4a126861
:1096b4004d49002015f06cf94c4b1a684c490020b8
:1096c40015f066f94b4b1b6822684b49002015f0d6
:1096d4005ff94a4b1b680293494b1b680193494b42
:1096e4001b680093484b1b68484a1268484900208d
:1096f40015f04ef9474b1978474b484a002908bfe3
:1097040013460093464b1b68464a1268464900209c
:1097140015f03ef9454b1c68454b1d681ef068fe6c
:1097240006461bf05dfc019000962b4622464149fb
:10973400002015f02df9404b1c88404b1d88404bf0
:109744001e88404b187815f025fe019000962b4694
:1097540022463d49002015f01bf9154bb3f90030a2
:10976400b3f1ff3f16d0012004b070bd1249e86880
:109774001ef025fab0fa80f35b090e4a13700e4a04
:109784000e4b002818bf1a463049002015f000f986
:109794000120e9e72e49002015f0faf80120e3e75b
:1097a400002070470020dfe76433010068330100c4
:1097b4001e0601202c0601202c3301003033010049
:1097c400343301004033010080330100840301205d
:1097d40090030120bc030120c8030120ac33010025
:1097e400880301208c030120f0330100a003012031
:1097f400203401009c03012060340100a4030120f3
:10980400a8030120b4030120b0030120ac0301200c
:1098140098340100840401204833010050330100ce
:10982400980301209403012000350100c0030120a6
:10983400c4030120443501000e0401200c0401205e
:109844001004012083040120983501006c330100c9
:04985400dc350100fe
:020000040000fa
:020000040001f9
:109858002de9f84f1bf002ff04460d46734b1b78a9
:1098680013b9734b40225a71714b9b7a13f0200f36
:109878000ad0704a1368013313606d4b20229a7224
:109888009b7a13f0100f73d06b4a1368013313607f
:109898006a4bd3e9002352ea03014bd06849d1e966
:1098a8000001014346d06749d1f80090d1f80480ff
:1098b800b4eb020a65eb030b4ff47a72002360499c
:1098c800d1e900011bf0baff00fb08f309fb0133e3
:1098d800a0fb09011944baeb00066beb01074fea3c
:1098e80008413c2200234fea094041ea19411bf094
:1098f800a5ff8b0043ea90738200b242bb410cdba8
:10990800424261eb41034fea830c4cea927c4feaf6
:10991800820e764577eb0c0340da4b4a1368013325
:1099280013604a4bd3e90023b242bb4102da474bea
:10993800c3e90067414b1c605d603d4b10229a7281
:109948001a720023424a1370424a1370204629466d
:10995800f3f76efc354b1b7843b13e4b1b782bb9a4
:109968003b4b1b7813b9324b20225a72bde8f88f53
:109978002f4b1a72374b1b78002bf7d1344b1b78bf
:10998800002bf3d12a4b40225a71334b4ff480629b
:109998001a60324a136801331360e7e786468c463b
:1099a800002871f1000336db4fea9e0242ea8c720e
:1099b8004feaac03b242bb4112db86468c46002814
:1099c80071f100032cdb4fea9e0242ea8c724feae7
:1099d800ac03524263eb4303964277eb0303a9dae5
:1099e8001f4a1368013313601e4bc3e900671e4bff
:1099f800d3e90023b242bb41bcbf1b4bc3e900679c
:109a08001a4bd3e90023964277eb0303bcbf174bed
:109a1800c3e900678ee710f1030e41f1000cc3e7bc
:109a280010f1030e41f1000ccde700bf72040120d4
:109a3800003c00409802012094020120e8fe00202a
:109a480040ff002088ff002034020120c8fe0020cb
:109a58006c0401206204012094810041b0020120bd
:109a680030020120d0fe0020d8fe0020e0fe0020b9
:020000040000fa
:020000040001f9
:109a7800f0b581ea030e0ef0004e40f20007cff673
:109a8800e07717ea41051ebf95ea070f17ea430476
:109a980094ea070f00f0c5806d0da5eb545707f544
:109aa80080674ff0004646eac12444ea5054c00299
:109ab80046eac32343ea5253d202801a9c4104d295
:109ac8000018644180185c41013f5b084fea32028c
:109ad8000025002140f001004ff0070604e0801a3d
:109ae8009c4136d340416441801a9c4136d3404161
:109af8006441801a9c4136d340416441801a9c419c
:109b080036d340416441801a9c4136d34041644178
:109b1800013e17d0801a9c4136d340416441801ad7
:109b28009c4136d340416441801a9c4136d3404120
:109b38006441090201eb156190ea052520f0ff0058
:109b48004540cce7801a9c4156d335e080185c41eb
:109b5800c8d20018644180185c41c8d2001864411a
:109b680080185c41c8d20018644180185c41c8d292
:109b78000018644180185c41c8d200186441013e55
:109b880017d080185c41c8d20018644180185c4125
:109b9800c8d20018644180185c41c8d200186441da
:109ba800090201eb156190ea052520f0ff00454008
:109bb800cce780185c411fd3420918bf44f0010468
:109bc800490101ebd56100f01f0000eb451021f4bd
:109bd800801141ea0e01013041f10001244208bf21
:109be80020f00100b7f5006f3eda013f49dd01ebd7
:109bf8000751bde8f0407047490101ebd56100f01d
:109c08001f0000eb451021f4801141ea0e01b7f561
:109c1800006f29da013f34dd01eb0751bde8f04060
:109c28007047004218bf41f00101124218bf43f0cb
:109c38000103b7eb410f2cbfb7eb430f1ce0b7eba9
:109c4800410f04bfb7eb430f16e017ea410f04bffb
:109c580017ea430f10e017ea410f12d017ea430f33
:109c680002d0b7eb430f0cd04ef0fe4141f4700127
:109c78000020bde8f04070474ff0fe4141f4780104
:069c8800f6e77146f4e767
:020000040000fa
:020000040001f9
:029c8e0070471d
:020000040000fa
:020000040001f9
:109c9000784b1b78002b00f0ec80002800f0e98066
:109ca000392940f2e680017b437b43ea01231bb262
:109cb00071498b4240f0dd802de9f04f87b0837b06
:109cc00090f82c4090f82d1041ea042113f00f0376
:109cd0003cd16a4803680133036072b3684b1b7858
:109ce0004bb3674b1b7e6bb3654b93f830305bb364
:109cf000634b93f8483013f0ff0f14bf002703277e
:109d00005f4e7c00e51906ebc50569801168506857
:109d1000002321f040425b49e1fb0023c5e9022317
:109d20001bf0a0fcc5e904013c44e40001233355c9
:109d300007b0bde8f08f0027e2e7534a136801330c
:109d40001360f5e70127dbe70227d9e7082befd1fe
:109d50004e4a1368013313600024494a62e04c4fb5
:109d60004fea860909eb0603db0007eb0308f9520b
:109d700090f830200023cde9022390f83120002311
:109d8000cde9042390f835a090f832204aea026c1d
:109d900090f833204cea024c90f834204cea02222e
:109da000049b029943ea0121dff8d8c0a2fb0c23ef
:109db0000cfb013390f836a04ff0000bcde902ab5d
:109dc00090f837a04fea0a4a02994aea016190f8ee
:109dd00039a041ea0a0a90f838004aea002e4ff00a
:109de000000c12eb0e01009143eb0c030193dde933
:109df0000023c8e9022304eb4403214a02ebc30a0f
:109e0000dae90223c8e904231bf02cfcc8e90601a7
:109e1000dae90423c8e908231e4b1d601de0013464
:109e2000042c21d004eb440312f83330002bf6d07d
:109e300004eb440302ebc3035b889bb28b42eed17d
:109e4000144b1e68751c05f00705134b1b68ab42cd
:109e500085d1124a13680133136004eb4404e30014
:109e6000074a0021d15463e70d4a13680133136098
:109e70005ee7704753040120f788ffffa801012027
:109e800010f7002000ca9a3bac0101209401012088
:109e9000d0e80020bc010120c00101209801012070
:049ea000b0010120ec
:020000040000fa
:020000040001f9
:109ea4002de9f04f85b006468b4614461d46002327
:109eb400039303aa1af0faf9824600283ed154ea21
:109ec400050343d0684619f03bfa002845d049f60b
:109ed4003f420023ab4208bfa24245d218f05efacb
:109ee4006a4bc3e900456a4bdde90e12c3e900126f
:109ef4000ef026fa674b1e80674b00200021c3e951
:109f04000001dde91023134335d1644a136801339a
:109f14001360129b002b57d1614b4ff0ff304ff071
:109f2400ff31c3e90001fbf799f8002800f09a809b
:109f3400039bc3f80cb001221a7403e0594a136856
:109f440001331360504605b0bde8f08f554a1368dd
:109f5400013313604ff0030af4e7524a13680133e4
:109f640013604ff0020aede74e4a136801331360a1
:109f74004ff0080ae6e7dde90023dde910018b4232
:109f840008bf824204d3484a136801331360c0e710
:109f940022462b4610990e98081a11990f9e61ebd0
:109fa40006011bf04dfc134304d0404a13680133ef
:109fb4001360aee7384bdde91012c3e900123c4ae6
:109fc400136801331360a4e7334bd3e9002313432d
:109fd40024d0129b98464ff00009a3fb046703fbaf
:109fe400057722462b46304639461bf029fc894525
:109ff40008bf80451ed1284bd3e90001c243cb439f
:10a00400bb4208bfb24221d3234bd3e900342449d5
:10a014009a1947eb04030a604b6084e71b4b00204a
:10a024000021c3e900011f4a1368013313604ff094
:10a03400090a87e7154b00200021c3e90001194aea
:10a044001368013313604ff0040a7be70f4b0020c1
:10a054000021c3e90001134a1368013313604ff070
:10a06400040a6fe7094b00200021c3e900010c4bef
:10a074004ff0ff304ff0ff31c3e90001094a136884
:10a08400013313604ff0070a5ce700bf40ff002074
:10a0940050ff00201600012008ff0020c00201200c
:10a0a400c005012054020120c8020120c40201207d
:04a0b400cc020120b9
:020000040000fa
:020000040001f9
:10a0b8002de9f04f85b00f2109201cf06df810f044
:10a0c800010f40f0de8005b0bde8f08fd5f81c80a8
:10a0d800b8f804100c0a44ea0124a4b2a34240f0e0
:10a0e800e280af69b8f8063013b112f4806f23d05c
:10a0f800b8f80030180a40ea032080b2a8f8000037
:10a10800b8f802301e0a46ea0326b6b2a8f802607a
:10a11800083ca8f80440d5f828a0674bd3f800906d
:10a12800b9f1000f40f3c280644b1b68a3f1040c23
:10a138004ff0000ef04643e0fb6801933b69029341
:10a1480000228df80c2011238df80d30b8f804305a
:10a15800adf80e300c2101a814f01cfec3439bb2cd
:10a168002a6a12f0040f09d022464146284613f005
:10a178006dfa6ff009010028bad07ee01a46214630
:10a18800404614f007fef4e74146012331e043f06e
:10a19800020338e043f0040301e041f00401d4f87d
:10a1a8001cb0bbf1000f02d012f0100f36d041f0f6
:10a1b80008010b430f2b57d00ef1010ef14557d074
:10a1c8005cf8044f002cf7d094f8423013f0020fdb
:10a1d800f2d094f86220636d9342edda638db34256
:10a1e800ead194f83c30012bced0002be4d10121e8
:10a1f8004346226cb4f828b08345c8d012f0040f47
:10a2080018bf41f00201d4f824b0da45c2d0bbf13e
:10a21800000fc2d012f0080fc1d0bee7aa69d268f9
:10a228009345c9d143f008030f2bc2d194f84830a5
:10a2380013f0020f04d03b7c03f0f003e02b38d17d
:10a24800294604f14c001df07cf9b4f8603013f491
:10a25800807f16d0a66de36d9eb14ff48072a96a17
:10a26800b4f91200b0470ce0012384f83c30dde774
:10a278006ff00e0101e06ff00d01092228461bf076
:10a288006df809201df0d0fa054600283ff41baff1
:10a29800ab8d072befd92a6a12f4003f3ff416afb3
:10a2a8006ff00e01e9e76ff00d01e6e76ff00e01c0
:10a2b800e3e76ff00e01e0e7d0000120cc000120b9
:020000040000fa
:020000040001f9
:10a2c8002d7300002d2d73657276657200000000f5
:10a2d8002d7500002d2d7564700000002d620000a2
:10a2e8002d2d62616e647769647468004d0000000a
:10a2f8004b0000000a476976656e20696e20425758
:10a308003a20256c752b256c753d256c7500000071
:10a318002d7800002d2d786d6974726174650000c8
:10a328002d6300002d2d636c69656e7400000000bc
:10a338002d7400002d2d74696d6500002d6e0000d0
:10a348002d2d6e756d0000002d5300002d2d746f9e
:10a35800730000000a476976656e20544f532076d3
:10a36800616c75652069732025642c206d547970a3
:10a37800654f66536572766963653a256400000027
:10a388002d4d00002d2d6d73730000002d2d696e6d
:10a3980074657276616c00002d7000002d2d706f51
:10a3a800727400002d6c00002d2d6c656e0000008d
:10a3b80069706572663a20546865206d696e696dca
:10a3c800756d20646174616772616d2073697a6567
:10a3d8002069732025640d0a000000006970657209
:10a3e800663a205573696e672074686520646566ef
:10a3f80061756c7420696e74657266616365210da0
:10a408000a0000002d2d2d2d2d2d2d2d2d2d2d2d1e
:10a418002d2d2d2d2d2d2d2d2d2d2d2d2d2d2d2d64
:10a428002d2d2d2d2d2d2d2d2d2d2d2d2d2d2d2d54
:10a438002d2d2d2d2d2d2d2d2d2d2d2d2d0d0a00b4
:10a4480069706572663a20536572766572206c6928
:10a458007374656e696e67206f6e200055445000f6
:10a468005443500020706f72742025640d0a000058
:10a478000d0a69706572663a20416c6c20696e73ca
:10a4880074616e63657320627573792e20526574ea
:10a498007279206c61746572210d0a000d0a697069
:10a4a8006572663a205374617274696e67207365c9
:10a4b8007373696f6e20696e7374616e63652025ae
:04a4c800640d0a0015
:020000040000fa
:020000040001f9
:04a4cc0001207047b4
:020000040000fa
:020000040001f9
:10a4d00038b51df077ff04464ff4807200214e48d6
:10a4e0001df022fd802200214c481df01dfd00239f
:10a4f0004b4a13604b4a13604b4a13600020002103
:10a500004a4ac2e90001eff3108272b6484dc5e92c
:10a510000001484dc5e9000182f31088464a1370d6
:10a52000464ac2e90001464ac2e90001454a1370a1
:10a53000454a1360454a1360454ac2e90001454a4d
:10a54000c2e90001444a1360444a1360444a13605c
:10a55000444a1360444a1360444ac2e90001444a31
:10a560001360444a1360444a1360444ac2e900013c
:10a57000434ac2e90001434a1360434ac2e9000169
:10a58000424ac2e90001424ac2e90001414ac2e925
:10a590000001414a1370414a1360414a1370414a15
:10a5a0001370414a1360414a1370414bc3e90001e3
:10a5b000404bc3e90001404bc3e900013f4bc3e9f5
:10a5c0000001ecb13e4ba3fb04239b091a4693b94f
:10a5d0003c4b01200021c3e90001224600230ca1cd
:10a5e000d1e900011bf02ef9374bc3e90001374bcd
:10a5f000c3e9000138bd334b1a6000225a60ece712
:10a60000304b4ef660200021c3e90001304ce4e7f6
:10a6100000000000ca9a3b0098ee0020b8f4002029
:10a62000200201201c020120d001012008fe002090
:10a63000f0fd0020f8fd00205c04012028fe002031
:10a6400080fe00205a040120fc010120f8010120b5
:10a6500078fe002038fe0020dc010120e801012006
:10a66000e401012000020120e001012070fe002031
:10a67000d4010120d8010120f001012040fe00207a
:10a6800048fe0020f401012050fe002058fe00206a
:10a6900068fe002060fe002059040120ec0101202a
:10a6a0005d0401205f040120080201205e040120f6
:10a6b00020fe002010fe002030fe002000fe0020c2
:10a6c000d34d6210a0fe002088fe002090fe0020e6
:04a6d0000087930369
:020000040000fa
:020000040001f9
:10a6d400040000002600000000000000000000004c
:10a6e4000000010000000000000000000001000064
:10a6f40091000400609600000000000000010000ca
:10a70400810004008000000000000000000100003f
:10a714007700010028000000000000000001000094
:10a7240043000400ff0000000000000000010000de
:10a7340044000400ffff00000000000000010000ce
:10a7440045000400000000000000000000010000bb
:10a7540053000400ff00000000000000000100009e
:10a7640054000400ffff000000000000000100008e
:10a77400550004000000000000000000000100007b
:10a78400400004000200000000000000000100007e
:10a79400500004000200000000000000000100005e
:10a7a400e9000400509e00000000000000010000c9
:10a7b400f5000400f81c0000000000000001000087
:10a7c400f400040020c000000000000000010000ac
:10a7d400f8000400009b00000000000000010000dd
:10a7e400f9000400534e00000000000000010000c6
:10a7f400b00004000301000000000000000100009c
:10a80400b100040010090000000000000001000075
:10a81400b2000400261d000000000000000100003a
:10a82400b30004002a000000000000000001000042
:10a83400b400040003010000000000000001000057
:10a84400b50004000d070000000000000001000036
:10a85400b600040020170000000000000001000002
:10a86400b700040027000000000000000001000001
:10a87400b800040009050000000000000001000009
:10a88400b9000400130e00000000000000010000e5
:10a89400ba000400251c00000000000000010000b4
:10a8a400bb0004002b0000000000000000010000b9
:10a8b4000c00000000010000000000000001000086
:10a8c40081000400e000000000000000000100001e
:020000040000fa
:020000040001f9
:10a8d4002de9f04f83b0019200930d9f7a4b9b7842
:10a8e40083421bd90d4601f00503052b1ed001f050
:10a8f4000603062b43d001f00903092b4ad001f0cb
:10a904000a030a2b52d1704e582404fb0064b43459
:10a91400342303fb006606f5e67612e0002f00f010
:10a92400c080fd233b704ff0ff3025e0664b582478
:10a9340000fb044404341c44342606fb003606f5ac
:10a94400cc762368002b38d005f0200815f0300fa2
:10a954003ad0b8f1000f48d0b3684ff0010a002b89
:10a964003cd0594b5b78012b42d0002f00f0a580de
:10a97400fc233b704ff0ff3003b0bde8f08f524b27
:10a98400582404fb00340434342606fb003606f550
:10a99400b276d6e74c4b582404fb003404f5867495
:10a9a400342606fb003606f50076cae7002f7bd076
:10a9b400fd233b704ff0ff30dee7002f77d0ff23fd
:10a9c4003b704ff0ff30d7e7636d002bc1d0009888
:10a9d40098470028bdd045f02005bde7002f69d079
:10a9e400ff233b704ff0ff30c6e74ff0000ab8e793
:10a9f400364b93f800b0bbf1000f2fd14ff0000895
:10aa0400324908ebc8039b0001eb03090122ca5435
:10aa14002d4b5a7023680c9a009901989847a9f80d
:10aa24000600b0f1ff3f2fd008ebc803274a02eb22
:10aa340083039c60de609d800022da7007b13a7067
:10aa4400baf1000f07d008ebc808204b03eb8808c5
:10aa5400012388f802300bf101008de71b4a012322
:10aa64005ffa83fb984692f824100029c8d001337a
:10aa740024320a2bf4d1144b01225a7007b3fe235b
:10aa84003b704ff0ff3077e7104a242303fb08287c
:10aa9400002388f80030002f3ff46eaffc233b7096
:10aaa4006ae74ff0ff3067e74ff0ff3064e74ff09d
:10aab400ff3061e74ff0ff305ee74ff0ff305be7b8
:10aac4004ff0ff3058e700bf9cdb002068e7002010
:020000040000fa
:020000040001f9
:10aad4002de9f04f8bb0044689461546984600236d
:10aae400adf81c300df11f02029208aa01920093e6
:10aaf40007aa0cf015f8002800f0cf809df81f304d
:10ab0400002b00f0cc80ddf820a00df11f03029390
:10ab140008ab019302230093012307aa4946204668
:10ab24000bf0feff002800f0bf809df81f30002bc3
:10ab340000f0bc80ddf820b00df11f03029308abd8
:10ab440001930223009307aa494620460bf0e8ff2d
:10ab5400002800f0ad809df81f300bb1089c01e087
:10ab64004ff080445ffa8afabaf10f0f39d8504691
:10ab74001bf05ef9a8b30379002b37d049f63f43a5
:10ab84009b4538d950461af013fe814600283cd024
:10ab94004379012b34d1c9f808b0c9f80c40b9f88d
:10aba40002a00021231941eb01021b1941eb02020f
:10abb400500140ead3604fea431c13eb0c0340eb13
:10abc40002021e1942eb0107002f08bfb6f1004f25
:10abd40037d3322f08bf002e54d2f10f41ea470178
:10abe40030e0344b344a1a60052459e0314b334a7f
:10abf4001a60052454e02f4b314a1a6004244fe0b4
:10ac04002c4b304a1a6004244ae0032150461af0bf
:10ac14007ff940b115f036ff814648b180f804a0b1
:10ac240001234371b7e7234b274a1a60042437e012
:10ac3400032150461cf0bcfb1e4b244a1a6004241a
:10ac44002ee00121012014f06ffbd9f80820002325
:10ac5400049300200021cde90201cde90001514611
:10ac64000120fff71df9044670b9b9f802300093ca
:10ac74000023149a4146284618f0a6fb002808bf72
:10ac840004240de06321dde714f084fb094b186014
:10ac9400484617f043f9042402e0052400e00524a3
:10aca40020460bb0bde8f08f0524f9e70524f7e74b
:10acb4000524f5e7f0050120b85e03004003030016
:10acc400580303008403030090ca0200d05e03000b
:020000040000fa
:020000040001f9
:10acd40010b51df075fb044667481df0d7fa6748a8
:10ace4001df0d4fa002c00f0be80654ba3fb0423b6
:10acf4009b0c644a1360644aa2fb04329209002349
:10ad04006249c1e9002362498c4202d85d490120ad
:10ad14000860134304d15d4b01200021c3e9000105
:10ad2400012300220b21032014f016f9594b4ff490
:10ad34000062c3f8942193f8cb2142f0040283f813
:10ad4400cb210122114606200ef028ff002879d0dd
:10ad54000121062014f0f4fc00287fd04e4b012280
:10ad64001a7060201cf052fe4c4b4122c3f8f820ac
:10ad74001a4600bfd2f8f83013f0400ffad0484b0f
:10ad840000221a601a46136913f0020ffbd1444bd8
:10ad9400444a1a602422da801a6842f002021a60d5
:10ada4001a46136913f0020ffbd13c4b4122c3f83e
:10adb400b8201a46d2f8b83013f0400ffad03a4b04
:10adc4004ff4a3629a630422c3f8e0214ff4804055
:10add4001cf010fe314b4122c3f8e8201a4600bf94
:10ade400d2f8e83013f0400ffad0304b00221a604a
:10adf4001a46136913f0020ffbd12c4b00221a6080
:10ae04002222da801a6842f002021a601a46136992
:10ae140013f0020ffbd1244b0422c3f8dc2103f509
:10ae24006043db889bb2222b14bf00230123204afa
:10ae34001370204b00221a8005f00efa184b1022d2
:10ae44009a7210bd1df022fb034606221a49002007
:10ae540013f09efd104b00221a70f2e706221749e8
:10ae640013f096fdf6e7074b01221a60074b012009
:10ae74000021c3e9000153e710ea002048eb002059
:10ae840083de1b4374030120d34d6210d8ff0020de
:10ae94003f420f000080004181040120001c00405b
:10aea400001400420800010000e0004100c001411c
:10aeb400800401200a0401202889020094890200e8
:020000040000fa
:020000040001f9
:10aec4006f4b1b7813b16f4b1b7803b970472de997
:10aed400f04f8db06c4b9b7a13f0100f31d06a4b4e
:10aee400dc69b4f1ff3f40f0c7800023664a0133b8
:10aef4009bb2d469b4f1ff3f13d1b3f57a6ff6d1a5
:10af0400614a1021917261490a6801320a60604afb
:10af14001268934284bf5e4a1360b4f1ff3f05d1c7
:10af24000fe0594a10219172002becd1594a136851
:10af340001331360584b1b7883b9584a13680133a3
:10af4400136005a906a818f08dfd20b1059b544a8d
:10af54001268934247d10db0bde8f08f08a90aa842
:10af640017f042fa0028e8d00a9a4e4b1b68dde934
:10af74000867012e77f1000132dbfd0f16eb050a9d
:10af840047f1000b4fea5a0040eacb784fea6b09cd
:10af94009b1a181932463b46c11710f0c9f81446db
:10afa4001d46904579eb03030edaa41b65eb0705f8
:10afb4001af056fbcde90201cde9006722462b4683
:10afc400394805f085ffbce7d8f1000869eb490969
:10afd400444575eb0903ebdaa41947eb0505e7e7ec
:10afe40000240025e4e72e4a136008a90aa817f0f4
:10aff400fbf90028afd0069e079f0a980b99dde95c
:10b004000845012c75f1000333db4fead57c14ebc2
:10b014000c0a45f1000b4fea5a0242eacb784fea98
:10b024006b0922462b46301a67eb010110f080f8b9
:10b0340016461f46904579eb03030eda361b67eb81
:10b0440005071af00dfbcde90201cde900453246b2
:10b054003b46164805f03cff7de7d8f1000869eb54
:10b064004909464577eb0903ebda361945eb07073f
:10b07400e7e700260027e4e7034b10229a7255e71e
:10b084002b06012081040120001400426c030120de
:10b0940078030120580301207f0401206803012064
:10b0a400700301205c03012010ea002048eb00201b
:020000040000fa
:020000040001f9
:10b0b4002de9f04f83b00d9e002e00f0e280009346
:10b0c40015460f46019104464ff0ff33336016f0e6
:10b0d400c3ff8046002800f0d480002d3ed0002f0e
:10b0e4003cd0b8f800906a4a742303fb092393f810
:10b0f400643033b1742303fb09231b6ea34240f075
:10b10400c0804ff0740b0bfb09fb614b03eb0b0a84
:10b1140050460bf06dfd48b3b8f800e05c4b742268
:10b1240002fb0e32d2f818c0d36ed06970b100227f
:10b13400834228bf002303ebc3010ceb81071cf8f7
:10b144002110f1b1013201338242f1d11df032f903
:10b1540000284cd150460df0b7fd92e00c9b002b1b
:10b1640000f08f80009b002bbbd18ae01df022f9f8
:10b17400002800f086801df017f946491af040fabd
:10b184007fe001223a7000223a62414a742101fbb5
:10b194000e21888c98f80020120242ea0042d8b2ac
:10b1a4000243fa618a8c013292b24ff6ff718a42ed
:10b1b40008bf01223649742000fb0e1eaef824207d
:10b1c4000133cef86c30009b7b60019bbb60012394
:10b1d4007b7500233b75bc61d8f818306bb1082b24
:10b1e4001dd86d00fd600c9b5b003b6108e01df009
:10b1f400dbf829491af004faace7fd600c9b3b61cb
:10b20400fb693360daf820307bb1214b9b44dbf8d7
:10b214002030002b32d01a6a62bb1a462de0ad00f2
:10b22400fd600c9b9b003b61eae7caf82070022397
:10b234007b7538460bf0d4fa154a742303fb0923b3
:10b24400db6ab3f1ff3f07d0114a742303fb0923e0
:10b254001b6bb3f1ff3f17d10d4b742202fb09396d
:10b26400d9f814305c683b697a68f968b868a04713
:10b2740004e01a46136a002bfbd1176250460df006
:10b2840023fd03b0bde8f08f384602f08dfdf5e7ed
:0cb2940038f60020681503003470030039
:020000040000fa
:020000040001f9
:10b2a0002de9f04f9bb00f2106201af079ff804660
:10b2b00010f0010f06d118f0020f40f0a9801bb06a
:10b2c000bde8f08f4ff006097ee005f11001a06a9d
:10b2d0001af07cfc10b16ff00e0171e0a56ae26912
:10b2e00000231370537053881846deb206f108012c
:10b2f000c9b261f30700072909d8c3f30723013353
:10b30000dbb263f30f2013b9093666f307005080f0
:10b310000026266032460121204610f0abffa369cb
:10b32000da6816921b69179318953246214608a8c9
:10b33000fdf756ff002847d14a466ff00501204629
:10b340001af010f840e04e4b1d68002d5dd0b1881a
:10b350004ff0000c03e02b68ac4663b31d466b8acc
:10b360008b42f8d12a8af3889a42f4d10df1040e67
:10b3700005f1080bbbe80f00aee80f009be80700e3
:10b380008ee8070061463e481bf025f929463d48f6
:10b390001cf0dbf808360496083fadf81470cdf8c1
:10b3a00008a0069e002e68d0079b0022294601a80f
:10b3b000b047022104e06ff00c0101e06ff00d01d5
:10b3c0004a46204619f0ceff48461cf031fa0446a2
:10b3d00000283ff470afa78d072fefd9e669a56964
:10b3e000d5f80ca000233a463146204612f032f937
:10b3f00040b93388082b3ff468af002ba3d06ff01f
:10b400000c01dde76ff00901dae76ff00c01d7e717
:10b410001af0caff054608a81df068f9184b1c6809
:10b420009cb10021184e0ae015481bf0d4f82146c3
:10b4300008a81cf08af82368214633b11c466368cb
:10b44000eb1a32689342f6d3eee70e4e03e0214644
:10b4500030461cf07af808a81bf078fe0446002855
:10b460003ff42dafe569002df1d0236a4ff0ff3294
:10b47000214604f10800a847e9e70221a0e700bf40
:0cb48000f8fc002004fd00200401012065
:020000040000fa
:020000040001f9
:10b48c0030b585b0524b1878524c534b1b68009317
:10b49c002368524a5249002808bf0a4651490020e5
:10b4ac0013f072fa504b1a68504b1b6850490968dc
:10b4bc0000915049002013f067fa4f4b1a684f4b1c
:10b4cc001b684f49002013f05ffa2368002b36d01d
:10b4dc004c4bd3e90023cde900234b4bd3e900239c
:10b4ec004a49002013f050fa494b1a685b684948e6
:10b4fc00016840688d1a60eb030402950394009177
:10b50c0001904549002013f03ffa444bd3e9002346
:10b51c00cde90023424bd3e900234249002013f02c
:10b52c0033fa414bd3e9000150ea01030dd13f4bf3
:10b53c001b78c3b93e49002013f026fa03e03d49bd
:10b54c00002013f021fa05b030bd354b1a685b684a
:10b55c0040f6cc640094121a63eb010336490020c8
:10b56c0013f012fae3e7354b187818f037fa194b49
:10b57c001a68334b1b683349d1e90045cde90245c4
:10b58c003149d1e90045cde90045d31a02462f498e
:10b59c00002013f0f9f92e4b1a682e49002013f0f5
:10b5ac00f3f92d4a136851681a0e2c480068029062
:10b5bc002b48006801902b480068009023f07f43d3
:10b5cc0042ea01222849002013f0def9bbe700bf54
:10b5dc0053040120c4010120c8010120984d010031
:10b5ec009c4d0100a04d0100a801012094010120f7
:10b5fc00ac010120d44d0100b001012098010120c3
:10b60c00184e010088fd002090fd0020684e0100be
:10b61c00a0fd002098fd0020a04e0100e0fd0020c0
:10b62c00d0fd0020d84e0100d8fd002026060120b8
:10b63c00484f0100504e01000c4f010054040120f2
:10b64c00cc010120b0fd0020b8fd0020884f010086
:10b65c00dc050120d84f0100b00501209c01012020
:0cb66c00a0010120a401012004500100f5
:020000040000fa
:020000040001f9
:10b6780068656c70000000003a2073686f7720548a
:10b688006573742067726f757020636f6d6d616e7e
:10b698006473000074696d657374616d70000000f7
:10b6a8003a2073686f77206275696c642074696ddd
:10b6b800657374616d700000757074696d65000064
:10b6c8003a2074696d652073696e636520626f6fd7
:10b6d800742f6c61737420726573657420286420fc
:10b6e80068683a6d6d3a737329000000686973746d
:10b6f8006f7279003a2073686f7720616c6c2070e4
:10b70800726576696f75736c7920656e746572659c
:10b718006420434c4920636f6d6d616e6473000053
:10b72800697064756d7000003a2064756d702072e0
:10b7380078206970207061636b6574732028303ad3
:10b748006f666620313a65746830290073746174d5
:10b75800730000003a2073686f772054582f5258ae
:10b7680020636f756e7465727320666f72206574de
:10b77800683000006d656d696e666f003a2066720c
:10b788006565206d656d6f7279206f6e20746865d0
:10b7980020432d72756e74696d652068656170202f
:10b7a800616e6420746865205443502f49502068a6
:10b7b8006561700064756d70000000003a20647562
:10b7c8006d70206d656d6f7279202864756d7020bd
:10b7d8003c616464725f6865783e203c636f756e97
:10b7e800743e29006c6f67636c656172000000002d
:10b7f8003a20636c6561722064656665727265647f
:10b80800207061636b6574206c6f67206275666673
:10b81800657200006c6f6773746174003a20736816
:10b828006f77206465666572726564206c6f672047
:10b83800737461746973746963732028746f7461b5
:10b848006c2c2070656e64696e672c206f7665724b
:08b85800666c6f777329000094
:020000040000fa
:020000040001f9
:10b860002de9f04784b004460d46eff3108a72b616
:10b8700019f0f8fea94208bfa04280f0c180261a44
:10b8800065eb01074ef660220023bb4208bfb242bf
:10b89000c0f0b6801ffa86fc624ba3f81cc0624b56
:10b8a00093f800e0bef1000f54d0604bd3e90023c1
:10b8b00052ea030e06d0ab4208bfa2420bd2a21a34
:10b8c00065eb03038b4208bf824207d2b0eb02084c
:10b8d00061eb030906e000220023f3e74ff00008c4
:10b8e0004ff000095249d1e90001014319d0134337
:10b8f00017d0504bd3e90023994508bf904510d28b
:10b90000b2eb0801029163eb090103910021b0b28f
:10b91000dde902458d4208bf84422fd2a2eb080226
:10b920003ee0444bd3e9002352ea030126d1424bc7
:10b930004ff480621a603b4b4ff6ff72da831a466f
:10b94000136913f0800ffbd13c4a13680133136075
:10b950004ff0000e334a136913f0400ffbd1314b07
:10b9600010229a72324bd3e90023134328d1bef13f
:10b97000000f25d02b4b24225a7135e000210846b8
:10b98000b1b28918009140eb030101914ff6fe70ae
:10b990000021dde90045a94208bfa042c7d36244a7
:10b9a000002ac4d093b21f49cb830b6913f0800fd8
:10b9b000fbd194452cbf4ff0000e4ff0010ec9e7ac
:10b9c0001b4bd3e90023134303d11d4a13680133f2
:10b9d0001360144b04221a711a46136913f0040ff2
:10b9e000fbd1104b20225a710e4a136913f0040f39
:10b9f000fbd10c4b10225a720120124b18700ae036
:10ba0000084b40225a71084b187820b10a4b4ff46a
:10ba100080621a600020baf1000f00d162b604b053
:10ba2000bde8f087003c00407204012048ff002080
:10ba300040ff002060ff002094810041ac02012003
:08ba40009c0201206c040120ae
:020000040000fa
:020000040001f9
:10ba48002de9f04387b005464668022907dc614bbb
:10ba58001b68002b0ddd0027dff8c4919ae003680e
:10ba68001b685d49304698472b681b685b49304620
:10ba7800984707b0bde8f08320461cf0f6fe2b6817
:10ba88005b68024656493046984720461bf0c8f97d
:10ba98000590142269460deb020016f027fb2b686f
:10baa8005b686a464f493046984720461bf012fbb0
:10bab8000590142269460deb020016f017fb2b685f
:10bac8005b686a4648493046984720461bf070fe36
:10bad8000590142269460deb020016f007fb2b684f
:10bae8005b686a4641493046984720461bf06cfe21
:10baf8000590142269460deb020016f0f7fa2b6840
:10bb08005b686a463a493046984720461bf068fe0b
:10bb18000590142269460deb020016f0e7fa2b682f
:10bb28005b686a4633493046984720461cf020fe39
:10bb38001422694617f014fb2b685b686a462e4985
:10bb4800304698472b685b682c4a2d493046984701
:10bb58002b68d3f8048020461bf0cafa294a2a4bde
:10bb6800002808bf1a4629493046c0472b68d3f831
:10bb7800048020461bf0d8fc254a264b002808bf25
:10bb88001a4625493046c0470137124b1b68bb424d
:10bb98007ff76faf38461af0b7ff0446142269469c
:10bba80018f018fc2b68d3f8048020461cf090fd90
:10bbb80003466a4649463046c04720461bf07cfa91
:10bbc80000287ff459af2b681b6814493046984702
:10bbd800dae700bf70000120c4030200d8030200a6
:10bbe800280402004c040200600402006c040200f5
:10bbf8007c0402008804020094040200a8040200e5
:10bc0800bc040200a4030200a8030200c804020046
:10bc1800b0030200b8030200d804020014040200b2
:04bc2800e80302002b
:020000040000fa
:020000040001f9
:10bc2c002de9f04393b0044600223f2119f018ff90
:10bc3c00002120461bf029fd3f21204619f026ff4c
:10bc4c0000223f21204619f00bff3f21204619f01e
:10bc5c001dff00236365a4f84e30a4f84c30a4f803
:10bc6c005230a4f85030d4f8a8502069b0f1ff3ffe
:10bc7c0004d0ab6998474ff0ff332361e068b0f113
:10bc8c00ff3f04d0ab6898474ff0ff33e3606ff091
:10bc9c000101204610f014ff94f89c30002b3fd08b
:10bcac00002604f160052fe0c7b1236a3946a0696c
:10bcbc009847236b13b10321284698470da81bf016
:10bccc0051f90746236b002beed0042128469847e8
:10bcdc00eae79fb1236a3946a0699847236b13b1f1
:10bcec000321284698470aa81bf03cf90746236b0a
:10bcfc00002beed0042128469847eae7013694f849
:10bd0c009c20f3b29a420bd9f3b2d4f88c1003eb0b
:10bd1c000313442201eb830101a81bf061fbc8e76c
:10bd2c0094f89c30002b60d000274ff044082ee094
:10bd3c00b9f1000f12d0a36a48469847236b13b190
:10bd4c0005213046984703a81bf00cf98146236b5c
:10bd5c00002bedd0062130469847e9e705eb850529
:10bd6c004fea8509d4f8983033f8253000258bbb81
:10bd7c00019921b1236aa069984700230193bff36d
:10bd8c005f8f013794f89c20fbb29a422dd9fdb2fb
:10bd9c00d4f88c3005eb0511424603eb810101a868
:10bdac001bf01efb04f15c06c8e70023adf8403025
:10bdbc00019a42f82630029a42f83630029a02eb87
:10bdcc00c60673600135d4f8983033f80920abb24d
:10bddc009a42cdd9019b002bf4d0aeb253f8260079
:10bdec000028e2d0a36a9847dfe7236b1bb102213e
:10bdfc0004f16000984700232375e38213b0bde87b
:02be0c00f083c1
:020000040000fa
:020000040001f9
:02be0e0070477b
:020000040000fa
:020000040001f9
:10be10002de9f047037e032b3dd081460d466c4b48
:10be2000d3f80c80b8f1000f23d1002900f0cc80aa
:10be30000a791a7404885b6833b11ab9644b1b68b9
:10be4000a34201d00ff086f8d9f80800604b986043
:10be50001c60aa681a63ea685a632a699a636a6965
:10be6000da632a6aa3f840206a6aa3f842205b6872
:10be70000bb3574c6568d9f810001cf0d1f9237c3e
:10be8000002b40f09a80524ad3680133d3600124da
:10be90002046bde8f0874e4b1c7c0cb90124f7e727
:10bea0005d6800691cf0bcf9c0eb001005eb800078
:10beb0001af0eef9ece783683c2221469847444ba0
:10bec0005860002800f082802b6803eb430a4fea99
:10bed000ca0a0af1280a3e4b1b68002b50dd00f10c
:10bee000240623e00ff036f80024d1e7a6f1100075
:10bef0001af0b8ff00283fd030461af0b3ff0028f0
:10bf00003ad056f8243cda68ab6903fb02f363339a
:10bf1000304aa2fb03235b093361eb69736108f1cb
:10bf200001083c362a4b1b68434529dda6f124074e
:10bf3000274b986843685146984704460028d1d05b
:10bf400000f1280303604760182383602b68c360f7
:10bf500001230361204b4361204b8361204bc3616c
:10bf6000204b03621af024fb46f8244ca6f1200073
:10bf70001af078ff0028b9d10ef0ecff002487e713
:10bf80001af006fc124c60644ff4fa621649022063
:10bf900016f056fce06104f120001cf0fdfb636c20
:10bfa0003bb1e3692bb120b1094b00229a615a6180
:10bfb0005fe70ef0cfff00246ae7c0eb001005eb4f
:10bfc00080001af065f95ee7002461e700245fe76e
:10bfd00060f800201f85eb5161780300f5530300e2
:0cbfe000598303008b88030029530100e3
:020000040000fa
:020000040001f9
:10bfec002de9f04f83b007468a4690461e460d98c1
:10bffc001cf02af8002380f80831baf1000f00f089
:10c00c00b08081461d469b4648e0584810f026fefd
:10c01c00d34642e0564810f021fed3463de0554849
:10c02c0010f01cfe39e0544810f018fe35e053486f
:10c03c0010f014fe31e0524810f010fe2de0514883
:10c04c0010f00cfe29e0504810f008fe25e04f4897
:10c05c0010f004fe21e04e4810f000fe1de04d48ab
:10c06c0010f0fcfd19e04c4810f0f8fd15e04b48c1
:10c07c0010f0f4fd11e04a4810f0f0fd0de04948d5
:10c08c0010f0ecfd012389f8083106e0464810f069
:10c09c00e5fd0134e4b21f2c46d80135ecb2012386
:10c0ac00ab403342f5d01d2cf0d801a353f824f04b
:10c0bc0017c0010021c0010099c0010099c0010006
:10c0cc0099c0010099c0010099c0010099c00100fc
:10c0dc0099c0010099c0010099c0010099c00100ec
:10c0ec0099c0010099c0010099c0010099c00100dc
:10c0fc0099c001002bc0010033c001003bc00100fe
:10c10c0043c001004bc0010053c001005bc00100e3
:10c11c0063c001006bc0010073c001007bc0010053
:10c12c0083c001008bc0010086b100251f4c03e0c9
:10c13c0001213846f6f738fc01950094012332466c
:10c14c00414638461af0aefc0028f1d0bbf1000f86
:10c15c0004d0002389f8d43089f8903003b0bde8be
:10c16c00f08f114810f07afdf8e700bf0c94010035
:10c17c003094010054940100709401008c940100df
:10c18c00a4940100c4940100f09401001c950100da
:10c19c00489501007095010098950100c09501002b
:10c1ac00dc950100fc9501001c9601005930030040
:020000040000fa
:020000040001f9
:10c1bc00714b1b78002b00f0a380072800f2a280a3
:10c1cc002de9f04f8bb0019106466b4b93f8123270
:10c1dc001bb1694b5b8a83422cd1674a93191d7a38
:10c1ec0005f00f0305f0f001cf1854687a02a05a3d
:10c1fc004ff6ff72904211d07a1c04eb42224ff69c
:10c20c00ff7c01339bb20f2b7ed8cf18bfb202f547
:10c21c000072a2f5007000886045f2d1564b5e8228
:10c22c0017f00f034fd0012b51d1534b43f2761221
:10c23c009a824ce019f036ffcfe7b9f8002063681a
:10c24c0003eb42224ff4007104f112001bf03cff8f
:10c25c0028e0012b04bf43f27613a382a9b26368d2
:10c26c0003eb412104f1120019f0ecfc27443d7260
:10c27c00012384f81232984409f10409b8f1080f2b
:10c28c0017d0258a08eb051519f00cff39f8027c3c
:10c29c00be42d2d167824ff4fe72019904f11600ae
:10c2ac001bf09ef815f00f03d3d144f64553a3822f
:10c2bc00d4e719f0f7fe58461af00afa2e4ba3f8f9
:10c2cc0010a0002019e02c4b44f645529a822a4dbe
:10c2dc004ff4fe72019905f116001bf081f804eb86
:10c2ec00472105f1120019f0adfc2e443772bff353
:10c2fc004f8f012385f8123200200bb0bde8f08f70
:10c30c0004207047022070474fea151a1ffa8afb67
:10c31c004fea0b1004eb40240123a4f50077451ed3
:10c32c0002aa02eb83025902795a22f8041ce9187a
:10c33c0022f8021c0133092bf2d102aa0df1280cb0
:10c34c0000f1080e04f58054174615887346002139
:10c35c00605aa84208bf7b8001339bb201f5007183
:10c36c00b1f5805ff4d104326245edd10df10a09cb
:0cc37c004ff00008004c84e7d0dd0020ea
:020000040000fa
:020000040001f9
:10c388002de9f04184b00446d0f8c4205568b0f8cf
:10c39800b030cbb113681b68644928469847236bb3
:10c3a80001332363a36a013be36219f0f9ffd4f870
:10c3b800a830c01a236898427ed294f8d030012b56
:10c3c8007fd004b0bde8f081d0f89430002b4dd177
:10c3d800574bc31adb1003ebc30103eb4103c3eb59
:10c3e800432303eb8343126856685a42514928464f
:10c3f800b047d4f8c8001af013fdd4f8c4301b684d
:10c40800b4f87e200292020e0192c0f30742009215
:10c418005e68c0f30723c2b247492846b047d4f83c
:10c42800c4301b68628a029294f84720019294f8fb
:10c43800462000925e6894f8453094f844203f49bd
:10c448002846b047d4f8c4301b685f68d4f8188011
:10c45800d4f884304ff47a7606fb03f619f0b4ff6b
:10c46800b6fbf0f3424636492846b847a36a01337b
:10c47800a362d4f894300133c4f89430237c012ba0
:10c488000ed0022b8ed1b4f8d2001af0dcfa024694
:10c498000b46d4e90801fcf714f9c4e9080181e75f
:10c4a800e0681af0bbff02460b46d4e90801fcf726
:10c4b80008f9c4e9080175e700212046faf772fd7a
:10c4c8007be7237c012b09d0022b2ad0002384f898
:10c4d800d43019f065ffc4f88c0072e794f8cc30ba
:10c4e8000133dbb284f8cc30092b15d8012b03d0eb
:10c4f8000a23c4f88430e9e719f052ffc4f88c0025
:10c5080001212046faf74efdd4f8c4301b681b6899
:10c518000c4928469847ebe71221204615f0acf85d
:10c52800d4e70f21204615f0a7f8cfe7cc47020043
:10c5380098ef0020e84702000c480200404802003b
:08c5480064480200944802005f
:020000040000fa
:020000040001f9
:10c550002de9f8436b4b1b78002b40f0ca80002973
:10c5600000f0ca800b78012b00f2c9800d46654ca3
:10c570004ff40d72002120461bf0d6fc0126667098
:10c580004ff4b472002160481bf0cefc26702b786b
:10c59000a370002b00f0aa800027a0461ce05ffae1
:10c5a00087fc342202fb0c8c1c460cf5007c03f14a
:10c5b000300e664620686168a268e3680fc61034d2
:10c5c000b4467445f5d120683060013798f80220f0
:10c5d000fbb29a4240f28a80fcb264016b6819593e
:10c5e00031b1f8b2582202fb008004301af0fefe8e
:10c5f0006b682344596839b1f8b2582200fb022015
:10c60000043040441af0f2fe6b682344996831b15b
:10c61000f8b2582202fb0080b4301af0e7fe6b68d3
:10c620002344d96839b1f8b2582202fb008000f5e2
:10c6300086701af0dbfe6b6823441b69bbb15ffa9e
:10c6400087fe342202fb0e8e1e460ef5b27e03f1eb
:10c650003009f44630687168b268f368ace80f00de
:10c660001036e6464e45f4d13068ccf800006b68d1
:10c6700023445b69bbb15ffa87fe342202fb0e8e56
:10c680001e460ef5cc7e03f13009f4463068716821
:10c69000b268f368ace80f001036e6464e45f4d1b8
:10c6a0003068ccf800006b6823449b69bbb15ffa2b
:10c6b00087fe342202fb0e8e1e460ef5e67e03f147
:10c6c0003009f44630687168b268f368ace80f006e
:10c6d0001036e6464e45f4d13068ccf800006b6861
:10c6e0001c44e369002b7ff45aaf6ee70548bde8b0
:10c6f000f8834ff0ff30fae74ff0ff30f7e74ff0e5
:0cc70000ff30f4e79cdb002068e700201d
:020000040000fa
:020000040001f9
:10c70c0030b58fb0022929dd1446556854492846a6
:10c71c001bf051fa38b3534928461bf04cfa28b198
:10c72c00514928461bf047fa002859d100221146de
:10c73c00a0681bf01bfc05464a4960681bf03bfadd
:10c74c00002842d1fe2d3cd8484b1d622b46626816
:10c75c004749002012f018f90fb030bd45490020b0
:10c76c0012f012f9f8e70cab03930bab02930aab84
:10c77c00019309ab009308ab07aa3f49a0681af0d4
:10c78c0039ff062849d1079bff2b46d88df814306a
:10c79c0008a905ab0df1190051f8042bff2a3cd860
:10c7ac0003f8012f8342f7d1304b05aa92e803001e
:10c7bc0098619983a36862683049002012f0e4f80c
:10c7cc00cae72f4912f0e0f8c6e76b1efe2b02d821
:10c7dc00264b5d62bae72b49002012f0d5f8bbe777
:10c7ec00294928461bf0e7f918b3284928461bf0bd
:10c7fc00e2f900282fd0264928461bf0dcf960b35b
:10c80c00244928461bf0d7f968b9234d12e0a268d9
:10c81c002249002012f0b8f89ee7a26820490020b7
:10c82c0012f0b2f898e72a461e49002012f0acf834
:10c83c0092e71d4d00230d930da9a06805f08cff08
:10c84c000028e4d00d9b2b60a36862681749002078
:10c85c0012f09af880e7164dece7164deae700bfa8
:10c86c00c4720100e0720100e872010048fa002075
:10c87c003473010008720100cc720100fc730100da
:10c88c00f472010014730100687301006c730100f1
:10c89c0074730100787301005cfa0020807301004e
:10c8ac00cc7301004874010050fa00209873010009
:08c8bc0054fa002058fa002094
:020000040000fa
:020000040001f9
:10c8c4006f70656e000000004e4f54204f50454e6f
:10c8d400000000006f6e00006f6666004f46460061
:10c8e40070776d20000000006770696f0000000021
:10c8f4005b45505d2073657276696365202530342d
:10c904005820696e7374202575206f6e20756470cd
:10c914002f25753a2025732020206c6f67202573fe
:10c924000d0a00002020202020727820256c75201c
:10c934002862616420256c75292020207265706c42
:10c9440069657320256c7520286661696c20256ce7
:10c95400752920202073696c656e7420256c750d13
:10c964000a0000002020202020756e6b6e6f776e09
:10c97400206d6574686f6420256c752020207374a5
:10c9840075622063616c6c7320256c750d0a000060
:10c9940020202020206c6173743a206d6574686fc8
:10c9a400642025303458202073657373696f6e20ba
:10c9b40025752020726574636f64652025303258b4
:10c9c40020207768792025730d0a0000202020207c
:10c9d400206f666665723a20257320202073656e89
:10c9e4007420256c7520286661696c656420256c4b
:10c9f40075292020206576657279202575206d7350
:10ca0400202020746f203232342e302e302e313ad2
:10ca140025750d0a00000000202020202068616e8a
:10ca2400646c6573206f70656e202575206f6620b9
:10ca340025750d0a000000002020202020202068f9
:10ca44002575202070696e202575202025732020ef
:10ca54006469722025752020696e74657276616c34
:10ca640020256c75206e73202064757479207133d1
:08ca74003120256c750d0a004c
:020000040000fa
:020000040001f9
:10ca7c000b7b012b09d00b684968d0f8a420c2f8b5
:10ca8c008030c2f8841000207047f0b58c684ff0ed
:10ca9c0000016379c3f30002c3f380156a4094f874
:10caac0004c0ccf300156a40e778c7f380056a40f0
:10cabc00a678c6f300056a40c6f380156a4065780f
:10cacc00c5f3001e82ea0e022478c4f3800e82eabb
:10cadc000e0262f30001c3f34002c3f3c01e82eaec
:10caec000e02ccf3401e82ea0e02c7f3c00e82ea9d
:10cafc000e02c6f3400e82ead61282ea0e02c5f38b
:10cb0c00401e82ea0e02c4f3c00e82ea0e0262f3e9
:10cb1c004101c3f38002ccf3000e82ea0e02ccf387
:10cb2c00801e82ea0e02c7f3001e82ea0e02c6f3d2
:10cb3c00800e82ea0e02c5f3000e82ea0e02c5f3e5
:10cb4c00801e82ea0e02c4f3001e82ea0e0262f319
:10cb5c008201c3f3c002ccf3400e82eadc1282eafb
:10cb6c000e02c7f3401e82ea0e02c6f3c00e82ea22
:10cb7c000e02c5f3400e82ead51282ea0e02c4f30d
:10cb8c00401e82ea0e0262f3c301c3f30012ccf31f
:10cb9c00800e82ea0e02c7f3000e82ea0e02c7f381
:10cbac00801e82ea0e02c6f3001e82ea0e02c5f354
:10cbbc00800e82ea0e02c4f3000e82ea0e02c4f367
:10cbcc00801e82ea0e0262f30411c3f34013ccf30d
:10cbdc00c00c83ea0c03c7f3400283ead71353401b
:10cbec00c6f340167340c5f3c0056b40c4f3400256
:10cbfc0083ead413534063f34511d0f8a430d3f82f
:10cc0c008420d3f88060c9b201238b40dd173343f5
:10cc1c0042ea0501d0f8a420c2f88030c2f8841092
:04cc2c000020f0bd37
:020000040000fa
:020000040001f9
:10cc300055736167653a206d6163696e666f200d9b
:10cc40000a00000045783a206d6163696e666f20c6
:10cc50000d0a0000496e746572666163653a2025ad
:10cc600073204472697665722053746174697374b9
:10cc70006963730d0a0000000d0a2052656365693f
:10cc8000766520537461746973746963730d0a0067
:10cc900009206e52784f6b5061636b6574733a2054
:10cca00025640d0a09206e527850656e64427566df
:10ccb000666572733a2025640d0a09206e52785316
:10ccc00063686564427566666572733a2025640d13
:10ccd0000a00000009206e52784572726f7250612e
:10cce000636b6574733a2025640d0a09206e5278cf
:10ccf000467261676d656e744572726f72733a2029
:10cd000025640d0a09206e5278427566664e6f746e
:10cd1000417661696c61626c653a2025640d0a0098
:10cd20000d0a205472616e736d69742053746174be
:10cd30006973746963730d0a0000000009206e5462
:10cd4000784f6b5061636b6574733a2025640d0aec
:10cd500009206e547850656e64427566666572731c
:10cd60003a2025640d0a09206e54784572726f725c
:10cd70005061636b6574733a2025640d0a09206e57
:10cd80005478517565756546756c6c3a2025640d4f
:10cd90000a0d0a00096e6f7420737570706f7274db
:10cda00065640d0a00000000496e74657266616377
:10cdb000653a20257320486172647761726520525c
:10cdc00065676973746572205374617475730d0ab5
:10cdd00000000000092025733a20307825780d0adc
:04cde000000000bf90
:020000040000fa
:020000040001f9
:10cde400684b834240f0b880002800f0b7802de9fa
:10cdf400f04387b091468846002305930493039338
:10ce0400604b1b6b13b105215f4898475d4c20466e
:10ce14001af00cff5d4b1870236b1bb1062104f153
:10ce24005c0098470127594d564c04f15c062b7859
:10ce3400ff2b1ed0009304ab03aa05a92046f5f7e7
:10ce4400c1f80746002800f08f80236b13b1052139
:10ce5400304698472978204617f014fb20461af0ec
:10ce6400e5fe2870236b002be1d00621304698475d
:10ce7400dde7039b012b04dd059a136a43f00403e9
:10ce840013627b1edbb2012b1bd80123b8f1000f08
:10ce940068d088f80030002b62d1059c2169394b99
:10cea40093f8d2204b6813448b608a890e3a92b26d
:10ceb4008a810b68d3b1334890f8d200121a8a8160
:10cec40009e0002f53d02f4a136f013313676ff01b
:10ced4000a03dbe713465a689a601a68002af9d1f4
:10cee400284a92f8d22099890a449a8123699b6836
:10cef40063610e33a36119f055fa6062059c236add
:10cf040023f0700343f0080222629df8132012f00c
:10cf1400800f06d112f0400f17d043f0480323626c
:10cf240002e043f028032362b9f1000f02d0049b0e
:10cf3400c9f80030154b19781248ecf7cdf884f88d
:10cf44002f00059807b0bde8f08312f0200f1cbf36
:10cf540043f018032362e7e700207047002070477e
:10cf64000020efe74046ede7039b012b84dc054af4
:10cf7400536e01335366b8f1000f8ed0002388f846
:10cf840000308ae78c040120e804012020060120f7
:020000040000fa
:020000040001f9
:10cf94005c4b02225a611b6913f0010f0ed15a4bec
:10cfa40058490a6912f0010f08d1013bf9d1574bd6
:10cfb400197831b9534b80225a6102e00121534b55
:10cfc4001970534b00221a7403f50063514a9a6294
:10cfd4001a46536813f0100ffbd14f4b4222c3f88b
:10cfe40084201a46d2f8843013f0400ffad0002976
:10cff40030d0444b494a9a632f225a631a46d36b62
:10d0040013f0040ffbd13f4b022283f830201a4661
:10d01400d36b13f0020ffbd13a4b1b6c03f00303e9
:10d02400032b30d0384a37490b6c03f00303032b2e
:10d0340029d0013af8d1334b002283f830201a4624
:10d04400d36b13f0020ffbd12e4b80225a612f4b6e
:10d0540000221a702b4b00229a6377225a631a46d5
:10d06400d36b13f0040ffbd1264b022283f830203c
:10d074001a46d36b13f0020ffbd1224a136c03f050
:10d084000303032bfad1264b01225a711a46d37893
:10d0940013f0010ffbd0204b224a1a621a46536840
:10d0a40013f0040ffbd11c4b1f4a5a621a465368f3
:10d0b40013f0080ffbd1184b4122c3f89c201a46e9
:10d0c400d2f89c3013f0400ffad0134b4122c3f82e
:10d0d400a0201a46d2f8a03013f0400ffad00e4b1d
:10d0e4004122c3f8a4201a46d2f8a43013f0400f0a
:10d0f400fad00b4b6ff07f421a6147f2ff725a610c
:10d10400704700bf001000403f420f00310401206f
:10d114000014004006013000001c004040000900db
:0cd12400000800400701010007010200a4
:020000040000fa
:020000040001f9
:10d130002de9f04f85b00e46174601293edc4ff031
:10d140000509022e41dc4ff00008032e44dc3c2789
:10d1500009f1ff33b3f57a7f45d2b8f57a7f49d824
:10d16000a7f13c0240f2b2539a424ad80097434694
:10d170004a464e49002011f00dfc002019f0c8fc71
:10d180001bf0fafa4a4b4ff0ff321a609a800028df
:10d1900041d0474a0168c2f8061083885381444849
:10d1a00088230373b5234373a7f10e02aa210e301f
:10d1b0001af0bafe00261ffa87fb3ee00a22002181
:10d1c00078681af0d9fe8146bbe70a220021b868c8
:10d1d0001af0d2fe8046b8e70a220021f8681af059
:10d1e000cbfe0746b4e74ff47a723249002011f0c3
:10d1f000d1fb0de04ff47a722f49002011f0cafbe9
:10d2000006e040f2ee533c222c49002011f0c2fb14
:10d2100005b0bde8f08f264a0023c2f806305381de
:10d22000bde7274c2268274911f0b4fb2368013b76
:10d230002360ede70136b145ead0214a1368013396
:10d2400013601b491a0e8a731a0cca731a0a0a74dd
:10d250004b7400200190009003465a4617f004fcde
:10d260000028ded0164b1a681749002011f092fbf7
:10d27000b8f1000fded018f0f5f907468a461bf02a
:10d28000a1f84ff47a720023a0fb080118f0dafa33
:10d29000cde9020118f0e6f9c41b61eb0a05dde9ee
:10d2a00002239d4208bf9442f4d3c3e724710200d5
:10d2b0002cd30020c4700200e4700200047102004c
:0cd2c00088010120547102007871020006
:020000040000fa
:020000040001f9
:10d2cc002de9f04f85b081464368029302295fdd5a
:10d2dc00144603394908083202ebc1074ff0000825
:10d2ec00cdf80c80cdf80480c346c24608e0304629
:10d2fc0015f067fe01904ff0010a0834a74229d0bf
:10d30c006568a668484928461af055fc0028eed0f6
:10d31c00464928461af04ffc70b1454928461af088
:10d32c004afc20b1434928461af045fc58b930460e
:10d33c0015f047fe8046e0e7304615f042fe0390bc
:10d34c004ff0010bd9e7d9f800301b683a49029825
:10d35c009847d2e7b8f1000f23db384b1b684345e5
:10d36c001fddbaf1000f34d0019b5a1e4ff6fe732d
:10d37c009a4222d8bbf1000f2ed1314bd82404fb9a
:10d38c000834baf1000f3ad0019bc4f8b83036e03b
:10d39c004ff00008cdf80c80cdf80480c346c2468f
:10d3ac00dbe7264b1a68d9f800305b68013a25494f
:10d3bc000298984705b0bde8f08fd9f800301b688b
:10d3cc00214902989847f5e71d4bd82404fb0834f3
:10d3dc0015e0bbf1000ff7d0039b5a1e4ff6fe73fe
:10d3ec009a42ead8164bd82404fb0834baf1000f41
:10d3fc0002d0019bc4f8b830039bc4f8bc30d9f8f8
:10d40c0000305d68d4f8b83042461049029e304670
:10d41c00a847d9f800305d68d4f8bc3042460c49b6
:10d42c003046a847c6e700bf10540200145402004f
:10d43c00185402001c540200245402000001012064
:10d44c0098ef0020585402008c540200a85402009b
:04d45c00d0540200a6
:020000040000fa
:020000040001f9
:10d46000f8b5002800f0af800446002900f0ae8037
:10d470000d46036f13f1020f0ad00b46002211462e
:10d4800012f0fbf907466ff48773984240f09980d9
:10d4900004f12006236e5a1c22668022f254206e6c
:10d4a000382822d9c0f14002002130441af03cfd56
:10d4b0004023236604f11c0104f15c0051f8042fa1
:10d4c000130a03f0ff13120202f0ff2213434fea84
:10d4d00033430b608142f1d131462046f5f79cfd84
:10d4e000074600286dd100232366206ec0f1380264
:10d4f000002130441af018fd636ea16e5a0f02eb42
:10d50000c102a266db00636604f11c0104f15c0049
:10d5100051f8042f130a03f0ff13120202f0ff2246
:10d5200013434fea33430b608142f1d1a36ea365ed
:10d53000636ee36531462046f5f76efd0746002829
:10d540003fd12646211f04f11c0000bf51f8042fd3
:10d55000130a03f0ff13120202f0ff2213434feaf3
:10d5600033430b608842f1d130687168b268f36868
:10d5700028606960aa60eb6030697169b269f3691b
:10d5800028616961aa61eb61124b2360124b6360f1
:10d59000124ba360124be360124b2361124b636189
:10d5a000124ba36103f17453a3f52303a3f6924333
:10d5b000e361002323666366a366a3671bf06ef92d
:10d5c00020673846f8bd6ff0ac07fae76ff0ac079c
:10d5d000f7e700bf67e6096a85ae67bb72f36e3c8a
:10d5e0003af54fa57f520e518c68059babd9831f2e
:020000040000fa
:020000040001f9
:10d5f0002de9f041594b1b78012b03d0022b19d098
:10d60000bde8f081564bb3f9000019f00af8002884
:10d61000f6d0534bb3f9000018f0f8fc0020514b42
:10d620001860514b18604d4b02221a704f4911f08f
:10d63000b1f9e5e74a4bb3f9000018f0e7fc28b967
:10d64000474bb3f900001af085faa8b1464b1b68a6
:10d65000444a12684649002011f09cf9404bb3f946
:10d66000000019f0a6ff0023424a1380424a1380ab
:10d670003a4b01221a70c3e74ff400543d4e3e4d21
:10d68000374f03e0002333802b8004b332882b888c
:10d690009a4222d9d21a92b238491944b7f90000f5
:10d6a00001f07cfc304a1368034413602b88034468
:10d6b0009bb22b80a0423abf241aa4b20024328825
:10d6c0009a42dfd9264bb3f9000018f0bdff244b76
:10d6d000b3f9000018f0b8ff92e7b7f900001af0ac
:10d6e0008cfc0028f3d02246b4f5007f28bf4ff40d
:10d6f0000072824228bf024692b22049b7f9000068
:10d7000009f012fc8046174a136803441360a042d4
:10d7100010d2241aa4b20028b8d002461749b7f98b
:10d72000000001f03bfc104a13680344136080457d
:10d730000fd8abe70028cad002461049b7f900005d
:10d7400001f02cfc084a1368034413608045bed9dd
:10d750000024a6f80080288097e700bf4c04012031
:10d76000140601208c01012090010120d412030035
:10d77000f41203001ad9002032fd0020e8df002057
:020000040000fa
:020000040001f9
:10d780002de9f8435f4b834240f0b580002800f05c
:10d79000b58015460c46002a58d0084618f082f885
:10d7a0008146584bb3f84c30dbb9564bb3f84c10ac
:10d7b0000c43a3f84c40b3f8502049ea0202a3f806
:10d7c0005020002c00f09c80b3f8522029ea020976
:10d7d0001ffa89f993f89c3093b34ff00008494f32
:10d7e0001be000223f21474818f040f9dde724f410
:10d7f000806424f00604a4b2314638461af094ff3f
:10d800002246314638461af093ff08f1010897f88e
:10d810009c205ffa88f39a4212d95ffa88f606ebe9
:10d820008602d7f8983003eb82031a7c012a1abfcc
:10d8300029f0d004a4b24c465b7c012bd7d1dbe7a6
:10d840003f21304818f03ef9284655e02d4b1b6823
:10d850001a8841f250082c4b42450cbf98464ff0b5
:10d860000008284bb3f84c502c40204618f01af80a
:10d8700007469dbbe44324b2224bb3f84c20224020
:10d88000a3f84c20fa4312b2b3f850101140a3f899
:10d890005010b3f84e100c40a3f84e40b3f852109d
:10d8a0000a40a3f8522093f89c308bb10024154d08
:10d8b000e6b23a46314628461af03eff314628463f
:10d8c0001af032ff013495f89c20e3b29a42efd867
:10d8d0000c4bb3f84c303bb901200de042463f21e0
:10d8e000084818f0c3f8c5e742463f21054819f03b
:10d8f0004dfb012000e00020bde8f8830020fbe79d
:0cd900002846f9e78c04012030040120c7
:020000040000fa
:020000040001f9
:10d90c002de9f04383b0554b1f68002f40f09680f3
:10d91c000b468468e4b1d9b10d88cdb1504a14607e
:10d92c00504a0868496803c21b891380a3681822ef
:10d93c002946204698474c4b1860a8b1494b1b8888
:10d94c00002b6fd000f11808464ddff83c9133e006
:10d95c001af02cfd08b9002075e01af021fd43499e
:10d96c0011f012f800206ee01af020fd08b900202a
:10d97c0069e01af015fd3e4911f006f8002062e04e
:10d98c0001220621304613f0dff930e00321304646
:10d99c0013f0daf970bb1af009fd01282ad91af034
:10d9ac00fffc3a46334910f0efff23e0013708f152
:10d9bc0018082b88bb4235dd002401940094eb88b9
:10d9cc00224606212046fcf77fff064628f8180c55
:10d9dc0023464a464ff400710df0ccfdb6f1ff3fe3
:10d9ec0034d0002832d02b8913f0010fc8d16a88ab
:10d9fc00002acbd1aa88002ad8d00221304613f0b5
:10da0c00a3f90028d2d11af0d1fc0128ced91af0f2
:10da1c00c7fc3a46184910f0b7ffc7e7174b00226e
:10da2c001a6016e0642216491a2014f003ff154bf5
:10da3c0018600028f2d0114b00221a60074a1368b4
:10da4c0001331360012003b0bde8f0830b4b0022bf
:10da5c001a6010f0dffb0020f5e700bfc4000120c6
:10da6c00c000012028fd0020bc000120e4aa020017
:10da7c0014ab020038ab020060ab0200b80001200e
:0cda8c00f1470100c80001203f7b0300af
:020000040000fa
:020000040001f9
:10da98002de9f0478ab006460c4617f0dffd8c46a4
:10daa8004e4b1a784e4d4f4b002a08bf1d464e4b21
:10dab8001f684e4bd3f800804d4bd3f800904d4b68
:10dac800d3f800a04c4bd3e9002352ea03015ed0ff
:10dad8004a49d1f800e04968beeb000061eb0c014f
:10dae8000df024fb0490cdf80ca0cdf808904ff46d
:10daf80080730193cdf800803b462a4640490020b8
:10db080010f044ff394b1f68002f42d0b7425dd94f
:10db18003c4b1b68a3eb07085ffa88f8002e3dd042
:10db2800002c58d035460027dff8e89005eb0801af
:10db3800c9b2dff8e4c0ca0002eb010e0ceb8e0399
:10db480093f82100089093f820000790d869069070
:10db5800986905905869049018690390d8680290ec
:10db68009b6801930ceb8e02536800935cf82e308f
:10db78002a464946002010f009ff0137bc421ed949
:10db880001351a4b1b68ab42d0d800271fe0002094
:10db9800a8e71d49002010f0f9fe18e0c8233a460e
:10dba8001a49002010f0f2fe1949002010f0eefe8c
:10dbb80024b10e4b1b68002bb4d1e6e72746374447
:10dbc8000a4b1b689f4228bf002700e00027384601
:10dbd8000ab0bde8f0873746f9e700bf28060120fc
:10dbe8000cf1010010f10100ec05012014020120e4
:10dbf8000c02012018020120a0fe0020a8fe00202f
:10dc080014f101001002012074f101009cf10100df
:0cdc1800f8f1010048f20100e45e002079
:020000040000fa
:020000040001f9
:10dc24002de9f04784b004461e464568504b1b78e6
:10dc340023b90f4690464f4b1b683bb123681b68c2
:10dc44004d492846984704b0bde8f0874b4b1b6804
:10dc5400002bf3d1294615f0c5fd0028f3d0a6f119
:10dc64000a03dbb2042b9dbfa6f10a03444a52f80f
:10dc74002390dff83091434b1f80a6f10a03042b55
:10dc840066d8dfe803f00322344554003e4b1b689a
:10dc94000df10f020092d3f82c8000233b4a128826
:10dca400394636480068c047002854d0314b1860c4
:10dcb4002f4b1e70364b1c60364b1d606422364b56
:10dcc4001968202018f056fabde72f4b1b680df198
:10dcd4000f02019200220092d3f830a01ffa88f3b9
:10dce4002a4a1288394625480068d047dce7264b83
:10dcf4001b68df6a294b1988224b19800df10f0329
:10dd040000930023214a12881c480068b847cbe7d7
:10dd14001d4b1b680df10f020092d3f844800223bf
:10dd24001a4a1288394615480068c047bce7164ba2
:10dd34001b680df10f02019202220092d3f840a059
:10dd44004346124a128839460c480068d047abe76c
:10dd5400fe238df80f30012015f048fa23685c6823
:10dd64009df90f304a460e492846a0476be700bf8d
:10dd740049fc002084000120040d030078000120e8
:10dd8400987d03001e040120800001201a04012054
:10dd94009400012074000120980001208c000120cf
:08dda400300d0300fc0c03002c
:020000040000fa
:020000040001f9
:10ddac002de9f041044683695a48c3f307217422d4
:10ddbc0002fb0101dbb203eb8303db00c9685f18d4
:10ddcc005d5a02fb050300225a649a642269e368d7
:10dddc009a4251d3742101fb0501d31a4b644d4b6c
:10ddec00742606fb053622464b49f06a1af05cf99c
:10ddfc0022464a49306b1af057f9bb69002b42d0c6
:10de0c00082b4dd8434b742606fb05364ff4807116
:10de1c00306b19f07ffd4ff48071f06a19f07afdc8
:10de2c002369002b4bd1dff8ec80742707fb0586a8
:10de3c0000221146306b19f01dfab36c0022b2644b
:10de4c0032464032b16b306b07f050fbe368002b6d
:10de5c0046d1304a742303fb052500221146e86a9b
:10de6c0019f008fa6b6c00226a646a6b2c49e86a38
:10de7c0007f03cfbbde8f0812648742101fb05014d
:10de8c009b1a8b64abe7234b742606fb05360021eb
:10de9c00306b19f03ffd0021f06a19f03bfdbfe734
:10deac001c4b742606fb05364ff40071306b19f0d1
:10debc0031fd4ff40071f06a19f02cfdb0e7154bf1
:10decc00742606fb05364ff400620021306b19f006
:10dedc00d1f923696268b16b306b07f007fbb5e7ca
:10deec000c4b742606fb053600224ff48061f06a59
:10defc0019f0c0f9b36c53b12369064a742101fbc4
:10df0c0005256a6ba168e86a07f0f0fab2e7e368e6
:10df1c00f3e700bf38f60020b11b030085fe0100bb
:04df2c0060fc002075
:020000040000fa
:020000040001f9
:10df30002de9f04fa9b0ddf8c8b0002800f0b0809e
:10df40000446002965d08360c0f814b0c0f804b05e
:10df50000023c36003749a4214bf242734279146d8
:10df600088468023029308ab01930020009003466b
:10df700030224e4917f0dafe0146002840f08b802f
:10df80000df11f05dff828a10df19f0650462a4626
:10df900012f8013f10f801cf83ea0c031943b24293
:10dfa000f6d1002977d141496ff001030693002093
:10dfb00005908023049308ab0393029001902023e3
:10dfc00000930b46102220310cf082fe02460028fe
:10dfd00061d100bf15f8013f1af8011f4b401a43e9
:10dfe000b542f7d1002a56d1842012f069fae060d8
:10dff000d8b13a4608a9204610f006fd38b30223ee
:10e0000023740125e06808b115f046fa0023e360a7
:10e010000fe0002a47d18360c0f814b0c0f804b004
:10e020000023c3600374342799e7022323746ff03d
:10e030007c0508ab1f441a460021134603f8011b58
:10e040001a46bb42f9d1cdb9012323741fe03946ea
:10e0500008a811f035f905460028d3d1cdf808b04d
:10e06000a3680193cdf8009043463a1f09a9e068e0
:10e0700010f0b1fd05460028dbd0c3e7032d0ad020
:10e08000012d4ff00203237408bf6ff0c605284628
:10e0900029b0bde8f08f032323746ff0d005f6e7b5
:10e0a0006ff0ac05f3e76ff0ac05f0e7f456030052
:04e0b000d7d90200ba
:020000040000fa
:020000040001f9
:10e0b40055736167653a206c616e5f726d77203cc1
:10e0c400616464725f6865783e203c6d61736b5f68
:10e0d4006865783e203c76616c75655f6865783e5e
:10e0e4000a0d0000202020202020206e6577203d8e
:10e0f40020286f6c642026207e6d61736b29207c40
:10e104002076616c75650a0d000000004578616d2c
:10e11400706c653a206c616e5f726d772030783078
:10e124003030333038463920307830303030303089
:10e1340030312030783030303030303031202020d1
:10e1440028736574204c4245290a0d004578616d99
:10e15400706c653a206c616e5f726d772030783038
:10e164003030333038463920307830303030303049
:10e174003031203078303030303030303020202092
:10e1840028636c656172204c4245290a0d00000029
:10e194006c616e5f726d773a206d61736b20697389
:10e1a4002030202d206e6f7468696e6720776f753c
:10e1b4006c64206368616e67652c20757365206ce0
:10e1c400616e5f777269746520696e7374656164ea
:10e1d4000a0d00006c616e5f726d773a20574152f0
:10e1e4004e494e472076616c7565206861732062e4
:10e1f400697473206f75747369646520746865202d
:10e204006d61736b2028307825303858293b207491
:10e21400686520647269766572204f527320746851
:10e22400656d20696e207265676172646c657373d5
:04e234000a0d0000cf
:020000040000fa
:020000040001f9
:10e238005b54424153455d202a2a2a2053594e43b4
:10e24800204c4f5354202a2a2a206e6f206d617368
:10e25800746572207265666572656e636520666fa7
:10e2680072202575206d732e2020546865207469ee
:10e278006d6562617365206e6f772072756e7320ad
:10e2880066726565206174207468652068656c64d1
:10e298002072617465202d207468652070696e7322
:10e2a80020617265206472696674696e672e0d0a52
:10e2b800000000005b54424153455d202a2a2a2071
:10e2c80053594e43204241434b202a2a2a20616653
:10e2d800746572202575206d7320776974686f7571
:10e2e800742061207265666572656e63652e2020f4
:10e2f80054686520736572766f206973206e6f7736
:10e30800206361746368696e67207570202d204ee4
:10e318004f542073796e6368726f6e6973656420f9
:10e328007965742e20202753796e6368726f6e6941
:10e33800736564272068657265206d65616e733a40
:10e3480020256c64206e732c2025752073616d70f8
:10e358006c657320696e206120726f772e0d0a003c
:10e368005b54424153455d202a2a2a2053594e4383
:10e3780048524f4e4953454420414741494e202a6f
:10e388002a2a20726573696475616c20756e6465ec
:10e398007220256c64206e7320666f7220257520ac
:10e3a80073616d706c657320696e206120726f7780
:04e3b8002e0d0a001c
:020000040000fa
:020000040001f9
:10e3bc002de9f84315f0b1fb002800f086800546e6
:10e3cc00554edff8688100bfd5f88c40002c75d015
:10e3dc002369586840f2ba323146a84214bf002073
:10e3ec00012018f051f9e07b40f2bb323146022893
:10e3fc0014bf0020012018f047f9237b013bdbb24e
:10e40c00042b40d8a37b012b39d0237b013b58f83c
:10e41c002330214628469847a37b052b3bd8a37b6a
:10e42c00042b4bd92769786840f2bc423b49a8427f
:10e43c0014bf0020012018f027f9637b13f0010fa3
:10e44c0012d1bb68002b42d0a27b531edbb2032b34
:10e45c0032d9062a27d8052a21d00022d7f80890cd
:10e46c00238921463846c847237b032b26d0022319
:10e47c0005f18c02214628460ff054fea4e7e8680b
:10e48c001af01af9c1e740f2c7323146002018f0f1
:10e49c00fbf80723a373e8681af013f9bfe704230a
:10e4ac00a3730022dae740f2f3421d49002018f072
:10e4bc00ebf86ff01302d1e70122cfe71af082f9e3
:10e4cc002b7801332b701af081f9bde8f883237b8c
:10e4dc00032bf3d005f18c0018f098fd074648b1da
:10e4ec00f87b4ff483720f49022814bf00200120df
:10e4fc0018f0caf840f256220b49bc4214bf002057
:10e50c00012018f0c1f8394605f1980018f0d6ff33
:10e51c000323fb7358e700bf807c0300d07c03000f
:10e52c00e47c030040770300648003000c7d03004f
:020000040000fa
:020000040001f9
:10e53c002de9f04fafb006464768012907dd0c46c0
:10e54c00904651684f4819f036fb054638b1336890
:10e55c001b684d49384698472fb0bde8f08f19f02d
:10e56c00effe8146022c09dc834633685b684a4621
:10e57c004649384698475d450bdbede7d8f808006f
:10e58c0014f01ffd054600f1010beee70135ab451c
:10e59c00e2d019a928b206f0f5fb0028f6d03368b2
:10e5ac00bdf8b2200392bdf8b0200292bdf8aa20ab
:10e5bc000192bdf8a82000925c689df864302a4650
:10e5cc0033493846a047dff8dca09df8b430c3f3dc
:10e5dc004003dff8d4905af823304a46502105a85e
:10e5ec0019f015f80446dff8c4809df8b43003f038
:10e5fc00010358f82330274ac0f1500105a82044e4
:10e60c0019f005f804449df8b430c3f3c0035af86c
:10e61c0023304a46c4f1500105a8204418f0f7fff6
:10e62c0004449df8b430c3f3800358f823301a4add
:10e63c00c4f1500105a8204418f0e9ff04449df8ea
:10e64c00b430c3f340135af823304a46c4f1500196
:10e65c0005a8204418f0dbff20449df8b430c3f328
:10e66c00001358f823300d4ac0f1500105ac20447a
:10e67c0018f0cdff33685b6805aa094938469847fe
:10e68c0084e700bf38860200ac81020004810200de
:10e69c00188102007c8102008881020094810200b2
:10e6ac009c81020088870300708102009087030020
:020000040000fa
:020000040001f9
:10e6bc002de9f04fadf6340d0646d0f80480012953
:10e6cc000dd003681b684e494046984733681b6859
:10e6dc004c49404698470df6340dbde8f08f19f0c3
:10e6ec000bfeb0f1000af6dd00271ae033681b6858
:10e6fc0045494046984733685b682a46434940463b
:10e70c0098470dab32220ea9204617f007fd0028c2
:10e71c0057d133681b683c49404698470137ba4586
:10e72c00d9d0384618f0eef904461af023f801282f
:10e73c00f4d1204619f0caff054633685b680246df
:10e74c003349404698470df608020df6180120464d
:10e75c0017f0d0fc0028c9d033685b682d494046bf
:10e76c0098473368ddf820280092d3f80490ddf840
:10e77c001c38ddf8182828494046c8473368ddf8ae
:10e78c002c280092d3f80490ddf82838ddf82428e2
:10e79c0022494046c84733685b6821494046984740
:10e7ac003368ddf814280192ddf810280092d3f8b4
:10e7bc000490ddf80c38ddf808281a494046c847a3
:10e7cc0099e700238df830300d9b002ba6dd00253a
:10e7dc000eacdff854902422214603a819f06afeef
:10e7ec003368d3f804b0636a03aa49464046d84755
:10e7fc00013528340d9bab4290dd322debd18de7ea
:10e80c0030cc010044cc010094cd0100a8cd010016
:10e81c0054cc010078cc010090cc0100d4cc010088
:0ce82c0020cd01003ccd0100d4cd010046
:020000040000fa
:020000040001f9
:10e8380030b45c4c247f002c40f0ad80054604f0d9
:10e84800ff0000294cd0002d4ad0574c646804f0d2
:10e858000704012c61d053480560426000244461dc
:10e86800846104614f488160002a5cd04d4ad360be
:10e878004c4a012111774c4a127e12f0040f05d040
:10e88800494a916a117e11f0040ffad1464a518b18
:10e8980041f004015183117e41f080011176414914
:10e8a8008a68c968914203d93e48c168891a0161da
:10e8b8003d49496811f0070f45d13a4989699142a4
:10e8c80035d2384a11680878374988629169013128
:10e8d8009161002b5bd0344b04229a7501205be0d8
:10e8e800002b59d0002a57d02f4c646804f0070435
:10e8f800012c0cd02b4805604260002444618461df
:10e908000461002daed1274900208860ace70029ba
:10e9180044d113f0010fedd03ee011f0010f3bd1cf
:10e92800002be7d0f5e71f4a0021d160a0e71d4a78
:10e938001269002acdd01c4aff21916219490a693f
:10e94800013a0a61c5e7174a916849089160116957
:10e9580049081161d1684908d160916892698a4271
:10e9680008d2104a116808880f49886291690131f4
:10e978009161aee70b4a1269002aaad00a4a4ff6fb
:10e98800ff71916207490a69013a0a61a1e701200a
:10e99800054b987500e0002030bc704711f0010f5e
:0ce9a800b7d0f9e71cfa00200030004056
:020000040000fa
:020000040001f9
:10e9b40073746172740000007465737473657276a5
:10e9c40065723a20616c72656164792072756e6e4d
:10e9d400696e67206f6e20706f72742025750a0d42
:10e9e40000000000746573747365727665723a2072
:10e9f40054435049505f5443505f53657276657277
:10ea04004f70656e206661696c65640a0d000000d4
:10ea1400746573747365727665723a206c69737485
:10ea2400656e696e67206f6e20706f727420257535
:10ea34000a0d000073746f70000000007465737435
:10ea44007365727665723a206e6f742072756e6e9d
:10ea5400696e670a0d0000007465737473657276dd
:10ea640065723a2073746f70706564202872783d03
:10ea7400256c752074783d256c75206279746573f6
:10ea8400290a0d0075736167653a207465737473a0
:10ea94006572766572205b7374617274205b706f4b
:10eaa40072745d7c73746f705d0a0d0074657374a9
:10eab4007365727665723a2069646c650a0d0000ac
:10eac400746573747365727665723a206c697374d5
:10ead400656e696e67206f6e20706f727420257585
:10eae4002c206e6f20636c69656e74207965740ade
:10eaf4000d000000746573747365727665723a2054
:10eb04006563686f696e67206f6e20706f72742022
:10eb14002575202872783d256c752074783d256c08
:0ceb240075206279746573290a0d0000e9
:020000040000fa
:020000040001f9
:10eb300020202b204950206c697665206e6f77006d
:10eb40000000000020202b2049502073746f726554
:10eb5000642c204e4f54206170706c696564000015
:10eb600020205b73617665645d00000020205b7689
:10eb70006f6c6174696c655d000000005b54524904
:10eb800047434d445d2061737369676e65643a2045
:10eb90006e6f6465202575206f66202575257325a9
:10eba000730d0a005b545249475d2052455345544a
:10ebb0002066726f6d20746865206d617374657274
:10ebc000202d2072657374617274696e670d0a007e
:10ebd0005b54524947434d445d20646976696465de
:10ebe000722025752052454655534544202d204c12
:10ebf0004544312069732074616b656e2028616320
:10ec000074696f6e20343f293b206e6f7468696ea3
:10ec100067206368616e6765640d0a005b54524942
:10ec200047434d445d206d6f64653a206c69737491
:10ec3000656e2025752020736f75726365202575bc
:10ec4000202070696e20257520206877202575208a
:10ec500020747269676d6f646520257520202830e7
:10ec6000784646203d20756e6368616e676564294d
:10ec70000d0a00005b54524947434d445d206d65c9
:10ec800074686f642030782530345820616374696b
:10ec90006f6e2025752073657373696f6e202575ff
:0ceca000202d3e2025730d0a000000bf4f
:020000040000fa
:020000040001f9
:10ecac002de9f04f83b004460f4691461e460d9851
:10ecbc0019f0caf9002800f087808046002f00f078
:10eccc0086800025444f03e001212046f3f76cfebb
:10ecdc0001950097012332464946204617f0e2fe83
:10ecec0083460028f0d00024a146dff828a13de09f
:10ecfc003a480df0b3ff38e039480df0afff34e07f
:10ed0c0038480df0abff30e037480df0a7ff2ce092
:10ed1c0036480df0a3ffd94627e035480df09eff8d
:10ed2c0023e034480df09aff1fe033480df096ffb6
:10ed3c001be032480df092ff17e031480df08effca
:10ed4c0013e030480df08aff0fe02f480df086ffde
:10ed5c000be050460df082ff07e032462b480df0d9
:10ed6c007dff0135edb21f2d26d80134e5b22146c9
:10ed7c000123a3403342f4d00c2deed801a353f859
:10ed8c0025f000bffdec010005ed01000ded0100cb
:10ed9c0015ed01001ded010027ed01002fed010027
:10edac0037ed01003fed010047ed01004fed010093
:10edbc0057ed01005fed0100b9f1000f04d0002305
:10edcc0088f8d43088f8903003b0bde8f08f104844
:10eddc000df044fff8e700bf15520300a47d0100bd
:10edec00c87d0100f47d0100207e0100487e0100f9
:10edfc00687e0100807e01009c7e0100b47e0100d3
:10ee0c00e87e01001c7f0100507f0100a87f0100fb
:08ee1c00d07f0100807f01009e
:020000040000fa
:020000040001f9
:10ee24002de9f84f9946574b1b68002b00f0a4803e
:10ee340006460d46904611f0020306bf1746984653
:10ee4400002719f0c3fc504b1b78002b66d119f036
:10ee5400c1fc002f68d04d4b196800296add494b6d
:10ee64001b681a68002a00f08a80002401348c424e
:10ee74005fd053f8042f002af8d1454b18688368f3
:10ee84006422012198478246002853d00ffa84fb5c
:10ee9400a0f812b03b4b1b6843f8240019f096fc11
:10eea400394a13780133137019f094fcaaf82a70c4
:10eeb400aaf828808af83c6003238af83d308af84f
:10eec40062309af8413066f305138af8413015f040
:10eed400800f3cd00023aaf810309af8413043f058
:10eee40002038af8413015f4807f05d09af8413046
:10eef40043f008038af8413015f0010f2cd09af83a
:10ef0400403043f01c038af840309af8483043f00c
:10ef140004038af848305846bde8f88f013b1a4a82
:10ef2400137019f057fc94e715f0e0fb074608b19d
:10ef340091e752b119f04afc134a13780133137064
:10ef440019f048fc4ff0ff3be5e70c4695e7114b01
:10ef54001b88aaf81030c6e7012edcd1b9f1000fe6
:10ef6400d9d0d9f80030caf814309af8413043f0b7
:10ef740001038af84130cee74ff0ff3bcbe7002492
:10ef84007be700bfcc0001202d040120d00001202c
:08ef9400dc000120240401202f
:020000040000fa
:020000040001f9
:10ef9c002de9f843002a00f09d800f461546002904
:10efac0000f09c8017f082f90446002800f098804d
:10efbc00c36c002b00f0968016f02efa0646002843
:10efcc0000f09280854228bf0546adb2a068636808
:10efdc004219934230d9a8464ff0000942463946af
:10efec00a06815f00ffba3684344a3602269934209
:10effc0019d094f8757017f0800f2dd1934242d927
:10f00c009b1a9bb2b4f864000146984228bf19467b
:10f01c00b4f86a508d4247d9b4f86e50b1eb550f25
:10f02c0042d2984236d294f83e3013f0040f3fd0bf
:10f03c0008eb0906b6b24ee0a3eb00091ffa89f9fa
:10f04c004a46394615f0defa4f44a5eb09081ffa7b
:10f05c0088f82368a360c1e794f83e1011f0200fe4
:10f06c00ccd1751badb261682068091ab5eb610f84
:10f07c00c4dc204617f02ef994f83e3043f0200300
:10f08c0084f83e30d4e76168891a20681b1a0b4457
:10f09c009bb2b7e717f0080f06d194f93f30002b5d
:10f0ac00c1dbe3689a42bed1204617f013f9bfe7e3
:10f0bc0043f0040384f83e3017f070f90e4b1b68d4
:10f0cc0003eb8303db000d4aa2fb032300eb93103d
:10f0dc00a062ade716463046bde8f8830026fae795
:10f0ec000026f8e70026f6e794f87730012bf2d1ea
:10f0fc00204617f0eff8eee7e8000120d34d621040
:020000040000fa
:020000040001f9
:10f10c006f6e00004f4646005b54524143455d20f4
:10f11c00726563202573202020696e746572766198
:10f12c006c20256c75206d7320202073616d706cc4
:10f13c00657320256c75206f662025752020206353
:10f14c00616c6c7320256c75202020777269746556
:10f15c007320256c7520202064756520696e202530
:10f16c006c64206d730d0a005b54524143455d2065
:10f17c00656d707479202d206e6f7468696e6720d0
:10f18c007265636f72646564207965740d0a0000a2
:10f19c005b54524143455d20256c752073616d7045
:10f1ac006c6573206576657279202575206d733bcf
:10f1bc002071323420697320746865207261746523
:10f1cc0020636f7272656374696f6e2c2061204ac4
:10f1dc00554d50207468657265206d6f766573208f
:10f1ec007468652070686173650d0a005b54524148
:10f1fc0043455d2069647820745f6d7320713234ef
:10f20c0020616e63686f724c20616e63686f724e22
:10f21c007320726573696420737072656164207009
:10f22c0061697273207265616e63682073746174b6
:10f23c0065207175616c0d0a000000005b54524131
:10f24c0043455d20256c7520256c7520256c75203b
:10f25c00256c7520256c7520256c6420256c75201b
:10f26c00256c7520256c752025752025750d0a00db
:020000040000fa
:020000040001f9
:10f27c006f6666007265706f72740000557361671b
:10f28c00653a20737169207265706f7274203c73db
:10f29c0065636f6e647320312e2e333630303e7cb6
:10f2ac006f66660a0d0000005b5351495d20617565
:10f2bc00746f2d7265706f72742073746f707065db
:10f2cc00640a0d005b5351495d206175746f2d729a
:10f2dc0065706f727420616c7265616479207374ef
:10f2ec006f707065640a0d00737169207265706fc0
:10f2fc0072743a207365636f6e6473206d757374ea
:10f30c0020626520312e2e333630300a0d0000007d
:10f31c005b5351495d206175746f2d7265706f720e
:10f32c007420657665727920257520732061726d65
:10f33c0065640a0d00000000616c6c005573616718
:10f34c00653a20737169205b3c6e6f646520302eca
:10f35c002e3235343e7c616c6c7c6f66665d0a0dba
:10f36c000000000020206e6f20617267756d656e65
:10f37c0074203d2073686f77207468652061636327
:10f38c00756d756c61746564207265706f72740a4a
:10f39c000d0000005b5351495d20737461727469f8
:10f3ac006e67202d20706f6c6c207e31782f732c43
:10f3bc002067697665206974206120666577207303
:10f3cc0065636f6e647320746f20616363756d7514
:08f3dc006c6174650a0d00006c
:020000040000fa
:020000040001f9
:10f3e40038b50d46144616f029ff002800f0a08019
:10f3f4000346002c00f09e800f2d00f29d80dfe874
:10f4040005f008111a232a31353a3f464b727980a8
:10f41400878e90f8403083f00403c3f38003237095
:10f42400012086e090f8403083f00803c3f3c00362
:10f43400237001207de090f8403083f01003c3f383
:10f4440000132370012074e090f84030c3f30103eb
:10f45400237001206de090f84130c3f380032370e2
:10f46400012066e0038a2380012062e090f83d30a9
:10f47400237001205de090f862302370012058e091
:10f4840090f8423003f001032370012051e090f81a
:10f494006330237001204ce090f8402002f01c02fd
:10f4a4001c2a14bf00220122416c09b142f002025d
:10f4b40093f8481011f0010f18bf42f0040211f044
:10f4c400020f18bf42f0080293f8423013f0040f01
:10f4d40018bf42f0100213f0080f18bf42f02002c8
:10f4e4002270012025e0b0f84830c3f3c50323702f
:10f4f40001201ee090f84930c3f34003237001203b
:10f5040017e0436c003318bf01232370012010e07f
:10f5140090f8483003f001032370012009e090f8cb
:10f52400493083f00403c3f380032370012000e017
:0cf53400002038bd0020fce70020fae7b2
:020000040000fa
:020000040001f9
:10f54000f0b587b0a0f58854103c4f4a4ff486734d
:10f5500003fb042393f80531002b00f08e804ff459
:10f56000867303fb04f3d35c012b24d011f008064f
:10f5700028d0454a4ff4867303fb042393f8ff30e9
:10f58000003318bf01234ff0ff305bb13f4b1a68c7
:10f590003f4b9a4222d13d4b9a683d4b9a421bd138
:10f5a0004ff0ff304ff4867303fb04f4364b012217
:10f5b0001a5507b0f0bd4ff4867303fb04f3002027
:10f5c000d054d3e7304a4ff4867303fb042393f8f7
:10f5d000013183f00103d6e7012700e000272a4b21
:10f5e0004ff4867505fb04350321a88801f03efe23
:10f5f000c5f88800b0f1ff3f42d0234b4ff4867529
:10f6000005fb043595f80021224910f019fdeb683f
:10f61000019301230293002303930493aa798df8a5
:10f6200014208df8153001a9d5f8880016f0affc2c
:10f63000284607f0adfbc5f8ec0008b3134b144a9d
:10f6400043f8372003ebc7077d600f4b4ff48675f7
:10f6500005fb0435002385f8903095f8ff30013321
:10f6600085f8ff3018f0cefd85f8fd00311c18bf7d
:10f67000012185f80111384694e74ff0ff3098e7f3
:10f680004ff0ff308ee700bf80ec00204cfc0020e4
:08f69000233421236936030035
:020000040000fa
:020000040001f9
:10f69800524b586a524b9b7d002b00f09d8070b5f1
:10f6a8004f494c6804f007044c4b5a699d699e68a1
:10f6b8000b7e13f0040f56d0896a484bdb689342df
:10f6c80051d9002c41d1454b5b6899540132444bc8
:10f6d8001b7e13f0010f15d0414b012119753f4bcb
:10f6e8009b68ab4255d93d4b1b68595d3c4b9962b1
:10f6f80001353a4b1b690bb9b54263d0374bdb6810
:10f70800934263d0354b5a619d61354b1b7e13f094
:10f71800020f13d0334b1b78b3b1304bdb689342e5
:10f728000fd12e4b00221a772d4907240c752d492d
:10f738000a701b6a43b1294b1b6a9847294b1b78ef
:10f7480013b1274b02229a7570bd244b5b6823f8ce
:10f7580012100132224b1b7e13f0010fd2d0204b26
:10f768000121197509e01e4b1b7e13f0010fc9d04a
:10f778001b4b01211975002cb1d0184b9b68ab426b
:10f7880013d9164b1b6833f81510154b99620135c0
:10f79800afe7124b1b69002babd0114bff219962cd
:10f7a8000e490b69013b0b61a3e70c4b1b69002b4e
:10f7b8009fd00b4b4ff6ff71996208490b69013bcb
:10f7c8000b6196e7074b012119709be7044b012158
:10f7d80099750421197595e7704700bf1cfa002038
:08f7e800003000403204012052
:020000040000fa
:020000040001f9
:10f7f0002de9f04194b00446002300930193029355
:10f80000039304930593456803290cd003681b6890
:10f8100040492846984723681b683f49284698472f
:10f8200014b0bde8f0811646506814f053fa07464c
:10f83000b0b118f0eefc8046b66802223749304677
:10f8400017f0c6fd90b104223549304617f0c0fdcf
:10f85000002844d023681b68324928469847dfe7d0
:10f8600023681b68304928469847d9e7384617f07f
:10f8700027fc28b123681b682c4928469847cfe706
:10f88000002108460bf0b2ff694615f00bfd019e02
:10f89000feb11ffa88f8c8ebc80806ebc8060df1e0
:10f8a000180e06f13008f44630687168b268f368e3
:10f8b000ace80f001036e6464645f4d13068716872
:10f8c000aee803001a4b0e9306a938460af008f872
:10f8d00012e023681b68174928469847a0e7384676
:10f8e00017f0eefb28b923681b6813492846984790
:10f8f00096e7384615f006f928b123681b680f49ca
:10f90000284698478ce723681b680d492846984786
:10f9100086e700bf002e0200242e0200802f020086
:10f92000e42f0200c82e02003c2e02005c2e0200d2
:10f93000a02e0200782e0200a82e0200e82e02005f
:04f94000002f020092
:020000040000fa
:020000040001f9
:10f944002de9f04104464568012904d09046494e0a
:10f9540006f1c00754e00022464e06f1c00717e046
:10f9640023681b6844492846984723681b68b16884
:10f974002846984723681b68f168284698472368f7
:10f984001b683e492846984701221836be420ad0d1
:10f994007368002bf9d0002ae2d123681b68384928
:10f9a40028469847dce723681b6836492846984769
:10f9b400354f07f10c063037dff8bc8023681b682d
:10f9c40041462846984723681b6856f80c1c28466d
:10f9d400984723681b6856f8041c284698472368f0
:10f9e4001b682649284698470c36b742e6d1236857
:10f9f4001b6826492846984733e01836be4232d061
:10fa04007368002bf9d0d8f80410b06818f0d7f850
:10fa14000028f2d177683368f3b10c374ff000084f
:10fa240023681b6814492846984723681b6857f8bd
:10fa34000c1c2846984723681b6857f8041c284662
:10fa4400984723681b680d492846984708f1010820
:10fa54000c3733684345e3d823681b680b492846b1
:10fa64009847bde8f08123681b68094928469847f0
:10fa7400f7e700bf70f0002050c4020058c4020031
:10fa840024c4020060c40200206803008cc4020085
:04fa940090c4020018
:020000040000fa
:020000040001f9
:10fa98002de9f84f044601eb011a4fea8a0ad046cd
:10faa800d0f88c3053445d6901eb81018f004ff031
:10fab800010931e0036a23f008030362e36a41f2b3
:10fac800500201219847e36f0133e36705ebc90250
:10fad800536823f400435360d4f88c304344a3f8ac
:10fae8004090bff35f8f00233381f380b380236b93
:10faf8001bb1032104f160009847d4f88c004044fe
:10fb08003146303017f0c2fc236b4ff000091bb1af
:10fb1800042104f160009847236b1bb1032104f111
:10fb280060009847d4f88c004044243017f01cfa41
:10fb38000646236b1bb1042104f160009847002e90
:10fb480049d0b388d9006a185268002a2fda55f8c4
:10fb5800332062b33289b6f806906958d4f8cc00dd
:10fb68000140b4f9c80008584ff6ff7cdff86ce094
:10fb7800013a92b262459dd005ebc301d1f804b0b9
:10fb88004bf0004bc1f804b0d1f804b00bea0e0bef
:10fb9800c1f804b0002145f8331001339bb2d4f802
:10fba800981039444989994298bf0023e0e7236bac
:10fbb8001bb1032104f160009847d4f88c305344fa
:10fbc800314603f1240017f06efd236b1bb10421ad
:10fbd80004f1600098474846bde8f88f008000c0ef
:020000040000fa
:020000040001f9
:10fbe80070b582b0012960dd0c461546566840495b
:10fbf800304617f0e2ffe0b13e49304617f0ddff2e
:10fc080000284dd13c4b1b78002b45d03b4cb4f918
:10fc1800000014f02df94ff6ff7323800020364bb7
:10fc28001870374b1b68374a126837490ef0aefe1a
:10fc380043e0022c1ddc41f2be542f4b1b78fbb96c
:10fc48000022214601200af059fc2c4b1880b0f103
:10fc5800ff3f1cd02d4b1c8000202a4b1860284bde
:10fc68001860254b01221a70224629490ef08efe93
:10fc780023e000221146a86818f07af984b2dce77c
:10fc8800224b1a88234900200ef080fe15e02249f5
:10fc980000200ef07bfe10e020490ef077fe0ce00d
:10fca8001f4900200ef072fe07e0134b1b78012b52
:10fcb8000ad05ab21ab1022b0dd002b070bd194940
:10fcc80000200ef063fef8e7104b1a881649002052
:10fcd8000ef05cfef1e70a4b1b680093094b1b68aa
:10fce8000a4a1288114900200ef050fee5e700bfcd
:10fcf800b4e9010038ea01004c040120140601208f
:10fd0800900101208c0101205cea0100d605012048
:10fd180014ea0100bce90100e8e9010040ea010039
:10fd280088ea0100b0ea0100c4ea0100f8ea01002b
:020000040000fa
:020000040001f9
:10fd38002de9f04f85b0d0f8a430039390f89c30ab
:10fd4800002b00f092800446002301931d460fe02b
:10fd5800d4f88c304b445b6823f00303039a936117
:10fd6800019b0133019394f89c20dbb29a427ad923
:10fd78009df8048008eb081b4fea8b094e46d4f81f
:10fd88008c304b44dd609d601d6108eb880a4feaaa
:10fd98008a0302931f46d4f89810e369042231f8c5
:10fda8002a10a0699847002861d0d4f88c2042f81e
:10fdb8002b00d4f8983033f82a30f3b12b4600bf23
:10fdc800d4f88c2032449587d4f88c20925942f884
:10fdd8002350d4f88c203244526842f83350d4f877
:10fde8008c203244526802ebc302556001339bb247
:10fdf800d4f89820d25b9a42e2d8d4f88c204a44ae
:10fe080003f10053013b516851f8332042f00202dc
:10fe180041f83320d4f89810029b19444b7c012bed
:10fe280096d14246498820460cf091fe034600bb15
:10fe3800d4f89830029a1a4411462b4642468988cb
:10fe480020460cf084fe034698b9d4f8983033f86d
:10fe58002a302a464146204600f068fe034600281c
:10fe68003ff476af05e0002303e0002301e04ff004
:0cfe7800ff33184605b0bde8f08f00bf56
:020000040000fa
:020000040001f9
:10fe84002de9f04105460c468b694e48c3f3072122
:10fe9400742202fb0101dbb203eb8303db00c968bc
:10fea4005f1833f8018002fb0802936c002b46d1e3
:10feb400742202fb080673699b6898470028fad1ec
:10fec40097f91c30b3f1ff3f0fd07a7f002a51d14c
:10fed40003f01f02c3f34a1303f5020000f5807018
:10fee40001219140c00118f0e8fc364b742000fb5e
:10fef40008307a6aa3699a424dd1012d48d0022d67
:10ff040004bfff23237594f91450e66918f061f8cf
:10ff14007b68002b41d02b4b742404fb083494f8e9
:10ff24002630013384f826307b68ba683146284687
:10ff3400984794f82630013b84f826302de0214f71
:10ff4400742606fb087500221146286b17f096f9f3
:10ff54002a46ab6c4032a96b286b05f0cbfaa0683b
:10ff64002169ab6c6a6b0144e86a05f0c3fa0023ab
:10ff7400ab641ce003f01f02c3f34a1303f5020051
:10ff840000f5807001219140c00118f098fcace7a5
:10ff940001232375b7e718f01cf80a4a742303fbfe
:10ffa4000828d8f8204014b1637d012b01d0bde8a6
:10ffb400f081204606f014fc022363752046fdf709
:08ffc400f3fef4e738f600201b
:020000040000fa
:020000040001f9
:10ffcc00002800f09a802de9f0410d4616460446b3
:10ffdc0001b3036f13f1020f07d000230ff047fc9e
:10ffec0003466ff48772904219d1206e3f2800f2bd
:10fffc008880626eb31863669a4202d9a36e01338d
:020000040002f8
:10000c00a36604f1200768b93f2e42d8002e6cd1ac
:10001c00002304e0002a14bf6ff0ac030023184641
:10002c00bde8f081c0f14008b04528bfb04642465b
:10003c002946384417f0d4f9236e434423664544cb
:10004c00a6eb0806402bdfd104f11c0104f15c0087
:10005c0051f8042f130a03f0ff13120202f0ff22cf
:10006c0013434fea33430b608142f1d139462046aa
:10007c00f2f7ccff03460028d1d100232366c3e757
:10008c0039462046f2f7c2ff03460028c7d13f2e5f
:10009c00bcd92b463a4605f1400100bfd3f800808d
:1000ac00d3f804e0d3f808c0d868c2f80080c2f8ce
:1000bc0004e0c2f808c0d060103310328b42edd18e
:1000cc004035403e04f11c0104f15c0051f8042f52
:1000dc00130a03f0ff13120202f0ff2213434fea3c
:1000ec0033430b608842f1d1cae732462946384681
:1000fc0017f076f92666002391e76ff0ac031846eb
:08010c0070476ff083038ae7de
:020000040000fa
:020000040002f8
:1001140008b518f055f9444ba3fb003080090028ba
:100124006dd0424b186000225a600023404a13707d
:10013400404a1370404a00200021c2e900013f4aae
:1001440013704ff4806017f049fc3d4b4022c3f814
:10015400902000bfd3f8902012f0400ffad0012372
:1001640000220c2102200ef0f7fe012211460c2081
:1001740009f014fd002848d0324b002283f81823dc
:100184004ff08072c3f880211a604ff4005017f0ca
:1001940031fc2b4b4122c3f8e82000bfd3f8e82000
:1001a40012f0400ffad0284b00221a601a6912f09c
:1001b400020ffbd1244b4ff480321a602422da80e0
:1001c4001a6842f002021a601a6912f0020ffbd197
:1001d40001210c200ff0b4fa00b3194b4122c3f8eb
:1001e400b0201a46d2f8b03013f0400ffad0174bb3
:1001f40040f21e529a620222c3f8d82108bd0b4b6a
:1002040001200021c3e900018fe718f03ff90346fc
:100214000c220f4900200ef0bbfbb6e70c220d495f
:100224000ef0b6fbeae700bfd34d6210c8ff002012
:10023400790401207704012098ff0020760401202e
:10024400001c004000e100e000a0014100e000418a
:080254005c720200d07202008e
:020000040000fa
:020000040002f8
:10025c002de9f04fc3b00023464a1360464a1360a1
:10026c000df180080df5827a4746444d08e023468f
:10027c00a6eb0906a6eb530647f8046f57451dd0ad
:10028c006ff07f036b712c6914f01004fbd1d5f85f
:10029c0014903b4bd3f804b015f0def9064618f079
:1002ac00d3f80028e3d0364b5b68a3eb0b03324a40
:1002bc0012689a42dcd2304a1360d9e721afa146ca
:1002cc0026464ef6602edff8c0c01be00133043129
:1002dc00212b13d09e42f9d03d68aeeb0502086885
:1002ec0002446245f2d8202e0fd101236bb9254b65
:1002fc0000221a701f4b21221a6035e00136212e84
:10030c0035d0043721a92346e4e71a4b1e68002791
:10031c004ef660201c494ff0010c00bf58f8043f0a
:10032c005b1b1a188a4287bf013667464df824308a
:10033c000134d045f2d10fb10e4b1e6021466846f8
:10034c0012f000fd63085df823301d440f4b1d6057
:10035c00631e5df82330009a9b1a0d4a13600d4bf7
:10036c001c60084b01221a7043b0bde8f08f4d465b
:10037c000023bbe754030120480301200014004272
:10038c00001000e07f040120c0d401005c030120b8
:08039c00500301204c03012075
:020000040000fa
:020000040002f8
:1003a40055500000444f574e0000000052656164f0
:1003b400790000004e6f742052656164790000007a
:1003c40055736167653a206e6574696e666f0d0ad0
:1003d4000000000045783a206e6574696e666f0d02
:1003e4000a0000002d2d2d2d2d2d2d2d2d2d2049d4
:1003f4006e74657266616365203c25732f25733eb8
:10040400202d2d2d2d2d2d2d2d2d2d200d0a0000cf
:10041400496e7465726661636520697320646f77e1
:100424006e0d0a00486f7374204e616d653a202585
:1004340073202d204e424e532064697361626c65b3
:1004440064200d0a000000004950763420416464a1
:10045400726573733a2025730d0a00004d61736b46
:100464003a2025730d0a0000476174657761793a73
:100474002025730d0a000000444e53313a202573a1
:100484000d0a0000444e53323a2025730d0a000031
:100494004d414320416464726573733a2025730da2
:1004a4000a00000064656661756c7420495020611f
:1004b40064647265737300002573206973204f4e62
:1004c4000d0a00004c696e6b2069732025730d0ab8
:1004d400000000005374617475733a2025730d0a8b
:0404e400000000bf55
:020000040000fa
:020000040002f8
:1004e8002de9f04704460d4690f83e3013f0010f11
:1004f80019d090f8753013f0040f29d190f87430a2
:1005080013f0030f0cbf012300234ff0000a0ce087
:100518008bb1036a13f0080f40f081800023e36475
:1005280013f04cfc07e001239a46e06c18b194f8ec
:100538007720012aecd0e76fd4f88090b4f87a30ad
:100548001d4008d0bfb1b4f93c60d4f8488004e03d
:1005580001239a46e9e70026b046baf1000f0ed00b
:10056800204613f067fc25b14b462a4641463046e3
:10057800b847bde8f0870026b0463546ede7b4f841
:100588006230a4f872302368a360e3602361636972
:10059800e361236294f83e3003f081036ff3c713dd
:1005a80084f83e3094f83f3003f0fe0343f0020332
:1005b8006ff3820384f83f3094f8743094f8752010
:1005c8006ff3410284f8752003f0fb036ff3c30354
:1005d80084f874300021a163616361654ff0ff30d6
:1005e800e0650120a4f86400a4f86e00a4f8601087
:1005f800216484f8791003f0030384f87730d2b2c9
:1006080012f0200f08bfa16412f0400f04bf0023ae
:100618006364002384f8873084f87630a3e70023e6
:04062800e36488e718
:020000040000fa
:020000040002f8
:10062c0070b584b03a4b19783a4b3b4a002908bf55
:10063c0013463a4a10783a4a3a49002808bf0a4603
:10064c000292019341f69023009301234ff610720e
:10065c00354900200ef098f92d4c636902932369fb
:10066c000193e3680093a3686268304900200ef0a0
:10067c008bf9e369a2692e4900200ef085f92d4b08
:10068c001b68019394f824300093638c228c2a49c4
:10069c0000200ef079f9294b187847f21a7302935f
:1006ac004ff47a730193264b1b680093254b1b6800
:1006bc001b4a2549002808bf0a46244900200ef091
:1006cc0063f9082394f82520214900200ef05cf9e9
:1006dc00204c04f18005204e02e01034ac4215d0c1
:1006ec002378002bf9d062791c4b012a08bf3346c2
:1006fc00e2680392a2680292a27901920093237994
:10070c006288174900200ef03ff9e6e704b070bd8f
:10071c00c4fa0020c4c80100ccc801006104012047
:10072c00d8c80100dcc80100f4c8010028c90100c8
:10073c0068c90100f005012094c9010029060120b7
:10074c002402012028020120e0c80100d0c90100c8
:10075c001cca010038f50020e4c80100ecc80100f7
:04076c003cca010082
:020000040000fa
:020000040002f8
:100770002de9f04182b017f025fe444ba3fb003079
:100780008009002839d0424b186000225a60414c41
:1007900080220021204617f0c7fb0c23a3863e4b86
:1007a000a363012684f8716084f872600d23a4f8b5
:1007b00074303a4ba36733460022114603200ef0f3
:1007c000cdfb374dc5f8986195f8c03143f004036f
:1007d00085f8c03133460022314603200ef0befbbf
:1007e0000223c5f8983195f8c13143f0040385f828
:1007f000c131002537462b4e23e0254b0120002137
:10080000c3e90001c3e7234b03eb851595f831409d
:1008100017f03efeab6b00930346224622490020b0
:100820000ef0b8f82ee003f00f03204a1a446023bc
:100830001376b4f93430002b15da01354034022d2b
:100840001dd03a46022194f8310009f0a9f9002898
:10085000d9d0b4f93430002be5db3344602283f87f
:100860000023b4f934305a0903f01f0307fa03f3e5
:1008700002f1600146f8213046f82230dde70c4bea
:1008800001221a7002b0bde8f08100bfd34d6210a2
:10089000c8050120b8f50020f4fd0200f8fd0200b3
:1008a0000080004100e100e0fcfd0200fcec00e003
:0408b0008804012097
:020000040000fa
:020000040002f8
:1008b4002de9f04fadb09046ddf8e0a0ddf8e4b0ee
:1008c4008df80730c2f3571303f0ff13d20202f07e
:1008d400ff2213434fea33432a9318f01f0918bf2a
:1008e4004ff0010901238df8af3019eb58196fd07f
:1008f40007460d4600263ee09df8af3001338df8e3
:10090400af3004222aa90ba8fff75efb0446002897
:1009140041d19df80730042b41d1379a36990ba861
:10092400fff752fb0446002835d1baf1000f02d07c
:10093400bbf1000f3dd103a90ba8fcf78ffd0446c2
:100944000ba80cf0c6fe9cb9b8f1200f3ad90df1f2
:100954000c0cbce80f0028606960aa60eb60bce87e
:100964000f0028616961aa61eb61a8f120082035b4
:100974000136b1452dd0fa6fb96f0ba80ef07cfa91
:10098400044630bb01220df1af010ba8fff71cfb9d
:1009940004460028b0d00ba80cf09bfee8e7012227
:1009a4000df107010ba8fff70ffb04460028f2d155
:1009b400b3e75a4651460ba8fff706fb0446002846
:1009c400e9d1b8e7424603a9284616f00dfdcfe762
:1009d400012403aa00200ba9134603f8010b1a46ad
:1009e4008b42f9d1201c18bf01202db0bde8f08f37
:020000040000fa
:020000040002f8
:1009f40073686f77656e76003a2073686f7720743a
:100a040068652063757272656e74206e6574776fa5
:100a1400726b20636f6e666967202852414d2073a4
:100a24006861646f77290000736574656e760000f1
:100a34003a20736574656e76203c6b65793e203c84
:100a440076616c3e2020286970302f6d61736b30a5
:100a54002f6777302f646e73302c206d6163302cd8
:100a640020706c63615f69642c20706c63615f63e8
:100a74006e74290073617665656e76003a20706540
:100a8400727369737420636f6e66696720746f2074
:100a9400454550524f4d20616e64206170706c79f1
:100aa400206974206c6976650000000072656164d9
:100ab400656e76003a2072656c6f616420636f6eb8
:100ac4006669672066726f6d20454550524f4d2010
:100ad400616e64206170706c79202864697363614d
:100ae40072647320756e73617665642065646974dd
:100af400732900007265736574656e7600000000ea
:100b04003a20726573657420746f20636f6d706929
:100b14006c65642064656661756c74732c20706503
:100b2400727369737420616e64206170706c7900f3
:020000040000fa
:020000040002f8
:100b34002de9f04f87b00446039116461d4601eb9c
:100b440081039b009b46d0f89820d35a059301eb70
:100b540001134fea830a002301930be0b1464feae5
:100b64008608d4f88c3053f80a3053f82630ebb1a9
:100b7400013dadb2b5b1d4f898105944d4f88c30d5
:100b84005344ca881b699342e8da0023039a09890b
:100b940020460bf0deff0190b0f1ff3fded1a36fe2
:100ba4000133a367019807b0bde8f08f236b1bb135
:100bb400052104f15c009847d4f88c0050440830b7
:100bc40016f0d4f90746236b002b42d004f15c02e3
:100bd4000621049210469847002fc9d03b695b68f0
:100be40023f003030293236b13b105210498984760
:100bf400d4f88c3053445b6803ebc90300225a6079
:100c0400d4f8983033f80b30013b9e42d4f88c3042
:100c140053445b68029a08bf42f0020243f8392049
:100c2400236b1bb1062104f15c0098470d4bbb609c
:100c3400fc6000233b62d4f88c2052f80a2042f86e
:100c440008703b600136b6b2059bb34298bf0026dc
:100c54008ee700288cd03b695b6823f00303029382
:080c6400c6e700bf3de00200fd
:020000040000fa
:020000040002f8
:100c6c0010b582b0304b1978c9b1304b1a78ff2ac5
:100c7c001ad02f482f4b042908bf03462e490020b9
:100c8c000df082fe2d4b1b78c3b92d4900200df0c1
:100c9c007bfe2c4b1c68002c3bd102b010bd2a49aa
:100cac0000200df071fef8e7214a224b042918bff1
:100cbc001a46264900200df067fee3e7244b1b780b
:100ccc00072b13d8dfe803f0140406080a0c0e10e7
:100cdc00204a0ee0204a0ce0204a0ae0204a08e0b4
:100cec00204a06e0204a04e0204a02e0204a00e0c4
:100cfc00204a214900200df047fe204b1b68009331
:100d0c001f4b1b781f4a12781f4900200df03cfe28
:100d1c00bfe71e4b187811f0f5fe034622461c491e
:100d2c0000200df031feb8e7480401202306012015
:100d3c00ec550100f4550100e85701004104012075
:100d4c00085801006c01012078570100bc570100c4
:100d5c0043040120485701002c5601005c56010049
:100d6c008c560100bc560100ec5601001c570100ca
:100d7c00005601000456010050580100700101207a
:100d8c004404012045040120645801004204012060
:040d9c008c5801006e
:020000040000fa
:020000040002f8
:100da0002de9f04f89b08346019114461d4600237a
:100db000079307aa13f07cfa8246002843d13b4be5
:100dc0001b78002b47d104a812f0bcfa002849d0a8
:100dd000049b0599364a9e184ff0000241eb02072a
:100de000bd4208bfb44244d3324a13eb020841f17a
:100df0008b09a94508bfa04542d302aa204629462f
:100e000003f060fd002842d02b4bc3e90045dde92b
:100e100002012a4bc3e90001294b00240025c3e944
:100e20000045284ba3f800b0274b284a1a6005f06c
:100e30005bfa002832d001221c4b1a70079b0199e3
:100e4000d9601a7403e0224a1368013313605046d4
:100e500009b0bde8f08f1e4a1368013313604ff0ec
:100e6000060af4e71a4a1368013313604ff0020ac6
:100e7000ede7174a1368013313604ff0030ae6e702
:100e8000134a1368013313604ff0040adfe7104a76
:100e90001368013313604ff0020ad8e70c4a136855
:100ea000013313604ff0070ad1e700bf620401204d
:100eb00080f0fa020070c9b280ff002078ff0020a5
:100ec00040ff002016000120a80201209c81004163
:040ed00054020120a7
:020000040000fa
:020000040002f8
:100ed4002de9f04f87b0044690469946dde910ab02
:100ee400474b1a68002a70d04fea49134fea48105a
:100ef40043ead861b0eb080061eb09018b0043ead7
:100f04009073850015eb080043eb0901cb0043ea1d
:100f14005073c5002846194600230af009f905460e
:100f24004fea5a0646eacb764fea5b07d4e94c23ec
:100f34005b4508bf52454ad1022e77f100031cdb02
:100f440016f1ff33009347f1ff330193dde90023ea
:100f5400904579eb03030bda01239b1b049367eba6
:100f640047030593dde90423424573eb090304dbde
:100f7400d4f828310133c4f82831d4f8043144f8c2
:100f84002350013303f03f03c4f80431d4f8003193
:100f94003f2b9cbf0133c4f80031d4f8083101332e
:100fa400c4f80831c4f80c5194f81831dbb9c4f80a
:100fb4001051c4f81451012384f81831dde91223c7
:100fc400c4e9482307b0bde8f08f0025a8e7d4f8aa
:100fd40008310393204617f059f9039bc4f80831ec
:100fe400c4e94caba8e7d4f81031ab42c8bfc4f88d
:100ff4001051d4f81431ab42b8bfc4f81451dde732
:041004007403012050
:020000040000fa
:020000040002f8
:101008002de9f84f8046d0f8a4a002eb02194fea68
:101018008909d0f88c0048444569c78fd8f89830ba
:1010280002eb820203eb82025689b0f84030bb42e1
:1010380034d9db1b98b2002934d00a460023013387
:101048009bb21268002afad198426fd305ebc70207
:1010580055f837300320002b69d13b4600245068ef
:1010680000f04040506088681060d2f804c0888959
:10107800c0f30d0040ea0c00506001339bb29e4261
:1010880098bf002309680134a4b269b105ebc30213
:1010980055f833000028e2d0032048e09819c01b17
:1010a80080b2c8e73b460024d8f88c204a44d3874e
:1010b800c3b906f1ff3b1ffa8bfb05ebcb02536864
:1010c80043f400435360d8f88c004844303015f09e
:1010d8004bff01460481a0f806b08780c4b1013ee9
:1010e800b6b20ae0013b1ffa83fbe6e70bf1ff3bd0
:1010f8001ffa8bfb013ca4b254b105ebcb02536839
:1011080023f000435360bbf1000fefd1b346f1e782
:10111800d8f88c004844243016f0b8f9daf80030d2
:1011280043f40073caf80030002000e00320bde853
:02113800f88f2e
:020000040000fa
:020000040002f8
:02113a007047fc
:020000040000fa
:020000040002f8
:10113c00002840f0918038b5484a41f2c81301208c
:10114c00d054b1b1454a41f2b013d35cdbb2012ba0
:10115c0022d0022b5ad04148002341f2b0128354c2
:10116c0041f2c812835400f58d53196816f024ff10
:10117c0038bd104641f2cc130122c254002341f277
:10118c00cb12835441f2bc12835200f58d531a6872
:10119c00082109f0fdfbd5e7304b41f21a12995c9e
:1011ac0041f218129a5c41f219101b5c013b5b1a5c
:1011bc00dbb29342cfd2531e0b40284841f214129b
:1011cc00825841f27a0000fb032303f63c0241f201
:1011dc0078001b5a043bd418d05c10f0400f0fd190
:1011ec0010f0200f0cd01d4de078c0f3440041f2fc
:1011fc00c3142855d35c03f01f0341f2c412ab5443
:10120c000131164a41f21a13d154a4e7134b41f29f
:10121c009b129a5c41f29811595c41f29a101b5c3a
:10122c00013b9b1adbb28b4204d201320b4841f2d8
:10123c009b13c254094b41f29e129a5c41f29d10d1
:10124c001b5c013b9b1adbb2994284d901320349e6
:10125c0041f29e13ca547ee7704700bfe88200201b
:020000040000fa
:020000040002f8
:10126c0038b538b9474b93f87030012b10d04ff08c
:10127c00ff3038bd17f09af810b94ff0ff30f8e78f
:10128c0017f08ef8404914f0b7f94ff0ff30f0e743
:10129c003c4b002283f8702093f91030022b48d17c
:1012ac00384b1b78002b44d0364b5b78002b50d13d
:1012bc00344b5b68002b53d1324b9d68002d59d0b9
:1012cc00da681046d3784bb1283200230133ab4295
:1012dc0050d010462832c478002cf7d10122c270ad
:1012ec0011f0080f02d0274a01245470254a546883
:1012fc0001345460948cdbb243ea04434362938c14
:10130c0001339bb24ff6ff72934208bf01231d4a73
:10131c009384012382f8703041f004018170002322
:10132c0043608360ff22027780f820300380406a9c
:10133c009fe717f03bf830b9124b012283f870206d
:10134c004ff0ff3095e717f02bf8104914f054f9d3
:10135c00f2e70c4b012283f870204ff0ff3088e746
:10136c0011f0080fa8d0074b012283f870204ff022
:10137c00ff307ee7034b012283f870204ff0ff30e3
:10138c0077e700bf38f60020d04a0300e84a030094
:020000040000fa
:020000040002f8
:10139c002de9f0410546846990f8446014362078b4
:1013ac00042767f30710b70867f303002070b5f83c
:1013bc00460010f0010f1fd004f1140795f845e01a
:1013cc0007eb8e0c17f82e0060f07f0000f09f00ea
:1013dc004ff0140868f3040007f82e0004208cf872
:1013ec0001000020acf802000cf10407a0198742a0
:1013fc003cbf00208cf8040000206070fbb1187812
:10140c0010f0200f03d0607840f004006070187862
:10141c0010f0100f03d0607840f00800607018785e
:10142c0010f0080f03d0607840f01000607018784e
:10143c0010f0070f03d0677860f3471767703244da
:10144c0092b2100a40ea022262801c4802880132e1
:10145c0092b20280100a40ea0222a2800022e280ac
:10146c0013b39a781ab1e27942f04002e2715b78d8
:10147c00002b08bf64232372617200236381ab6b62
:10148c00e360eb6b23612b6c93f8683013f0040f63
:10149c000cd02a69938933449381ab691e44ee6165
:1014ac002b6cab62bde8f0816423e4e7002231468b
:1014bc0020460df06dfc6081ebe700bf200401209d
:020000040000fa
:020000040002f8
:1014cc0070b501291edd0d46164654683949204673
:1014dc0016f071fbc8b13849204616f06cfb002899
:1014ec004ad1022d14ddb4683249204616f063fb54
:1014fc00b8b9324b1b787bb1304b187030490df0ba
:10150c0043fa56e0fff7acfb53e00ff02dfa50e036
:10151c002c490df039fa4ce02b4900200df034fa2f
:10152c0047e000221146204616f020fd0446431edb
:10153c00b3f5616f17d2254b1b78cbb116f03cff7e
:10154c00a4fb0001224bc3e9000114f085f8214be8
:10155c00c3e90001194b01221a7022461e490020d2
:10156c000df012fa25e01d4900200df00dfa20e0d7
:10157c00ff200ff051fee1e71949204616f01bfb46
:10158c0078b100221146204616f0f0fcfe2809d94d
:10159c00144900200df0f8f9134900200df0f4f96e
:1015ac0007e0ff20c0b20ff037fe104900200df00d
:1015bc00ebf970bd7cf2010080f2010047040120c0
:1015cc00b4f2010088f20100d0f2010048040120bd
:1015dc0078fd002070fd00201cf30100f4f20100e6
:1015ec0044f3010048f3010070f30100a0f3010083
:020000040000fa
:020000040002f8
:1015fc00002878d02de9f84306464022002116f049
:10160c008dfc394b1c783470384b1b687360384b2d
:10161c001b68b360374b1b68f360374b1b68336137
:10162c00364b18685d68b061f561354bd3e9002322
:10163c00c6e90823334bd3e90023c6e90c23324b0c
:10164c00d3e9002352ea03010ad0801a65eb0305a3
:10165c002e4fa0fb070107fb051109f065fd70611a
:10166c008cbb234b1f68012f2bd9294b1a68d21b1b
:10167c0002f00f02274b03ebc203d3e90001531c0a
:10168c00174480468946dff88cc000bf03f00f0278
:10169c000cebc202d2e90045844275eb0102bcbfdf
:1016ac0020462946a04579eb0502bcbfa046a946b9
:1016bc000133bb42ead1b8eb000269eb0103b26320
:1016cc00f363bde8f88313f0c7ff134b1c685d6828
:1016dc00124bd3e90023001b61eb050114f0acf8ad
:1016ec00c6e90a01bde770475c040120dc0101205a
:1016fc001c020120e8010120e401012090fe0020e1
:10170c0000fe002030fe002088fe002000ca9a3b1c
:10171c0020020120b8f4002028fe0020a0fe0020aa
:020000040000fa
:020000040002f8
:10172c00f0b540f2ff7681ea030c16ea115e1ebf9b
:10173c00b64516ea1355b54252d021ea465141f44a
:10174c008011a1fb024723ea465343f48013ae44b5
:10175c00a0fb03650cf0004c36197d41a1fb03473f
:10176c0047f10003a0fb0217f619654153f1000382
:10177c00094218bf46f0010640f2fe74b3f5007f33
:10178c0013d2aef5806ea64523d24cea0331280362
:10179c0041ea155140ea16503203450872f10042f5
:1017ac0050f1000051eb0e51f0bdaef2ff3ea645dc
:1017bc000fd24ceac321e80241ea555140ea565097
:1017cc00f202450872f1004250f1000051eb0e514b
:1017dc00f0bd1eea0e0f2dd50cf000410020f0bd1f
:1017ec0016ea115f04bf01f000410020004218bf4f
:1017fc0041f0010116ea135f04bf03f0004300221d
:10180c00124218bf43f0010306ea1354b44218bf46
:10181c00b64503d00cf000410020f0bd21f0004192
:10182c0023f00043b1eb065f0cd8b3eb065f09d88d
:10183c0041b13bb10cf0004141f0fe4141f470016b
:10184c000020f0bd40f20001c7f6f8710020f0bd99
:020000040000fa
:020000040002f8
:10185c00002800f09080f8b50446002900f08d8037
:10186c000e46a1f1100516f0adff94f84430e3b923
:10187c0016f0acff56f80c7c636ae3b1ab422dd981
:10188c0005eb071293421bd046f8103c6562236ba4
:10189c00db1b236316f096ff94f84430013384f875
:1018ac00443016f093ff3801f8bd013b84f8443006
:1018bc0016f08cffdee746f8103ca5626562e6e7a1
:1018cc005b683b4446f80c3c636a1b6846f8103c6a
:1018dc00a26a636a9a42d9d1a562d7e7a26aaa42e0
:1018ec0029d2536802eb03118d4205d015600023f9
:1018fc0046f8103ca562cae73b445360c7e7526800
:10190c003a4446f80c2c1a68126846f8102ca16a56
:10191c001a6891421ad1a56218e056f80c1c0a44b8
:10192c005a6056f8102c1a60a26aaa42afd1a36270
:10193c00ade71b688bb19d42fbd91a68aa42f8d956
:10194c0005eb07118a42dad046f8102c5a6803ebe3
:10195c0002118d42e1d01d6099e7f82384f83830ec
:10196c0016f030ff94f84430013384f8443016f00c
:0e197c002dff002098e700207047002094e720
:020000040000fa
:020000040002f8
:02198a007047a4
:020000040000fa
:020000040002f8
:10198c002de9f84f434b1b680bb9bde8f88f0646a1
:10199c0016f018ff404b1b7873b916f017ff7369dc
:1019ac0001279f403d4b1b68002b38dd0024dff8de
:1019bc00f0a0dff8e8900ae0013b374a137016f00c
:1019cc0005ffece70134d9f800309c4227dadaf84d
:1019dc00003053f82450002df4d0d5f82480404624
:1019ec0016f018fc0028eddb012383403b42e9d0c4
:1019fc000121b5f9120008f02bfdd5f858b0bbf158
:101a0c00000fdfd0b5f8603013f4005fdad0eb6d67
:101a1c004ff400524146b5f91200d847d2e7337e55
:101a2c00022b2dd11b4b1c68013c1c6044bb1b4b77
:101a3c001b68002b0edd1a4e184d05e010f07afbda
:101a4c0001342b68a34205dd336853f824000028c9
:101a5c00f4d1f5e7134b1868114cc368216898470b
:101a6c0000232360104b186820b116f0dafb0e4be4
:101a7c0000221a6000230b4a1360084a136084e7a3
:101a8c0016f0a0fe044a13780133137016f09efe74
:101a9c007be700bfd80001202d040120d0000120dd
:0c1aac00cc000120dc000120d40001204f
:020000040000fa
:020000040002f8
:101ab80038b53d4b1b68bbb93c4b1b68002b6bd141
:101ac800037e002b6ad10c460546374b02221a606a
:101ad800836813b109b10b68e3b916f069fc98b9ca
:101ae8000020314b186002e0012b01d0002038bde6
:101af8002e4b1b68002b53dd027e002a52d1013386
:101b08002a4a13600120f2e716f04cfc28490cf031
:101b18003dffe5e714f058fc264b1860a868264bf3
:101b280018602568a288254b1a80e288244b1a8001
:101b38008368042229469847224b1860c8b1224b73
:101b48001d60052221490a2010f076fe204b1860fe
:101b5800e0b1164d2b6801332b6016f035fe0124d9
:101b68001c4b1c7016f034fe2c600f4b1c6020467a
:101b7800bde716f01dfc18b900200b4b1860b6e73e
:101b880016f010fc14490cf001fff5e70df0d2fc3b
:101b98000020054b1860aae70020a8e70020a6e768
:101ba8000020a4e70120a2e7f4000120f0000120b2
:101bb800401d0300e8000120ec000120280401205a
:101bc80026040120e0000120e4000120792700001c
:0c1bd800f80001202e040120701d030005
:020000040000fa
:020000040002f8
:101be4002de9f04389b004460d4616461f460023ee
:101bf400adf814300df11702029206aa0192009377
:101c040005aa04f08dff002870d09df81730002b32
:101c14006ed09df818800df11703029306ab019363
:101c240000230093012305aa2946204604f078ffe7
:101c3400002861d09df81730d3b19df81840b8f151
:101c44000f0f17d8404614f0f3f8814690b1404680
:101c540013f0aefd98b1438800930023109a3946df
:101c6400304611f0b1fb002814bf0020042040e0ee
:101c74000024e4e7214b224a1a60052039e00221be
:101c8400404613f045f9c8b10ef0fcfe0546d0b14c
:101c940080f80480002343718471012c1cd0022c31
:101ca4001fd06b8800930023109a3946304611f0f8
:101cb4008bfb002814bf002004201ae00f4b114aac
:101cc4001a60042015e00221404615f071fb0b4b0d
:101cd4000d4a1a6004200ce01946484613f032f904
:101ce400dfe70121484613f02df9dae7052000e08b
:101cf400052009b0bde8f0830520fae7f0050120ce
:0c1d0400b85e030090ca0200d05e03002d
:020000040000fa
:020000040002f8
:101d10002de9f04182b005460c461746002a3bd11a
:101d20000026b04674220021204616f0fdf8a8686f
:101d300000283ad004f13c0109f0a4fd04f1180197
:101d4000e86800f00ffd04f11c01286900f00afdad
:101d500004f12001686900f005fd04f12401a8697f
:101d600000f000fd04f12801e86900f0fbfcab6a1b
:101d70006364002b51d01a8862809b7884f86b30a2
:101d8000013bdbb2032b15d90123002f47d183f090
:101d9000010002b0bde8f08107226c31684616f000
:101da0008ffb666db4f86080bce70022e263a4f8a4
:101db0004020c3e704f12c006b68d3f800c05968d9
:101dc0009a68db68c4f82cc041608260c36011f07f
:101dd000edf9ab8ca4f8483094f8433043f010038d
:101de00084f84330b4f8423023f00703a4f84230bb
:101df000204613f0d5fe636a2361a36a636194f8f9
:101e0000423043f0200384f84230b4f8423023f0eb
:101e10001803a4f842300023b7e70123b5e7009880
:101e2000e066bdf804009df80610a4f8700084f880
:0a1e300072106665a4f86080a9e74f
:020000040000fa
:020000040002f8
:021e3a007047ef
:020000040000fa
:020000040002f8
:101e3c002de9f0470d4616461f4614f0fbf9002815
:101e4c007fd0044690f83c80002d32d1b8f1000fc1
:101e5c0079d10027b94616f0b5fc3e4b1b78002b08
:101e6c0046d116f0b3fc002e50d1668d002e45d015
:101e7c0016f0a8fc374a13780133137016f0a6fc41
:101e8c0094f842306ff3410384f8423084f83c50ac
:101e9c003a464946204610f0b3f80fb100284dd011
:101eac006685012094f8423043f0020384f84230f6
:101ebc0042e06b1edbb2012b47d8b8f1000f01d00a
:101ecc00a84544d197b1012d02d04ff00009c2e7cb
:101edc003b6813b94ff00009bde70021384614f0f8
:101eec0009fc81460028b6d1002025e0b946b2e7ae
:101efc00013b184a137016f069fcb4e712f0f2fbc0
:101f0c000646b0fa80fa4fea5a1a09e0638db342da
:101f1c00aed0304611f082fc80f001005ffa80fafe
:101f2c0016f050fc0b4a13780133137016f04efc6c
:101f3c000020baf1000fa3d0bde8f08784f83c80f4
:101f4c00b0e70020f8e70020f6e70020f4e70020d7
:081f5c00f2e700bf2d04012093
:020000040000fa
:020000040002f8
:101f64004661696c656420746f2063726561746591
:101f74002074686520436f6e736f6c65204150490f
:101f84000d0a0000202a2a2a20436f6d6d616e64b9
:101f94002050726f636573736f723a20506c656181
:101fa4007365207479706520696e206120636f6d9c
:101fb4006d616e642a2a2a0d0a0000000a0d20545d
:101fc4006f6f206d616e7920617267756d656e74d7
:101fd400732e204d6178696d756d20617267732071
:101fe400737570706f727465643a202564210d0aec
:101ff40000000000202a2a2a20436f6d6d616e6460
:102004002050726f636573736f723a20756e6b6ed6
:102014006f776e20636f6d6d616e642e202a2a2a9d
:102024000d0a00003e000000081b5b4b25731b5b80
:1020340025644400081b5b4b000000001b5b4b2520
:10204400731b5b256444000025731b5b25644400fb
:10205400202a2a2a20436f6d6d616e642050726fae
:10206400636573736f722062756666657220657846
:102074006365656465642e2052657472792e202a26
:082084002a2a0d0a000000bf2a
:020000040000fa
:020000040002f8
:10208c0050696e672055736167653a2070696e6799
:10209c00203c73746f703e2f3c6e616d652f6164d4
:1020ac0064726573733e203c6920696e7465726658
:1020bc006163653e203c6e206e50696e67733e20f6
:1020cc003c74206d73506572696f643e203c7320c4
:1020dc0073697a653e0d0a0073746f70000000001e
:1020ec0050696e673a20636f6d6d616e6420696e26
:1020fc002070726f67726573732e205265747279db
:10210c00206c617465722e0d0a00000050696e67b8
:10211c003a20486f7374206e616d6520746f6f2068
:10212c006c6f6e672e2052657472792e0d0a00004a
:10213c00690000006e0000007400000073000000d5
:10214c0050696e673a20446174612073697a652026
:10215c00746f6f206269672e204d61783a20256478
:10216c002e2052657472790d0a00000050696e675a
:10217c003a20556e6b6e6f776e20706172616d6573
:10218c007465720d0a00000050696e673a20726522
:10219c00736f6c76696e6720686f73743a20257361
:0421ac000d0a000018
:020000040000fa
:020000040002f8
:1021b0005365742069702061646472657373204f85
:1021c0004b0d0a0053657420697020616464726568
:1021d0007373206661696c65640d0a0055736167ed
:1021e000653a207365746970203c696e7465726627
:1021f0006163653e203c697076342f3620616464eb
:10220000726573733e203c697076346d61736b2f19
:102210006970763620707265666978206c656e3eee
:102220000d0a000045783a207365746970205049a2
:10223000433332494e54203139322e3136382e3024
:102240002e38203235352e3235352e3235352e307a
:10225000200d0a004e6f207375636820696e7465e7
:1022600072666163652069732075700d0a00000055
:10227000416e206164647265737320736572766960
:10228000636520697320616c726561647920727581
:102290006e6e696e672e2053746f702044484350f1
:1022a0002c205a434c4c2c206574632e2066697296
:1022b00073740d0a00000000496e76616c69642039
:1022c0004950206d61736b20737472696e67200dc5
:0422d0000a0000bf41
:020000040000fa
:020000040002f8
:1022d400f8b5037e032b74d03b4b1b882bb13a4ad1
:1022e4001388013313800120f8bd0c468268374bf4
:1022f4001a600023364a1360364a1360364a136064
:1023040053609360d360354a136053609360344ada
:102314001360344a136053609360d360324a13608d
:1023240000293bd00b684bb94ff0ff3416f042f84c
:1023340000283fd10cf068fd0020d5e700222b498e
:10234400032010f07bfa234b186050b3224814f09a
:1023540087fd10b96ff00204e8e7224816f01afa74
:1023640010b31a4b186883681022216898471c4bd5
:102374001860e0b1194816f0b7f9194b1d682368c5
:10238400002bacd00026154f2946384615f0dbf853
:10239400013610352368b342f6d8a0e74ff0ff3476
:1023a400c4e76ff00104c1e76ff00304bee76ff008
:1023b4000404bbe715f0f8ff22460d490cf0e8fad7
:1023c400b8e7012090e700bf22040120ac000120ff
:1023d400a8000120b000012070fc0020ecfc0020cb
:1023e400a400012080fc0020a00001200579010048
:0423f400f061030091
:020000040000fa
:020000040002f8
:1023f8002de9f04f85b08246d0f804b0002303934e
:10240800022953dd1446a1f1030828f0010808f158
:10241800030801260193994614e003a9384600f001
:102428009df9019050b9daf800301b682e495846da
:10243800984741e0384610f0c6fd81460236083418
:10244800b0451ad06568a7682849284615f0b5fb35
:102458000028e2d02649284615f0affb0028e9d02d
:102468002449284615f0a9fb0028e3d0daf8003003
:102478001b68214958469847e0e7019bb3b1b9f179
:10248800000f1cdb1d4b1b684b4518dd1c4ad8236d
:1024980003fb092393f8ce20012a1ad0daf800307a
:1024a8005b684a4617495846984705e0daf800300d
:1024b8001b6815495846984705b0bde8f08f0f4b83
:1024c8001a68daf800305b68013a104958469847ac
:1024d800f2e7039ac3f88020daf800305b684a46ce
:1024e8000b4958469847e7e7ac570200a85702003f
:1024f800185402001c540200d057020000010120a9
:1025080098ef002014580200ec57020058540200bb
:04251800585802000d
:020000040000fa
:020000040002f8
:10251c002de9f047441ea4b2092c7cd824b204eb5c
:10252c00c400434b13f82030002b78d003464048ae
:10253c0000eb83039b681f6d002f4bd015460e4696
:10254c0004ebc4033a4a02eb83039b8813f0200884
:10255c0051d004ebc40302eb83039b78042b41d1d1
:10256c0004ebc40302eb8303db68d3f81890b9f1d6
:10257c00000f37d0d3f82c80b8f1000f32d0dff831
:10258c00b0a004ebc4030aeb8303b3f90600b8470d
:10259c00074604ebc4040aeb84041c3400223146c5
:1025ac002046c84728b131462046c04780b28742f2
:1025bc0037d2002d37d0002229462046c847034683
:1025cc0050b329462046c04780b287422cbf2b46c9
:1025dc00002321e004ebc40400eb8404ff23e3702c
:1025ec00002319e004ebc404114b03eb8404ff2318
:1025fc00e370002310e004ebc4040d4b03eb8404e4
:10260c00b4f90600b8470346864205d96db1854238
:10261c0088bf434600e000231846bde8f08700233e
:10262c00fae73346f8e72b46f6e72b46f4e700bf0c
:04263c0068e700202b
:020000040000fa
:020000040002f8
:102640002de9f04f0e4649683568d6f80890f768ce
:102650008bb0cde903230029acbf25f00205012191
:1026600015f010030593039b8346d3e900232fd075
:1026700052ea03002cd0a9f10208346915f00800d1
:1026800004f1ff3408904ff00000385518bf08f1ee
:10269000ff388a46012c1ddc059b002b54d1089b7a
:1026a00013b1013c20233b5532690095013a4b465a
:1026b000121b391958460af08bffdbf80430db0592
:1026c00003d573689842b8bf18460bb0bde8f08fc9
:1026d000c846d2e752ea030009d1baf1000f06dc7e
:1026e000a8eb010050440028d6dda807d4d502f09d
:1026f0000f000928d4bf00f1300e00f1570e0498e6
:10270000a0f1410cbcf1190f04f1ff3410d84ef0c8
:10271000200cacf1610cbcf1190f09d8704609917d
:10272000cde9062315f0c9fddde9062309998646a2
:10273000100940ea03704fea131c07f804e00af19d
:10274000ff3a02466346a5e7039bd3e9000150ea3e
:102750000103a4d03a19049b02f8013c023c302347
:042760003b559ce762
:020000040000fa
:020000040002f8
:10276400f0b482b00d4609b100230b60002871d08b
:102774000378002b70d0002101300c460a463f4eee
:1027840010e0032a16d0fe2b31d0092b6cd801326d
:10279400d2b2090263f3070110f8013b002b69d0a0
:1027a400032c5dd8303bdbb2002aead1092beed9e9
:1027b400002052e0fe2b55d1b14201d900204ce05b
:1027c400621c02ab1c44c1f3074303eb830303eb1a
:1027d4008307c1f3072303eb83035b0003eb870346
:1027e400194404f8041c0021d4b20a46d4e7b142c7
:1027f40001d9002031e0621c02ab1c44c1f3074341
:1028040003eb830303eb8307c1f3072303eb830386
:102814005b0003eb8703194404f8041c0021d4b2c1
:102824000a46b9e7154b994220d8c1f3074303eb95
:10283400830303eb8302c1f3072303eb83035b00ee
:1028440003eb820319448df807108db1019b2b60b3
:10285400012002e0012000e0012002b0f0bc70473a
:102864000020fae70020f8e70020f6e70020f4e76c
:102874000120f2e7032cd5d00020eee70505020085
:020000040000fa
:020000040002f8
:102884002de9f047894609b100230b60002863d085
:1028940004463f4814f058fc824600285fd0268a3c
:1028a4000836b6b2022300223146482013f0a2f9ba
:1028b4000546002864d0374b83604ff00008c0f809
:1028c4000c80c76908233b7087f80180a7f8028051
:1028d4006389bb802389fb80228ae16807f10800b1
:1028e40014f082fd4246314638460cf055fa7880a1
:1028f4006368eb63434605f1380205f13c01206847
:102904000ff009fe286478b30af108070fcc0fc74b
:1029140094e8070087e807002a6993893344938180
:102924004346324601212846fef736fd284615f077
:1029340005fd10b96ff0020418e013f033fdcaf876
:1029440004005146144814f0fefdb9f1000f09d0fb
:10295400c9f800a0444610e06ff003040de06ff0e6
:1029640004040ae0002408e06ff00104514608481a
:1029740014f0e9fd284611f023fa2046bde8f0875b
:102984005146034814f0dffd4ff0ff34f5e700bf74
:0c29940004fd0020a9870300f8fc0020cf
:020000040000fa
:020000040002f8
:1029a000002874d0f0b5a5b00646002973d0002adf
:1029b00074d015460c46436913f1020f16d1b5f5d4
:1029c000803f6fd8337c012b6fd12a462146f068b7
:1029d000f2f77cf80346022810d0002b5fd0032bbf
:1029e00050d0022333746ff0c60358e00df00aff95
:1029f00003466ff48772904251d1e0e7802302933f
:102a000004ab019320230093294b30222949012054
:102a100013f08cf90146002834d10df10f0226483d
:102a20000df18f0c12f8013f10f8017f7b40194324
:102a30006245f7d131bb242204a930460bf0e4fff4
:102a400050b1012304a900240da80a4602f8014b45
:102a500011468242f9d1c0e7242104a80cf030fcd1
:102a600003460028eed1202205a9f06806f02cfece
:102a700003460028e6d12a462146f068f2f726f8f8
:102a80000346dfe7032333746ff0d00307e06ff0f2
:102a9000ac03184670476ff0ac0300e00023184603
:102aa00025b0f0bd6ff0ac03f9e76ff0c603f6e7b1
:0c2ab000d06c0300c456030057d902008c
:020000040000fa
:020000040002f8
:102abc0070b506460c46154613f0f8fb00287ad084
:102acc0003460b2c79d8dfe804f0061b38447878e1
:102adc0050785b636e72002d71d02a7882f00102ff
:102aec0090f8741062f3861180f874106a7882f092
:102afc000102c9b262f3c71180f8741001205be0c7
:102b0c00002d5ed0287893f83f2060f3861283f86e
:102b1c003f20002857d0002283f879206a8842f29f
:102b2c001071002a08bf0a46a3f870202a79002adf
:102b3c0008bf062283f884203ee0b5f5803f01d320
:102b4c00002039e024230022a9b23046f0f7f0fe31
:102b5c0032e0b5f5803f01d300202de01823aab256
:102b6c0000213046f0f7e4fe26e0003518bf0125c1
:102b7c0090f8752065f3c30280f8752001201be0e6
:102b8c0090f83f2065f3051280f83f20012013e0f8
:102b9c00003518bf012590f83f2065f3c71280f867
:102bac003f20012008e080f88550012004e080f8e7
:102bbc008650012000e0002070bd0020fce70020c2
:0a2bcc00fae70020f8e70120f6e721
:020000040000fa
:020000040002f8
:022bd600704746
:020000040000fa
:020000040002f8
:102bd8002de9f84f0446924601eb01139b009846f5
:102be800d0f88c2013445d6901eb81018f0031e03e
:102bf800036a23f008030362e36a41f25002514674
:102c08009847d4f884300133c4f8843005ebc902fe
:102c1800536823f400435360d4f88c304344a3f83a
:102c28004090bff35f8f00233381f380b380236b21
:102c38001bb1032104f160009847d4f88c0040448c
:102c48003146303014f022fc236b1bb1042104f10f
:102c580060009847236b1bb1032104f1600098477b
:102c6800d4f88c004044243014f07ef90646236bd7
:102c78001bb1042104f16000984776b33289b38808
:102c8800b6f8069055f83310d4f8cc000140b4f9e2
:102c9800c80008584ff6ff7cdff844e0013a92b2ca
:102ca8006245a5d005ebc301d1f804b04bf0004b49
:102cb800c1f804b0d1f804b00bea0e0bc1f804b0a7
:102cc800002145f8331001339bb2d4f898103944e9
:102cd8004989994298bf0023e0e7bde8f88f00bf13
:042ce800008000c0a8
:020000040000fa
:020000040002f8
:102cec00f0b587b00446456801290fdd566802220d
:102cfc003349304614f066fb98b104223149304612
:102d0c0014f060fb00283dd007b0f0bd03681b68d1
:102d1c002d492846984723681b682c492846984714
:102d2c00f2e70021084608f05bfdb0f1ff3f05d04b
:102d3c0023681b68264928469847e5e7254b1e68fb
:102d4c00d6b16f460fce0fc796e8030087e8030095
:102d5c0023685b682049284698476946002008f09c
:102d6c003ffd23681b681d491d4ab0f1ff3f18bf8a
:102d7c00114628469847c7e723681b681949284617
:102d8c009847c1e70021084608f02afd0646b0f135
:102d9c00ff3f05d123681b68134928469847b3e7c2
:102dac00124f394612f078fa0a4b1f60304614f075
:102dbc00abf923681b680e4928469847a4e700bf67
:102dcc00802f0200e42f0200402f0200642f02002b
:102ddc00842f020090000120b82f0200142f020053
:102dec00282f0200982f0200ec2f020008fc002074
:042dfc00143002008d
:020000040000fa
:020000040002f8
:102e000055736167653a206966203c696e74657226
:102e1000666163653e203c646f776e2f75703e205f
:102e20000d0a000045783a20696620504943333244
:102e3000494e5420646f776e200d0a00556e6b6efc
:102e40006f776e20696e746572666163652073705a
:102e500065636966696564200d0a000054686973da
:102e600020696e7465726661636520616c7265616c
:102e700064792075700d0a004f7065726174696f16
:102e80006e206661696c65642e204e6f20636f6ee4
:102e900066696775726174696f6e0d0a00000000e3
:102ea00066756c6c000000005468697320696e746c
:102eb00065726661636520616c7265616479206426
:102ec0006f776e0d0a00000057726f6e6720706199
:102ed00072616d657465722073706563696669659a
:102ee00064200d0a000000004f7065726174696f04
:102ef0006e207375636365737366756c210d0a00cc
:102f00004f7065726174696f6e206661696c65648b
:042f1000210d0a0085
:020000040000fa
:020000040002f8
:102f1400537461636b207570206661696c65640d20
:102f24000a000000537461636b207570207375632d
:102f34006365656465640d0a00000000557361678c
:102f4400653a20737461636b203c75702f646f77ee
:102f54006e3e203c70726573657276653e0d0a00a4
:102f640045783a20737461636b20646f776e2070c8
:102f7400726573657276650d0a0000007570000055
:102f8400537461636b20616c726561647920757040
:102f9400210d0a005475726e20537461636b2064b2
:102fa4006f776e20616e64207468656e2075702181
:102fb4000d0a000052657374617274696e6720743f
:102fc400686520737461636b207769746820256475
:102fd40020696e746572666163652873290d0a0041
:102fe400646f776e00000000537461636b20646f3c
:102ff400776e3a2063616e6e6f742067657420612a
:1030040020737461636b2068616e646c650d0a00e3
:10301400537461636b20646f776e20646f6e650d0b
:043024000a0000bfdf
:020000040000fa
:020000040002f8
:10302800374a0020107081b32de9f04383b01c4665
:10303800344b1b7893b3344bd3e9002352ea030192
:103048002cd03249d1e900673149d1e90089b94525
:1030580008bfb0451ed2b6eb080067eb090112f0b5
:10306800edfb4ff47a72002310f5fa7041f100017c
:1030780012f0e4fb01460246264b1b68a3422fd2fe
:1030880060b1e31a984209d02de0234a136801334e
:10309800136070471f4b1b689c421fd91d4b1c6057
:1030a8001a4bd3e900671a4bc3e900670120154b97
:1030b80018701a4b1c601a4ba4fb0345194bc3e943
:1030c8000045cde9004532463b46e6f7d9fb164aae
:1030d80013680133136003b0bde8f0830022114682
:1030e800002adbd0002311480268013202605b1a13
:1030f8000f4a1360074b1c60054bc3e90067eae7fa
:103108007e0401207b040120c8ff0020c0ff0020ae
:10311800b8ff0020300301203403012024030120dc
:1031280000ca9a3ba8ff0020400301203c0301206d
:043138003803012037
:020000040000fa
:020000040002f8
:10313c002de9f04180460ef08bff70b105460488f6
:10314c003a4a742303fb042393f87030012b0ed0fe
:10315c0015f02cf920bbbde8f08115f027f90028fb
:10316c00f9d015f01df9324912f046faf3e7742341
:10317c0003fb04f62d4a9719002287f87020384675
:10318c0003f032fd90b1294a742303fb04231b6e18
:10319c00434515d0274a324400264ff0010c1fe05e
:1031ac0015f0fef8244912f027fad4e715f0fef8d2
:1031bc000028d0d015f0f4f8204912f01dfacae717
:1031cc00742303fb0423002283f864209a664ff0d7
:1031dc00ff321a66012283f87220dbe703f120022a
:1031ec00136873b19869696a8842f7d1597d0129ce
:1031fc00f4d1196a11605e7583f814c01e621e70da
:10320c00eee7384605f05cfd084b742202fb0434f3
:10321c006368013b6360002363704ff0ff326a62a6
:10322c00eb70012384f8703095e700bf38f600206e
:10323c003015030058f600204815030068150300ec
:020000040000fa
:020000040002f8
:10324c00002a68d12de9f04188b04389344a1288ac
:10325c009a1a18bf01220189324b1b88994218bf58
:10326c0042f002028046038a2f490f68bb4228d0e5
:10327c0042f008029f42a8bf1f46c168002f12dd12
:10328c002a4b187811f8013b98420ad1284c00239c
:10329c000133bb4218da14f8016b11f8015bae4232
:1032ac00f6d042f01002234b1b681b685b68224966
:1032bc00224800689847224b00221a6008b0bde8eb
:1032cc00f081c168002fdbdc002aecd113f066f82a
:1032dc001c4b1c68001b4ff47a7404fb00f413f0b5
:1032ec0071f8b4fbf0f4002c08bf0124142203a9dc
:1032fc0008f104000ef0f8fe0e4b1b681b685d68ad
:10330c00114b1a6801321a60009403ab0f490b4839
:10331c000068a847cfe70a4b00221a60704700bf2d
:10332c001604012018040120d8050120c8be002075
:10333c00c9be002094000120d815030050000120c4
:10334c0060000120680001204c00012004160300dd
:020000040000fa
:020000040002f8
:10335c00556e6b6e6f776e20686561702074797036
:10336c00652e205573653a205b312c2025645d0d4c
:10337c000a0000004e6f206865617020696e666ff0
:10338c002065786973747320666f72207479706528
:10339c003a202573210d0a004865617020747970fc
:1033ac00653a2025732e20496e697469616c20631f
:1033bc0072656174656420686561702073697a65f3
:1033cc003a2025642042797465730d0a00000000d0
:1033dc00416c6c6f6361626c6520626c6f636b2017
:1033ec00686561702073697a653a2025642042799a
:1033fc007465730d0a000000416c6c206176616984
:10340c006c61626c6520686561702073697a653add
:10341c002025642042797465732c206869676820c4
:10342c0077617465726d61726b3a2025640d0a00c8
:10343c004c6173742068656170206572726f723aaa
:10344c0020307825780d0a004e6f20547261636528
:10345c0020696e666f206578697374732e0d0a008f
:020000040000fa
:020000040002f8
:10346c002de9f0479ab0441ea4b2092c77d824b2a7
:10347c0004ebc4003c4b13f82030002b71d00346f6
:10348c00394800eb83039d8815f020054bd004ebe5
:10349c00c40300eb8303db68df694fb181b104eb3c
:1034ac00c404314800eb84001c30b84785b24be0b3
:1034bc0004ebc40400eb8404ff23e370002543e019
:1034cc002a4ba3fb02384fea58184ff0640a0afb48
:1034dc0018221ffa82fa1ffa88f8b8f1000f20d0d0
:1034ec0004ebc409204b03eb890909f11c090025e5
:1034fc002e46642201a94846b8470544adb20136b0
:10350c004645f6d1baf1000f1ed004ebc4041648a0
:10351c0000eb8400524601a91c30b8470544adb2fb
:10352c0012e00025eee704ebc4030f4800eb830325
:10353c009b685e6c66b104ebc4040b4b03eb840418
:10354c00b4f90600b047054628461ab0bde8f08726
:10355c0004ebc40400eb8404ff23e370f4e70025c0
:10356c00f2e70025f0e700bf68e700201f85eb516c
:020000040000fa
:020000040002f8
:10357c0002100000e56001000511000059e6020090
:10358c0000130000e51b02003013000021d00200e4
:10359c0032130000d9da02003613010095810300c2
:1035ac00501300008168010056130000d97e0300ff
:1035bc0060130000d11e030000180000d5aa010002
:1035cc0002180000312c030004180000bd49020051
:1035dc0006180100bd49020000120000116d030025
:1035ec0002120000116d030003120000116d0300a4
:1035fc0004120000116d030006120100116d03008e
:10360c0008120000116d030020120000116d030060
:10361c0000140000116d030004140000116d030070
:10362c0006140100116d030020140000116d03003d
:10363c0000150000116d030002150000116d030050
:10364c0008150000116d030009150000116d030031
:10365c0011150000116d030000170000116d03001f
:10366c0002170000116d030020170000116d0300fc
:10367c0003170000116d030004170000116d030007
:020000040000fa
:020000040002f8
:10368c00404b93f81432012b02d004231846704798
:10369c002de9f047adf5007d904689460446830838
:1036ac00394aa2fb03235b099fb2364a002182f8f8
:1036bc001412c3ebc313a0eb83039bb2dbb9b8f5b5
:1036cc00fe7f53d399f800308df80430651cadb2f1
:1036dc002e46a246a044454527db01a93846f8f7fb
:1036ec0067fd0346274a012182f8141218460df58e
:1036fc00007dbde8f08701a938460bf0cdfc0346f0
:10370c0000283ad12646a246a0444445eada25468a
:10371c000be000bfa6eb0a0619f8062001ab1a5500
:10372c000135adb22e464545d7daab08164aa2fb99
:10373c0003235b09c3ebc313a5eb8304a4b2002cd6
:10374c00e8d101a93846f8f733fd03460028c9d162
:10375c000137bfb201a938460bf09efc0346002886
:10376c00d8d0084a012182f81412bfe701a93846c3
:10377c000bf092fc03460028a4d0024a012182f8e7
:0c378c001412b3e7d0dd002005028140dc
:020000040000fa
:020000040002f8
:1037980020203c3c205354414c45000000000000d0
:1037a800594553202d2076616c756520756e7573ab
:1037b80061626c65000000006e6f00005b25735d40
:1037c800206e6f2073616d706c65207965742e0da5
:1037d8000a0000005b25735d2050686173653a201c
:1037e8006c61737420252b6c64206e732020204d2f
:1037f800656469616e20252b6c642020204d41444e
:1038080020256c64206e730d0a0000005b25735d33
:103818002020206d696e20252b6c6420206d617836
:1038280020252b6c64206e7320202073616d706cd2
:10383800657320256c75206f6620256c7520202007
:1038480061676520256c75206d7325730d0a00006e
:103858005b25735d2020206d6561737572696e67e5
:103868002072616e6765202b2d256c75207573207d
:103878002868616c662074686520677269642070c6
:103888006572696f64292020207361747572617490
:0c38980065643a2025730d0a000000bf93
:020000040000fa
:020000040002f8
:1038a400ffffffffffffffffffffffffffffffff24
:1038b400ffffffffffffffffffffffffffffffff14
:1038c400ffffffffffffffffffffffffffffffff04
:1038d400ff00010203040506070809ffffffffffbd
:1038e400ffff0a0b0c0d0e0f1011121314151617ef
:1038f40018191a1b1c1d1e1f20212223ffffffff66
:10390400ffff0a0b0c0d0e0f1011121314151617ce
:1039140018191a1b1c1d1e1f20212223ffffffff45
:10392400ffffffffffffffffffffffffffffffffa3
:10393400ffffffffffffffffffffffffffffffff93
:10394400ffffffffffffffffffffffffffffffff83
:10395400ffffffffffffffffffffffffffffffff73
:10396400ffffffffffffffffffffffffffffffff63
:10397400ffffffffffffffffffffffffffffffff53
:10398400ffffffffffffffffffffffffffffffff43
:10399400ffffffffffffffffffffffffffffffff33
:0a39a400ff000102040703060500fe
:020000040000fa
:020000040002f8
:0239ae00704760
:020000040000fa
:020000040002f8
:1039b0002de9f0418ab00446456800230293019343
:1039c000039305930493069308930793099305f1d2
:1039d0008c08384f15e0314601a813f075fd10e052
:1039e000c07b4ff483723946022814bf00200120a7
:1039f00012f050fe33699c42edd0314604a813f01a
:103a000063fd404613f008fb06460028e8d105f1a7
:103a10008c0304aa07ca83e80700019941b1022672
:103a2000334601aa28460af083fb01990029f7d101
:103a300005f198081f4f15e0314601a813f044fd29
:103a400010e0c07b4ff483723946032814bf002076
:103a5000012012f01ffe33699c42edd0314607a8c9
:103a600013f032fd404613f0d7fa06460028e8d19d
:103a700005f198030aaa12e9070083e807000199f3
:103a800041b10326334601aa28460af051fb0199a9
:103a90000029f7d100232380ff23237362689388d2
:103aa000013b93806268538823f0040353800ab07b
:083ab000bde8f081407703003e
:020000040000fa
:020000040002f8
:103ab8001b5b324a1b5b33316d1b5b316d4d696398
:103ac800726f636869702054656c6e657420536505
:103ad8007276657220312e311b5b306d0d0a4c6f8a
:103ae80067696e3a20000000546f6f206d75636837
:103af80020646174612e2041626f727465640d0ade
:103b0800000000000d0a4163636573732064656eed
:103b18006965640d0a0d0a000d0a0000506173738f
:103b2800776f72643a20fffd2d0000000d0a4c6f7c
:103b38006767656420696e20737563636573736670
:103b4800756c6c790d0a0d0a000000000d0a2d2d08
:103b58002d2054656c6e657420436f6e736f6c65b1
:103b6800202d2d2d0d0a547970652068656c702004
:103b7800666f7220636f6d6d616e64730d0a3e002f
:103b88004661696c656420746f20636f6e6e65634f
:103b98007420746f2074686520636f6d6d616e6446
:103ba8002070726f636573736f722e2041626f723b
:083bb80074696e67210d0a001b
:020000040000fa
:020000040002f8
:103bc000f0b58bb00d4614463d4a136801331360bf
:103bd000204614f056fb064660b948f6b6039c42f0
:103be0003cd0384b1b6823f00203012b42d03046f7
:103bf0000bb0f0bd6f6928220021684614f094f9db
:103c000011f030fdcde9000114f0a4fa029038461d
:103c100013f064f90390adf810402b699b89adf85f
:103c2000123000238df81a308df81c30384650f8c9
:103c3000063fcdf81d308388adf8213014f0e6fb47
:103c400028b901220221284611f08cfbcfe72b690d
:103c50009a896969684600f0bdfbf2e72b6999898a
:103c6000686908f047fd01220221284611f07afb1d
:103c70000126bce728220021684614f055f911f00e
:103c8000f1fccde900010e4b1b680293adf810402a
:103c90002a699389adf8123000238df81a30022377
:103ca0008df81c3069690b4653f8060fcdf81d00de
:103cb0009b88adf821309289684600f08bfb96e72f
:083cc000480101204001012030
:020000040000fa
:020000040002f8
:103cc8002de9f84fd0f8a4a090f89c30002b75d0bf
:103cd80004464ff000094f461de000bfd4f88c3071
:103ce800434405f10055013d5b6903ebc5056b686d
:103cf80043f080436b60d4f88c3043445b6923f015
:103d08000303caf81c3009f1010994f89c205ffaf2
:103d180089f39a4252d95ffa89f303eb03184fea01
:103d280088084646d4f88c204244d76197611762c8
:103d3800d4f88c204244576317639763d4f88c20d7
:103d4800424497625762d76203eb83039b009b460a
:103d5800d4f8982013445d89002dbfd03d4600bf9c
:103d6800d4f88c303344df87d4f88c303344a3f84c
:103d78004070d4f88c3033445b6943f83570d4f81c
:103d88008c3033445b6903ebc5034ff080225a60e3
:103d9800e3690c220121a0699847d4f88c30334498
:103da800014603f1300013f071fb0135adb2d4f8d0
:103db80098305b445b89ab42d2d88fe70020bde8de
:043dc800f88f00bfb1
:020000040000fa
:020000040002f8
:103dcc002de9f04100296dd01e460025dff8f0806a
:103ddc00364f1ce0364808f041ff17e0354808f034
:103dec003dff13e0344808f039ff0fe0384608f087
:103dfc0035ff0be0314808f031ffbde8f08140465b
:103e0c0008f02cff0134e4b21f2cf6d80135ecb2cb
:103e1c000123ab403342f5d01f2cf0d801a353f84b
:103e2c0024f000bfe13d0200e93d0200f13d02003b
:103e3c00f93d02000b3e02000b3e02000b3e02005d
:103e4c000b3e02000b3e02000b3e02000b3e02003a
:103e5c000b3e02000b3e02000b3e02000b3e02002a
:103e6c000b3e02000b3e02000b3e02000b3e02001a
:103e7c000b3e02000b3e02000b3e02000b3e02000a
:103e8c000b3e02000b3e02000b3e02000b3e0200fa
:103e9c000b3e02000b3e02000b3e02000b3e0200ea
:103eac00013e0200064808f0d9fea6e734cd020018
:103ebc00f0cc020008cd020020cd020048cd02005b
:043ecc0060cd0200c3
:020000040000fa
:020000040002f8
:103ed0002de9f04389b0814688461746109d119e12
:103ee00008238df8003065238df8013080238df88c
:103ef000023001238df8033000248df804408df842
:103f000005408df8064018228df807208df80840ee
:103f10008df809408df80a408df80b408df80c3073
:103f20008df80d3002238df80e308df80f4014f00f
:103f300061fa8df810408df811008df812908df80f
:103f400013803b0e8df814303b0c8df815303b0a76
:103f50008df816308df81770330e8df81830330c3d
:103f60008df81930330a8df81a308df81b602b0e3e
:103f70008df81c302b0c8df81d302b0a8df81e305f
:103f80008df81f500d4b18780d4b0e4a0e49a0426c
:103f900008bf0a462021684609f096fa024638b959
:103fa0000a490b6801330b60104609b0bde8f08385
:103fb00007490b6801330b60f6e700bf840401205a
:103fc000acf900201800012040880300980301206c
:043fd0009403012035
:020000040000fa
:020000040002f8
:103fd40038b53c4b834227d130b39b7d13f0010f9e
:103fe40022d0384cd4f8a8502b69e068984794f94b
:103ff4001430012b19d0334bb3f8d03013f0040f25
:1040040004d1304b9b7d13f0100f04d02d4b93f84b
:10401400d330012b08d12b4c4ff0ff31204608f050
:1040240053fd002384f8d33038bd2469eb6920465e
:1040340098470128f8d02b6a20469847044628bba5
:10404400204b9a7d42f004029a75b3f8a03013f025
:10405400010f2cd01b4a937d43f00803937512f093
:10406400a1f9184ca06312f0b1f9b4f89e3000fb2a
:1040740003f303f2e733144aa2fb03239b09e3632c
:10408400002384f8463002232375cde70d4d2846de
:10409400f7f7cafdff232b7514f08cf90028c3d061
:1040a40014f082f9224609490af072fcbce703f0d5
:1040b4000203002b034814bf0f220022818e09f053
:1040c40032f8cce78c040120d34d6210546f030006
:020000040000fa
:020000040002f8
:1040d4002de9f04710240026dff8f0804ff6ff7733
:1040e4001de0911901f580531888935b834268d0d1
:1040f4000b4601f5606100bfb3f80022824260d034
:1041040003f500738b42f7d1c5f30f1012f0e4faf4
:104114001ce01f2c42d806f500561034a4b2a4f1ba
:1041240010039bb2d8f8041031f80690b945f0d0ca
:104134001f2c10d84fea131a254600bfd8f80420c4
:104144006b02d35abb4201d09945cad01035adb2e7
:104154001f2df3d9dfe700231c485a028a5a072a85
:104164009cbf121813720133202bf6d1174b4ff654
:10417400ff721a820b4601f5005501224ff6ff74b7
:104184001888a04218bf002203f500739d42f7d19e
:1041940032b100230d4a1382bde8f0870023dbe728
:1041a400102301204ff6ff755c020c5bac4218bf74
:1041b400104601339bb2202bf6d10028ecd001230a
:1041c400e8e7504612f088fac0e700bfd0dd0020cf
:020000040000fa
:020000040002f8
:1041d400982f8a4291443771cffbc0b5a5dbb5e96e
:1041e4005bc25639f111f159a4823f92d55e1cabe2
:1041f40098aa07d8015b8312be853124c37d0c5570
:10420400745dbe72feb1de80a706dc9b74f19bc1b7
:10421400c1699be48647beefc69dc10fcca10c24a7
:104224006f2ce92daa84744adca9b05cda88f9768b
:1042340052513e986dc631a8c82703b0c77f59bff5
:10424400f30be0c64791a7d55163ca066729291421
:10425400850ab72738211b2efc6d2c4d130d3853be
:1042640054730a65bb0a6a762ec9c281852c729280
:10427400a1e8bfa24b661aa8708b4bc2a3516cc7ae
:1042840019e892d1240699d685350ef470a06a10e7
:1042940016c1a419086c371e4c774827b5bcb03436
:1042a400b30c1c394aaad84e4fca9c5bf36f2e68d4
:1042b400ee828f746f63a5781478c8840802c78c63
:1042c400faffbe90eb6c50a4f7a3f9bef27871c666
:020000040000fa
:020000040002f8
:1042d4002de9f843002872d00c4690460646002982
:1042e4003cd000683f2870d8726808eb0203736002
:1042f4009a4202d9b3680133b36006f10c05b0bb2e
:10430400b8f13f0f4fd9a8f1400727f03f074037d6
:10431400274423462a4604f1400900bfd3f800e0ad
:10432400d3f804c09868d968c2f800e0c2f804c0a1
:104334009060d160103310324b45efd140342946a0
:104344003046e6f7c3f98146bc42e2d108f03f08a3
:10435400b8f1000f2bd14846bde8f88392bb03683f
:10436400402b34bf4ff000096ff08309f3e7c0f12d
:104374004007474528bf47463a462146284413f09c
:1043840033f833683b4433603c44a8eb0708402bc4
:10439400b6d129463046e6f799f981460028dad1a4
:1043a40000233360ace727464ff00009d0e74246cc
:1043b4003946284613f018f8c6f80080cbe76ff0aa
:1043c400ac09c8e76ff0ac09c5e76ff08309c2e731
:020000040000fa
:020000040002f8
:1043d4002de9f8433c4bd3f8006a013606f03f065a
:1043e400d3f8043ab34228d0054640f2ee5494423e
:1043f40028bf1446354845f6e063c758002939d02c
:10440400002a3ad0c7f5bd436033a1469c421bd96c
:104414002d4ad2f8040ad2f8002a90424bd02a4af4
:10442400d2f8040a00eb800002ebc0025269944205
:1044340041d99cb24ff0010808e0234ad2f8083a67
:104444000133c2f8083a34e04ff00008bcb1224608
:104454001e48384412f0c8ff04eb070945f6df6331
:10446400994588bf4ff00009184a45f6e06342f8c1
:10447400039004e04ff0000801e04ff000086f6182
:104484002c8385f81b80104fd7f8004a04eb840472
:1044940007ebc4040fcd0fc40fcd0fc495e8030080
:1044a40084e80300d7f80c3a0133c7f80c3ac7f88c
:1044b400006abde8f8834a46044812f095ff4ff0bd
:1044c40000084746d0e700bfb89400200000002051
:020000040000fa
:020000040002f8
:1044d4003f0000006f6b000074696d656261736575
:1044e400206e6f7420757361626c6500746172670d
:1044f400657420696e207468652070617374206f20
:104504007220746f6f20636c6f73650074617267df
:10451400657420746f6f20666172206168656164e0
:10452400000000006475706c6963617465206163e8
:1045340074696f6e2b73657175656e636500000039
:1045440061207472696767657220697320616c7297
:10455400656164792061726d65640000636f756cd8
:1045640064206e6f742061726d20746865207469b4
:104574006d657200706572696f6420746f6f20736b
:10458400686f727420666f72207468652072652d7e
:1045940061726d207061746800000000636f756e55
:1045a4007420776974686f757420616e206162731a
:1045b4006f6c757465207374617274006e6f207310
:1045c40075636820616374696f6e2069640000bf5d
:020000040000fa
:020000040002f8
:1045d4002de9f04f83b005464768012949dc0023e3
:1045e40001934ff0040a0126304b03eb860800bf09
:1045f40058f8049b0021f0b213f0a4fb04460028f1
:104604004ad0036998472b68d3f804b003464a4656
:1046140027493846d8472b68d3f804906369204665
:104624009847024623493846c8472b68d3f8049074
:10463400a369204698478346e36920469847034682
:104644005a461d493846c8472b68d3f80490236a54
:1046540020469847024619493846c8472b681b68c4
:104664001749384698470136b245c1d803b0bde86a
:10467400f08f50680ef0a9fc0646431e022b04d8a6
:1046840000f1010a01230193aee72b685b68032262
:104694000c4938469847e9e7019b002be3d02b6887
:1046a4005b684a46084938469847dce7748003004b
:1046b400a4330200dc330200043402003c34020060
:0c46c400543402005c330200803302001a
:020000040000fa
:020000040002f8
:1046d0002de9f04387b005939df8385000f58c53d1
:1046e00093f819e01c7e1433db7aaeeb0303dbb2e4
:1046f000a34264d24b1e032b65d8dfe803f002050a
:1047000005024ff0010c01e04ff0000c90460f46ff
:104710000646013c04ea0e04c4eb0414a40041f272
:104720009413c25802eb040900231351c9f8043052
:10473000c9f80830c9f80c306db310230293cdf8d6
:10474000049005ab0093012342460021604601f02e
:10475000e1ff68b3c9f83480a9f8380089f82870f7
:1047600089f83a50109bc9f82030119bc9f82430c1
:10477000059bc9f82c300f9bc9f8303006f58c53d7
:104780005a7e01325a7606f58d531968304613f079
:1047900019fc012014e010230293cdf8049005ab1e
:1047a0000093012342460021604603f089fed0e7d2
:1047b00006f58d531a680921304606f0eff80020ff
:0a47c00007b0bde8f0830020fae71f
:020000040000fa
:020000040002f8
:0247ca00704736
:020000040000fa
:020000040002f8
:1047cc0069706572663a20536f636b65742073650c
:1047dc006e64206661696c65640d0a000d0a69706f
:1047ec006572663a20696e7374616e636520256428
:1047fc002073746172746564202e2e2e0d0a0000d5
:10480c00202020202d204c6f63616c202025752edc
:10481c0025752e25752e257520706f7274202575c3
:10482c0020636f6e6e656374656420776974680dc0
:10483c000a000000202020202d2052656d6f746529
:10484c002025752e25752e25752e257520706f72d9
:10485c00742025750d0a0000202020202d20546185
:10486c00726765742072617465203d20256c64202c
:10487c006270732c20706572696f64203d20256c0a
:10488c0064206d730d0a0000202020202d2d2d2d6d
:10489c002d2d2d2d2d2d2d2d2d2d2d2d2d2d2d2d3c
:1048ac002d2d2d2d2d2d2d2d2d2d2d2d2d2d2d2d2c
:0848bc002d2d2d2d2d0d0a00fc
:020000040000fa
:020000040002f8
:1048c400394b1b78002b6bd0002a6bd02de9f047b5
:1048d4001646364bd3e90045a94208bfa0422ed361
:1048e400071b61eb0505324bd3e90089314c424685
:1048f4004b463846294610f0a3ff0b0643ea102323
:1049040002062068646812eb000a43eb0404424682
:104914004b463846294610f093ff11461d06424681
:104924004b46080645ea112110f08aff1aeb0000f5
:1049340044eb0101306071600120bde8f087271a63
:1049440065eb01091a4bd3e90045dff868a022465c
:104954002b463846494610f073ff0b0643ea1023f2
:104964000206daf80000daf80410b0eb020861eb92
:10497400030a22462b463846494610f061ff114689
:104984001f0622462b46080647ea112110f058ff5d
:10499400b8eb00006aeb0101306071600120cce7e4
:1049a40000207047002070475c040120f8fd0020bf
:0849b40090fe0020f0fd002040
:020000040000fa
:020000040002f8
:1049bc002de9f04f89b0804689460023adf81430bc
:1049cc000df11702029206aa01920122009205aa89
:1049dc0002f0a2f800285bd09df81730002b59d0bc
:1049ec00bdf8180010f0c8fe824610b14379012bb7
:1049fc0006d02b4b2b4a1a60052009b0bde8f08f6e
:104a0c000df11705029506ac01944ff0020bcdf891
:104a1c0000b0012305aa4946404602f07df80295f4
:104a2c000194cdf800b05b4605aa4946404602f019
:104a3c0073f888b39df8173083b3069bcaf80c3013
:104a4c00002210461a46db1840eb00019b1840eb85
:104a5c0001014c0144ead3645d015b1944eb010193
:104a6c009e1841eb0007002f08bfb6f1004f07d38b
:104a7c00322f08bf002e09d2f10f41ea470100e0a6
:104a8c00012101200af04cfc0020b6e76321f8e775
:104a9c000520b2e70520b0e70520aee70520ace71e
:084aac00f0050120ec7e03007f
:020000040000fa
:020000040002f8
:104ab4002de9f04104469df8180000284ad011f071
:104ac40007006bd10f292dd9c9084f1ebfb2b7eb10
:104ad400930f27d8264604f1080ca1f1020e1ffa01
:104ae4008efe0cebce0e02e0083474451cd0257b00
:104af400637b1b0443ea0563e57b2b43a57b43ea05
:104b04000523db4394f80880657a2d0445ea08659b
:104b140094f80b8045ea080594f80a8045ea0825cc
:104b2400ab42e1d0bde8f081043a023989b20ceb22
:104b3400c10c317a737a1b0443ea0163f17a0b43a3
:104b4400b17a43ea012342f8043f0836b445f0d170
:104b54003846e7e70839c1f38f00b0eb930f1fd84d
:104b64000028dfd004f10c01043a431e9bb2103438
:104b740004eb830411f8045c11f8033c1b0443eabe
:104b8400056311f8015c2b4311f8025c43ea052329
:104b940042f8043f0431a142ecd1c3e70020c1e74d
:044ba4000020bfe747
:020000040000fa
:020000040002f8
:104ba8005443364572726f725f537563636565640b
:104bb80065640d0a000000005443364572726f7236
:104bc8005f4e6f48617264776172650d0a0000007c
:104bd8005443364572726f725f556e6578706563bf
:104be80074656453760d0a005443364572726f72c9
:104bf8005f556e6578706563746564447645760db7
:104c08000a0000005443364572726f725f42616455
:104c1800436865636b73756d0d0a00005443364530
:104c280072726f725f556e65787065637465644300
:104c380074726c0d0a0000005443364572726f722c
:104c48005f4261645478446174610d0a0000000099
:104c58005443364572726f725f53796e634c6f734b
:104c6800740d0a005443364572726f725f5370694f
:104c78004572726f720d0a005443365f4572726f47
:104c88007220756e6b6e6f776e5f666c61673d251f
:044c9800640d0a009d
:020000040000fa
:020000040002f8
:104c9c002de9f041394c666b63689b6998476061fc
:104cac00606912f043fe08f0c7fb054613f08afd5d
:104cbc00d4e90a787a1948f10003c4e90a23636934
:104ccc00236113f083fd002e4dd094f83030013366
:104cdc0084f83030284610f0a7fc646b2cb1a36824
:104cec001bb901250027254e10e0254d00242e462a
:104cfc001fe0e0690ff032f9e3680bb120699847c7
:104d0c00746b002cf1d0a368002beed12575657562
:104d1c00a37813b9e368002bebd120460bf0b4fc5d
:104d2c00a378002be8d16770e6e701342035052c19
:104d3c0013d006eb44135b7d002bf6d006eb44132b
:104d4c0000225a75ab78012befd16b6806eb44113e
:104d5c008b60284607f0a8fbe7e7084a92f830304a
:104d6c00013b82f8303013f02dfd044604f04cfc6e
:104d7c00204613f02bfdbde8f08100bf30f9002078
:044d8c00d4f100203e
:020000040000fa
:020000040002f8
:104d900038b50c4611f054fa00286cd00546002caa
:104da0006bd054220021204613f0bef895f83c3019
:104db000012b55d0002323702b8da4f844306b8d2c
:104dc000a4f846306b6aa3646b6da4f84c306b6832
:104dd0002a689b1aa4f84e30002384f8503095f8c6
:104de000403013f0040f04bf012384f8503095f8cd
:104df0003f3013f0010f05d094f8503043f0020318
:104e000084f8503095f8403013f0080f05d194f82d
:104e1000503043f0040384f8503095f83f3013f0dd
:104e2000020f05d094f8503043f0080384f8503056
:104e300095f8403013f0100f05d194f8503043f03e
:104e4000100384f8503095f83f3013f0040f16d05b
:104e500094f8503043f0200384f85030012038bdde
:104e60006b696360ab696361eb6963622b6a63635f
:104e700001232370a0e70020f1e70020efe70120e5
:024e8000ede75c
:020000040000fa
:020000040002f8
:024e8200704777
:020000040000fa
:020000040002f8
:104e840038b5037e032b59d02f4b1b68002b35d12b
:104e94000d4604468368002b35d0002950d013f00a
:104ea40095fc2a4b01221a7013f094fc0022284925
:104eb40009200df0c3fc274b1860002842d0a068dd
:104ec400836804222988984748b3a168224a11605c
:104ed4002988224a11606988214a1180214a106078
:104ee400194a13680133136013f070fc174a1378de
:104ef4000133137013f06efc012003e00133124af6
:104f04001360012038bd13f055fa08b90020f9e701
:104f140013f04afa144909f03bfd0020f2e713f0bc
:104f240049fa28b90b4b186813f07ff90020e9e718
:104f340013f03afa0d4909f02bfdf3e70120e1e7fc
:104f44000020dfe70020dde7d80001202d04012048
:104f5400b9a00100d4000120dc000120d000012010
:104f640024040120cc000120343203005832030011
:020000040000fa
:020000040002f8
:104f74002de9f84f0b9f9df83080a8f10404e4b2aa
:104f8400012c03d91f295cd81f2a5ed899461646de
:104f94000d4601210cf0eaff8346002858d0d0f8d2
:104fa40004a0baf8023013f0020f40d013f0080f37
:104fb40041d10af1800012f02df8044600283ed0b9
:104fc400c07b4ff483722449012814bf00200120c0
:104fd40011f05efb84f80c80a580e6809df82830f3
:104fe4006373c4f808900123a373c4f810b0b8f134
:104ff400030f15d021460af18c0012f063fa022344
:10500400e373002513f0e2fb9af8003001338af8c9
:10501400003013f0dffb07b13d702046bde8f88f88
:10502400baf8023043f00803aaf80230e2e7002499
:105034006ff00305e6e700246ff00705e2e70225b9
:10504400e0e76ff004050024e5e76ff00505fae7f3
:0c5054004ff0ff35f7e700bf4077030086
:020000040000fa
:020000040002f8
:1050600070b500284bd1344b1b78002b55d1324bf7
:10507000012083f8700083f8710083f872001870c3
:105080000d685d61ca6a9a618a6ada6100221a62f1
:105090004c69dc608c699c605a6098844ff0ff30ea
:1050a000986283f826205a704868d8628c681c631e
:1050b000ce685e630e699e63ce69de640e6a1e650d
:1050c0004e6a5e65096bd96583f864209a66da6674
:1050d0001a4a531e0f32ff2103f8011f9342fbd1de
:1050e000b0f1ff3f02d0b4f1ff3f03d1eb681249aa
:1050f00013489847104b02221a74002070bd13f019
:105100005bf910b94ff0ff30f8e713f04ff90d4994
:1051100010f078fa4ff0ff30f0e713f04df910b9c6
:105120004ff0ff30eae713f041f9074910f06afa4f
:105130004ff0ff30e2e700bf38f6002060fc0020af
:0c5140008d580200445203005c52030032
:020000040000fa
:020000040002f8
:10514c002de9f04383b01c4613f4804f1cd1064666
:10515c000d469046334b5f6813f05cf8c0eb0010c3
:10516c00800007eb0009294638580af049fc05462f
:10517c00002853d0037813f0020f17d1038803f0e3
:10518c00c00373bb03200ee000230193264b009356
:10519c000b68126804f00f0104f0dcf9002814bf4e
:1051ac0006206ff0080003b0bde8f083211101f474
:1051bc00807114f4005f18bf41f4007109f12403ed
:1051cc0000220ff0e7fcab6800220192164a009215
:1051dc00d8f8002004f00f01304604f0bbf9012090
:1051ec00e1e70a9b23b100691860ab8a0a9a9380a5
:1051fc002b8813f0800f01d10220d4e709f1140998
:10520c002c1d214648460ef0c9fa064b5b69eb6033
:10521c00214648460ff0f9f80220c4e76ff0010070
:0c522c00c1e700bf60f80020d0050120a1
:020000040000fa
:020000040002f8
:105238002a4b1b78002b4fd1042801d90020704736
:10524800f0b583b00e460446254b264a1a6047033c
:10525800254b1f60254b1f60254b4ff460421a6099
:10526800244b01221a700025234b1d70234b1d70ff
:10527800234b1d70194b02221a700ef091fb0097f8
:10528800034622461f49284609f080fb24b91e4bd5
:105298001d70012003b0f0bd1c49002009f076fb09
:1052a800a6b110f0dbf904460d4613f087f8e0fbd1
:1052b8000645174bc3e900450124134b1c703246c1
:1052c8001449002009f062fb2046e3e71249002058
:1052d80009f05cfb0120dde700207047490401204c
:1052e8005c010120fb080300740101207801012002
:1052f8007c0101204a0401204b04012039040120cb
:105308003a0401206c65020040040120a0650200f7
:0c53180060fd0020dc650200046602005d
:020000040000fa
:020000040002f8
:105324005b504c43415d204c414e206275737920a3
:105334002d206170706c7920736b697070656420c6
:10534400287265747279207768656e2069646c656b
:10535400290d0a005b504c43415d206e6f6465204b
:1053640049442073657420746f20257520284e4f9e
:1053740044455f434e543d25752c207265673d308e
:10538400782530386c58290d0a0000005b504c43d6
:10539400415d205741524e494e473a206e6f646535
:1053a400206964202575206973204f55545349445e
:1053b4004520746865206379636c65206f662025d9
:1053c40075202d207468697320626f617264206394
:1053d400616e6e6f74207472616e736d69742c20cb
:1053e400616e6420504c43415f53544154555320e3
:1053f40077696c6c207374696c6c206c6f6f6b20b4
:0c5404006865616c7468790d0a0000bfd7
:020000040000fa
:020000040002f8
:105410002d7478002d7278002d6900002d2d696e95
:105420006465780055736167653a206970657266d6
:1054300073203c2d74782073697a653e203c2d7270
:10544000782073697a653e203c2d6920696e646519
:10545000783e0d0a000000000d0a69706572663a18
:1054600020496e76616c69642073657373696f6e31
:10547000206e756d6265722e204d696e3a20302c5b
:10548000204d61783a2025640d0a0000697065722c
:1054900066733a2030203c2073697a65203c2036c0
:1054a000353533360d0a00006970657266733a202f
:1054b0004f4b2c20696e7374616e636520256420e8
:1054c00074782073697a652069732025640d0a0059
:1054d0006970657266733a204f4b2c20696e737445
:1054e000616e63652025642072782073697a652077
:0854f00069732025640d0a0018
:020000040000fa
:020000040002f8
:1054f80070b40401354d25442d7b04f1824404f534
:10550800204494f84e4014f0030f02d1edb2002d60
:1055180055d1040104f1824505f52045032685f897
:105528004e602a4d254401262e73294d2c5b14f418
:10553800806f19bfc91805eb0014254c04eb001443
:1055480061600101224c615a11f4006f27d01a449e
:1055580004eb00118a601e4902018c18895a9bb21b
:10556800c1f301210b419bb2638002f1824303f531
:1055780020431a6c42f002021a641a6c12f4fe4fad
:105588001fd193f8463013f0400f1dd111490c6913
:10559800012202fa00f323430b61104612e00d4981
:1055a800498811f4404f04d1094901eb00118a6080
:1055b800d1e71168064a02eb00129160cbe70020a0
:1055c80000e0012070bc70470120fbe758fb002079
:0855d80038fb002000a0004197
:020000040000fa
:020000040002f8
:1055e0005443502f495020537461636b3a205469df
:1055f000636b20726567697374726174696f6e2082
:105600006661696c65643a2025640d0a000000003b
:105610005443502f495020537461636b3a20496eb4
:10562000697469616c697a6174696f6e205359534a
:1056300020544d52206661696c65643a20256420cf
:105640002d2041626f7274696e6721200d0a00007f
:105650005443502f495020537461636b3a20496e74
:10566000697469616c697a6174696f6e20456e64f2
:105670006564202d2073756363657373200d0a00c4
:105680005443502f495020537461636b3a20496e44
:105690007465726661636520496e697469616c69dd
:1056a0007a6174696f6e206661696c65643a203056
:1056b000782578202d2041626f7274696e672120f1
:0456c0000d0a0000cf
:020000040000fa
:020000040002f8
:1056c4002de9f04182b00446456802290cdc0368e8
:1056d4001b682b492846984723681b682949284694
:1056e400984702b0bde8f0810e46174650680ef0a8
:1056f400effa804650b190f8423013f0400f0bd1ce
:1057040023681b68204928469847eae723681b68f2
:105714001e4928469847e4e701a9b868fdf720f830
:1057240028b923681b681a4928469847d9e7404690
:1057340012f0d5ff40b9032e12dd6946f868fdf773
:105744000ff838b16a460ce023681b6811492846f3
:105754009847c6e723681b680f4928469847c0e75f
:105764000022012301a940460af080f923681b683e
:105774000a490b4a002808bf114628469847b0e753
:10578400dc21020024220200542202003c2e0200ea
:105794001886020070220200b8220200b021020022
:0457a400c42102001a
:020000040000fa
:020000040002f8
:1057a8002d6100006970657266693a20757365201d
:1057b800612076616c696420495020616464726577
:1057c8007373210d0a0000006970657266693a20da
:1057d800556e6b6e6f776e20706172616d65746562
:1057e800720d0a0055736167653a206970657266c3
:1057f80069202d612061646472657373203c2d6992
:1058080020696e6465783e0d0a0000000d0a697013
:10581800657266693a2063616e6e6f7420636861b1
:105828006e676520746865206970206164647265bc
:105838007373207768696c652073657373696f6e1d
:105848003a2025642072756e6e696e67210d0a0014
:105858006970657266693a204f4b2c207365742015
:10586800746865204950206164647265737320749c
:105878006f20696e7374616e63653a2025640d0a42
:04588800000000bf5d
:020000040000fa
:020000040002f8
:10588c000378002b68d090f91030022b64d170b5de
:10589c000446056aab69c3f307223049742000fb48
:1058ac000212dbb203eb8303d66806ebc30696f950
:1058bc001c00b0f1ff3f0ed0737fcbb900f01f037b
:1058cc00c0f34a1000f5020000f5807001219940e8
:1058dc00c00112f0eeff726aab699a4216d02046f4
:1058ec0012f073fb256a15b16b7d012b27d070bdaf
:1058fc0000f01f03c0f34a1000f5020000f58070a1
:10590c0001219940c00112f0d6ffe4e701232b7569
:10591c00ed69204612f059fb7368002be2d094f825
:10592c002630013384f826307368b268294601208a
:10593c00984794f82630013b84f82630d2e7284665
:10594c0000f04aff02236b7563695c682b696a6817
:10595c00e968a868a047cae7704700bf38f600207e
:020000040000fa
:020000040002f8
:10596c002de9f04fadf5017d334b93f81432012b3b
:10597c0006d04ff0040948460df5017dbde8f08fc7
:10598c0093468846074686082c4ba3fb06367609b9
:10599c00294b002283f8142201a9304609f07cfb24
:1059ac008146d0b9bb08254aa2fb03235b09c3eb94
:1059bc00c313a7eb83039bb2a3b99df8043088f8fb
:1059cc0000307c1ca4b22546ba465f44bc4217dbaf
:1059dc00194b012283f81422cde7174b012283f8cf
:1059ec001422c8e73c46eee7a5eb0a0501ab13f819
:1059fc000b3008f805300134a4b22546bc42e7da76
:105a0c00a3080e4aa2fb03235b09c3ebc313a4eb4d
:105a1c00830b1ffa8bfbbbf1000fe5d10136b6b23d
:105a2c0001a9304609f038fb0028ddd0024a0121db
:105a3c0082f8141281469ee7d0dd002005028140d9
:020000040000fa
:020000040002f8
:105a4c002de9f8430f46002850d005464368002b3b
:105a5c0050d08268002a51d0c468002c52d0204605
:105a6c0098478046002851d00f3020f00f00a0eb53
:105a7c000801611a21f00f01a1f15009b9f5806fed
:105a8c0048d34fea1919fdf78cff044600f1500e6c
:105a9c000646dff888c0bce80f000fc6bce80f0054
:105aac000fc6dcf800303360c4f824e0c4f854901e
:105abc0000262665c4f828e0c4f82c90266366639b
:105acc0084f838606b7884f83930c4f83c80ab6863
:105adc00236412f077fe012384f8443012f076fe32
:105aec00334607b13b702046bde8f88304464ff0bf
:105afc00ff33f6e74ff0ff330024f2e74ff0ff33ac
:105b0c000024eee74ff0ff330024eae704466ff081
:105b1c000103e6e76ff003030024e2e724670300c8
:020000040000fa
:020000040002f8
:105b2c005b505450465d20726567697374657220d2
:105b3c006f7065726174696f6e2074696d65642035
:105b4c006f75740d0a0000005b505450465d206563
:105b5c006e61626c696e67206672616d6520746936
:105b6c006d657374616d7073206661696c65640d2d
:105b7c000a0000005b505450465d207365713d2552
:105b8c007520206f66667365743d256c6c64206ea1
:105b9c0073202064656c74613d256c6c64206e739d
:105bac00202025732020726174653d256c6c642067
:105bbc007070620d0a0000005b54425d20736571c9
:105bcc003d2575204c3d256c6c752074313d256c44
:105bdc006c752074323d256c6c750d0a000000004c
:105bec005b505450465d20777269746520746f2049
:105bfc00307825303858206661696c65640d0a0070
:020000040000fa
:020000040002f8
:105c0c002de9f043c1b004460d4628220021284658
:105c1c0012f084f994f8183113b1d4f8006116b964
:105c2c0041b0bde8f083b2002146684611f0d8fbc4
:105c3c00314668460df086f8d4f800315b085df803
:105c4c002300a860d4f8001159b16a4602eb810612
:105c5c0013681b1a002bb8bf5b4242f8043bb242dc
:105c6c00f6d168460df06ef8d4f800315b085df89b
:105c7c002330eb6001232b70d4f80c316b60d4f81b
:105c8c0010312b61d4f814316b61d4f80031ab6155
:105c9c00d4f80831eb61d4f82831003318bf012354
:105cac0085f824300ff0d8fc06460f460b4bd3e991
:105cbc00002352ea03010cd0d4e94889b94508bf46
:105ccc00b04509d2b6eb080067eb09010ff0b4fd43
:105cdc0000e000202862a3e70020fbe7d8ff0020ab
:020000040000fa
:020000040002f8
:105cec002de9f843002a63d08946164610f0a2fa33
:105cfc000446002860d0036b33b1076be58ea846d1
:105d0c00c5b14ff0000826e090f8423013f0010fb7
:105d1c0002d14ff000080ae012f056f8276b4ff052
:105d2c000008002fead102e00023a386a363e38ed0
:105d3c00002b3ed194f8423013f0010f39d020469d
:105d4c0012f042f835e0002ef1d0276b002feed088
:105d5c00e58e002deed0a38eb34228bf33469d4274
:105d6c0028bf1d46b5b1b9f1000f05d02a46a16b6d
:105d7c0048460ef047fca944761bb6b2a8441ffa5d
:105d8c0088f8e38e5b1be386a38e5b1ba386a36b59
:105d9c001d44a563a38e002bd5d13f682763002f2c
:105dac00c2d0bb89a386bb68a363002ed0d1bee74b
:0e5dbc0090464046bde8f8834ff00008f9e736
:020000040000fa
:020000040002f8
:065dca0090f99000704703
:020000040000fa
:020000040002f8
:105dd0002de9f04385b02e4a4ff0ff33904271eb2e
:105de0000303bcbf2a484ff0ff3106460f46294a3d
:105df000002382428b41bcbf264e0027bb00b0006f
:105e000043ea9671801947eb0101cb0643ea501330
:105e1000c206104619461ca3d3e9002305f08af9ef
:105e200010f1205441f10005a046a946012c75f15e
:105e30000003bcbf4ff001084ff00009164b02935e
:105e400028f07f434fea33230093144b03934fea28
:105e5000186343ea092301930222694602a809f064
:105e6000d5fb024658b10e4bc3f80080c3f804902e
:105e70000c4b1e605f600c490b6801330b601046d1
:105e800005b0bde8f08300bf00ca9a3b00000000e7
:105e9000c0f2fcff400d03006f000100770001001d
:0c5ea000b0050120b0fd0020a001012091
:020000040000fa
:020000040002f8
:105eac002de9f74f984604468b46d2f80890d2e974
:105ebc00037a0ef015fad8f800301844c8f8000030
:105ecc00b9f1000f01d10af1ff3900254d452dda4a
:105edc000af1ff33ab4229dde36be26c934235d21e
:105eec005a1ce2631e78304611f0a4fa00283dd10a
:105efc00012d16d1304612f0d3f9782811d13b7808
:105f0c00302b0ed1e36be26c93422bd25a1ce26322
:105f1c001878e36c13b1e36b013be36311f08afa7d
:105f2c0020bbe36c13b1e36b013be36300237b55b4
:105f3c00102201a9384611f054fe019bbb42cbe95b
:105f4c0000010cbf6ff00106012607e020460bf0a4
:105f5c00e7f906460130c6d1002de7d1304603b033
:105f6c00bde8f08f20460bf0dbf9d2e77e55d8f870
:0c5f7c00003001330135c8f80030a7e701
:020000040000fa
:020000040002f8
:105f88002c80010049ba01003480010050800100d2
:105f9800857f020058800100748001009dc80200be
:105fa8007c80010090800100c57e0200988001007d
:105fb800ac800100c5560200b4800100d080010009
:105fc80001ce0200d8800100f08001009dfb020094
:105fd800f880010014810100e5c102001c81010064
:105fe80030810100f1f70100348101005481010082
:105ff800ed2c02005c81010070810100d545020092
:106008007c81010090810100b57601009881010032
:10601800b0810100bde60100b8810100d081010016
:10602800353c0100d8810100e88101003de501000f
:10603800ec810100fc8101005d6e0200008201001c
:1060480010820100b1d102001c82010030820100df
:08605800019d020034820100e9
:020000040000fa
:020000040002f8
:106060002de9f0410d46002945d0b1f93c70304b87
:106070001c68002c4dd0002f4fdb2e4b1b689f421d
:1060800050d254f827308b4204d000242646a04634
:10609000254634e003691b8a03f00803002b14bf74
:1060a0004ff003084ff00108b1f87a3018ea0308fe
:1060b00008d0ce6fd1f88040826aeb6c834205d065
:1060c00015461ce0002426462246f6e70025a3f8e4
:1060d0005650a3f854509d64a3f86e50a3f86c502a
:1060e0001d6619690d601b699d81036a23f0080311
:1060f0000362154605e00c4600263746b0460df013
:1061000061fe26b12346424629463846b047bde8df
:10611000f08125460026b046f1e700242646a04639
:106120002546ece700242646a0462546e7e700bfc3
:08613000e0000120e400012061
:020000040000fa
:020000040002f8
:106138002de9f84300295ed00f4600242f4e304b3e
:1061480000f1010edff8bcc006e00cf801809a608f
:10615800621c0134974244d9726802f00702012a8e
:1061680018d09968dd684a1cd3f81080424528bfca
:106178000022954236d010f80480756805f00705ae
:10618800012de2d14d000cf81180691c00250cf896
:106198000150dce7d3f80880d96808f101021d69cd
:1061a800aa4228bf002291421cd01ef8145010f8b1
:1061b800141041ea0521756805f00705012d05d081
:1061c800c9b20cf808109a60621cc2e74fea480589
:1061d8005ffa81f90cf818900135090a0cf80510d6
:1061e800f1e7144611f050fb10b1044b01229a75e7
:1061f8002046bde8f8830c46f4e700bf00340040b1
:08620800ecf80020c8a60020fc
:020000040000fa
:020000040002f8
:10621000214b1b78002b3cd1d0b4204a137013764d
:1062200082f8303082f848301d4a13601d4a1360ee
:106230001d4a13701d4a12681d490a600020002182
:106240001c4cc4e900011c4cc4e900011b4cc4e90e
:1062500000011b4c4ff020560027c4e90067194c81
:106260002360194c2370194cc4e9000118490b70c4
:10627000103218490a60184a1370184a1370012224
:1062800005490a7016490a70164a13700120d0bcdd
:1062900070470120704700bf5304012010f7002011
:1062a000c0010120bc01012054040120c4010120cf
:1062b000cc010120a8fd0020b8fd0020b0fd002089
:1062c000b0050120b401012055040120c8fd0020c3
:1062d0004f040120b80101204d0401204e0401208b
:0862e0005604012050040120c6
:020000040000fa
:020000040002f8
:1062e8002de9704304460d460ff0b8f9a94208bfde
:1062f800a04250d2b4eb000865eb0109284b1e7888
:1063080096b34ef6602200234b4508bf424517d28c
:10631800244b01221a702448244bd3e9002318eb9c
:10632800000049f1ff310ff089fa024688b91d4b88
:1063380000221a7020462946f5f78efa06462be009
:10634800184b00221a7020462946f5f785fa0646aa
:1063580022e00023194616480af02cfe154b186057
:10636800461c18bf012617e00e4b00221a700f4b6f
:10637800d3e90023404649460ff060fa024658b177
:10638800002319460a480af015fe0a4b1860461cf5
:1063980018bf012600e000263046bde8708300bf24
:1063a8006b04012073040120d08affff88ff0020be
:0863b8004da8020004060120bb
:020000040000fa
:020000040002f8
:1063c00008b502200ff036fd2a4b186000284dd08a
:1063d000202011f029fb284b4122c3f81c211a462a
:1063e000d2f81c3113f0400ffad0244b00221a606f
:1063f0001a46136913f0020ffbd1204b00221a60da
:1064000001221a734ff6ff729a834ff49171d9806b
:106410001a72ff229a72184b4122c3f8bc201a4606
:10642000d2f8bc3013f0400ffad012f053fa00f05b
:106430007f0040f4a060124b18640522c3f8e821e5
:1064400040f25b229a640622c3f82c210d4ad2f84e
:106450002c3123f47f03c2f82c3100230a4a136045
:106460000a4a13700a4b01221a7008bd094908f044
:1064700091fafae7e4030120001c004000140043f5
:1064800000e0004100800041e80301208a0401206f
:086490008b04012054340300c9
:020000040000fa
:020000040002f8
:10649800656e76202852414d20736861646f7729b4
:1064a8003a0d0a0020206574682564202000000049
:1064b8006970200020206d61736b200020206777b1
:1064c800200000002020646e732000000d0a0000e8
:1064d80020206574683020206d616320257320209a
:1064e800286170706c69656420617420626f6f74d4
:1064f800290d0a002020706c636120206964202522
:106508006c752020636f756e7420256c75202028ab
:10651800657468302f543153290d0a0020202873e0
:10652800617665656e76203d207065727369737457
:106538002b6170706c792c2072656164656e7620b1
:106548003d2072656c6f61642c207265736574659b
:106558006e76203d2064656661756c7473290d0a3a
:04656800000000bf70
:020000040000fa
:020000040002f8
:10656c005b544553544d4f44455d207265717565c0
:10657c007374696e67202575202d2025732028548f
:10658c00315354535443544c3d30782530385829aa
:10659c000a0d00005b544553544d4f44455d207427
:1065ac00686520543153206c696e6b2069732064cc
:1065bc006f776e207768696c652074686973206ddd
:1065cc006f6465206973206163746976650a0d00d8
:1065dc005b544553544d4f44455d206175746f2d8c
:1065ec007265766572742061726d656420696e20c7
:1065fc00257520730a0d00005b544553544d4f44d0
:10660c00455d206e6f2074696d656f7574206769c8
:10661c0076656e202d2072657665727420776974ac
:10662c00682027746573746d6f64652030270a0dbc
:04663c00000000bf9b
:020000040000fa
:020000040002f8
:106640005b5050535d204e4f2045444745202575f3
:10665000206d7320616674657220656e61626c697d
:106660006e672031505053202d2074686520746966
:106670006d656261736520686173206e6f20736f52
:106680007572636520616e64207468652074726938
:10669000676765722077696c6c2073746f702e0d5c
:1066a0000a5b5050535d20436865636b20746865d6
:1066b000206861726477617265206d6f64696669d4
:1066c000636174696f6e2028523337202f206d6903
:1066d0006b726f425553203133202d3e2050433191
:1066e000322c204c414e383635315f315050535f9b
:1066f00048415244574152452e6d64292c207468fc
:10670000656e2027746261736520707073272e0d8b
:046710000a0000bfbc
:020000040000fa
:020000040002f8
:106714002de9f843099f03f1ff3c5ffa8cfc1cf060
:10672400800f58d103f10108bdf82840a408b4eb48
:10673400480f52d318bb00233b60c2f3034343ea20
:1067440001113b78194341ea401038707b7843eae1
:1067540012237b70bb781a43ba700cf07f0cfc7860
:1067640044ea4c0464b2fc7038460ef0bbfc00f002
:1067740001000443fc704feac800bde8f88307eb4e
:10678400c30e9eb2002ed6d0aef10804089d05ebd0
:106794008303aef1100e013eb6b2aeebc60e00bfdf
:1067a40053f8045dee434fea166984f808904fea03
:1067b400164984f809904fea162984f80a90e6727b
:1067c4002e0e26712e0c66712e0aa671e571083cf8
:1067d4007445e5d1afe70020cfe70020cde700bf47
:020000040000fa
:020000040002f8
:1067e4002de9f04186b080468169304ec1f307201f
:1067f400742202fb0060cbb203eb8303db00c068ae
:106804001d181c5a02fb0462936a99423bd001aee4
:1068140005f10c070fcf0fc63b683360234b74227e
:1068240002fb04346a69236d53f8223003932a6906
:10683400636d53f822300293aa69e36c53f8223053
:10684400049363691b68002101a89847d8f818309d
:10685400a362002385f8203095f91c00b0f1ff3fb6
:106864000ed06b7fa3b900f01f03c0f34a1000f5ec
:10687400020000f5807001219940c00112f01ff858
:1068840006b0bde8f08195f82030002be4d0bee7d7
:1068940000f01f03c0f34a1000f5020000f58070f9
:1068a40001219940c00112f008f8e9e738f6002008
:020000040000fa
:020000040002f8
:1068b40010b5037e032b41d0214b1b6833b1204a12
:1068c4001368013313600124204610bd02881d4b58
:1068d4001a601d4b1d4a12211d4805f059fb044640
:1068e400b0b100221b4b1a601b4920200bf0a6fffd
:1068f4001a4b1860b0b10023194a1370194a1a4987
:1069040011601a4a13801a4a13601a4a1360d6e7b0
:1069140011f050fd0028d7d011f046fd164908f0bb
:1069240037f8d1e711f046fd08b90024cce711f09f
:106934003bfd124908f02cf80024c5e70124c3e705
:10694400480001207000012054f2020068f20200a5
:10695400885f02004c000120792601009800012084
:1069640049fc002080000120682703001c0401204a
:10697400780001208400012070f2020094f20200e9
:020000040000fa
:020000040002f8
:10698400002864d070b50646002952d001f10f05e5
:106994002d09013511f01aff96f8443073b911f03e
:1069a40019ff736a002b36d05a68954243d91c6884
:1069b4008cb36268aa4207d22346f8e7013b86f803
:1069c400443011f007ffece7511b022919d9954215
:1069d40016d0616004eb01146560336b1d443563ac
:1069e400736b9d4288bf756311f0f0fe96f84430d6
:1069f400013386f8443011f0edfe04f1100017e085
:106a04003bb1216819601546b26aa242e5d1b3626e
:106a1400e3e7234612e0fa2386f8383011f0d6fe75
:106a240096f84430013386f8443011f0d3fe002048
:106a340070bd0020fce7511b022905d8196871625a
:106a440015461c460b46dfe71c460023bfe770478c
:020000040000fa
:020000040002f8
:106a54002de9f04f91b0002952d081468846002795
:106a64003e46ba463c4621e000208df810006a46b6
:106a7400254907f08dff2e461fe055469bf8002060
:106a84002249002007f084ff01369bf80020a2f180
:106a94002003dbb25e2b05f1010a88bf2e2210ab66
:106aa4001d4405f8402c0134a0450dd009eb040b1e
:106ab40014f00f05e1d1002fd6d15a461449002015
:106ac40007f066ff0127d9e70f2e08d8114d0024df
:106ad4002946204607f05cff01360f2ef8d910ab8b
:106ae4009a4400240af8404c6a460b49204607f0b1
:106af4004fff0a49204607f04bff11b0bde8f08f65
:106b04008a460e46e2e700bf486403005864030067
:106b14005064030060640300646403006c64030055
:020000040000fa
:020000040002f8
:106b24002de9f0419df818e0089d00242c7016888a
:106b3400b41ca4b28c4252d810f8068087197f780e
:106b44004fea082c0cf4706c47ea0c079f4249d1b9
:106b5400c8f30218c64547d1012707fa0ef7bfb29a
:106b64003c44a4b28c4241d81446bef1010f20d05b
:106b74004ffa8ef383b1bef1020f26d0b31cc618b0
:106b8400304611f011f88046301d11f00df8079bc6
:106b94001860c3f8048005e0304482780023079924
:106ba400c1e90023238802331f4427800120287071
:106bb40016e0b31cc218c35c527842ea032292b2b4
:106bc40000230799c1e90023ece70236304410f0b2
:106bd400ebff079b18600023079a5360e2e701204c
:106be400bde8f0810120fbe70020f9e70020f7e78a
:020000040000fa
:020000040002f8
:106bf40070b590f82630002b5ed190f87130012bdf
:106c040001d0002559e00446002380f87130c66d98
:106c1400c36ab3f1ff3f20d0036bb3f1ff3f1cd035
:106c2400357835b1b6f904000cf024fb84f83e0045
:106c340043e011f0cbfd0546b6f910000cf01afb49
:106c440084f83d00b6f914000cf014fb84f83c0001
:106c5400284611f0bffd01252fe0357835b1b6f98e
:106c640004000cf007fb84f85b0026e011f0aefd95
:106c740005467068b0f1ff3f0cd1b068b0f1ff3f3a
:106c84000ed1f068b0f1ff3f10d1284611f0a2fdfb
:106c9400012512e000b20cf0edfa84f85800ece79c
:106ca40000b20cf0e7fa84f85900eae700b20cf0fd
:0e6cb400e1fa84f85a00e8e70125284670bd91
:020000040000fa
:020000040002f8
:026cc200704719
:020000040000fa
:020000040002f8
:106cc4002d4b83424fd1002850d070b515460c4649
:106cd400c9b11b6b13b1052128489847264e06f10c
:106ce4006c0206f16801304606f0dbf9336b1bb128
:106cf400062106f15c009847214e0fce0fc496e89a
:106d0400030084e80300002d33d01b4b1b6b13b12d
:106d140003211c489847184b0022c3f8802093f89d
:106d24009c40a4b1d3f88c30013ca4b204eb04120f
:106d340003f1440404eb82040f4800bfd0f8801030
:106d44001a6a1144c0f880104433a342f6d10a4ba6
:106d54001b6b13b104210b4898470b4b0fcb85e8f1
:106d64000f00002070bd6ff0050070476ff0050044
:106d740070470020f6e700bf8c040120e8040120de
:0c6d8400f0040120ec04012008050120af
:020000040000fa
:020000040002f8
:106d90002e4b1b780bb10020704770b505460126bd
:106da0002a4b1e702a4c41f2d0120021204611f0cd
:106db000bbf8002341f2c112a35441f2b412254999
:106dc000a15041f2c3121821a15404f58d5215604f
:106dd00041f20c12a45041f210120421a15441f2cc
:106de0001112a35441f21212a35404f1900141f282
:106df0001412a15041f21812a65441f21912a354d0
:106e000041f21a12a35441f21b12a35441f29412fc
:106e10001149a15041f298120221a15441f2991254
:106e2000a35441f29a12a35441f29b12a35441f28b
:106e30009c12a35441f29d12a35441f29e12a354fa
:106e400041f29f12a354204670bd00bf2c040120c4
:0c6e5000e88200207835424804940020bd
:020000040000fa
:020000040002f8
:106e5c002de9f04393b005464668012907dd0f463e
:106e6c0090465168284810f0a6fe044638b12b68ad
:106e7c001b6826493046984713b0bde8f08311f0e3
:106e8c006bfa8146022f09dc07462b685b684a4681
:106e9c001f4930469847bc420adbede7d8f808009a
:106eac000cf08ff80446471cefe70134a742e3d0ff
:106ebc0004a920b207f0f9f80028f6d02b689df849
:106ecc0046200292bdf836200192bdf83420009283
:106edc00d3f804809df8103022460e493046c04746
:106eec002b68bdf844200292bdf8422001929df817
:106efc003c200092d3f80480bdf84030bdf83e2011
:106f0c0005493046c047d0e738860200dc860200cf
:0c6f1c0040860200548602009c860200a1
:020000040000fa
:020000040002f8
:106f28002de9f0411446002a59d088460ff0c0f9df
:106f38000546002850d00ff0afff074600284dd077
:106f4800844228bf0446a4b2296aae690b199e423e
:106f580029d2761a0136b6b2b8f1000f04d03246fb
:106f680040460df051fbb044a41ba4b26b692b62e0
:106f7800b8f1000f04d02246296a40460df044fbc0
:106f88002b6a23442b623444a4b228460bf0c0fc7d
:106f980028bb3f1bbc4208db95f83e3043f080031a
:106fa80085f83e301be00026e2e795f83e3013f006
:106fb800040f14d143f0040385f83e300ff0f0f9c4
:106fc800084b1a68c82303fb02f3074aa2fb0323f2
:106fd80000eb9310a86202e0002400e0044620467b
:0c6fe800bde8f081e8000120d34d6210ec
:020000040000fa
:020000040002f8
:046ff40000207047c2
:020000040000fa
:020000040002f8
:106ff800002951d0f8b50e46002850d12c4c012359
:1070080084f838300b686360db689847e0600746af
:107018000021c300420f1b1a62eb0102550145ea29
:10702800d3655801181842eb05051fa3d3e90023bf
:10703800c01945eb01010ef001fc02302062b6f9df
:1070480004302381002121614ff6ff73a36147f6c5
:10705800ff73e36100220023c4e90a23616384f813
:10706800301063681b681348984763681b690bb145
:10707800208b98470e4ce06963685b6980b298473b
:1070880063685b689847a02200210b4810f048ff0e
:10709800022323702046f8bd4ff0ff3070474ff0b1
:1070a800ff30f8e7aff30080000e2707000000006c
:0c70b80030f900209d4c0200d4f10020b3
:020000040000fa
:020000040002f8
:1070c4005b4e6f49505d20636f756e74206d7573f0
:1070d4007420626520312e2e25750d0a00000000f3
:1070e4005b4e6f49505d206761705f6d73206d75f5
:1070f400737420626520302e2e25750d0a00000061
:107104005b4e6f49505d2073697a65206d757374a9
:107114002062652025752e2e25750d0a00000000bd
:107124005b4e6f49502d54585d2073746172742006
:10713400636f756e743d2575206761705f6d733d77
:1071440025752073697a653d25750d0a00000000d8
:107154005b4e6f49502d54585d2073656e642066f4
:1071640061696c6564206174207365713d25750dda
:107174000a0000005b4e6f49502d54585d20736522
:0c7184006e74207365713d25750d0a00c6
:020000040000fa
:020000040002f8
:10719000f8b5174603f11005adb22e4cff22227050
:1071a000102262704288160aa670e27000262671cc
:1071b0006671a6710822e2718288160a26726272ce
:1071c000c288100aa072e2720122227362738022c6
:1071d000a273e1734bb104f11002974205d01a4635
:1071e000394604f1100010f001f9a5f10803194a1d
:1071f000190e1171190c5171190a9171d371069af6
:10720000bdf81c10012011f07bfa0446b0f1ff3fdd
:107210000bd00af0e3f8a8420cd20f4a13690133ed
:10722000136120460bf030fbf8bd0b4a13690133a4
:107230001361f9e72a46074920460bf093f9a84263
:10724000ebd12046f1f720f9034ad3680133d3602c
:0c725000e7e700bfe8e30020c4fa0020dc
:020000040000fa
:020000040002f8
:10725c005b5050535d20455854494e54257520635e
:10726c006f756c64206e6f7420626520636c61694d
:10727c006d6564202d20616c726561647920746188
:10728c006b656e20286d61736b2030782530386cff
:10729c005829206f72206e6f7420616c6c6f77654b
:1072ac00642e2020315050532063617074757265c8
:1072bc002077696c6c204e4f542072756e2e0d0a1f
:1072cc00000000005b5050535d20455854494e540b
:1072dc0025752063616e6e6f7420656d6974206115
:1072ec006e206576656e74202d206e6f7420636c35
:1072fc0061696d65642e202054686520636170742b
:10730c0075726520636861696e2077696c6c204ebc
:0c731c004f542072756e2e0d0a0000bf49
:020000040000fa
:020000040002f8
:1073280053ec102bc3f30a512de9f04140f2fd70e4
:107338004e1e86421d4645d8a1f2ff30002835db97
:10734800332831dc284bc0f120084ff0ff3c03fa0a
:1073580008f2a1f21f412cfa00fc10ee104a4cea88
:10736800020c23fa01f24cea020c23fa00fe04eaaa
:107378000c0605ea0e0724ea0c0256ea070425ea79
:107388000e030fd0002a73f100040bda4ff48015b6
:1073980005fa08f425fa01f10c43121925fa00f050
:1073a80040eb030343ec102bbde8f081002a73f196
:1073b800000303db9fed080bbde8f0819fed080b90
:1073c800bde8f0810029efd10a4603f0004343ec01
:1073d800102be9e7aff30080000000000000000078
:0c73e800000000000000f0bfffff0f00dd
:020000040000fa
:020000040002f8
:1073f4002de9f84381460d4690461f460ef01effc8
:10740400002852d0044690f83c600dbb002e4ed1ab
:1074140090f842306ff3410380f84230002380f843
:107424003c30a4f8288094f83f3013f0010f05d1c4
:1074340094f840306ff3820384f8403094f842307b
:1074440043f0020384f8423001231846bde8f88370
:107454006b1edbb2012b2cd80eb1ae422bd194f8ab
:1074640042306ff3410384f8423084f83c50002fdb
:10747400d7d03a46294648460bf097f8034658b108
:1074840094f83f3013f0040fcbd194f840306ff3ed
:10749400041384f84030c4e784f83c6094f8422034
:1074a40042f0020284f84220cfe70023cde7002314
:0a74b400cbe70023c9e70023c7e778
:020000040000fa
:020000040002f8
:0274be00fee7e7
:020000040000fa
:020000040002f8
:1074c0007265736572766564000000006e6f726da0
:1074d000616c206f7065726174696f6e00000000ee
:1074e00074657374206d6f6465203220286f757425
:1074f0007075742064726f6f702900007465737406
:10750000206d6f646520332028505344206d6173d3
:107510006b202f207472616e736d697474657220b4
:10752000646973746f7274696f6e29007465737423
:10753000206d6f6465203420287472616e736d69ec
:1075400074746572206869676820696d706564612c
:107550006e6365290000000074657374206d6f64ac
:1075600065203120286f757470757420766f6c7487
:10757000616765202f2074696d696e67206a697480
:0875800074657229000000bfd0
:020000040000fa
:020000040002f8
:10758800756e646566696e65640000006e6f6e6591
:107598000000000068696768207468726573686f26
:1075a8006c642061626f7665206d6178206c696d0e
:1075b80069746174696f6e006c6f772074687265a6
:1075c80073686f6c642062656c6f77206d696e20dc
:1075d8006c696d69746174696f6e000068696768c9
:1075e800207468726573686f6c642062656c6f776d
:1075f800206d696e206c696d69746174696f6e00c5
:107608006c6f77207468726573686f6c6420616250
:107618006f76652068696768207468726573686f3b
:107628006c6400006c6f77207468726573686f6ca7
:10763800642061626f7665206d6178206c696d6980
:08764800746174696f6e0000ab
:020000040000fa
:020000040002f8
:10765000f0b585b004460d4616461f4656ea0703a8
:1076600004d0294bd3e90023134320d1274b0293a5
:1076700023a3d3e90023204629460ef0e3f8009027
:10768000234b03931ea3d3e90023204629460ef083
:10769000d9f801920222694602a807f0b7ff034613
:1076a00010b11c4a01211170184605b0f0bd0df053
:1076b000d9ff801b61eb07014e01430146ead0620e
:1076c0001b1a62eb0102560246ead3565f023246ab
:1076d0003b1841eb0202970147ea93679e01f61ab5
:1076e00067eb0207084bd3e90023301847eb010191
:1076f0000ef0a8f8241841eb0505b7e7aff30080ba
:1077000000ca9a3b00000000e8fd00207400010060
:08771000750001005504012081
:020000040000fa
:020000040002f8
:1077180000283fd010b504464c220021043010f058
:10772800fffb1d4b1b7823701c4b1b7863701c4b95
:107738001b8863801b4bd3e90023c4e902231a4b3f
:10774800d3e90023c4e90423184b1b68a361184b31
:107758001b68e361174b1b682362174bd3e90023af
:10776800c4e91023154b1b68a364154b1b6863629f
:10777800144b1b68a362144b1b68e362134bd3e9d9
:107788000023c4e90c23124b1b68a363114b1b682d
:10779800e36310bd704700bf620401206f0401203d
:1077a8001600012080ff002040ff00203c0201203d
:1077b8005402012044020120c005012038020120a2
:1077c80084020120880201208c02012020ff002071
:0877d8009002012088ff00204f
:020000040000fa
:020000040002f8
:1077e0002f4b834249d12de9f0410c46002847d068
:1077f00091f82f302a4a92f89c20934243d228498c
:10780000d1f8b41011f80380b8f1ff0f26d042452b
:107810003cd92369002b3fd008eb0817bf00204d4f
:1078200005f1600607e0236a43f008032362246839
:10783000bcb123696bb32b6b13b10321304698475e
:10784000d5f88c003844214618300ff023fe2b6bfe
:10785000002be8d0042130469847e4e74ff00008b9
:10786000d7e70f4c4146204603f084fa41462046b4
:107870000ff0adfa0020bde8f0816ff00500704711
:107880006ff00500f7e76ff00a00f4e76ff00a0009
:10789000f1e76ff00a00eee76ff00a00ebe700bfd8
:0478a0008c04012033
:020000040000fa
:020000040002f8
:1078a400f0b587b00f460023059346683378012b63
:1078b40004bf0023337005a9d6f8ec000bf0a8fb35
:1078c4008446f8b1396929b30022134614468d68f9
:1078d400059805518889059d2544a880184483b2dc
:1078e4000132d2b209680834b1b19445efd1d6f867
:1078f40080300133c6f880306ff005000123337007
:1079040007b0f0bdd6f884300133c6f884306ff088
:107914000b00f3e700221346f16f0131f167396a76
:1079240041f008013962d6f8ec0002970c49019144
:1079340000210091059909f0a5fd08b10020dde7bb
:10794400f36f013bf3673b6a23f008033b62d6f80d
:1079540084300133c6f884306ff00b00cee700bfeb
:047964003b5f030082
:020000040000fa
:020000040002f8
:107968005443502f495020537461636b3a20257358
:10797800204d414320696e697469616c697a61744c
:10798800696f6e206661696c65640d0a000000000d
:107998005443502f495020537461636b3a20257328
:1079a800204d4143204f70656e206661696c6564a7
:1079b8000d0a00005443502f495020537461636be3
:1079c8003a204d6f64756c65206e6f3a20256420ef
:1079d800496e697469616c697a6174696f6e206651
:1079e80061696c65640d0a005443502f4950205357
:1079f8007461636b3a202573204d41432065766599
:107a08006e74206e6f74696669636174696f6e2045
:107a180073657474696e67206661696c65640d0ac4
:047a2800000000bf9b
:020000040000fa
:020000040002f8
:107a2c002de9f0410d4616461f460ef03ffc00288e
:107a3c004ed0044690f87620d31edbb2022b49d9e7
:107a4c00082a4bd090f877300bb1ab4248d15fb1dc
:107a5c00012d01d000233ee0002138460ef04afef5
:107a6c00804618b9002336e0d4f84880e6b1b4f863
:107a7c006230b34204d030460bf0f0fe034650b3f4
:107a8c0084f87750c4f848803a46294620460cf0d2
:107a9c0095ffa4f8626094f83e3013f0010f0ad001
:107aac00a4f87260012316e00cf038fe064600289c
:107abc00e6d100230fe0b4f84230b4f84020134470
:107acc00b4f8602013445e40a4f87260012302e015
:107adc00002300e000231846bde8f0810023fae7fc
:047aec000023f8e794
:020000040000fa
:020000040002f8
:107af00038b50d4614460ef0dffb002854d0002c9c
:107b000054d00b2d54d8dfe805f00617242a535320
:107b10003153383f454a90f8742082f04002c2f356
:107b20008012227090f87430db43c3f3c01363708b
:107b300000236380012038e090f83f20c2f38012d8
:107b40002270b0f87020628090f884302371012098
:107b50002be082694369d31a2380012025e0426823
:107b60000368d31a0133238001201ee090f875309a
:107b7000c3f3c0032370012017e090f83f30c3f334
:107b800001132370012010e090f83f30db092370cf
:107b900001200ae090f885302370012005e090f87c
:107ba00086302370012000e0002038bd0020fce773
:047bb0000020fae7d0
:020000040000fa
:020000040002f8
:107bb40070b5441ea4b2092c54d824b204ebc402f8
:107bc4002b4b13f82230002b4fd01346284a02ebdc
:107bd40083039b68196a00293cd004ebc403244a3c
:107be40002eb8303b3f906008847054600283ad020
:107bf40004ebc4031e4a02eb83039b8813f0200f9b
:107c040031d004ebc40302eb83039b78012b2ad904
:107c140004ebc40302eb83035b789bb104ebc40362
:107c240002eb8303db681b6963b1164604ebc400f3
:107c340002eb80001c30984704ebc40306eb830678
:107c44000023737004ebc404094b03eb8404012385
:107c5400a37008e004ebc40402eb8404ff23e37084
:107c6400002500e00025284670bd0025fbe700bf85
:047c740068e700209d
:020000040000fa
:020000040002f8
:107c780010b42e49cb6823f4e0631b041b0c43f0bb
:107c8800bf6343f40033cb60bff35f8f62b6284b0a
:107c9800e02283f81f234ff00040186083f8202368
:107ca8000120586083f82e234ff48040586083f8f1
:107cb8002f234ff40040586083f830234ff480306e
:107cc800586083f831234ff40030586083f832232a
:107cd8004ff48020586083f833234ff40020586015
:107ce80083f834234ff48010586083f835234ff419
:107cf80000145c6083f85423986083f86b234ff476
:107d08000062da604b6a43f480234b624b6943f0ac
:107d180010034b614b6a43f400334b624b6a43f4e4
:107d280080334b625df8044b704700bf00ed00e004
:047d380000e100e086
:020000040000fa
:020000040002f8
:107d3c00205b5452554e435d0000000000000000d3
:107d4c000a0d3d3d3d3d3d3d3d3d3d3d3d3d3d3dba
:107d5c003d3d3d3d3d3d3d3d3d3d3d3d3d3d3d3d47
:107d6c003d3d3d3d3d3d3d3d3d3d3d3d3d3d3d3d37
:107d7c003d3d3d3d3d3d3d3d0a0d000068656c704f
:107d8c00207c206c616e68656c70207c2070747037
:107d9c006620737461747573207c207374617473c2
:107dac00207c2073686f77656e76000020436f6dc2
:107dbc006d616e64733a2025730a0d0045303a25c7
:107dcc0075206c656e3d25752074733d256c6c7546
:107ddc00206d7325730d0a0045313a2575206c65ad
:107dec006e3d25752074733d256c6c75206d732567
:047dfc00730d0a00f9
:020000040000fa
:020000040002f8
:107e00003d3d3d3d3d3d3d3d3d3d3d3d3d3d3d3da2
:107e10003d3d3d3d3d3d3d3d3d3d3d3d3d3d3d3d92
:107e20003d3d3d3d3d3d3d3d3d3d3d3d3d3d3d3d82
:107e30003d3d3d3d3d3d0a0d0000000054315320c5
:107e400050545020466f6c6c6f77657200000000d4
:107e50002025730a0d00000073696e676c65206948
:107e60006e746572666163652065746830203d20bc
:107e70003130424153452d5431532c2077616c6c85
:107e800020636c6f636b2073746565726564206634
:107e9000726f6d2053796e632f466f6c6c6f775fd6
:107ea00055700000204275696c643a204175672066
:107eb000323920323032362031303a35343a3535a5
:047ec0000a0d0000a7
:020000040000fa
:020000040002f8
:107ec4002de9f04182b00446456804290cd00368ca
:107ed4001b6823492846984723681b68214928467c
:107ee400984702b0bde8f081164650680bf06df873
:107ef4000746431e012b05d923681b681a492846e7
:107f04009847eee7b0680bf0e3fe8046b0b101a9f4
:107f1400f068faf725fcb8b1012f1bd001a940463f
:107f24000ff0bef822685468104b114a002808bfad
:107f340013463a460f492846a047d2e723681b68f0
:107f44000d4928469847cce723681b680b49284607
:107f54009847c6e701a940460ff094f8e2e700bf4e
:107f6400d0dd0200fcdd020020de02007080020091
:107f7400a01c030034de02003c2e0200188602001e
:020000040000fa
:020000040002f8
:107f84002de9f04186b00446456801290add0e4614
:107f94001746d2f80480204940460ff010fe28bb53
:107fa400022e0cdc23681b681c492846984723686a
:107fb4001b681b492846984706b0bde8f081b8689d
:107fc4000bf086fe60b10ef091fd23685b68154ae4
:107fd4001549002808bf0a46144928469847ebe784
:107fe40023681b68124928469847e5e7114940462b
:107ff4000ff0e5fd0028d5d110f07cf9142201a979
:108004000cf0eaf923685b6820b90b4a0b4928464f
:108014009847d1e701aaf9e738b9020078b9020014
:108024009cb902001cb9020028b9020040b9020040
:108034003c2e02003cb9020030b902005cb90200d7
:020000040000fa
:020000040002f8
:1080440061727000636c720055736167653a2069f0
:108054007034206172702f6677642f7461626c656e
:1080640020697820636c720d0a00000073756363e5
:108074006573730049507634204152502053746123
:10808400743a2025730d0a00706f6f6c3a202564d2
:108094002c2070656e643a2025642c207478537506
:1080a400626d69743a2025642c2066776453756286
:1080b4006d69743a2025640d0a0000007478536fca
:1080c4006c7665643a2025642c20667764536f6c63
:1080d4007665643a2025642c20746f74536f6c7633
:1080e40065643a2025642c20746f744661696c655c
:1080f400643a2025640d0a004661696c65640000d9
:020000040000fa
:020000040002f8
:1081040055445020736f636b6574733a2025642063
:108114000d0a000009736b7449783a2025642c20f9
:10812400616464547970653a2025642c2072656d0d
:108134006f7465506f72743a2025642c206c6f63e1
:10814400616c506f72743a2025642c2072785175da
:1081540065756553697a653a2025642c20747853d3
:10816400697a653a2025640d0a00000027257353b7
:108174007469636b79200000257320506f72742733
:108184002c2000002573204e6574272c000000006d
:1081940025732041646427000920666c6167733a83
:1081a4002025730d0a00000075736167653a207518
:1081b400647020696e666f203c6e3e0d0a0000bf3d
:020000040000fa
:020000040002f8
:1081c40070b5fab004460023089309930a930b93fd
:1081d4000193029303930493059306930793102149
:1081e40008a80bf0ddfe0ca80ff0d8fe94f8773049
:1081f400012b33d0002201a90ca80ff026fa01a903
:108204000ca80ff02efa0df02bfa04460d4610f0d0
:10821400d7f86a01630142ead4611b1b61eb0501d3
:108224004a0242ead3525e021146331945eb010178
:108234008e0146ea93669a01d31a66eb01011b1973
:1082440045eb01019c090246002344ea8160890947
:108254000df0f6fa019b18447ab070bd636c01937b
:10826400236c0293b4f86220b4f8603003eb024349
:10827400039308ab04ac0fcb84e80f001c22bae7cd
:020000040000fa
:020000040002f8
:108284002b4b1b68012b00d070472a4b1b68002b1b
:10829400fadd2de9f0470646254b02221a604369b0
:1082a40001279f40244b1b6873b30024dff88c9094
:1082b400dff8848018e095f83e3003f0010a43f0bb
:1082c400010385f83e304ff400520021284609f09e
:1082d400a1fb95f83e306af3000385f83e30013483
:1082e400d8f80030a3420fd9d9f8003053f82450fd
:1082f400002df4d0a86c0ff091ff0028efdb0123d0
:1083040083403b42ebd0d6e7337e022b04d0084bac
:1083140001221a60bde8f087064a1368013b136026
:10832400002bf4d107f008f9014b00221a60f1e7a1
:10833400f4000120f0000120e4000120e00001200d
:020000040000fa
:020000040002f8
:1083440038b52a4bd3e9004554ea050324d0284b19
:10835400d3e90023134328d04ff47a72002324492d
:10836400d1e900010df06cfa00fb05f301fb0431c7
:10837400a0fb04450d441f4bc3e900451e4b1b687d
:10838400a3fb040103fb0511642200230df058fa3a
:108394001a4bc3e9000138bd002200231749c1e983
:1083a40000231449c1e90023f5e7201945eb05032f
:1083b400001945eb03035a0142ead0624101401817
:1083c40042eb0303001945eb03030a4a10605360b0
:1083d400094a1268a2fb000102fb03116422002374
:1083e4000df02efa054bc3e90001d4e788ff002005
:1083f40040ff002048ff0020fc05012060ff002012
:020000040000fa
:020000040002f8
:1084040030b583b0044600238df80730d0f8a85067
:10841400eb6900699847012826d02b6a20699847a0
:1084240020bbb4f8403013f0010f43d06b6b0df157
:108434000701206998479df8073013f0080f19d0f9
:10844400b4f8423043f40053a4f8423094f8442082
:10845400b4f84210204604f066fea37d43f01003f6
:10846400a375002384f8463003b030bd20460ef0d7
:108474009dfcf9e713f0040f06d0b4f8423043f43e
:108484008053a4f84230e1e713f0020f08d0b4f8a7
:1084940042306fea43436fea5343a4f84230d5e7ce
:1084a40013f0010fd2d0b4f8423043f48043a4f85f
:0c84b4004230cbe720460ef079fcd5e703
:020000040000fa
:020000040002f8
:1084c0002de9f041079d9e1cbdf82040b6eb940fae
:1084d0004fd85f1effb217f0800f4cd130b34fea78
:1084e000830c05eb0c081ffa83febef1000f1dd0b4
:1084f000a8f10404069b9c44a8f108080ef1ff3380
:108500009bb2a8eb830800bf5cf8043d4fea136ef2
:1085100084f804e04fea134e84f805e04fea132e86
:1085200084f806e0e371043c4445edd100232b6060
:10853000c2f3034343ea01112b78194341ea401087
:1085400028706b7843ea12236b70ab781a43aa70d9
:1085500007f07f07ec7844ea470464b2ec702846e1
:108560000cf0c2fd00f001000443ec70b000bde867
:0c857000f0810020fbe70020f9e700bfcd
:020000040000fa
:020000040002f8
:10857c0053657420676174657761792061646472f6
:10858c00657373204f4b0d0a000000005365742077
:10859c0067617465776179206164647265737320b7
:1085ac006661696c65640d0a0000000055736167b3
:1085bc00653a207365746777203c696e74657266e2
:1085cc006163653e203c697076342f3620616464ab
:1085dc00726573733e203c76616c696454696d6599
:1085ec003e200d0a0000000045783a207365746740
:1085fc0077205049433332494e54203139322e3191
:10860c0036382e302e31200d0a000000496e76616e
:10861c006c696420495020616464726573732073c3
:0c862c007472696e67200d0a000000bf28
:020000040000fa
:020000040002f8
:10863800696e666f0000000054435020736f636bcf
:108648006574733a202564200d0a000009736b7461
:1086580049783a2025642c20616464547970653a1d
:108668002025642c2072656d6f7465506f72743aa2
:108678002025642c206c6f63616c506f72743a20f3
:1086880025642c20666c6167733a20307825303277
:10869800780d0a0009727853697a653a2025642ca6
:1086a80020747853697a653a2025642c20737461a4
:1086b80074653a2025642c20727850656e643a20df
:1086c80025642c20747850656e643a2025640d0a60
:1086d8000000000075736167653a20746370206953
:0c86e8006e666f203c6e3e0d0a0000bf65
:020000040000fa
:020000040002f8
:1086f40010b50ff0e5fc01f003fcf4f749fc0bf0b6
:10870400f1f805f067f80bf0d3fbfcf75cf805f023
:10871400c1fd1c490020fcf7a1fc1b4c20611b4b34
:108724001b681b490020984760610021084607f038
:10873400b5fc206208f0eef8164900200bf0e4fcca
:1087440015490020fef756fc60601449002008f02b
:10875400e9ffa06012480cf0dbfe124900200ef085
:108764007ffda06110490020f3f7f0fee0610df0f9
:10877400affae0600ff086fb03f0e2fefff77afa4f
:1087840010bd00bfa84d030010fb002068270300a4
:10879400e88703008805012008880300dc830300c0
:0c87a40034010120d08303000088030092
:020000040000fa
:020000040002f8
:1087b00055736167653a20746573746d6f646520e5
:1087c0005b302e2e25755d205b7365636f6e647361
:1087d0005d0a0d00202030203d206e6f726d616caf
:1087e0002c2031203d20766f6c746167652f6a699b
:1087f000747465722c2032203d2064726f6f702c6f
:108800002033203d20505344206d61736b2c203465
:10881000203d20545820686967682d5a0a0d0000d1
:1088200020206e6f20617267756d656e74203d202b
:1088300073686f77207468652063757272656e74f3
:10884000206d6f64650a0d00746573746d6f6465e7
:108850003a207365636f6e6473206d757374206264
:0c8860006520312e2e3630300a0d00004d
:020000040000fa
:020000040002f8
:10886c00f0b587b01f460b78002b3dd005460c4663
:10887c001646cb6801938b6800934b6802461e49e1
:10888c00002006f081f8e069226a1c4b1c49b2f505
:10889c00fa6f98bf0b46049303920290a36901935d
:1088ac006369009323692a461649002006f06cf888
:1088bc0056ea07031dd0144b1a68d2b17008002376
:1088cc0040eac77079080cf0b7ff94f824100f4bee
:1088dc000f4a002908bf1346009303462a460d4948
:1088ec00002006f051f804e002460b49002006f087
:1088fc004bf807b0f0bd00bfdc3702009837020020
:10890c00a43702001438020074030120a8370200b7
:0c891c00c037020058380200c4370200c7
:020000040000fa
:020000040002f8
:108928005b504545525d20455854494e54257520a5
:10893800636f756c64206e6f7420626520636c6170
:10894800696d6564202d20616c726561647920749d
:10895800616b656e20286d61736b20307825303827
:108968006c58292e20205468652063726f73732d0c
:108978006d6561737572656d656e742077696c6c71
:10898800204e4f542072756e2e0d0a005b504545df
:10899800525d20455854494e5425752063616e6eca
:1089a8006f7420656d697420616e206576656e74dc
:1089b800202d207468652063726f73732d6d656157
:1089c800737572656d656e742077696c6c204e4f97
:0c89d800542072756e2e0d0a000000bfc6
:020000040000fa
:020000040002f8
:1089e40038b5274b1c78002c47d0431eb3f5803f85
:1089f40042d20546234b1b68062118780cf088faee
:108a04000446002839d0204b01221a701f4a1368eb
:108a140023f002031360136913f0020ffbd16b1ee2
:108a24009bb21a4a9383136913f0400ffbd1174b7f
:108a340000229a821a46136913f0100ffbd1134acd
:108a4400136843f002031360136913f0020ffbd1a0
:108a540000210c4b18680cf075fa0d4ad2f82c3131
:108a640023f47f0343f47503c2f82c31094b1d60d2
:108a7400094b01221a7000e00024204638bd00bfd3
:108a84008b040120e40301208a0401200014004324
:0c8a940000800041e8030120890401205b
:020000040000fa
:020000040002f8
:108aa000037bc3f303139b00143b13f0ff0343d07a
:108ab00070b483b01430c6181fe0022b42d90023d3
:108ac000adf806305378042b0cd0bdf8060040f208
:108ad000b453984228bf1846b0f5067f38bf4ff40c
:108ae000067037e093788df80730d3788df806302c
:108af000ebe7881c10445b1adbb2c5180246013b49
:108b00001844831adbb2aa4222d0b24211d21446d0
:108b100014f8011b99b1012909d00229cdd0012bec
:108b200013d951789942e4d94ff4067012e02246e5
:108b3000e7e74ff406700de04ff4067070474ff40e
:108b4000067007e04ff4067004e04ff4067001e091
:0a8b50004ff4067003b070bc7047cc
:020000040000fa
:020000040002f8
:028b5a00fee734
:020000040000fa
:020000040002f8
:108b5c0030b583b005469df81840d0f8ec00042cd5
:108b6c003ed8dfe804f003152642360000230193bb
:108b7c000093012301f00f021f490df093ff0346f0
:108b8c00a0b395f8fc30013385f8fc3000232de0c0
:108b9c000023019300930123022218490df082ff58
:108bac00034618b395f8fc30013385f8fc300023ec
:108bbc001ce000230093124b012212490ef00afa1a
:108bcc00034698b195f8fc30013385f8fc3000234e
:108bdc000ce072b1d5f8e4100b401360012305e0f2
:108bec00ff2385f89030002300e00023184603b0e3
:108bfc0030bd0023fae700bfd8000400da000400ff
:088c0c001d5b0300d900040008
:020000040000fa
:020000040002f8
:108c140010b40b684a68b3fbf2f3082b0cd9102b81
:108c24002ed9202b2ed9302b2ed9402b2ed9612b87
:108c340034bf0524062400e00024026812f0080270
:108c440031d0016821f008010160036813f0040fba
:108c54002dd0036823f004030360436823f4e01376
:108c640043ea844343601ab1036843f00803036092
:108c7400036843f00403036000205df8044b70476d
:108c84000124dae70224d8e70324d6e70424d4e74e
:108c9400036823f004030360436823f4e01343ea06
:108ca40084434360e4e7036813f0040ff0d143689e
:108cb40023f4e01343ea84434360002adcd00368ce
:088cc40043f008030360d7e749
:020000040000fa
:020000040002f8
:108ccc0090f8263003b1704770b50446c56dc36a81
:108cdc00b3f1ff3f1fd0036bb3f1ff3f1bd02b78d9
:108cec0033b190f83e10b5f904000df0cbff1ae04b
:108cfc000ff068fd064694f83d10b5f910000df024
:108d0c00c1ff94f83c10b5f914000df0bbff3046d0
:108d1c000ff05cfd07e02b784bb194f85b10b5f9c4
:108d2c0004000df0afff012384f8713070bd0ff01b
:108d3c0049fd06466868b0f1ff3f0bd1a868b0f159
:108d4c00ff3f0dd1e868b0f1ff3f0fd130460ff077
:108d5c003dfde8e794f8581000b20df093ffede7f5
:108d6c0094f8591000b20df08dffebe794f85a10ff
:088d7c0000b20df087ffe9e7ea
:020000040000fa
:020000040002f8
:108d84002a4b1b8803b970472de9f04385b0074689
:108d9400066901a80ff0a8fc25480df02dfcdff8aa
:108da4009090dff890800ae0a56813e02379013bf6
:108db400dbb2012b1ad9214640460ef0c4fb4846cb
:108dc4000ef0c2f90446c0b12379012becd0022b7a
:108dd4001cd1a56860790df099fe002ee6d086427c
:108de400e4d0214601a80ef0aefbe8e703226ff0c1
:108df400040128460cf0b4fadde70d4b04aa12e98d
:108e0400070083e8070018460ef0acf93b7e022bfe
:108e140002d005b0bde8f083044a1388013b9bb23d
:108e24001380002bf5d105f0effff2e722040120b7
:088e340070fc0020ecfc0020a2
:020000040000fa
:020000040002f8
:108e3c00f8b504464568012908d01646032920d008
:108e4c0023681b681f4928469847f8bd03681b68b0
:108e5c001d492846984700221c4b1b68934221dd74
:108e6c001b49d82303fb021393f8ce10012922d0ff
:108e7c00012183f8cf1023685b6816492846984770
:108e8c00e3e75768144938460ef095fe28b11349ac
:108e9c0038460ef090fe0028d2d1b0680af091f856
:108eac00021ed9da094b1a6823685b68013a0c492f
:108ebc0028469847c9e723681b680a4928469847fb
:108ecc00c3e700bf20d30200b8d20200000101208a
:108edc0098ef0020f0d20200185402001c5402003b
:088eec0058540200d0d202002c
:020000040000fa
:020000040002f8
:108ef400037e032b45d02de9f041244b1e68002e40
:108f040037d1234b01221a60224c4ff0d808002598
:108f1400214f4246294620460ff004f8012384f8e5
:108f2400ce3084f8cf504ff6ff7363872387a3872f
:108f34004ff48052c4f8b820c4f8bc2084f8d5504b
:108f440084f8d45023752a463946212009f076fc4a
:108f5400c4f8c000c0b10136d8340d4b1b68b3420d
:108f6400d7dc0e4b0e4a04210e4803f011f80346d9
:108f740020b1064a13680133136001231846bde883
:108f8400f0810123184670470023f7e7fc00012015
:108f94000001012098ef002001360000d871030081
:088fa400ec71030054540300ba
:020000040000fa
:020000040002f8
:108fac00f8b52b4e06f11c0406f5c276294f0ce0e1
:108fbc0054f8143c5b6934f9160c984710b17b7863
:108fcc00012b1dd02434b44240d0254614f81c3c4f
:108fdc00002bf7d034f8183c13f0200ff2d014f813
:108fec001a3c012be4d05ab2002aebd0032be9d85f
:108ffc0055f8103cdb682846984705f81a0ce1e751
:10900c0000237b7054f8103c9b6a984730b954f895
:10901c00103c1b6854f8140c984768b101237b7002
:10902c0055f8103c9b68294635f9160c984748b101
:10903c00012305f81b3cdbe7052304f81a3c01234c
:10904c007b70bfe7052305f81a3cbbe7f8bd00bff2
:08905c0068e700209cdb002006
:020000040000fa
:020000040002f8
:109064002de9f041294e2a4c4ff00108294f13e015
:10907400226afab1616a236a40469847a36a0133b7
:10908400226b934228bf002314e0a26aedb2bd54c0
:10909400a36294f83430fbb9337e13f0040f32d05a
:1090a400b56aa36a0133226b934228bf0023e26aa4
:1090b4009a42ddd0e26a9a42eed0726802f0070268
:1090c400012ae2d1a16a4a00e8b207f8110001328c
:1090d400c5f30725bd54dbe70ef0e4fb236a002b40
:1090e400dad0616a94f83c3033b1a36b9842d3d39d
:1090f400236a00209847cfe7a36b9842ccd1236a18
:1091040000209847c8e7bde8f08100bf0034004064
:08911400ecf80020c89e0020c9
:020000040000fa
:020000040002f8
:10911c00002851d070b50446002950d00d460646a3
:10912c0056f80c3b5a1c02608022f2540068382816
:10913c0033d82068c0f13802002130440ef0eefe26
:10914c006368a1685a0f02ebc102a260db00636086
:10915c006364a26431462046e1f7b4fa234653f81f
:10916c004c0f59689a68db6828606960aa60eb60ec
:10917c00144be36403f18833236503f12943a3f50e
:10918c009613a3f68b636365a3f18833a365002064
:10919c0020606060a060206670bdc0f140020021bc
:1091ac0030440ef0bbfe4023236031462046e1f7ed
:1091bc0089fa00232360bce76ff0ac0070476ff0b6
:0891cc00ac00e9e7012345674f
:020000040000fa
:020000040002f8
:1091d400432d72756e74696d6520686561703a20ff
:1091e400746f74616c3d257520206c6172676573c2
:1091f40074206672656520626c6f636b3d25752013
:1092040020286e616e6f2d6d616c6c6f633b206ef8
:109214006f206578616374206672656520636f757d
:109224006e74290d0a0000005443502f49502068e1
:109234006561703a2020202073697a653d25752088
:1092440020667265653d257520206d6178626c6fbe
:10925400636b3d2575202068696768776174657262
:109264003d25750d0a0000005443502f49502068d5
:109274006561703a20202020286e6f2068616e643a
:089284006c65290d0a0000bf12
:020000040000fa
:020000040002f8
:10928c0084b0f8b507ac84e80e009df82c600c9ff8
:10929c00204b1880204d94e80f0085e80f001f4be1
:1092ac001e702eb127b11e4b38681860ba889a8090
:1092bc001c4b1b7833b11b4b01221a70bde8f840d4
:1092cc0004b070470cf0c8f904460d4600200ef0af
:1092dc002bffe8b1421e0530134b144e12f8011f40
:1092ec004b4006fb03f38242f8d103f01f0303eb60
:1092fc0083035b000e4a0f4908684e68a0fb03010c
:10930c0003fb0611041941eb050514605560d2e707
:10931c000023efe712040120d0fc0020850401207b
:10932c002000012086040120c59d1c8193010001b1
:08933c00e8ff0020f0ff002013
:020000040000fa
:020000040002f8
:10934400436869702d5265766973696f6e00000019
:10935400504c43412d456e61626c65640000000011
:10936400504c43412d53746174757300504c434108
:109374002d4e6f6465496400504c43412d4e6f641b
:1093840065436f756e740000504c43412d427572f5
:109394007374436f756e7400504c43412d42757263
:1093a400737454696d6572005443362d4368756e49
:1093b4006b53697a6500000054582d4375745468e2
:1093c400726f75676800000052582d4375745468b5
:1093d400726f75676800000050726f6d6973637512
:1093e4006f757300535049204672657175656e63dd
:0493f400790000bf3d
:020000040000fa
:020000040002f8
:1093f8002de9f04385b00f469046994601a80ff035
:1094080071f926480df0f6f8244e0be0a56814e033
:109418006ff00301032228460bf0a0ff21462048e5
:109428000ef08ff830460df08dfe044648b32379d0
:10943800012bebd0022b2dd1a56860790df064fbd0
:10944800e2683b689a4217d1b9f1000fe0db6b691b
:10945800d8f800201a60b8f804209a8000232b60fe
:1094680038b129460bf064fb0028d7da6ff0040105
:10947800d0e76ff00401cde7214601a80ef061f8ae
:10948800d0e7064b04aa12e9070083e8070018464c
:109498000df066fe05b0bde8f08300bf70fc00204b
:0494a800ecfc0020b8
:020000040000fa
:020000040002f8
:1094ac00f8b500294cd00b46b1f91240274a126886
:1094bc00002a46d0002c44db254909688c4240da4e
:1094cc0052f824209a423cd1828e5ab100238386d2
:1094dc00036a43f04003036201220146806a06f0ee
:1094ec0025fb17e0b3f8602012f0010f13d09d6d2f
:1094fc00de6d876ada68824211d093f83e20013a19
:10950c0083f83e200af058fc25b133460122394637
:10951c002046a847f8bd002635463746eae70269db
:10952c000021918193f8412012f0020f12bfa0f894
:10953c0054101a689a60036a23f008030362e3e785
:10954c000024002635463746dce700bfcc0001205e
:04955c00d00001201a
:020000040000fa
:020000040002f8
:109560002de9f04707468a4691469846089d099e90
:10957000274b5c6c1cb1236a13f0080f06d00df06a
:1095800007f90446002841d0214b5864a369012201
:109590001a804ff400625a8006221a7104225a710e
:1095a000a3f806a00eb332689a60b2889a81c3f815
:1095b0000e902a68c3f81220aa88da82c3f81880ad
:1095c00018460df025fb23691c229a8138460ef0bf
:1095d000b1fb40f606030246294620460bf06cf824
:1095e000034640b91846bde8f087f86b9860b7f8b5
:1095f00040209a81dbe700232360a762214638469a
:109600000bf09afac043c0f3c013ebe70023e9e77d
:0496100060f80020de
:020000040000fa
:020000040002f8
:109614002de9f8432a4b5a6b59691961002a40d045
:109624009368b3f5004f33d3254b5b6947f6ff745a
:10963400002514eb030845f10009214e73689b696a
:10964400984782b200233169814206d94ff6ff71ef
:1096540052184ff0000141eb03031949096a5618e7
:1096640043f10007b94508bfb04524d20a44144b5e
:10967400da61134bdb699bb213b9114b0122da6136
:109684000f4bd8695b685b6980b29847bde8f88383
:1096940094680b4b5b69002514eb030845f1000942
:1096a400cbe7074b5b6947f6ff74002514eb03080f
:1096b40045f10009c1e7024bc3f81c80d9e700bf9c
:0496c40030f9002059
:020000040000fa
:020000040002f8
:1096c800002850d02de9f04192b0074615460c46c7
:1096d80037263246002104a80ef022fc07f10808bc
:1096e800039502940196cdf800800123324604a91f
:1096f8003846f7f7dbf8002838d104ae44460df1b8
:10970800400c35460fcd20606160a260e3602e46b4
:1097180010346545f5d128682060aa88ab79a28005
:10972800a37104aa00200df14701134603f8010ba9
:109738001a468b42f9d100230393029337220192f0
:10974800cdf8008007f13f013846f7f7aff8034638
:1097580070b901223a6000227a6087f880201846a2
:1097680012b0bde8f0810123184670470123f6e7df
:049778000123f4e7ee
:020000040000fa
:020000040002f8
:10977c00796573006e6f00006f6e00006f66660097
:10978c005b50494e5d2025752070696e732c2069e5
:10979c006e64657820737061636520302e2e25759c
:1097ac002028307825303258203d20756e75736531
:1097bc0064290d0a0000000020202020202069646c
:1097cc0078202070696e202020202020202020204e
:1097dc0020202020202020202020202020696e7690
:1097ec00202070776d20206f776e657220202020ee
:1097fc006c6576656c0d0a00202020202020253316
:10980c00752020252d3234732020252d33732020f4
:10981c00252d33732020252d3773202025730d0a19
:04982c00000000bf79
:020000040000fa
:020000040002f8
:109830002de9f04f85b0ddf838a0002a4ed09346d0
:1098400099460e46804600273d4614e0cdf80ca010
:10985000cdf8089000230193537b0093536872580e
:1098600001214046faf734ff78b10137bfb2013524
:10987000adb2ab4509d929017218147b012c08d06f
:1098800063b2002be2d0022c16d0384605b0bde8fa
:10989000f08fcdf80ca0cdf8089093680193537b1e
:1098a00000935368725803214046faf711ff0028cd
:1098b000ebd00137bfb2dae7cdf80ca0cdf80890b5
:1098c00000230193527b0092725802214046faf71e
:1098d000fffe0028d9d00137bfb2c8e71746d4e74a
:020000040000fa
:020000040002f8
:1098e00070b5002847d00546b0f8422044f2400049
:1098f000104243d1002943d00e46224b1d61b5f8da
:1099000060205a6103221a76012229463046f8f770
:10991000fff9044660b1306a0bf0dcfc044600f04d
:10992000fd03012b17d00ef047fd60b9002423e0a2
:109930000ef042fd00b30ef039fdb5f8602012497b
:1099400005f028f818e00ef031fd22460f4905f029
:1099500021f8002410e00b48447600231a463146d3
:10996000eef7d2ff044638b90323042229460548fe
:1099700006f0b0f800e00024204670bd0124fbe7ab
:109980000024f9e7d4fb0020304503001c760100d9
:020000040000fa
:020000040002f8
:10999000f8b505460c4617461e460af0e1fe0028bb
:1099a00042d0234b93f90030022b05d04ff0ff3407
:1099b0000cf05aff2046f8bd002c2fd0ac4230d31b
:1099c0001c4b1b7853b11c4a0123117841b1013360
:1099d0002032052bf9d14ff0ff34e9e70023154a77
:1099e0000121117000215170117551759df81810e9
:1099f00091705460d7601661641b94600f490988a8
:109a00009bb243ea0144d4614b1c9bb24ff6ff72f8
:109a1000934208bf0123094a1380c9e74ff0ff347e
:109a2000c6e74ff0ff34c3e74ff0ff34c2e700bf93
:109a300030f90020d4f10020f4f100209a05012033
:020000040000fa
:020000040002f8
:109a40006f6b000020202873696c656e742900001c
:109a5000000000005b45505d20656e64706f696eac
:109a60007420736572766963652025303458206ce4
:109a7000697374656e696e67206f6e207564702ff0
:109a800025750d0a000000005b45505d2064726f73
:109a9000707065643a2073766320253034582070e6
:109aa000726f746f20257520696661636520257566
:109ab0000d0a00005b45505d202530345820736945
:109ac00064202575202d3e20253032582025732511
:109ad000730d0a005b45505d202530345820756eab
:109ae0006b6e6f776e206d6574686f640d0a000091
:020000040000fa
:020000040002f8
:109af00070b582b006460022019201a90ef03cfa30
:109b0000019cb44241d00546002841d0237863b17e
:109b1000214920460ef055f838b1204920460ef074
:109b200050f8e0b10020014617e000266801ea0e77
:109b3000401b62eb0602530243ead05341021a462d
:109b40004b1942eb06018a0142ea93629801c01a5e
:109b500062eb0101401946eb010102b070bd2b46da
:109b600000246801e90e401b61eb04018a0042ea0f
:109b7000907285001146e81844eb0101cb0043eade
:109b80005073c20010461946e7e700200146e4e79b
:109b900000200146e1e700bf388803003c8803004d
:020000040000fa
:020000040002f8
:109ba0000f2812d84b1edbb2042b0ed82de9f04142
:109bb00001268640234b1b681e420cd0224a1368a4
:109bc000013313600020bde8f0811f4a13680133a0
:109bd00013600020704717460d460446dff86c807e
:109be000002388f800300ef0edfac8f80c60e308a6
:109bf0009b0003f1804303f52053d96904f007006b
:109c000080000f22824021ea020205fa00f111438e
:109c1000d9618fb1d8f818303343c8f818300b4cdd
:109c2000022323700ef0cefa66612661054a13689e
:109c30001e4316600120c6e7044a936923ea06031f
:109c40009361ece77c0301208003012000280040a1
:020000040000fa
:020000040002f8
:109c5000f8b5224b1b78002b3fd0214b1b78002bf3
:109c60003bd0204b1b78002b37d01f4b1c68002c9f
:109c700033d006460f46032c10d9224600230bf0a2
:109c8000e1fdb2eb940f04d304eb4403b2eb930f6a
:109c900005d9164a1368013313601ee0002292b200
:109ca000134b9a821a46136913f0100ffbd100254b
:109cb00022462b46304639460bf0c4fd00f0010128
:109cc0000c4b18680bf040f90b4bc3e900670b4acb
:109cd000136801331360014b1d70f8bd8904012026
:109ce0008b0401208a040120e8030120dc03012009
:109cf00000140043e403012008000120e0030120d8
:020000040000fa
:020000040002f8
:109d0000f0b58bb004464668012906dd0d461746be
:109d10001e4950680df055ff30b123681b681c497f
:109d2000304698470bb0f0bd022d11dd1949b868d7
:109d30000df047ffb0fa80f1490902a80ef0b7fd17
:109d400023685b6830b9144a144930469847e9e7fc
:109d50000021f2e7124a1149304698472368059ad4
:109d60000192049a00925d68039b029a0d49304665
:109d7000a8472368099a0192089a00925c68079b99
:109d8000069a09493046a047cce700bf448002004c
:109d90004c80020048800200fc80020078800200b3
:0c9da000708002008c800200c080020075
:020000040000fa
:020000040002f8
:109dac0010b5441ea4b2092c37d824b204ebc4025b
:109dbc00244b13f8223083b31346224a02eb83035d
:109dcc009b8813f0200f0dd004ebc40302eb83032c
:109ddc00db681a6932b104ebc4001a4b03eb800048
:109dec001c30904704ebc403164a02eb83039b68b8
:109dfc00996a99b104ebc403124a02eb8303b3f9d9
:109e0c0006008847104b5b78012b0ed004ebc40482
:109e1c000c4800eb8404fc23e37010bd04ebc40479
:109e2c0002eb8404ff23e370f7e704ebc404242261
:109e3c000021044800eb84000ef070f8024b012264
:0c9e4c005a70eae768e700209cdb002069
:020000040000fa
:020000040002f8
:109e580008b5431e9bb2092b47d81bb203ebc301bd
:109e6800254a12f82120002a41d00a46224901eb4e
:109e78008202908810f020001ed003ebc30201eb91
:109e880082029278042a34d103ebc30201eb8202e6
:109e9800d268126a42b103ebc303174800eb830090
:109ea8001c30904780b217e003ebc30301eb830338
:109eb800ff22da7000200fe003ebc3020e4901eb2a
:109ec80082029268d16c41b103ebc3030a4a02ebe8
:109ed8008303b3f90600884708bd03ebc303064aaa
:109ee80002eb8303ff22da70f6e70020f4e7002094
:0c9ef800f2e70020f0e700bf68e7002060
:020000040000fa
:020000040002f8
:109f040010b4294b012283f84c2083f84d2083f8a8
:109f14004e2083f84f2083f8512083f8522083f891
:109f24005320bb2183f8361083f83710b02083f810
:109f3400380083f83910412483f8d84083f8d94095
:109f4400222083f8bc004ff49020c3f800014ff4a2
:109f54009820c3f81001062083f84e01402083f8ae
:109f64004f01002083f8520183f8542183f85621cd
:109f740083f8572183f8594183f85b2183f85c21e6
:109f840083f8370183f839010b2283f83a2183f8e7
:109f94003b11202283f83c2183f83d21022283f8df
:0c9fa4003e215df8044b70470080004136
:020000040000fa
:020000040002f8
:109fb00008b51c49002004f0edfc1b49002004f00a
:109fc000e9fc1a49002004f0e5fc1949002004f0de
:109fd000e1fc1849002004f0ddfc1749002004f0e2
:109fe000d9fc1649002004f0d5fc1549002004f0e6
:109ff000d1fc1449002004f0cdfc1349002004f0ea
:10a00000c9fc1249002004f0c5fc1149002004f0ed
:10a01000c1fc1049002004f0bdfc0f49002004f0f1
:10a02000b9fc08bdd4f80000f4f800003cf90000c9
:10a030008cf90000e0f900003cfa00008cfa000006
:10a04000fcfa00005cfb0000bcfb000010fc000000
:0ca0500058fc0000a0fc0000ecfc00002c
:020000040000fa
:020000040002f8
:10a05c0070b504291fd114461f4b1b7863bb00221b
:10a06c00114660680df082ff064600221146a0687a
:10a07c000df07cff054600221146e0680df076ffde
:10a08c000446fdb130ea050221d12246294630466c
:10a09c0005f046fe70bd1149002004f075fc104916
:10a0ac00002004f071fc0f49002004f06dfc0e49f7
:10a0bc00002004f069fcede70c4a0d49002004f087
:10a0cc0063fce7e70b49002004f05efce2e70a4979
:10a0dc00002004f059fcd8e749040120b4e0010049
:10a0ec00e8e0010010e1010050e1010030e5020060
:0ca0fc0064e5020094e10100d8e10100dd
:020000040000fa
:020000040002f8
:10a10800f0b583b002460b46002871f100040cdb61
:10a1180014461d46214e0027964277eb030308dbc1
:10a1280050ea010307d1012327e0424261eb4103d2
:10a13800eee71a4c00251a4b019324f040430128fe
:10a1480071f100021cdb43f00043009301226946d1
:10a1580001a805f057fa034678b1124a136801338b
:10a168001360644265eb45050f4a136851681b1973
:10a1780045eb0101136051600123184603b0f0bd9f
:10a1880000930122694601a805f03cfa034600281d
:10a19800f3d0044a136801331360e5e70024f400a0
:0ca1a80076000100a4010120c8fd002089
:020000040000fa
:020000040002f8
:10a1b400882910b536d012dc812943d003dc8029ec
:10a1c40040d0002010bd82290ed08429f9d119680d
:10a1d40002b30a1d1a60b1f90020d3171ee0a029aa
:10a1e4002bd00bdc9029ecd11968073121f0070141
:10a1f40001f108021a60d1e900230fe0c02901d05f
:10a20400f029ded11a68111d196013680360002358
:10a21400436005e00a1d1a600a880023c0e9002390
:10a224000120cfe7196822b10a1d1a6091f90020b4
:10a23400d3e70a1d1a600a78efe71a68111d19603e
:10a244001268cae719681ab10a1d1a600a68c4e7d5
:0ca254000c1d1c600b68c0e90032e1e743
:020000040000fa
:020000040002f8
:10a2600070b590f87630023b082b06d8dfe803f093
:10a2700007074b4b4b4b074b4600012044e004467d
:10a2800090f8743013f0400f14d1f1b9826803696b
:10a290009a4218d1002094f83f306ff3c30384f83a
:10a2a0003f3094f87630082b0cbf0923042384f840
:10a2b000763029e003680361c360836009b111252a
:10a2c00004e00020e7e7102500e0112501263246d2
:10a2d00029462046e2f70efa002808dbb4f864307d
:10a2e000002bd8d0a26823699a42f0d1d3e794f822
:10a2f0003f3043f0080384f83f3005e00021f6f7d3
:0aa30000f3f8002000e0002070bd1b
:020000040000fa
:020000040002f8
:02a30a00fee76c
:020000040000fa
:020000040002f8
:10a30c0038b505460c468b7b022b3cd0032b1cd05e
:10a31c00012b08d040f26642224900200cf0b4f91f
:10a32c000723a37338bdc0680df0d4ff0028f9d102
:10a33c00a288c2f38311c2f3440241f01001e86811
:10a34c000bf00afe0323a373ece7c0680df0c2ff09
:10a35c000028e7d1e8680ef083faa060a188c1f369
:10a36c004402c1f3831142f0010241f01001e8688c
:10a37c000bf0f2fd637b03f00103002b0cbf0223f7
:10a38c000623a373cee7c0680df0a4ff0028c9d143
:10a39c00e8680ef065faa36843ea0040a060062363
:08a3ac00a373bfe7587703001b
:020000040000fa
:020000040002f8
:10a3b400f8b5224b1868b0f1ff3f32d1204b1c682e
:10a3c400204b1b886bb100251e4e03273b460222ff
:10a3d4002146304605f07cfb013574343388ab42aa
:10a3e400f4dc0df0a5ff174b986848b1c368144a14
:10a3f40011689847134b98680ef0acf9002817dbe6
:10a40400104a0023936013730d490b60138053604b
:10a414000d4a13700d4a13600d4a13605360936024
:10a42400f8bd09f09ffd054b4ff0ff321a60c5e7f8
:10a434000849002004f0acfae2e700bfac050120b3
:10a444003c000120d4fb0020b7fb00202c0001209d
:08a45400e0fc00206c4b03004a
:020000040000fa
:020000040002f8
:10a45c0038b50d460bf0eefe00284bd0044690f8b4
:10a46c00413013f0300f3dd094f842306ff341037c
:10a47c0084f8423094f84130c3f3011284f83c2044
:10a48c0013f0400f04bf0022626213f0800f09d159
:10a49c000022a26194f8403003f07f0362f386132c
:10a4ac0084f8403094f8483013f0040f06d094f838
:10a4bc00403013f0040f1cbf00232385adb12046a0
:10a4cc000cf09dfa04f14c000cf03afe01462046cb
:10a4dc0009f062f894f8423043f0020384f84230f9
:10a4ec00012038bd0af068ffbee7e16a204601f0a2
:08a4fc006dfcefe70020f4e71e
:020000040000fa
:020000040002f8
:10a50400f8b5022838d014460d460ab113685bb971
:10a5140000232a4619460120e9f704fd0646b0f156
:10a52400ff3f2fd13046f8bd002110460cf0e6f86d
:10a53400074620b300232a4619460120e9f7f2fc16
:10a544000646b0f1ff3fedd0164b1b6853f826507a
:10a55400af64224695f8771028460af033fa95f846
:10a56400753043f0200385f8753095f8753043f065
:10a57400400385f87530d5e74ff0ff36d2e74ff04a
:10a58400ff36cfe7074b1b6853f826500023ab6414
:10a59400224695f8771028460af014fa002cc1d008
:08a5a400e3e700bfe000012025
:020000040000fa
:020000040002f8
:10a5ac0070b582b0254d264c264e14e0f25c8df829
:10a5bc000620013322699a4298bf0023e3606b683e
:10a5cc0003f00703012b14bf9df80630bdf80630cd
:10a5dc00ab62237dbbb92b7e13f0010f2cd0a2688c
:10a5ec00e3689a4225d06a6802f00702012addd19d
:10a5fc005a0016f813108df806100132b25c8df863
:10a60c0007200133d6e70df007fc2368002be2d0be
:10a61c006168237f33b1a3699842dcd3236803209c
:10a62c009847d8e7a3699842d5d123680320984767
:10a63c00d1e7024b01221a7502b070bd0034004004
:08a64c00ecf80020c8a6002074
:020000040000fa
:020000040002f8
:10a654001a4b1b78002b2ed110b5194b187878b1f2
:10a664000122184b1a70002317490b701749184c14
:10a674000c6018490b7018490b70104b1a7010bd00
:10a6840001241c70154b1c70104b154a1a600323cf
:10a69400144a1360144a1360144a1070144a107058
:10a6a4000c4a10700c4a1070044a1370114904f0db
:10a6b4006ff92046e3e70020704700bf49040120fa
:10a6c4003c0401203d0401203e0401205c010120e2
:10a6d40003ca0400390401203a0401203f04012084
:10a6e4002000040060010120740101204a040120bb
:08a6f4004b04012000330300b8
:020000040000fa
:020000040002f8
:10a6fc006f6666006f6e00006c6f67005b4e6f4993
:10a70c00505d2075736167653a206e6f69705f7379
:10a71c00746174206c6f67206f6e7c6f66660d0ab7
:10a72c00000000005b4e6f49505d207278206c6f0a
:10a73c00673a2025730d0a005b4e6f49505d2075fa
:10a74c00736167653a206e6f69705f737461742012
:10a75c007c206e6f69705f73746174206c6f6720fe
:10a76c006f6e7c6f66660d0a000000005b4e6f49d1
:10a77c00505d2054583d2575202052583d2575209c
:10a78c0020747269672073656e64206661696c73ee
:08a79c003d25750d0a0000bf08
:020000040000fa
:020000040002f8
:10a7a4002de9f04f87b0ff2300930f2303221d49a7
:10a7b400002004f0edf81c49002004f0e9f81b4cdb
:10a7c40004f1240bdff87890dff87880059427787b
:10a7d400a3680493e578002d14bf4d4645462679b9
:10a7e400002e14bf4e464646114bd85d08f0faf9c8
:10a7f400824605980af0c1fc0e4b0f4a002808bf98
:10a8040013460393cdf808a001960095049b3a469d
:10a814000a49002004f0bcf80c345c45d6d107b0da
:10a82400bde8f08f8c970200c4970200d46803003f
:10a83400c0fc00208497020088970200049802005c
:08a844007c97020080970200de
:020000040000fa
:020000040002f8
:10a84c0038b50af009ff04460d46214b4ff0ff3294
:10a85c001a60204b1b787bb91f4b1b7823b11f4b05
:10a86c001b684ff480621a601d4b00221a70204640
:10a87c002946e2f7dbfc38bd164b00221a70194b47
:10a88c00d3e90001f0f7e6ff0028f4d1154bd3e92a
:10a89c0000239d4208bf94420fd30f4b1b7823b16a
:10a8ac000e4b1b684ff480621a600d4b00221a701d
:10a8bc0020462946e2f7bafcdde70a4bd3e9000152
:10a8cc00fbf70cfd0028e8d0054b01221a70d2e7eb
:10a8dc00040601207304012071040120a802012048
:08a8ec006204012078ff002046
:020000040000fa
:020000040002f8
:10a8f4002de9f041d2e900230c4686b007465fea11
:10a90400d37820684968a5680590e66841d052422a
:10a9140063eb4303002908db20f002000590b8f143
:10a92400000f02d1059948072ad5691e05a802908f
:10a934000a20cde90010204603f004ffb8f1000f0f
:10a9440002d1059b59071fd5b8f1000f00f1ff3064
:10a9540014bf2d232b2333542269059b0093013a02
:10a964002b46121a3118384602f030fe7b68db059c
:10a9740003d563689842b8bf184606b0bde8f081b5
:10a984000807d2d42946d1e71a07e5d50138202390
:08a99400e1e70029c0dac5e784
:020000040000fa
:020000040002f8
:10a99c0038b50c4610460df057fba8b10546082cef
:10a9ac002fd8dfe804f0050912161a1e22262a00f9
:10a9bc00164802f053f907e0154802f04ff900234e
:10a9cc0085f8d43085f8903038bd124802f046f93d
:10a9dc00fae7114802f042f9f6e7104802f03ef9a6
:10a9ec00ede70f4802f03af9e9e70e4802f036f9c4
:10a9fc00e5e70d4802f032f9e1e70c4802f02ef9d8
:10aa0c00dde721460a4802f029f9dde7a84b0200f0
:10aa1c00c04b0200d84b0200f04b02000c4c020061
:10aa2c00244c0200404c0200584c02006c4c0200ba
:04aa3c00804c020048
:020000040000fa
:020000040002f8
:10aa400055736167653a207365746d6163203c6975
:10aa50006e746572666163653e203c783a783a7838
:10aa60003a783a783a783e200d0a000045783a2044
:10aa70007365746d6163205049433332494e5420ed
:10aa800061613a62623a63633a64643a65653a6660
:10aa900066200d0a00000000617267765b325d3a45
:10aaa0002025730d0a000000496e76616c696420f0
:10aab0004d414320616464726573732073747269dd
:10aac0006e67200d0a000000536574204d4143203d
:10aad00061646472657373206661696c65640d0af4
:04aae000000000bfb3
:020000040000fa
:020000040002f8
:10aae40074656c6e6574204e554c4c2064796e61af
:10aaf4006d696320616c6c6f636174696f6e20684b
:10ab0400616e646c652f696e6974206461746100a0
:10ab14002074656c6e65742044796e616d69632080
:10ab2400616c6c6f636174696f6e206661696c65da
:10ab3400640000002074656c6e65743a205365747b
:10ab440074696e6720545820427566666572206683
:10ab540061696c65643a2025640d0a002074656c93
:10ab64006e65743a2053657474696e672052582078
:10ab7400427566666572206661696c65643a202573
:04ab8400640d0a0052
:020000040000fa
:020000040002f8
:10ab88002de9f04182b0224d224bed1a15d02f4607
:10ab98004ff00008012605e008f07afc661ca04684
:10aba800be420bd8bc1b06eb5404204605f084fcbf
:10abb8000028f1d114b1671ef2e7a84643462a4699
:10abc8001549002003f0e2fe002101200df0b8f83d
:10abd8000446c0b10df02efb054620460df038fbab
:10abe800064620460df02dfb074620460df037fba4
:10abf8000190009733462a460849002003f0c6fe14
:10ac080002b0bde8f0810649002003f0bffef7e777
:10ac18003086022030060120d49102002c920200d6
:04ac28006c92020028
:020000040000fa
:020000040002f8
:10ac2c0010b582b0022923dd14461b4950680cf084
:10ac3c00c2ff60bba468194920460cf0bcff68b188
:10ac4c00174920460cf0b7ff68b9164b00221a7052
:10ac5c00134a1549002003f097fe16e0114b012210
:10ac6c001a700e4af5e71149002003f08dfe0ce036
:10ac7c0002290cd00e4b1b6800930e4b1b680e4a1e
:10ac8c0012680e49002003f07ffe02b010bd0c4983
:10ac9c00002003f079fef8e704a7020000a70200e9
:10acac00fca602002406012030a7020008a702001f
:10acbc0084010120800101208801012078a7020075
:04accc0044a7020097
:020000040000fa
:020000040002f8
:10acd00070b5a6b02d9d002b3fd01e46002d3fd055
:10ace00010b12b9b002b3ed02e9b802b3ed10b46d0
:10acf0000446309902912f99019100922a9a314687
:10ad000005a803f068ffc8b92cb12c9a2b9905a8a7
:10ad1000fef7dafcf0b98022294605a8e9f7d6fe4d
:10ad200010b14ff0ff340be08022294605a8e9f767
:10ad3000cdfe003018bf0120444201e04ff0ff3447
:10ad400005a809f045fd002818bf4ff0ff34204644
:10ad500026b070bd4ff0ff34f2e76ff0ac04f6e7b9
:10ad60006ff0ac04f3e76ff0ac04f0e74ff0ff34a2
:02ad7000ede70d
:020000040000fa
:020000040002f8
:02ad7200fee7fa
:020000040000fa
:020000040002f8
:10ad74002de9f84304460f46036b13b103216030f9
:10ad8400984707eb07194fea8909c846012500bf10
:10ad9400d4f88c00404418300cf0e8f80646b8b1fa
:10ada4003a4631692046f6f72df905460328efd1d6
:10adb400d4f888300133c4f88830d4f88c0048447f
:10adc400314618300cf071fc236b1bb901200ce0e8
:10add400236b1bb1042104f160009847ebb2012bf3
:10ade40014d9032d08bf012001d1bde8f883d4f89c
:10adf40084300133c4f88430e36a41f250026ff0c6
:10ae04000201304698476ff00a00eee70020ece7b5
:020000040000fa
:020000040002f8
:10ae1400254b834244d1002844d02de9f0411b68de
:10ae24001a8841f25003214f9a4218bf00271e4b43
:10ae3400b3f84c3013b90020bde8f0810c46084645
:10ae44000af02efd8046184d3a463f2128460af066
:10ae54000bfeb5f84e1021ea0401a5f84e10b5f822
:10ae6400523023ea0803a5f8523095f89c3083b198
:10ae74000024e6b2314628460df054fc42463146e1
:10ae840028460df053fc013495f89c20e3b29a4215
:10ae9400efd83a463f2104480cf076f80120cbe77e
:10aea40000207047002070478c04012030040120ea
:020000040000fa
:020000040002f8
:10aeb400012946d190f83e1090f83d30994243d292
:10aec40070b590f8411001f00803002b0cbf00236b
:10aed4004ff4000311f0020f1abf43f0040360267d
:10aee40048261546044643f00203028a08213046e8
:10aef4000af080fe0346a8b1144a8260c46094f844
:10af0400412012f0020f0fd0026900f148011160d4
:10af14000122a0f8582000224db994f83e200132b5
:10af240084f83e20184670bdc2690832f4e72260f6
:10af3400218a11446160a260012284f83c20e3600c
:10af4400ebe70023184670470023fbe7ad940200ab
:020000040000fa
:020000040002f8
:10af540070b5264b5c6864b31b68002b22dd243477
:10af64000025224e19e00af083f920460af0ecf895
:10af7400a4f110000af0e8f8a4f120000af0e4f8c3
:10af8400b068c36854f8241c9847002344f8243c50
:10af940001353c343368ab4204dd54f8240c0028fa
:10afa400e1d1f5e7114ca068c368616898470023b4
:10afb40063600e4ca16804f120000df061f80023d9
:10afc400a360e06918b10df030f90022e261074b8b
:10afd400586c30b1036a13f0080f03d0034b0022fe
:10afe4005a6470bd08f0ecfef8e700bf60f800207a
:020000040000fa
:020000040002f8
:10aff400657468300000000025733a206e6f742079
:10b00400666f756e640a0d0025732054583a206fdc
:10b014006b3d2564206572723d2564207146756c14
:10b024006c3d25642070656e643d25640a0d000046
:10b0340025732052583a206f6b3d25642065727247
:10b044003d2564206e6f627566733d2564207065ce
:10b054006e643d25640a0d0025733a20737461748f
:10b0640073206e6f7420617661696c61626c650a2d
:10b074000d0000006d61696e206c6f6f703a2025c1
:10b084006c75206379636c65732f730a0d0000bfc0
:020000040000fa
:020000040002f8
:10b0940010b598b901210a200cf08af9204b00223e
:10b0a4001a70204bd3f8ac3123f4004323f080030f
:10b0b4001c4ac2f8ac310124204610bd01210a20eb
:10b0c40009f026ff044668b1154b01221a70154b8e
:10b0d400d3f8ac31144a1278e2b923f4004343f0b4
:10b0e4008003e5e70a200df04bf807f07bfd0346eb
:10b0f4000a220e49002003f04bfc094b00221a706f
:10b10400084ad2f8ac3123f4004323f08003c2f898
:10b11400ac31d1e743f4004343f08003c8e700bff8
:10b12400710401200080004172040120e4570300ef
:020000040000fa
:020000040002f8
:10b134007bb972b90029bebf00204ff0004106e080
:10b1440008bf00281cbf6ff000414ff0ff300df026
:10b15400c9bbadf1080c6de904ce002909db002b55
:10b164001adbeaf75ffeddf804e0dde9022304b050
:10b174007047404261eb4101002b1bdbeaf752feb2
:10b18400ddf804e0dde9022304b0404261eb410153
:10b19400524263eb43037047524263eb4303eaf7c3
:10b1a40041feddf804e0dde9022304b0404261eb36
:10b1b40041017047524263eb4303eaf733feddf883
:10b1c40004e0dde9022304b0524263eb4303704719
:020000040000fa
:020000040002f8
:10b1d4002de9f041079e089f00243c703480069db1
:10b1e4002c601588ac1ca4b28c4235d810f80580ac
:10b1f40000eb050c9cf801c04fea082e0ef4706eab
:10b204004cea0e0c9c452ad1c8f30218b8f1040f7d
:10b214001ed0b8f1060f24d12b1d9bb28b4222d82d
:10b2240002354319445d5b7843ea04233380148870
:10b23400251d2b449bb28b4217d82844069b1860cb
:10b244001388043331880b4413800120387004e0e0
:10b2540014800120387000e00120bde8f081012055
:0eb26400fbe70020f9e70020f7e70020f5e700
:020000040000fa
:020000040002f8
:02b27200fee7f5
:020000040000fa
:020000040002f8
:10b27400f8b50c461746012106f078fe002840d0a8
:10b2840006464568214606f069fc0446002835d088
:10b2940037b1837b043bdbb2022b9cbf83683b60ea
:10b2a400a27b531edbb2032b1ed9062a13d8052a10
:10b2b4000dd00027a37b052b18d835b10df086fae5
:10b2c4002b7801332b700df085fa3846f8bd042332
:10b2d400a3730027f1e740f2f3420b4900200bf07f
:10b2e400d7f96ff01307e5e70127e3e77268032353
:10b2f40098322146284602f019ffdee76ff0010775
:0cb30400dbe74ff0ff37e0e7e47c0300dc
:020000040000fa
:020000040002f8
:10b310002de9f041adf5007d0026234b1e8230461d
:10b320000bf0dcf94ff400551024dff87c8022e0ac
:10b3300020090bf0d3f914f0080f16d14ff4007266
:10b34000ff2168460cf0f0fdadf8006044f645536f
:10b35000adf80230d8f80410294468460af078fca9
:10b3600020460bf0b5fb0136b6b20134a4b205f5a8
:10b370000075202c14d014f00f07d9d014f0080f4a
:10b38000f3d14ff40072ff2168460cf0cdfdadf80b
:10b390000060012fded143f27613adf80230d9e719
:0cb3a0000df5007dbde8f081d0dd00203f
:020000040000fa
:020000040002f8
:10b3ac00f8b5022837d01d4614460e460ab113686c
:10b3bc005bb90023324629460120f3f72dfd0546e3
:10b3cc00b0f1ff3f2dd12846f8bd002110460bf0ff
:10b3dc0091f9074610b30023324629460120f3f7b2
:10b3ec001bfd0546b0f1ff3fedd0134b1b6853f826
:10b3fc00256022463946304606f002fe96f841306a
:10b40c0043f0c00386f8413096f8423043f0020313
:10b41c0086f84230d7e74ff0ff35d4e74ff0ff35d1
:10b42c00d1e7054b1b6853f82560002211463046c6
:0cb43c0006f0e6fde8e700bfcc000120b0
:020000040000fa
:020000040002f8
:10b44800202020202d205b25326c752d2025326c84
:10b4580075207365635d2025336c752f2025336c4b
:10b4680075202825326c7525252920202020253493
:10b478006c75204b6270730d0a000000202020209c
:10b488002d205b302e302d20256c752e256c7520d7
:10b498007365635d2025336c752f2025336c75200b
:10b4a8002825326c752525292020202025346c7507
:10b4b800204b6270730d0a0069706572663a2069e4
:10b4c8006e7374616e636520256420636f6d706ca4
:0cb4d80065746564202e2e2e000000bf5d
:020000040000fa
:020000040002f8
:10b4e40038b5431e9bb2092b42d81bb203ebc304ed
:10b4f400214810f8240000283cd020461e4c04ebc0
:10b504008000808810f0200018d003ebc30004eb07
:10b514008000c068446a44b103ebc303164800ebdf
:10b5240083001c30a04780b21ae003ebc303124a25
:10b5340002eb8303ff22da70002011e003ebc30463
:10b544000d4d05eb8404a468646b54b103ebc30391
:10b55400094800eb83000023b0f90600a04780b23d
:10b5640038bd03ebc30305eb8303ff22da70f7e76f
:0cb574000020f5e70020f3e768e7002066
:020000040000fa
:020000040002f8
:10b5800070b5441ea4b2092c40d824b204ebc40503
:10b59000204810f8250000283ad0eab104ebc40096
:10b5a0001c4d05eb80008068c66be6b104ebc4005f
:10b5b000184d05eb80000069e8b9164804ebc40596
:10b5c00000eb85056a61ab612b46134ab5f90600ad
:10b5d000b0472861b8b170bd0e4b03eb8504f8236a
:10b5e000e3700020f7e704ebc40405eb8404ff23b9
:10b5f000e3700020efe704ebc40405eb8404f923b7
:10b60000e3700020e7e7f723eb70e4e70020e2e7d0
:0cb610000020e0e768e70020fd67030071
:020000040000fa
:020000040002f8
:10b61c00244b002908bf1946234a136823f0020360
:10b62c001360d369002bfcd100282ed00368b3eb38
:10b63c00510f2cd830b45b00b1fbf3f3013b1a4a29
:10b64c00116821f0405111601468816845682943e4
:10b65c0021431160ff2b28bfff23dbb21373536808
:10b66c0023f0070353605368c1680b435360d369dd
:10b67c00002bfcd101200c4a136843f00203136029
:10b68c00d369002bfcd130bc7047002000e00020b7
:10b69c00054a136843f002031360d369002bfcd1f5
:0cb6ac00704700bf00879303003000408f
:020000040000fa
:020000040002f8
:10b6b80070b51e4b1b78e3b90c46154601291eddf3
:10b6c8000022114668680cf053fc064604281ad874
:10b6d800022c26dd00221146a8680cf049fc014620
:10b6e800431eb3f5167f1dd31149002003f04ef910
:10b6f8001be0104a1049002003f048f915e00f48f4
:10b7080009f09af811e004220d49002003f03ef9ef
:10b718000c49002003f03af90b49002003f036f9f0
:10b7280003e000213046f9f783fd70bd490401208c
:10b738004888020030e5020064e50200fb080300c7
:0cb74800b0870200d487020020880200b5
:020000040000fa
:020000040002f8
:10b7540038b50c468b7b022b3bd00546032b1dd002
:10b76400012b08d040f293421e4900200af090ffba
:10b774000723a37338bdc0680cf0b0fd0028f9d1cd
:10b78400a288c2f383112389c2f3440241f0100159
:10b79400e8680af0d7f90323a373ebe7c0680cf059
:10b7a4009dfd0028e6d1a188c1f34402c1f38311b1
:10b7b400638942f0010241f01001e8680af0c2f91d
:10b7c400637b03f00103002b0cbf02230623a37346
:10b7d400d0e7c0680cf082fd0028cbd10623a37308
:08b7e400c8e700bf7077030005
:020000040000fa
:020000040002f8
:10b7ec001a4b1b680bb11a48704700292bd010b5a7
:10b7fc000c460020174b1860174b1860174b18603d
:10b80c00174b1860174b1860174b1860104b1860cb
:10b81c0058609860d860186158619861134909f0b4
:10b82c00ebfe134b01221a706369124a13600bb1c1
:10b83c00074810bd2046e4f7b3fc0028044808bfb5
:10b84c004ff0ff30f5e74ff0ff3070473c00012020
:10b85c00d4fb0020440001205cfc00204cfd0020a7
:10b86c00280001203000012034000120c8610300b1
:08b87c00b7fb00204000012091
:020000040000fa
:020000040002f8
:10b884002de9f04f83b08a4611b100230b608b8001
:10b89400002839d00378cbb3c41c0025e94603e063
:10b8a40001350334062d1ed014f8036c30460bf01a
:10b8b400c5fd68b314f8027c38460bf0bffd48b3ed
:10b8c40067f3070866f30f281ffa88f008f0e2f917
:10b8d40009f8010b14f8013c2bb13a2be0d02d2bc5
:10b8e400ded000200de0baf1000f06d00098caf8af
:10b8f4000000bdf80430aaf80430052d14bf002060
:10b90400012003b0bde8f08f0120fae70120f8e739
:08b914000020f6e70020f4e733
:020000040000fa
:020000040002f8
:10b91c007375636365737366756c00006661696c3f
:10b92c00656421004e6f6e65000000007365740045
:10b93c006765740044656661756c7420696e746526
:10b94c007266616365207365742025730d0a0000af
:10b95c0044656661756c7420696e746572666163aa
:10b96c00652069733a2025730d0a000055736167d1
:10b97c00653a206465666e6574207365742f67651f
:10b98c0074203c696e746572666163653e0d0a00d5
:10b99c0045783a206465666e65742073657420651d
:08b9ac007468300d0a0000bfb1
:020000040000fa
:020000040002f8
:10b9b400037e032b31d070b51b4b1b682bb11a4a85
:10b9c400136801331360012070bd2122174906203a
:10b9d40006f034ff164b186008b316480cf084feca
:10b9e40015480cf081fe154c124e04f190052146c9
:10b9f40030460bf0a8fd2434ac42f8d10af0e6fc42
:10ba04004ff4fa7303fb00f303f2e7330c48a0fb93
:10ba140003239b090b4a1360d1e7012070470bf005
:10ba240029ff0020d0e700bf08010120a1b20100d6
:10ba34000c01012004fd0020f8fc0020a4f30020e8
:08ba4400d34d62100401012042
:020000040000fa
:020000040002f8
:10ba4c0038b5431e9bb2092b40d81bb203ebc30481
:10ba5c00204810f8240000283ad020461d4c04eb56
:10ba6c008000808810f0200018d003ebc30004eb9a
:10ba7c008000c068446944b103ebc303154800eb74
:10ba8c0083001c30a04780b218e003ebc303114abb
:10ba9c0002eb8303ff22da7000200fe003ebc304f8
:10baac000c4d05eb8404a468a46c44b103ebc303f4
:10babc00084800eb8303b3f90600a04738bd03eb3d
:10bacc00c30305eb8303ff22da70f7e70020f5e7e9
:08badc000020f3e768e70020f9
:020000040000fa
:020000040002f8
:10bae400f0b585b009f0bcfd04460d460cf068fcc9
:10baf40040b1024600232046294609f0a1fe04462f
:10bb04000d4601e000242546194a00232046294613
:10bb140009f096fe104619464ff46162002309f0bd
:10bb24008ffe0746124a00232046294609f088fe64
:10bb3400064602943c2200232046294609f080fe52
:10bb440001924ff4616200232046294609f078fef1
:10bb5400104619463c22002309f072fe00903b4631
:10bb640032460449002002f013ff05b0f0bd00bfc7
:08bb7400805101009440030020
:020000040000fa
:020000040002f8
:10bb7c0030b583b004462422002108300cf0cef9f5
:10bb8c001b4b2360012363600025019501a9194813
:10bb9c00f6f7e2fd019ba360019501a91648f6f7a3
:10bbac00dbfd019be360019501a91448f6f7d4fd78
:10bbbc00019b2361019501a91148f6f7cdfd019b6d
:10bbcc006361104b1b682576042262762522a276cf
:10bbdc001a0ce2761a0a227763770723236208236a
:10bbec0063622821204607f0b9fea06203b030bd85
:10bbfc00464e414c444e0300544e0300644e030029
:08bc0c00704e0300fc61800092
:020000040000fa
:020000040002f8
:10bc140010b586b01949002002f0bafe0022184976
:10bc2400104602f0b5fe174ca16817480af01efc36
:10bc3400e16816480af01afc216915480af016fc56
:10bc4400616914480af012fc1349002002f0a0feb6
:10bc540001a9002008f058fa01aa1049002002f0b6
:10bc640097fe636a226a0e49002002f091fe0d4994
:10bc7400002002f08dfe06b010bd00bf98640200e3
:10bc8400ac64020048fa0020b8640200bc640200fc
:10bc9400c4640200cc640200d4640200d8640200cc
:08bca400fc64020024650200ab
:020000040000fa
:020000040002f8
:10bcac0010b582b000200af02dff0cf05ffd1f4b89
:10bcbc004ff0ff321a609a8040b31c4a0168c2f8f8
:10bccc00061083885381194c88232373b52363731f
:10bcdc002a22aa2104f112000cf020f9144a13684c
:10bcec00013313601a0ea2731a0ce2731a0a22742f
:10bcfc00637400200190009003463c22214608f01a
:10bd0c00adfe034640b1184602b010bd074a0023f1
:10bd1c00c2f806305381d6e705490a68013a0a6031
:10bd2c0004490a6801320a60ede700bf2cd30020f9
:08bd3c008801012084010120af
:020000040000fa
:020000040002f8
:10bd44004d69696d2025733a203078253034782c7c
:10bd5400206e657449783a2025642c206164643a25
:10bd64002025642c2076616c3a2030782530387890
:10bd74000d0a00004d69696d2025733a2025642c55
:10bd8400206e657449783a2025642c206164643af5
:10bd94002025642c2076616c3a2030782534780d87
:10bda4000a00000050696e673a20444e53206661d1
:10bdb400696c75726520666f722025730d0a000028
:10bdc4004d69696d202573206572726f723a202562
:04bdd400640d0a00f0
:020000040000fa
:020000040002f8
:10bdd800002946d070b582b00d4690f83c20012a63
:10bde80001d002b070bd8a69d268c26190f8411072
:10bdf80011f0010f01d0416c01b942610446ab69f1
:10be08001e690196066290f8403013f0200f0cd09e
:10be1800ab6a6362238d23b194f8483013f0010fa5
:10be2800dfd1eb691b882385dbe701a9a86a09f044
:10be3800c9fe0028ecd106f0f006e02ee8d0019b00
:10be4800a2699a4206d094f840206ff3c71284f88a
:10be58004020a36194f8403043f0400384f8403018
:04be6800d6e7704762
:020000040000fa
:020000040002f8
:10be6c0000293cd0f8b50c460968002939d00028c7
:10be7c0039d090f8421011f0400f01d1002031e080
:10be8c0015461b4b5e680cf0c5f9c0eb001080002a
:10be9c0037182146305803f0e3fa044628b30388d8
:10beac0003f0c0030bb900201ce01db10069286031
:10bebc00a38aab80238813f0800f01d1012011e0fd
:10becc001437251d2946384607f068fc084b5b697a
:10bedc00e3602946384608f098fa012002e0002079
:10beec0070470020f8bd0020fce70020fae700bff7
:04befc0060f80020ca
:020000040000fa
:020000040002f8
:10bf000000b3f0b40446dab10d1f013ad2b201eb2e
:10bf100082011f4f4ff47a762278a2f13003dbb210
:10bf2000092b32d912f0df0f0ad000bf14f8012f0d
:10bf3000a2f13003dbb2092b27d912f0df0ff5d1c4
:10bf4000f0bc704700230b607047644603eb83032b
:10bf500002eb4303303b04f1010c6278a2f13000a4
:10bf6000c0b20928f1d902f0df024b2a05d04d2ad0
:10bf700006bf7b430234644602e006fb03f302344f
:10bf800045f8043f8d42c7d1dae722780023dde788
:04bf900040420f001c
:020000040000fa
:020000040002f8
:10bf94002de9f8430546884616461f46204b4ff0c8
:10bfa400ff39002404e0a14601341833082c2bd0b7
:10bfb4005a68002af7d0aa42f6d104eb4403184a7f
:10bfc40002ebc303996830460bf0f9fd20bb04eb88
:10bfd4004403134a02ebc303d3f810e0d3f814c0ac
:10bfe400b4f1ff3f13d00e4b62001019c0001918b2
:10bff4004d6043f800808e60cf60c1f810e0c1f856
:10c0040014c00120bde8f8834ff0000ce646b9f1f6
:10c01400ff3f03d04c46e6e70020f3e70020f1e7ba
:04c0240070f0002098
:020000040000fa
:020000040002f8
:10c0280030b583b0184b1b7843bb04460d46174bfd
:10c038001870174b1970014600200cf047f9154b82
:10c04800154a1a6044ea0523144a13600020144a6a
:10c058001070144a10700c4a0221117000932b467c
:10c068002246114902f092fc64b1ac420ad32b4635
:10c0780022460e49002002f089fc03e00c4900200a
:10c0880002f084fc03b030bd4904012022060120df
:10c09800210601205c01012002ca0400740101206c
:10c0a800390401203a040120585302009053020039
:04c0b800245302000b
:020000040000fa
:020000040002f8
:10c0bc0010b51a4b00200021c3e90001184b4ff0ba
:10c0cc00ff304ff0ff31c3e9000106f063f9154b67
:10c0dc004ff480621a60144b1b7883b90023134a07
:10c0ec001370134a1370134a136000221249c1e9ea
:10c0fc0000231249c1e900230af018fa10bd104cb4
:10c10c000021206808f01aff2368052118780bf02d
:10c11c004bf9054b00221a70e0e700bf40ff0020ee
:10c12c00c0050120948100416604012069040120ae
:10c13c00670401208002012050ff002068ff0020ce
:04c14c0028ff0020a8
:020000040000fa
:020000040002f8
:10c1500008b5194a136801331360184b01221a708d
:10c16000174b1b7823b1174bd3e90023134313d18b
:10c17000154a137883f001031370144a13680133ce
:10c180001360134a136801331360124bc3e90001b3
:10c19000114b1b7843b908bd104bd3e9002302f0c3
:10c1a0000102094b1a70f0e7074b19780c4b18681d
:10c1b00008f0cafeefe700bf7c02012069040120fd
:10c1c0006804012040ff002067040120780201205c
:10c1d0008002012010ff00206604012018ff0020cb
:04c1e00028ff002014
:020000040000fa
:020000040002f8
:10c1e400f0b583b00446456803290bd003681b6887
:10c1f40019492846984723681b68184928469847d0
:10c2040003b0f0bd1646506807f062fd074680b1e2
:10c2140023685b68b2681249284698476946b06843
:10c22400fff72efb58b923681b680e492846984728
:10c23400e6e723681b680c4928469847e0e7694607
:10c2440038460af0adfb0028dad123681b68074999
:10c2540028469847d4e700bf40aa02006caa02000f
:10c2640098aa0200a8aa02003c2e0200c8aa020052
:020000040000fa
:020000040002f8
:10c27400f8b505461646806aac69e36823614368ed
:10c28400e3606288130a43ea02236380e288130aa4
:10c2940043ea0223e380237a0bb9642323722f69d0
:10c2a40023789b0003f03c03ba891a44ba8131b164
:10c2b4000022628190f8682012f0040f05d05eb964
:10c2c4002b6a43f002032b62f8bd00221946204674
:10c2d40002f062fd6081f2e769690a4652f8063f9e
:10c2e4000b6093888b80ab6a03b13c331868c1f848
:10c2f40006009b8893802a6993890e339381dfe734
:020000040000fa
:020000040002f8
:10c304003a20203c69706572663e207374617274d1
:10c3140020636d640000000069706572666b000044
:10c324003a203c69706572666b3e206b696c6c20c8
:10c33400636d640069706572666900003a203c6947
:10c34400706572666920616464726573733e20204f
:10c35400696e7465726661636520636d64000000d4
:10c3640069706572667300003a203c697065726694
:10c37400732074782f72782073697a653e207478fc
:10c384002f72782073697a6520636d64000000bfa2
:020000040000fa
:020000040002f8
:10c394002de9f04f83b080468b4601f108030193e9
:10c3a40018460bf04bfb88b381460746d8f800606b
:10c3b400d8f8045008f1200ad8f81c40a4eb0a0469
:10c3c400a04207da3368134928469847013ca7423c
:10c3d400f8d14c4634b1104f336839462846984753
:10c3e400013cf9d1019950460cf062f833680b49cd
:10c3f4002846984733685146284698470aeb09036c
:10c40400c8f81830c8f81c30c8f8d4b003b0bde878
:10c41400f08f00bfa0830300a4830300a88303005c
:020000040000fa
:020000040002f8
:10c424000d0a2d2d2d2d2d2d2d20537570706f720d
:10c4340074656420636f6d6d616e642067726f75df
:10c444007073202d2d2d2d2d2d0000000d0a202a76
:10c454002a2a2000202a2a2a000000000d0a2d2d55
:10c464002d2d2d2d2d2d2d2d204275696c742069b7
:10c474006e20636f6d6d616e6473202d2d2d2d2dd7
:10c484002d2d2d2d2d0000000d0a00000d0a556ed6
:10c494006b6e6f776e20636f6d6d616e6420677273
:10c4a4006f75702e205472792068656c700d0a00c7
:020000040000fa
:020000040002f8
:10c4b40030b32de9f0418646204b5a6bd0f8088002
:10c4c400c2b193684046002198451bd3002400253f
:10c4d4009368e41845f100059369dbb1d3f808c00b
:10c4e40014eb0c0645f10007b94208bfb04211d362
:10c4f4001a46ede7c0f80880104b586301201ae093
:10c50400002070470d4bc3f834e0cef81820002407
:10c51400012004e0cef81830c2f818e00020a8eb9f
:10c524000404cef80840def8183023b1def8081011
:10c534009a68521a9a60bde8f08100bf30f9002071
:020000040000fa
:020000040002f8
:10c5440010b582b000241d4b1c701d491d480af013
:10c5540033fe4ff47a700af09ffe012300932346c2
:10c56400194a014620460af0a5fe184b186004f04b
:10c57400f7fc0af0d7fe09f0edfb09f017fc09f00f
:10c584002bfc07f04ffaedf7a1ff09f03bfcecf7a9
:10c594000dfd08f03ffd0bf089fcf3f7b9fdeef754
:10c5a40097fb06f0f7fbf4f7e1f8f9f707ff03f060
:10c5b40093f8f9f72bfe02b010bd00bf140401205c
:10c5c4003c0101201d4003002557030058010120b0
:020000040000fa
:020000040002f8
:10c5d4005b5351495d20616c7265616479207374a9
:10c5e4006f707065640a0d005b5351495d206d6f77
:10c5f4006e69746f72696e672073746f70706564ae
:10c604000a0d00005b5351495d20706f6c6c696ebc
:10c61400672073746f707065642c20627574204c8d
:10c62400414e2062757379202d20535149454e2087
:10c634004e4f5420636c6561726564202872657482
:10c6440072792027737169206f66662720696620d6
:10c6540074686174206d617474657273290a0d00c5
:020000040000fa
:020000040002f8
:10c66400f0b585b000241c4b1c701c4b1c7002944c
:10c674001b4b01930123009313460a4601462046af
:10c6840006f00afd10b1002005b0f0bd0124154be1
:10c694001c7008f0e5ff144f144b1d685e686b199d
:10c6a40046eb06025b1946eb02024feac20c4cea67
:10c6b400537c4feac30e62461eeb050346eb0202af
:10c6c400d50045ea5375de00331845eb01013b60a4
:10c6d40079602046d8e700bf5104012052040120ac
:10c6e400c57e030050040120c0fd0020e8fd0020a9
:020000040000fa
:020000040002f8
:10c6f40030b589b040b305461d2925d91a480368c9
:10c70400013303602b7f802b24d0022b27d0174ac0
:10c714002b4653f8060f1060988890800122144825
:10c72400027000200490a1f10e040393029208ab5e
:10c7340013e903008de8030004ab0ccba1b205f1af
:10c744000e00e0f7bffa03e00a4a136801331360ee
:10c7540009b030bd084a136801331360f8e7074a8b
:10c76400136801331360f3e7ac03012018000120c0
:10c774008404012090030120a8030120a4030120c4
:020000040000fa
:020000040002f8
:10c78400f8b5002839d00546002939d0002a39d017
:10c7940041f2c7102c5c8cb305f58856777c307c4d
:10c7a4000c36b679be1bf6b286422dd241f20c1677
:10c7b40005eb060c0138384000ebc0008000af598f
:10c7c4003e18b160b2813284012286f8222086f8b4
:10c7d4002330069b7360079b3b509cf80530134441
:10c7e4008cf8053041f2c813eb5c0bb11c4605e034
:10c7f40028460021e2f78af900e000242046f8bd2b
:0cc804000024fbe70024f9e70024f7e71c
:020000040000fa
:020000040002f8
:10c810002de9f04105460b4653f8382fc0f8922019
:10c820009b88a0f896300b4600f12002403100bff3
:10c83000d3f800c05f689e68dc68c2f800c057602b
:10c840009660d460103310328b42f1d1012380f80e
:10c850009a300022a0f8982040f2dc52a0f89c20e8
:10c8600080f80531038aabb100244ff001080a4f6c
:10c8700005f1b406688a2b6b42460146984701468b
:10c880008760c560304607f0c6fd0134e4b22b8aec
:0cc89000a342efd8bde8f081616903000d
:020000040000fa
:020000040002f8
:10c89c00f8b504461546466803290cd003685b6856
:10c8ac00126817493046984723685b682a6815490f
:10c8bc0030469847f8bd506807f006fa98b1af6853
:10c8cc000222114938460af07dfd28b102220f4997
:10c8dc0038460af077fd60b923685b682a680c4912
:10c8ec0030469847e6e723681b680a493046984764
:10c8fc00e0e723681b68084930469847dae700bf31
:10c90c004cde020070de0200a81c0300ac1c03000d
:0cc91c00b0de020088de02009cde02009b
:020000040000fa
:020000040002f8
:10c928002de9f0411b4b1b7853b91b4b1d78142381
:10c938002a461a49002002f029f845b3002608e0e3
:10c94800154b1e7814231a461449002002f01ef8cd
:10c958001425013dedb202350124dff84c80104f5b
:10c96800731e23440f4aa2fb0312120902eb820230
:10c97800a3eb820303ebc30303ebc3034344224645
:10c988003946002002f002f80134ac42e8d1bde893
:10c99800f08100bf3804012037040120bc220300c5
:0cc9a800fc220300cdcccccc98c60020b3
:020000040000fa
:020000040002f8
:10c9b40010b58eb01a4807f08bf928b304aa08a959
:10c9c40009f09cfb28b3164c059b0293079b01932b
:10c9d400069b0093049b22461249002001f0d8ffd5
:10c9e400099b02930d9b01930b9b0093089b22468a
:10c9f4000d49002001f0ccff0c4b1a680c490020b3
:10ca040001f0c6ff0eb010bd054a0a4901f0c0ff8f
:10ca1400f2e7034a0849002001f0baffece700bf3f
:10ca2400f4af02000cb0020034b002005001012047
:0cca340078b00200fcaf02005cb0020011
:020000040000fa
:020000040002f8
:10ca40006e6f2073756368206770696f2068616e10
:10ca5000646c650050756c736554696d65206d7507
:10ca60007374206e6f74206265203000537461729d
:10ca70007454696d6552656c61746976653d3120e9
:10ca80006e6f7420737570706f727465640000004f
:10ca900070696e2068656c6420627920616e6f74c5
:10caa000686572206f776e657200000073696e674b
:10cab0006c652070756c7365206e656564732053ba
:0ccac0007461727454696d65000000bf61
:020000040000fa
:020000040002f8
:10cacc0090f89c30002b3fd02de9f041884604466d
:10cadc00002716e0002120460af0e3fc42462946d6
:10caec002046f6f773f8294620460af057fa01213a
:10cafc0020460af0d6fc013794f89c20fbb29a42ef
:10cb0c0020d9fdb205eb0516b600d4f88c303344b1
:10cb1c009b6983b1002120460af0c3fc424629469a
:10cb2c00204604f0eeff294620460af037fa012190
:10cb3c0020460af0b6fcd4f88c301e44736a002be5
:0acb4c00c8d1d8e7bde8f0817047ba
:020000040000fa
:020000040002f8
:10cb560000293bd02de9f0478a469946044602eb68
:10cb660082084fea880802eb02129600002516e0ba
:10cb7600236b1bb1052104f15c009847d4f88c00a7
:10cb86003044394608300af082fc236b1bb106217b
:10cb960004f15c0098470135adb2aa4514d0d4f82b
:10cba60098304344d9890e39676a002289b2382001
:10cbb600b847074660b1b9f1000fd9d00269138aa8
:10cbc60043f004031382d3e7002003e000207047fc
:08cbd6004ff0ff30bde8f087cd
:020000040000fa
:020000040002f8
:02cbde00fee770
:020000040000fa
:020000040002f8
:10cbe00038b50546d0f8a4401d4b1a6942f480427e
:10cbf0001a61da6942f00402da61236823f008035b
:10cc00002360236823f0040323604ff0ff33e362c3
:10cc1000236843f0200323600f23236240f23f1375
:10cc20006361636a90f8d2309b039bb20d4a1a434a
:10cc3000626090f8b1301bb1636843f08073636049
:10cc400005f19001284608f0fbfed5f8ac309b7a40
:10cc500013f0010f14bf00230123e36038bd00bfb0
:08cc60000008004003210e0052
:020000040000fa
:020000040002f8
:10cc68000fb430b583b00bf0b7fd07f05bf904469d
:10cc7800184b1b681bb3c31ab3f57a7f1fd3164b27
:10cc88001a68052a15d8134b00221a60124b012284
:10cc98001a6007ab0193114d069a5021284603f0fc
:10cca8003bfc0c4b1c602a460d49002001f06efe2f
:10ccb8000be0053a0b49002001f068fee3e7064a5d
:10ccc800136801331360052be3d903b0bde8304086
:10ccd80004b0704734f4002094ee002070f7002070
:08cce8007c7c03006c7c03005e
:020000040000fa
:020000040002f8
:10ccf000457874426c6f636b2e5350495f45727276
:10cd00005f496e740d0a0000457874426c6f636b66
:10cd10002e4d41435f424d47525f496e740d0a00ec
:10cd2000457874426c6f636b2e4d41435f496e745e
:10cd30000d0a0000457874426c6f636b2e484d58a5
:10cd40005f496e740d0a0000457874426c6f636b26
:10cd50002e47494e545f4d61736b0d0a0000000071
:10cd6000457874426c6f636b2e556e6b6e6f776e89
:08cd70004572726f720d0a009a
:020000040000fa
:020000040002f8
:10cd78002de9f84304460f46d0f8108043699847d8
:10cd8800e368002b35d00546a36803fb00f322684f
:10cd980002eb0309d35c13f0010f25d00026e369e9
:10cda8003a46494620469847d8b14544e368ab42dd
:10cdb80098bfed1a0136b34218d9a36803fb05f3ef
:10cdc800226802eb0309d35c13f0010fe7d1236a51
:10cdd8003a46494620469847a9f80260636a0133f3
:10cde80063624846bde8f8830026f0e74ff0000983
:08cdf800f7e74ff00009f4e732
:020000040000fa
:020000040002f8
:10ce0000f0b583b00446456803290bd003681b685e
:10ce100017492846984723681b68164928469847ab
:10ce200003b0f0bd1646506806f054ff074650b1f7
:10ce300001a9b068f5f796fc58b923681b680e493c
:10ce400028469847ece723681b680c492846984712
:10ce5000e6e701a938460af009f923681b68084982
:10ce6000084a002808bf114628469847d8e700bf5f
:10ce7000b8850200f4850200188602003c2e0200ec
:08ce80007c8502009885020088
:020000040000fa
:020000040002f8
:10ce880070b506460d4640f23c6003f015fb0446bb
:10ce9800002830d040f23c6200210bf041f82660b7
:10cea800656004f12003a361e36104f1d80304f28f
:10ceb8003c6108e0c4f8cc30c4f8d0301b605b603b
:10cec8005c338b420ed0d4f8cc20002af2d01a6002
:10ced800d4f8d0205a601360d4f8cc205360c4f83a
:10cee800cc30ede70023a360064b1b682bb1054b44
:10cef8005a6894605c60204670bd024b1c605c60a0
:08cf0800f9e700bf3cfd002029
:020000040000fa
:020000040002f8
:10cf100008b5194b9847194b9847eff3108172b633
:10cf2000174ad2f8883043f47003c2f88830bff350
:10cf30004f8fbff36f8f01b962b6124a936823f027
:10cf4000010393601346da6812f0010ffbd10d4b19
:10cf500024225a6001229a6007f0e2fc0a4b23f077
:10cf60007f03074a9360094b9847094b9847094b41
:10cf700098470bf094f9fee7c36c0200c36c020003
:10cf800000ed00e00060004100000000e50a030041
:08cf9000c36c0200c36c020037
:020000040000fa
:020000040002f8
:10cf980008b51649002001f0f9fc1549002001f0f8
:10cfa800f5fc1449002001f0f1fc1349002001f0c0
:10cfb800edfc1249002001f0e9fc1149002001f0c4
:10cfc800e5fc1049002001f0e1fc0f49002001f0c8
:10cfd800ddfc0e49002001f0d9fc0d49002001f0cc
:10cfe800d5fc0c49002001f0d1fc08bd6c5b0100a8
:10cff800845b0100b85b0100f05b0100305c01005c
:10d008007c5c0100d45c0100285d01006c5d0100be
:08d01800b05d0100f05d0100b4
:020000040000fa
:020000040002f8
:10d020002de9f04389b00023adf816300df1190257
:10d0300002920df11a02019207aa00920df1160256
:10d04000fef7c8f840b39df819303bb3079fbdf811
:10d050001a9000231e464ff0050801e0464623467d
:10d06000dc1ca4b2a1451ad31d46fa18f85c53780b
:10d0700043ea002008f086fb0028efd0007908f092
:10d08000d9fe38b13d44a978003118bf012107f01d
:10d090005bffe4e74646e2e7052600e0052630466a
:06d0a00009b0bde8f083b9
:020000040000fa
:020000040002f8
:10d0a6002de9f04190f89cc0bcf1000f2ed0d0f8cd
:10d0b60098500024a646a04616e003f108069f42b3
:10d0c6000dd033461e6836f00306f6d01e6816f0fd
:10d0d600010f14bf08f101080ef1010eede701344e
:10d0e6001435a3b29c4514d96b7c012bf7d12f883c
:10d0f600002ff4d0d0f88c3004eb041603eb860333
:10d106005b68013fbfb203ebc707dbe74ff0000eda
:10d11600f04609b1c1f800800ab1c2f800e000206b
:04d12600bde8f081ef
:020000040000fa
:020000040002f8
:10d12a0070b5d0f8a460336823f00803336033681d
:10d13a0023f004033360736811f0020f14bf43f045
:10d14a00020323f0020311f0100f14bf43f001038e
:10d15a0023f0010312f0080f14bf43f4005323f421
:10d16a000053736011f4804f19d00023f36090f8d4
:10d17a009c305bb105460024e1b2284609f00fff56
:10d18a00013495f89c20e3b29a42f5d8336843f00b
:10d19a0004033360336843f00803336070bd01232e
:04d1aa00f360e4e763
:020000040000fa
:020000040002f8
:02d1ae00fee79a
:020000040000fa
:020000040002f8
:10d1b0002de9f04182b004464568022907dc236866
:10d1c0001b6816492846984702b0bde8f08116460c
:10d1d000906805f0fcfe80467768114938460af0f1
:10d1e000f0fcc0b10f4938460af0ebfc0028e6d14c
:10d1f00000210ffa88f00bf05efb23685c680a4b95
:10d200000a4a002808bf134600934346726808493b
:10d210002846a047d8e70121ebe700bfd41c030054
:10d22000a81c0300ac1c030070800200a01c0300bb
:04d23000b01c03002b
:020000040000fa
:020000040002f8
:10d234002de9f04188461746382838bf3820c31cea
:10d2440023f003039cb201f11d0525f00f05adb2d7
:10d25400174b186805f13201214489b24368984795
:10d26400064608b304f1180200210af05bfe3444b8
:10d27400e5811a35658204f12f0222f00f02626003
:10d2840042f8086c0122228234616268911ca16018
:10d29400716127f001073762b8f1000f01d0103235
:10d2a400b261002386f82f303046bde8f08100bf1c
:04d2b4009c000120b9
:020000040000fa
:020000040002f8
:10d2b80069706572666b3a205573696e6720696e8e
:10d2c80064657820300d0a000d0a69706572662061
:10d2d80073657373696f6e3a206e6f74207374612f
:10d2e80072746564210d0a000d0a69706572663ae8
:10d2f80020747279696e6720746f2073746f702060
:10d30800697065726620696e7374616e6365202545
:10d31800642e2e2e0d0a000055736167653a206948
:10d32800706572666b203c2d6920696e6465783e75
:04d338000d0a0000da
:020000040000fa
:020000040002f8
:10d33c0010b582b000230193030103f1824303f57e
:10d34c00204393f84e30dbb20193019b13f0020f94
:10d35c000dd0010101f1824202f52042022382f834
:10d36c004e30134b0b4400221a73012400e00224ac
:10d37c00019b13f0010f0cd0010101f1824202f567
:10d38c002042012382f84e30094b0b4400221a73c1
:10d39c000224074b03eb00135b6833b1044a02eb26
:10d3ac00001399685b682046984702b010bd00bf17
:04d3bc0058fb0020fa
:020000040000fa
:020000040002f8
:10d3c0002de9f0411c4ad36a956a89b30e46ab42f7
:10d3d00008bf002227d00122dff864c0174ca0f15b
:10d3e000020e0138144f0ce0e15c81540133396bbb
:10d3f000994298bf0023b24214d2511cab4212d0c2
:10d400000a46dcf8041001f007010129ecd15900ab
:10d4100014f813800ef812800131615c00f81210cc
:10d420000133e4e71d46044bdd621046bde8f081a0
:10d430001d460a46f7e700bfecf80020c89e002012
:04d440000034004074
:020000040000fa
:020000040002f8
:10d444001a4bdb6813f0807f24d0194b1b6813f050
:10d45400010f1fd0164b5a68164b1b78f3b11649af
:10d464000b68d31a0a605b0898421dd203f5004387
:10d474001b1a1a0c511e072916d810b40f4c216818
:10d484000a4422601b0c1b040d4a136018445df807
:10d49400044b7047074b00221a707047064b1a6002
:10d4a400044b01221a707047704700bff0ed00e092
:10d4b400001000e06304012068020120d002012072
:04d4c400d40201206d
:020000040000fa
:020000040002f8
:10d4c8002de9f04182b00746884616461c460020e2
:10d4d80009f01afb0bf04cf905463c2200212046c6
:10d4e8000af01efd33682360b388a38025b12b683a
:10d4f800c4f80630ab88638188232373b62363732b
:10d508004246394604f10e0009f06cff00200190f4
:10d51800009003463c22214607f0a2fa024638b1a1
:10d5280006490b6801330b60104602b0bde8f08174
:10d5380003490b6801330b60f6e700bfb003012015
:04d54800b403012007
:020000040000fa
:020000040002f8
:10d54c00f0b51f4c2568a446002d36d00022294684
:10d55c0016461346d1f800e00f6986450ad132b160
:10d56c00176101f110031846f0bd3946f2e7ccf80b
:10d57c000070f6e705d9ebb11c68a6453cbf164612
:10d58c000b460a46002ff0d1002becd019461f6930
:10d59c0051f8102b121a102a05d918600844103aa9
:10d5ac000761026007469d420cbfccf800703761e2
:10d5bc000b46d8e716460b46e3e72b46d3e700bfee
:04d5cc00f403012043
:020000040000fa
:020000040002f8
:10d5d0002de9ff471d460c9b13f0010906468a46bc
:10d5e000144601d195420bd822465146304606f0ea
:10d5f000b9fea54204d82546284604b0bde8f08708
:10d600002f1b102f3a464ff0200128bf10226846ea
:10d61000b8460af089fc00bfb8f10f0f11d83b09da
:10d620006ff00f0202fb03726946304606f09afe65
:10d63000b9f1000fe0d122465146304606f092fe85
:10d64000dae710226946304606f08cfea8f1100891
:04d65000e2e700bf4e
:020000040000fa
:020000040002f8
:10d654000ab9184670472de9f0470f461646984612
:10d66400012201f07dfa054658b34ff00009ca467d
:10d6740009e0361bb6b2a1441ffa89f980442d682b
:10d68400fdb1af68eeb1eb89ac681c44e41ba4b2f5
:10d69400ab8913b19c4228bf1c46b44228bf344610
:10d6a400002cecd052462146384601f075fbc043ad
:10d6b40080b219f0010fdcd0030a43ea002080b2e3
:10d6c400d7e740460af0d4fdc04383b21846bde80c
:02d6d400f087dd
:020000040000fa
:020000040002f8
:02d6d60070479b
:020000040000fa
:020000040002f8
:10d6d800496e76616c6964204d41435048592c204d
:10d6e8006f75693d307825582c206d6f64656c3de9
:10d6f800307825580d0a0000496e76616c696420ff
:10d7080043686970205265766973696f6e0d0a0007
:10d71800636869705f6572726f722120506c656111
:10d72800736520636f6e74616374206d6963726fd3
:10d738006368697020737570706f727420666f7299
:10d74800207265706c6163656d656e742e0d0a00dc
:020000040000fa
:020000040002f8
:10d7580038b518b14ff0ff34204638bd0c461b4889
:10d7680006f0ddf90546a0b114f0080101d0838860
:10d7780093b92b8a9bb105f120042b8c23b34ff06e
:10d78800ff340bf021f82b7801332b700bf020f8c5
:10d79800e2e74ff0ff34dfe74ff0ff34f1e705f140
:10d7a800100400220023a360e36001232380628029
:10d7b80065600223237319b16b8843f004036b80ff
:10d7c800ab880133ab80dce70122ebe730f10020c6
:020000040000fa
:020000040002f8
:10d7d8001c4b1d4a1a604ff622029a814ff44032c0
:10d7e8005a601a46d369002bfcd1164a136843f0d5
:10d7f80002031360d369002bfcd1144b00221a6278
:10d808009a62da6283f8342083f83c209a63da87d4
:10d818001a609a60da601a751a779a61094b5b6820
:10d8280003f00703012b094b14bf4ff400624ff4b8
:10d8380080621a631a61034b80229a7504229a75d2
:10d84800704700bf0034004004011040ecf800208d
:020000040000fa
:020000040002f8
:10d858000eb430b5adf6080d0df6140353f8042bcd
:10d8680001934ff4006102a802f056fe421e40f2f6
:10d87800fe739a4221d8044602ab00221a54124b76
:10d888001b680344b3f5006f24bf0f4b1a600e4b9f
:10d898001b680e4d1d4402a928460af007fe2946ba
:10d8a800002009f0bffc14f0030318bfc3f1040300
:10d8b800054a1c4413681c4414600df6080dbde8a5
:10d8c800304003b0704700bf14010120c8ae0020eb
:020000040000fa
:020000040002f8
:10d8d8002de9f84380b3894617460546002414e02d
:10d8e800b8f1000f2cd008f10106222130460af0c9
:10d8f80021fb18b3864226d000230370bc4238bff0
:10d9080049f824600134451c1ad0222128460af01f
:10d9180011fb804608b1002303700c4e314628469f
:10d9280005f05afa03460028dad0bc4238bf49f855
:10d93800243001340025f1e7002401e04ff0ff34e2
:10d948002046bde8f8834ff0ff34f9e7c8880300a4
:020000040000fa
:020000040002f8
:10d9580004eec63bb231df2c630a1afbe724949d20
:10d96800005a587851e1aa795e477347c8b05662a1
:10d978001c18bddcdd8d99fc5fc2b92053d8cfac33
:10d98800fb0bb8831205fad1ddd6c071318a601855
:10d99800f03b73f5ede4d4d071f9de03fd7aea10bb
:10d9a8005d9299b8af99aa075bdb4db9aa28c18dda
:10d9b800174b56ee2a014d098896ff2282c955a8b1
:10d9c8001969e069fa8ce007a180183a07dfae17f9
:020000040000fa
:020000040002f8
:10d9d800d3e160c35b99f340b2628264d175106091
:10d9e800e0045da383ff57a57d73a673d2b8d80d55
:10d9f800aaf6a6c35a91bb4579d73fd0c8fed11124
:10da0800b0391306828adfed528f018121b3febd42
:10da1800c343e797b87dbb63db1333ded9d1ece1b1
:10da280077cfa6b71fe8ab1da46624ed6415e51ce7
:10da3800cde2c7ca86e283990eeaeb911204155229
:10da48008b2295910281b02dd431f4c9f70427dfd8
:020000040000fa
:020000040002f8
:10da58006e6f69705f73656e640000003a207365cd
:10da68006e64204e207261772045746865726e6519
:10da780074206672616d6573206279706173736971
:10da88006e672054435020737461636b20286e6f57
:10da980069705f73656e64203c6e3e205b676170e1
:10daa8005f6d735d290000006e6f69705f7374614c
:10dab800740000003a2073686f77204e6f49502039
:10dac80054582f525820636f756e74657273000036
:020000040000fa
:020000040002f8
:10dad8002de9f04389b0904699461c4c04f1800723
:10dae800002502e01034bc421fd02378002bf9d067
:10daf8006379002bf6d1207908f098f901460028bf
:10db0800f0d0628808ab2b44100a03f8180c03f80d
:10db1800172cae1cb6b2084607f02dfb0335adb284
:10db280008ab1e4406f8180cdce7019502ab00931d
:10db38000023109a4946404603f0c4fe002814bf4b
:10db48000020042009b0bde8f08300bf38f50020ac
:020000040000fa
:020000040002f8
:10db5800f8b50f280fd84b1edbb2042b0bd80125c4
:10db68008540184b1b681d420bd1174a13680133b7
:10db78001360002004e0144a136801331360002086
:10db8800f8bd0e460446114f00233b700af016fb01
:10db9800e3089b0003f1804303f52053da6904f09e
:10dba800070080000f21814022ea010206fa00f0f6
:10dbb8001043d86102233b700af000fb7d6101200d
:10dbc800dee700bf7c03012080030120002800401d
:020000040000fa
:020000040002f8
:10dbd80030b50d4689b004462022002168460af077
:10dbe8009ff92878b0b16b786bb1013d012000bf77
:10dbf80015f8013f83b921460125084611f8013b74
:10dc0800c3b9001b06e023461a4601331178814246
:10dc1800fad0101b09b030bd5a0908a901eb8202dd
:10dc280003f01f0352f8201c00fa03f30b4342f8d9
:10dc3800203cdde75a090df1200c0ceb820203f0c1
:10dc48001f0352f8202c05fa03f31342d5d1d8e765
:020000040000fa
:020000040002f8
:10dc5800f8b50d4616461f4606980af0f7f950b172
:10dc6800044690f8023103b935b9002384f802312b
:10dc7800e36e0133e366f8bdd0f8ac500023c0f87a
:10dc8800ac30436e01334366286983686b610e3399
:10dc9800ab613a4631468068ebf7f6ff2b699b6823
:10dca8001b78ff2b1abf2b6a43f0100320232b622b
:10dcb800294604f1c40006f0aafbb4f8a40040f019
:0edcc8001000a4f8a400236c616c9847d3e709
:020000040000fa
:020000040002f8
:10dcd60000293bd070b40c460378ff2b06d142785e
:10dce600ff2a08bf013011d100e0013070bc704737
:10dcf60002f11003dbb2092b0ed80230002cf5d04e
:10dd06000378ff2bf2d14278ff2aeed0531ddbb207
:10dd1600032bedd80330f1e7fa2ae7d1022ce5dd33
:10dd2600032ce3dd831c0444661e01e0b342ddd010
:10dd36001a46e11a01331578ff2df7d11d78f02d1b
:0edd4600f4d18c1e0232d1d01046d7e77047c0
:020000040000fa
:020000040002f8
:10dd54005365742042494f53204e616d65204f4beb
:10dd64000d0a00005365742042494f53204e616de3
:10dd740065206661696c65640d0a0000557361670e
:10dd8400653a2073657462696f73203c696e7465cb
:10dd940072666163653e203c782e782e782e783e3c
:10dda400200d0a0045783a2073657462696f732008
:10ddb4005049433332494e54204d434850424f4119
:0cddc40052445f3239200d0a000000bffd
:020000040000fa
:020000040002f8
:10ddd00055736167653a20736574646e7320312fe3
:10dde00032203c696e746572666163653e203c78e2
:10ddf0002e782e782e783e200d0a000045783a20a5
:10de0000736574646e732031206574683020323518
:10de1000352e3235352e3235352e30200d0a0000a4
:10de2000556e6b6e6f776e20444e5320696e64653d
:10de3000780d0a0053657420444e532025642061f8
:0cde40006464726573732025730d0a0082
:020000040000fa
:020000040002f8
:10de4c0055736167653a202573203c696e74657261
:10de5c00666163653e203c6f6e2f6f66663e200ddb
:10de6c000a00000045783a2025732050494333328c
:10de7c00494e54206f6e200d0a000000556e6b6edb
:10de8c006f776e20696e746572666163650d0a004a
:10de9c00556e6b6e6f776e206f7074696f6e0d0ab6
:10deac0000000000556e6b6e6f776e207365727696
:0cdebc006963652025730d0a000000bf9b
:020000040000fa
:020000040002f8
:10dec80030b597b004b2b4f1ff3f31d01a4b1b897b
:10ded80013f0020f09d001220df157012046f5f782
:10dee800c1fa38b39df8570007e0522201a920462d
:10def800fdf7f4fa014610b9002017b030bd01a8ab
:10df0800451800234354fff7e2fe854214bf10f87a
:10df1800013b00238df8573001aa821a02d19df8df
:10df28005700eae792b200212046f5f79bfaf6e798
:0cdf38000020e2e70020e0e728fd0020c8
:020000040000fa
:020000040002f8
:10df4400882930b52cd012dc812930d003dc80291b
:10df54002dd0002030bd82290ed08429f9d1196832
:10df640000680a1d1a600b6818800120f2e7a029d6
:10df74000fd00adc9029ecd119680a1dd0e90045bc
:10df84001a600b68c3e90045efe7c02901d0f02906
:10df9400dfd11a680168101d186013681960e4e77e
:10dfa400196800680a1d1a600b681870dde71968a3
:0cdfb40000680a1d1a600b681860d6e7b0
:020000040000fa
:020000040002f8
:10dfc000842910b523d00cdc812903d0822913d0f9
:10dfd00080290bd119680c1d1c600b6803601a6046
:10dfe00013e0902921d003dc882917d0002010bd30
:10dff000a029efd0c029ece719680c1d1c600b6844
:10e000000360d1171046c3e900010120efe719684a
:10e010000c1d1c600b6803601a80f6e719680c1d64
:10e020001c600b6803601a70efe719680c1d1c6018
:0ce0300009680160d317c1e90023e6e78e
:020000040000fa
:020000040002f8
:10e03c00002839d0f8b50c4605460369002b32d0c0
:10e04c00002718e0236b1bb1052104f15c009847f5
:10e05c00d4f88c002946083009f016fa236b1bb152
:10e06c00062104f15c009847eeb1b4f9c83072682f
:10e07c00d5582b69bbb11e681f602b691b8a13f026
:10e08c00040fdfd1b4f8d03013f0020f07d1d4f85d
:10e09c008c20d4f89830db8812699a42d2dda36abe
:0ae0ac0028469847e0e7f8bd7047ea
:020000040000fa
:020000040002f8
:10e0b60070b506460d4608f0fcf8002833d0044635
:10e0c60038220021284609f02cff94f87730012bde
:10e0d60022d0b4f86030ab84b4f86230eb84a36c21
:10e0e600ab6294f8763085f82c30a36962699b1a86
:10e0f600eb85636822689b1a2b86204608f0cdfec6
:10e106006886304604f03dffa886204606f079fd75
:10e1160085f83600012070bd236c6b60636c6b6103
:0ae1260001232b70d5e70020f5e778
:020000040000fa
:020000040002f8
:10e13000f8b507460c4616461d46c87b40f22a52e3
:10e140001849984214bf0020012008f0a3fa214684
:10e15000304604f0c5ff844208d040f236521149df
:10e16000002008f097fa022d18d0f8bd267b002376
:10e1700023606360a360e3602361214607f18000b0
:10e1800009f0a2f90123e373032eecd1f868f3f749
:10e1900054fe7b8823f008037b80e4e7f8680af0ec
:08e1a00096fae2e7887703001c
:020000040000fa
:020000040002f8
:10e1a8002de9f047884692461e4617689df82020bc
:10e1b800394600f0d3fc20b3054656b33a464ff033
:10e1c80000090fe022463946404606f01dfaa044f1
:10e1d800361bb6b23a19a1441ffa89f92d689db1c8
:10e1e800af688eb1ec89ab682344db1b9bb2ac896a
:10e1f800b44228bf34469c4228bf1c46002cedd0b0
:10e20800e0e73a464ff00009caf800204846bde862
:08e21800f087b1463a46f7e732
:020000040000fa
:020000040002f8
:10e22000f8b5194b1c68194b1b88cbb11834002565
:10e23000164f06e0fbf7bafd013518343b88ab42b8
:10e240000edd264654f8140c20b101f00bfd00231e
:10e2500044f8143c36f9180cb0f1ff3fecd0e9e774
:10e260000b4b1868084cc36821689847002323604b
:10e27000064a1380074b186820b109f0d8ff054bf8
:10e2800000221a60f8bd00bfbc00012028fd00205c
:08e29000c0000120c8000120bc
:020000040000fa
:020000040002f8
:10e2980070b4174a002111705160916011731174a4
:10e2a8005161916111771348134b5863134c9c6368
:10e2b8005c6944f081345c61114c1c6440f209448f
:10e2c800048083f8451001251570032483f84d4018
:10e2d8000c4e1e6540f60906068283f85510157423
:10e2e80083f85d4040f602721a8070bc704700bf28
:10e2f80058fb002038fb002000a0004178fb0020dc
:08e308000005200000042000c4
:020000040000fa
:020000040002f8
:10e3100055736167653a2064756d70203c61646473
:10e32000726573735f6865783e203c636f756e74c9
:10e330003e0a0d004578616d706c653a2064756d1c
:10e340007020307832303030303030302036340a7f
:10e350000d000000436f756e74206d75737420623c
:10e3600065203e20300a0d004d656d6f7279206486
:10e37000756d703a2030782530385820202575206a
:08e3800062797465730a0d0057
:020000040000fa
:020000040002f8
:10e3880078b6010099cf020080b601009cb6010062
:10e39800812a0300a8b60100c0b60100e5ba020050
:10e3a800c8b60100f4b6010029c90200fcb6010094
:10e3b80028b701005940030030b7010054b70100e5
:10e3c800b5c902005cb701007cb7010089ab020047
:10e3d80084b70100bcb70100c9fc0200c4b7010042
:10e3e800ecb70100dd4d0300f8b701001cb80100cf
:08e3f8006108030024b80100d4
:020000040000fa
:020000040002f8
:10e400007265736574656e763a20726573746f72a7
:10e41000656420636f6d70696c6564206465666116
:10e42000756c74732c2070657273697374656420e5
:10e43000616e64206170706c6965642e0d0a000065
:10e440007265736574656e763a2064656661756c95
:10e450007473206170706c69656420627574204506
:10e460004550524f4d207772697465204641494ca2
:08e4700045442e0d0a0000bf17
:020000040000fa
:020000040002f8
:10e4780073617665656e763a207065727369737438
:10e48800656420746f20454550524f4d20616e647d
:10e49800206170706c6965642028616e2049502085
:10e4a8006368616e67652064726f70732074686555
:10e4b8002063757272656e7420636f6e6e65637427
:10e4c800696f6e292e0d0a0073617665656e763a5e
:10e4d80020454550524f4d2077726974652046415a
:08e4e800494c45442e0d0a00c9
:020000040000fa
:020000040002f8
:10e4f00055736167653a206c616e5f726561642077
:10e500003c616464726573735f6865783e0a0d00f0
:10e510004578616d706c653a206c616e5f72656103
:10e520006420307830303034303030300a0d000024
:10e530004552524f523a2050726576696f7573207a
:10e540004c414e206f7065726174696f6e207374f8
:10e55000696c6c20696e2070726f67726573730ae4
:08e560000d000000257300000e
:020000040000fa
:020000040002f8
:10e56800f0b41a4bd3e90067194b1c685d68b942cf
:10e5780008bfb04215d2174b301a67eb01011a6871
:10e588005b6800fb03f302fb0131a2fb00230b4491
:10e59800100e40ea0320190e201a65eb0101f0bca9
:10e5a80070470c4b801b61eb07011a685b6800fb26
:10e5b80003f302fb0131a2fb00230b44100e40ead7
:10e5c8000320190e001945eb0101e8e7f0fd0020d2
:08e5d800f8fd002090fe002078
:020000040000fa
:020000040002f8
:10e5e000756e73796e63656400000000756e636517
:10e5f000727461696e0000006365727461696e0017
:10e60000696e76616c6964003a2074696d65626157
:10e610007365202b207472696767657220286e6f9e
:10e62000777c6174203c6e733e7c72657365747c8c
:10e63000747269677c66697265203c6d733e7c709c
:10e640006572203c6d733e7c63616e63656c7c6dae
:08e650006f646529000000bfa2
:020000040000fa
:020000040002f8
:10e6580030b589b00023adf816300df119020292d9
:10e668000df11a02019207aa00920df11602fcf7a9
:10e67800adfd28b39df8193023b1bdf81a300bb1a0
:10e68800002415e00f4c04f18005204603f044fcfb
:10e698001034a542f9d1002009b030bd07f086f842
:10e6a80003f03afc0134bdf81a20a3b29a4205d906
:10e6b800a3b2079ad05cff28f0d1f3e70020ebe77c
:08e6c8000520e9e738f5002008
:020000040000fa
:020000040002f8
:10e6d00030b50d46097889b0044609b16b782bb97d
:10e6e000204601f0bdfe001b09b030bd20220021f4
:10e6f000684609f019fc013d012000bf15f8013ff3
:10e70000a3b921460125084611f8013b002bead0a8
:10e710005a090df1200c0ceb820203f01f0352f892
:10e72000202c05fa03f31342edd0dce75a0908a9bf
:10e7300001eb820203f01f0352f8201c00fa03f3de
:08e740000b4342f8203cd9e72d
:020000040000fa
:020000040002f8
:10e748002de9f84f04460c9f6668d4f80cb024698c
:10e7580010463a68013c002502f0020a0b9a0bf8b1
:10e768000450002e1946b8bf0126012390464feaef
:10e77800e279002c03dcd3b12046bde8f88f50eadb
:10e78800010209d1721b002a06dc0a9a521b002ad0
:10e79800f1ddbaf1000feed042464b4607f04ef8d5
:10e7a800013c134630320bf804200135e1e73b68a1
:08e7b80023f010033b60dfe7d2
:020000040000fa
:020000040002f8
:10e7c0002de9f04781460f46144698460d68013af8
:10e7d00092b22946fcf786fe10b90020bde8f0870a
:10e7e000064600232b5401462846fff774fa82465a
:10e7f000421bb61a52b9e6b10d21284609f09efb1c
:10e8000058b13d60c8f800600120e7e792b20021ee
:10e810004846f4f72bfe5546ede70a21284609f055
:10e820008dfb0028edd1013cb4420cbf022000203a
:06e83000d4e70020d2e74e
:020000040000fa
:020000040002f8
:10e83600f8b50f4615461e46069809f008fc20b3a3
:10e84600044690f8023103bbd0f8ac3073b11b69b3
:10e85600986832463946284408f0c5fdedb1d4f82b
:10e86600ac301a6993891e4496810ee0d0f8b43014
:10e8760063b1b43005f067fac4f8ac00036900224e
:10e886009a81d4f8ac30002be1d1f8bd012380f891
:10e896000231436f01334367f7e7d4f8ac301b69a5
:04e8a6009e81f2e776
:020000040000fa
:020000040002f8
:02e8aa007047b5
:020000040000fa
:020000040002f8
:10e8ac002de9f04106460c461746194b5d6809f0f8
:10e8bc00b1fc238813f0400f1dd1c0eb001005eb09
:10e8cc00800513f0800f0ed1211d05f1240004f0fa
:10e8dc0065ff4ff0010805f114033a4680212046ec
:10e8ec0006f058f909e0211d05f1140004f056ff5b
:10e8fc004ff00208efe74ff00308434604f1100213
:10e90c0004f10801304602f08bfebde8f08100bf37
:04e91c0060f800207f
:020000040000fa
:020000040002f8
:10e9200070b50546d0f8c4305e6890f8cd301bb3a2
:10e930000121284602f0a4fe134beb1adb1003eb77
:10e94000c30403eb4403c3eb432303eb83435c4265
:10e95000d5f8c4301b685b6822460c49304698479e
:10e96000284603f013fcd5f8c4301b685b682246c8
:10e9700007493046984770bd0221e8f717fb01238d
:10e9800085f8cd30d4e700bf98ef0020901d03003c
:04e99000c01d0300a3
:020000040000fa
:020000040002f8
:10e9940000282fd10eb410b583b0174b93f9003073
:10e9a40033b1154b5b681bb1144b1b78012b04d09e
:10e9b40003b0bde8104003b07047104b00221a703a
:10e9c40006ab0193059a4ff400610d4801f0a6fdd2
:10e9d400421e40f2fe739a4208d8094900230b54a0
:10e9e400054b5a68546902469868a047034b0122b4
:10e9f4001a70dde7704700bf10fd002034040120c9
:04ea0400c8b6002070
:020000040000fa
:020000040002f8
:10ea0800f8b50f46164609f0e7fe00eb800000eb6c
:10ea1800800009f057fd5eb309f032f84342c0b2f6
:10ea2800dbb258bf584238703e44013e3d46c7f1fc
:10ea3800010707e009f0d0fe00eb800000eb800042
:10ea480009f040fd7c19b54212d009f019f843428b
:10ea5800c0b2dbb258bf584205f8010f634204f058
:10ea6800070403f0070358bf5c42072cead1e1e72b
:04ea78000020f8bdc5
:020000040000fa
:020000040002f8
:10ea7c0099b32de9f04188461f461646044606f028
:10ea8c0091fa054630b1c5f80480ae606f70012074
:10ea9c00bde8f081124b1b788bb1114b1b7d53b130
:10eaac000f4b93f8283043b10d4b93f83c300320b7
:10eabc0033b10020ece7012002e0022000e000204e
:10eacc00074b8200111889005d184ff0010c03f8f8
:10eadc0001c06c8000222a74d5e70020704700bf6b
:04eaec00c0f700204f
:020000040000fa
:020000040002f8
:10eaf000154b1b7803b9704710b5144ad2f82c3166
:10eb000023f47f03c2f82c31114a136823f0020367
:10eb10001360136913f0020ffbd10e4b1b782bb956
:10eb200000230d4a13600d4a137010bd0c4c0021d8
:10eb3000206806f009fa23680621187808f03afce4
:10eb4000044b00221a70ebe78b0401200080004187
:10eb5000001400438a040120e803012089040120f5
:04eb6000e4030120a9
:020000040000fa
:020000040002f8
:10eb64004ab30369002b32d0c06915e0884201d84a
:10eb74008a420bd21b6813b908e01b6833b19a6848
:10eb84008a42fad8d88902449142f6d818465df8e8
:10eb9400044b70471b68d3b19a688242fad810b408
:10eba400dc8922449042e1d91b68002beed09a689c
:10ebb4008242f9d8f4e7036913b908e01b6833b15a
:10ebc4009a688a42fad8d88902449142f6d81846fb
:02ebd400704788
:020000040000fa
:020000040002f8
:10ebd6002de9f04184b004460e4617469846842235
:10ebe600002109f09ef90b9ba3670c9be36704f1d8
:10ebf60008050a9b0393cdf8088001970096042325
:10ec0600372229462046f1f752fe20b10123184645
:10ec160004b0bde8f08100230393029337220192ea
:10ec2600009504f13f012046f1f741fe034630b955
:10ec3600012222600022626084f88020e7e7012337
:02ec4600e5e700
:020000040000fa
:020000040002f8
:10ec4800f0b50c4649682368a768e56887b00029cd
:10ec58000593a4bf23f00203059305ab0293082391
:10ec6800cde900730646d2e900232046fff768fd88
:10ec7800059bd90642bf00f1ff3030232b54059b7a
:10ec88001a0742bf00f1ff3020232b542269059b4d
:10ec98000093013a3b46121a29183046fef794fcb5
:10eca8007368db0503d563689842b8bf184607b098
:02ecb800f0bdad
:020000040000fa
:020000040002f8
:02ecba007047a1
:020000040000fa
:020000040002f8
:10ecbc001a4ad42303fb0023b3f8503019402bd04d
:10eccc0010b51346d42202fb0032b2f852300b437b
:10ecdc00a2f85230cb0003f010034c1204f00204e3
:10ecec00234301f0040423430c0104f48064234304
:10ecfc00490001f480710b43b2f84e100b43a2f89b
:10ed0c004e30526d3ab1054bd42101fb0033b3f8b0
:10ed1c004e00996d904710bd704700bf8c040120c8
:020000040000fa
:020000040002f8
:10ed2c0001eb81018900d0f898205318525a32b364
:10ed3c005a8932b3da89511e89b2b1f5c06f22d229
:10ed4c0010b4597c012940f2064118bf00211b7cec
:10ed5c00012b08bf41f40761d0f8a43092090b4c89
:10ed6c0044ea02421a6190f8b2201ab11a6942f4cc
:10ed7c0000621a61996200205df8044b704706200e
:10ed8c007047062070476ff00200704704070001bf
:020000040000fa
:020000040002f8
:10ed9c00a0b330b40346104613f0010507d013f8a6
:10edac00014b02eb042262f30f00013989b24a08cd
:10edbc00541ea4b2cab1013403eb440433f8022b41
:10edcc001044a342fad111f0010f1cbf2378c018d4
:10eddc00030c13fa80f000eb10439bb23db963f3c4
:10edec000f00c04380b230bc70471c46ebe7dab270
:10edfc001b0a43ea022363f30f00f2e7002070477b
:020000040000fa
:020000040002f8
:10ee0c0008b5144b186820b107f0cefc114b00224a
:10ee1c001a60114b1968114809f02ef9104b002299
:10ee2c001a60104806f08cf90f4b186820b109f0e5
:10ee3c00f8f90d4b00221a600c4b196831b1064bd6
:10ee4c001868c3689847094b00221a60024b0022cd
:10ee5c001a6008bda8000120ac00012080fc002035
:10ee6c00a000012070fc0020b0000120a4000120b3
:020000040000fa
:020000040002f8
:10ee7c0020b3f8b5044617460e46124b0360124bee
:10ee8c004360124b8360124bc360124b0361124bf5
:10ee9c004361124b836103f17453a3f52303a3f66f
:10eeac009243c3610025056645668566856709f052
:10eebc00effce666276765672846f8bd6ff0ac0087
:10eecc00704700bf67e6096a85ae67bb72f36e3c9c
:10eedc003af54fa57f520e518c68059babd9831f19
:020000040000fa
:020000040002f8
:10eeec005b4c4f475d20746f74616c3d25752070d1
:10eefc00656e64696e673d2575206f766572666c0c
:10ef0c006f77733d25752062756673697a653d254b
:10ef1c00750d0a005b4c4f475d20706f6f6c5f6f17
:10ef2c0066667365743d257520706f6f6c5f7369d1
:10ef3c007a653d257520282575206672616d65738f
:10ef4c002078202575206279746573290d0a0000dc
:020000040000fa
:020000040002f8
:10ef5c0070b44c08002b0cbf01260326c50105f12b
:10ef6c00824505f500456b1883f84060eff3108679
:10ef7c0072b6254495f83030dbb211f0010f10d188
:10ef8c0023f00f0302f00f02134304ebc01404f13f
:10ef9c00824404f5004484f8303006b962b670bc83
:10efac00704703f00f0343ea0213dbb204ebc01407
:0eefbc0004f1824404f5004484f83030ede79f
:020000040000fa
:020000040002f8
:02efca0070478e
:020000040000fa
:020000040002f8
:10efcc0050bb174b93f803310bb11548704770b514
:10efdc00134e4ff486720021304608f09fff114b00
:10efec00c6f8d830002386f80031012386f80331a7
:10effc00344604f8043b0c4d0fcd0fc495e80700c4
:10f00c0084e8070006f1b40007f026ff06f1c400ff
:10f01c0007f022ff024870bd4ff0ff30704700bf71
:0cf02c0080ec002037251672f072030003
:020000040000fa
:020000040002f8
:10f03800f8b550bb184e96f90630022b03d17388e9
:10f0480013f0010f1fd10d46a4220021124808f029
:10f0580067ffedb109f0b8fb0f4c0127277009f0e5
:10f06800b7fb67800223a371002323816b68e360e9
:10f07800303404f15005e7732146284608f020fa99
:10f088001434ac42f7d13046f8bd4ff0ff36fae7fa
:0cf098004ff0ff36f7e700bf30f100201a
:020000040000fa
:020000040002f8
:10f0a400184b1b7853b307282ad810b5adf5007d4b
:10f0b4000c46144b93f812321bb1124b5b8a8342f9
:10f0c40014d0104b1844027a5b6803eb42224ff4cd
:10f0d4000071684608f0fcff4ff4fe7201a9204657
:10f0e40008f082f900200df5007d10bd4ff4fe728a
:10f0f4000549204608f078f90020f4e70420704719
:0cf1040002207047d0dd0020e6dd002076
:020000040000fa
:020000040002f8
:10f1100010b582b0002300938df80430154b5c6865
:10f120002388072b0bd86388adf80030b4f802327f
:10f13000adf802301049684608f043fdb0b104f55f
:10f1400000531b88072b0ed804f500535b88adf8dd
:10f15000003004f508546388adf80230064968466b
:10f1600008f02ffd20b1002002b010bd0120fbe708
:0cf170000120f9e7d0dd002050870300eb
:020000040000fa
:020000040002f8
:10f17c0038b5194b93f81432012b02d000231846e2
:10f18c0038bd154c002584f81452042384f813322e
:10f19c002570fcf7b7f884f81252f4f795ff228a21
:10f1ac004ff6ff739a4209d10b4b032283f81322bb
:10f1bc000023094a012182f81412e0e7fff7a2ffad
:10f1cc00034620b184f8135201212170f1e7024a61
:0cf1dc00032182f81312ece7d0dd0020c4
:020000040000fa
:020000040002f8
:10f1e80070b586b00d4600230393049305930093ee
:10f1f8000193029300eb4000134c04eb800420467b
:10f2080007f0a0ff014638b1836aab420cbf03a8e0
:10f21800684608f096f9f2e701266ff00a0504e05f
:10f2280032462946184606f099f803a807f08affdf
:10f2380003460028f4d1009b1bb16946204608f01c
:0cf248008df906b070bd00bf14f300206b
:020000040000fa
:020000040002f8
:10f254003a20737461636b20636f6d6d616e6473c8
:10f264000000000074637069700000004661696cfe
:10f27400656420746f206372656174652054435023
:10f28400495020436f6d6d616e64730d0a00000078
:10f29400544350495020636f6d6d616e64732074e4
:10f2a40061736b20726567697374726174696f6ee0
:0cf2b400206661696c65640d0a0000bff3
:020000040000fa
:020000040002f8
:10f2c0002de9f043a1f1040e7346042b28bf04235b
:10f2d000bef1000f26d08446002738460cf1ff38d7
:10f2e00009e0002c08bf03200437cb1b042b28bfe8
:10f2f0000423be4517d9fe18002b11dd08eb0705c6
:10f300000ceb060263441e44002400bf12f8013bcc
:10f3100015f8019f83ea09031c43b242f6d1e0e7e6
:0cf320000320e1e70020bde8f08300bfff
:020000040000fa
:020000040002f8
:10f32c0010b504464b1e622b9cbf134b1960134b3c
:10f33c001870f9f701f8124bd3f8ac3123f4fe43f3
:10f34c0023f07f0394b943f4266343f00a030c4a79
:10f35c00c2f8ac310b4b1878fbf796fe074b1b78b9
:10f36c001bb1094b4ff480621a6010bd43f49443f7
:10f37c0043f02a03ebe700bffc05012072040120d7
:0cf38c00008000417104012094810041c8
:020000040000fa
:020000040002f8
:10f39800092818d8dfe800f0190507090b0d0f1127
:10f3a80013150b4870470b4870470b4870470b48bc
:10f3b80070470b4870470b4870470b4870470b481d
:10f3c80070470b4870470b4870470b48704700bfa1
:10f3d800c0450200dc440200f0440200104502006f
:10f3e80028450200444502006045020078450200b5
:0cf3f800a0450200d4440200d8440200ea
:020000040000fa
:020000040002f8
:10f404002de9f0410c46164981421dd100b30bb1e0
:10f414002d211960fcb12d2aa8bf2d221746e2b177
:10f424000026104ddff8388024222946204609f0b2
:10f4340045f86b6a4046984760620136283428359f
:10f44400b742f1d1002001e06ff00500bde8f08182
:10f454006ff00500fae70020f8e70020f6e700bfa8
:08f464008c040120c89f000088
:020000040000fa
:020000040002f8
:10f46c002de9f84305468846076943699847eb68d8
:10f47c003bb30446002607e03c44eb68a34298bf2c
:10f48c00e41a0136b34217d9ab6803fb04f32a68bc
:10f49c0002eb0309d35c13f0010fedd0eb6942468c
:10f4ac004946284698470028e6d199f800306ff372
:10f4bc00410389f8003001e04ff000094846bde8ef
:08f4cc00f8834ff00009f9e795
:020000040000fa
:020000040002f8
:10f4d4000288130a43ea022303804288130a43ea98
:10f4e4000223438043681a0e42ea0362190201f4bc
:10f4f4007f010a431b0a03f47f4313434360836879
:10f504001a0e42ea0362190201f47f010a431b0a3c
:10f5140003f47f4313438360c289130a43ea02233b
:10f52400c381028a130a43ea02230382428a130232
:08f5340043ea122343827047f1
:020000040000fa
:020000040002f8
:10f53c0070b5154b1b68a3b1144b1b688bb1002421
:10f54c00114e124d07e00022022102f05ffa013445
:10f55c002b68a34205d9336853f824000028f2d154
:10f56c00f5e70b4b1868084cc368216898470023d3
:10f57c002360064a1360074b186820b108f051fe4f
:10f58c00044b00221a6070bde0000120e400012051
:08f59c00ec000120f800012041
:020000040000fa
:020000040002f8
:10f5a40072657365740000003a20526573657420b7
:10f5b400686f737400000000710000003a207175d8
:10f5c400697420636f6d6d616e642070726f636522
:10f5d40073736f720000000068656c7000000000b7
:10f5e4003a2068656c7000001b5b41001b5b4200a5
:10f5f4001b5b43001b5b44001b5b317e000000006f
:08f604001b5b347e000000bf17
:020000040000fa
:020000040002f8
:10f60c00144b1b780bbb042a21d870b492b1031f86
:10f61c00114d0439114c561ef6b200eb860000bf9a
:10f62c0053f8046f45f8046b51f8046f44f8046bfd
:10f63c008342f5d1074b1a70094b00221a70094b03
:10f64c0002221a70012070bc704700207047002005
:10f65c00704700bf4d04012090fc0020a0fc00204e
:08f66c004e04012025060120d7
:020000040000fa
:020000040002f8
:10f67400134b1b78834200d1704730b585b00446e4
:10f68400184604f0aff90546204604f0abf90d4bdb
:10f69400d3e90023cde902230b4bd3e90023cde9c1
:10f6a400002303462a4609490020fff771f9044b59
:10f6b4001c70074b1a68074b1a6005b030bd00bfb9
:10f6c40054040120b0fd002090fd002038420300c6
:08f6d400c4010120cc0101205a
:020000040000fa
:020000040002f8
:10f6dc0010b528220021114808f020fc80220021be
:10f6ec000f4808f01bfc01240e4b1c800e4b4ff6f0
:10f6fc00ff721a800d4b00221a7005f0adff0c4bf7
:10f70c00c3e90001204607f0c3fd10b1094a10609f
:10f71c0010bd084b01221a60fae700bfc4fa0020a2
:10f72c0038f50020160601201c060120610401207a
:08f73c00c0fe00202c02012098
:020000040000fa
:020000040002f8
:10f7440038b50f280bd801248440144b1b681c4285
:10f754000bd1134a136801331360002004e0104aec
:10f76400136801331360002038bd0d460d4b002291
:10f774001a7008f025fd55b10a4b986804439c6043
:10f78400084b02221a7008f01bfd0120ece7054b20
:10f79400986820ea04049c60f2e700bf7c0301201f
:08f7a400800301200028004051
:020000040000fa
:020000040002f8
:10f7ac005b42544e5d202573202023256c75202050
:10f7bc00256c6c752e2530396c6c75207320286d7a
:10f7cc006173746572290d0a000000005b42544e8f
:10f7dc005d202573202023256c75202074696d65b0
:10f7ec002062617365206e6f7420757361626c6545
:10f7fc00202d2074696d657374616d7020696e764f
:08f80c00616c69640d0a000043
:020000040000fa
:020000040002f8
:10f81400f8b50f4614461d4606f04cfd38b30646af
:10f824003cb307f03bfb2b198342c4bf401b84b29b
:10f83400316a2944b5698d4203d27369eb1adb43fb
:10f8440019446d1a0135adb2ac4205d8224638468a
:10f8540004f0dcfe20460de02a46384604f0d6fecd
:10f86400621b7169781904f0d1fe204602e0002081
:06f8740000e02046f8bd93
:020000040000fa
:020000040002f8
:10f87a00f0b58fb00f4616461d46044608b3006f12
:10f88a0005f003ff08b3436813b3002307930893f3
:10f89a0009930a930b930c930d9301230193062367
:10f8aa00029306940397049605954368826801a912
:10f8ba000068984710f1ae0f08bf6ff487700fb059
:10f8ca00f0bd002003f0b3f8dce76ff48770f6e7c9
:06f8da006ff48770f3e7f4
:020000040000fa
:020000040002f8
:10f8e000f8b5174b834222d120b393f89c40013cda
:10f8f00064b2002c21db04eb8405ad001e460de054
:10f90000e7b23946304607f062fa39463046fbf72f
:10f9100031fa013c64b2143d002c06dbd6f8983075
:10f920002b441b7c002bf4d0eae7002001e06ff0b1
:10f930000500f8bd6ff00500fbe70020f9e700bf08
:04f940008c04012012
:020000040000fa
:020000040002f8
:10f9440038b5174b83421fd108b393f91430022bf7
:10f9540020d111b30c46124d284605f04ef803236e
:10f96400e3800123237240f2dc53638195f8b130c4
:10f97400237395f8b230637395f8b330a37395f895
:10f98400b830e373002001e06ff0050038bd6ff07c
:10f994000500fbe76ff00100f8e70020f6e700bf81
:04f9a4008c040120ae
:020000040000fa
:020000040002f8
:10f9a80038b505460c468b7b012b0ad0022b1bd0a1
:10f9b80040f2f2321249002006f068fe0723a373d2
:10f9c80038bdc06808f088fc0028f9d1a288e18811
:10f9d800e86806f0c3fa637b03f00103002b0cbf51
:10f9e80002230623a373ebe7c06808f075fc002820
:10f9f800e6d1e86808f036ffa0600623a373dfe7c6
:04fa0800947c0300e7
:020000040000fa
:020000040002f8
:10fa0c0038b504460d46fdf7b1f9034658b11a78de
:10fa1c0012f0010f0ebf42f003021a786ff341028d
:10fa2c001a70184638bd616ae2689142f9d1a26930
:10fa3c00002af6d02046904703460028f1d00278e1
:10fa4c0012f0010f06d002786ff300020270636aa5
:10fa5c00013b636229462046fdf788f903460028de
:04fa6c00d5d1dee72b
:020000040000fa
:020000040002f8
:10fa70002de9f04160b3054690f8420010f0400fc8
:10fa800003d100242046bde8f081984617460e4673
:10fa90000021284608f027f804460028f2d056b185
:10faa00033686b60b8f1000f05d0ab614fb13b68b4
:10fab000ab60eb6105e027b13b68ab60b8f1000fcc
:10fac000f7d195f843306ff3041385f84330d9e745
:04fad0000024d7e750
:020000040000fa
:020000040002f8
:10fad400f8b505460e460161b1f860104161027641
:10fae4004376134ca4f160070c3ca368284698475e
:10faf400bc42f9d131460120fff774fb306d10b1df
:10fb0400736c1b6a9847f06c10b1736cdb68984790
:10fb140000233365f36496f8432063f3861286f872
:10fb2400432096f8422063f3861286f84220f8bdfb
:04fb34006001030069
:020000040000fa
:020000040002f8
:10fb380038b5044615460a6a42f008020a6208699e
:10fb480082890e3a82818c620f4807f0fafc05b967
:10fb580038bd08f039feb4f8623043f01003a4f859
:10fb680062300a4a136801331360094c238b43f04f
:10fb78000103238308f02cfe0022012104f1100068
:10fb880007f062fae4e700bf20f3002044000120f8
:04fb98001cd9002054
:020000040000fa
:020000040002f8
:10fb9c0070b50446456803290ad003681b681049f0
:10fbac002846984723681b680e492846984770bd1d
:10fbbc001646506804f088f860b1b16805f0a7faf1
:10fbcc0023681b680849094a002808bf11462846c3
:10fbdc009847ece723681b68054928469847e6e7f1
:10fbec0080dd0200a8dd020054dd020068dd0200a9
:04fbfc003c2e020099
:020000040000fa
:020000040002f8
:10fc00000d0a69706572663a205761726e696e6797
:10fc10002c2054435020736572766572206469739a
:10fc2000636f6e6e65637420646574656374656488
:10fc30000d0a000069706572663a204661696c655c
:10fc40006420746f20676574202564206279746570
:10fc50007320736f636b65742054582073706163f5
:04fc6000650d0a0024
:020000040000fa
:020000040002f8
:10fc640008b5174b1b6833b338b30246834205d03b
:10fc74009868f8b1824212d00346f9e7104b5b68ea
:10fc8400834207d081680e4b1960104603f002fcd2
:10fc940001200fe00a4b002119605960f5e78268e2
:10fca4009a60074a5268824204bf054a536003f0cf
:10fcb400f1fb012008bd0020fce70020fae700bfab
:04fcc4003cfd0020e3
:020000040000fa
:020000040002f8
:10fcc80038b5032908d013490020fef75ffe124912
:10fcd8000020fef75bfe38bd14460022114660681e
:10fce80008f046f9054600221146a06808f040f9d8
:10fcf800044650b103462a4608490020fef746fe4e
:10fd080021462846f6f7a2fee5e70549fef73efe3e
:10fd1800e1e700bf10e3020034e3020068e30200f9
:04fd280054e302009e
:020000040000fa
:020000040002f8
:10fd2c000e4b1b78bbb90e4b18600e4b19600e4b6b
:10fd3c001a600e4b1a600e4b196001200d4b187097
:10fd4c0000230d4a13700d4a13700d4a1370034ba8
:10fd5c0003221a7070470020704700bf490401202d
:10fd6c005c01012060010120740101207801012057
:10fd7c007c0101204a0401204b040120390401209c
:04fd8c003a04012014
:020000040000fa
:020000040002f8
:10fd90003a20544350206563686f20746573742063
:10fda00073657276657220666f722062616e647729
:10fdb000696474682d72616d702074657374696e06
:10fdc0006700000074657374736572766572000075
:10fdd000544553545345525645523a205359535f54
:10fde000434d445f414444475250206661696c650d
:04fdf000640a0d0094
:020000040000fa
:020000040002f8
:10fdf40053573100535732005b42544e5d204558ef
:10fe040054494e54257520636f756c64206e6f746d
:10fe140020626520636c61696d6564202d20616cce
:10fe240072656164792074616b656e20286d6173fd
:10fe34006b2030782530386c58292e2020257320eb
:10fe440077696c6c204e4f54207265706f72742efb
:04fe54000d0a000093
:020000040000fa
:020000040002f8
:10fe580038b505460139052904d8dfe801f0052839
:10fe68000d1b2428002023e008f0aefc01242c7090
:10fe780008f0aefc20461be008f0a6fc2b781bb966
:10fe880008f0a6fc002013e0013b2b7008f0a0fc52
:10fe980001200de008f098fc2b7801332b7008f056
:10fea80097fc012004e000230360012000e001200a
:02feb80038bd53
:020000040000fa
:020000040002f8
:10feba0010b50c4606f0bff9a8b1034624b194f870
:10feca00422012f0400f10d100225a6219e093f832
:10feda003f2012f0020f14d193f840206ff3c302af
:10feea0083f840200de0002012e090f842206ff3e2
:10fefa00410280f84220446290f8492012f0040f2f
:10ff0a00e5d093f8422042f0020283f84220012011
:02ff1a0010bd18
:020000040000fa
:020000040002f8
:10ff1c0019b310b582b00c46096809b318b390f840
:10ff2c00421011f0400f03d16ff0050002b010bd6c
:10ff3c00214653b190f8433013f0100f16d10092b4
:10ff4c000123021df5f7fcf8f0e7fbf789ff002809
:10ff5c0014bf02204ff0ff30e8e76ff00400704749
:10ff6c006ff00400e2e76ff00500dfe76ff00700c9
:02ff7c00dce7c0
:020000040000fa
:020000040002f8
:10ff7e002de9f04182b0064688461446089d099f39
:10ff8e004ff0030ccdf800c004f08bfc024630b1ec
:10ff9e00218801f108039bb2434504d90022104683
:10ffae0002b0bde8f0817318380e7054390c5970d8
:10ffbe00390a9970df7023880433f118280ef05433
:10ffce002b0c4b702b0a8b70cd702388083323803b
:02ffde00e5e755
:020000040000fa
:020000040002f8
:10ffe00038b50c468b7b012b0ad0022b1dd040f27a
:10fff00013421249002006f04dfb0723a37338bdbe
:020000040003f7
:100000000546c06808f06cf90028f8d12389a28859
:10001000e188e86805f098fd637b03f00103002b9d
:100020000cbf02230623a373e9e7c06808f058f960
:100030000028e4d10623a373e1e700bfa87c0300f6
:020000040000fa
:020000040003f7
:10004000f8b50f46164602f009f878b1054604885f
:10005000104b742202fb04342046f6f7cbfd78b136
:100060006f60ae602046f8f731fef8bd08f0a4f9e5
:100070000028fad008f09af9074905f0c3faf4e726
:1000800008f09af90028f0d008f090f9034905f03b
:10009000b9faeae738f600203015030068150300c6
:020000040000fa
:020000040003f7
:1000a00038b50546154c042384f81332012384f82f
:1000b00014324ff47c236360002384f81232f4f787
:1000c00009f8228a4ff6ff739a420ad0fff720f808
:1000d00068b10a4b002283f8132201221a702846c5
:1000e00038bd032284f813224ff0ff30f8e7034baa
:1000f000032283f813224ff0ff30f1e7d0dd002018
:020000040000fa
:020000040003f7
:100100000200000011be0100d1280300030000001e
:10011000d5220200858d020006000000b5b902005c
:100120000963030009000000854e02008d190200da
:100130000a000000b91a0200858202001a000000bd
:100140000dd901001962030020000000b56802000b
:100150004946030021000000f58e0200d516030079
:020000040000fa
:020000040003f7
:1001600038b504460d460f4b186820b102f034f83c
:100170000c4b00221a6000220b4b1968202005f05e
:10018000fbff0a4b00221a7044b123685c68084bdd
:100190001b68084a126808492846a047074b0022f6
:1001a0001a6038bd600001209800012049fc002041
:1001b0004c000120580001208046030094000120db
:020000040000fa
:020000040003f7
:1001c00008b590f87730012b02d04ff0ff3008bd12
:1001d000036c13b94ff0ff30f9e7b0f84230b0f8d4
:1001e00040201344b0f860201344b0f8622053401c
:1001f000a0f87230002380f87830084b1b689b0809
:10020000036501220221dcf775fa28b10028ccbf72
:1002100001204ff0ff30dae70020d8e7e8000120a6
:020000040000fa
:020000040003f7
:100220004950204c617965722044756d7020646579
:100230002d6163746976617465640a0d00000000c5
:100240004950204c617965722044756d702061635e
:1002500074697661746564206f6e20657468300a15
:100260000d000000506172616d65746572206f75dc
:1002700074206f662072616e67650a0d000000bf12
:020000040000fa
:020000040003f7
:10028000ec6a0100b19f0200f46a01001c6b0100de
:10029000592b0300286b0100586b0100cd1103009e
:1002a000646b0100a06b01005da00200a86b01005f
:1002b000e86b0100b9b60200f46b01003c6c010070
:1002c000fd410300486c0100886c0100e9640300f3
:1002d000946c0100e06c0100cd140200e46c01009c
:020000040000fa
:020000040003f7
:1002e00070b4144a531e0f32002100bf03f8011fdf
:1002f0009342fbd1104b03f1240601250f480ae07d
:100300005c7800ebc4146261497800ebc1118a602b
:100310000c33b3420bd019469a7805fa02f2dc7816
:10032000002cedd05c7800ebc414a261ece770bc4b
:10033000704700bfc0fc0020d4680300008000416b
:020000040000fa
:020000040003f7
:100340006e6f2070776d2070617468206f6e2074fe
:100350006869732070696e00696e74657276616c8d
:100360002062656c6f7720746865206d65617375b8
:1003700072656420706572696f6420666c6f6f725d
:100380000000000070696e2068656c64206279204e
:1003900061206770696f2068616e646c650000bfe2
:020000040000fa
:020000040003f7
:1003a00038b504460d46124a00238b4208bf8242ec
:1003b00005d2104a002305f045fa13430cd04ff440
:1003c0007a7200232046294605f03cfa02460a4983
:1003d0000020fef7dffa38bd064a002320462946f2
:1003e00005f030fa024605490020fef7d3faf2e79d
:1003f0003f420f0040420f00bc810300b481030064
:020000040000fa
:020000040003f7
:10040000f0b583b004460d461646d3175f01500180
:1004100047ead261801a61eb03018f0047ea9077c7
:100420004fea800c39461ceb020043eb0101cb0084
:1004300043ea5073c20010461946074bd3e9002324
:10044000faf778fe0190009622462b4603490020d9
:10045000fef7a0fa03b0f0bd88ff002010340300bf
:020000040000fa
:020000040003f7
:10046000c9b2f8b50446f1b103469a0718461ed141
:100470004ff001354d431e4656f8044b84ea0507fc
:10048000a4f10132a7f1013022ea040220ea0700b8
:10049000024312f0803f11d0184613f8012b2ab105
:1004a0008a42f9d102e007f0cbfa2044f8bd13f8f4
:1004b000012b002afad08a42d7d1f7e73346dae790
:020000040000fa
:020000040003f7
:1004c00037b5154d2b68044673b106f061fc0190f9
:1004d00001a807f081fb0f30019920f00f0007f011
:1004e000c7fa60b100232b60002c08bf01240f3431
:1004f00034f00f0405d1094b0c221a60204603b0da
:1005000030bd042c38bf04242046fdf71ff8002816
:10051000f5d040f8044cf2e710060120f803012062
:020000040000fa
:020000040003f7
:10052000f0b59bb004460d46164600214c2207a8a4
:100530001f4607f0f9fc4ff0ff33029303f2031359
:10054000039304b901accde9044555b16a1e002df1
:10055000069208da094b4f221a604ff0ff301bb0a9
:10056000f0bd2a46f3e71cbf002323703a4631460c
:1005700002a8cde9074406f071fff0e7f803012077
:020000040000fa
:020000040003f7
:1005800010b50446837d13f0200f10d0a37d13f027
:10059000080f18d0d4f8a8309b6b002211462069b0
:1005a0009847002816db032384f8463010bd05f079
:1005b000fbfea36bc01ae36b9842f7d3a37d43f015
:1005c0002003a375e2e743f01003a375002384f82a
:0c05d0004630ebe7204606f0ebfbe7e7c7
:020000040000fa
:020000040003f7
:1005dc002de9f04182b00f4690461e46089807f070
:1005ec0033fd08b3054690f8064124b1002420469b
:1005fc0002b0bde8f081012380f80631d0f8880004
:10060c0005f18c0301930096434632463946eaf7ce
:10061c004bfdd5f88c30b3f1ff3f01d00124e6e758
:0c062c00002385f80631e2e70024e0e737
:020000040000fa
:020000040003f7
:10063800134b1b682bb1834200d07047104b00222c
:100648001a60104b1b68104a1088b8b193f8422002
:1006580012f0400f0bd1002201327433824205d0d0
:1006680093f8421011f0400ff6d000e00023044a3e
:100678001268002ae1d1024a136070470023fae7a2
:0c068800380001203c000120d4fb0020c1
:020000040000fa
:020000040003f7
:10069400154b5a6b1ab310b40146824204d18369d4
:1006a400abb1002206e01a469369d3b19942fad15c
:1006b4008b6923b18c689868204498604ab18b692f
:1006c4009361002000238b615df8044b70471a4648
:1006d400f4e7054b5a6b92695a630120f2e7002054
:0c06e40070470020f0e700bf30f9002054
:020000040000fa
:020000040003f7
:1006f0002de978480646144c63689b699847606109
:10070000606907f019f9054608f062f8d4e90abcf7
:100710001beb05024cf10003c4e90a236369236162
:1007200008f05af8284604f085ff3046fbf7c2fe71
:1007300008b9bde8788808f04bf80446f8f76aff76
:0c074000204608f049f8f4e730f90020ea
:020000040000fa
:020000040003f7
:10074c0008b5124b1b68abb9104b02221a60104b48
:10075c0000221a6008f036f80e4b01221a7008f0cd
:10076c0035f80d4807f067fc002807da0020074b26
:10077c00186008bd012b04d00020fae7044b064a90
:10078c001a600120014b1860f3e700bf3001012013
:0c079c002c010120360401208ced00200f
:020000040000fa
:020000040003f7
:1007a8004c414e38363578004d4348505f4c414ee9
:1007b80038363578000000003139322e3136382e7f
:1007c800302e3230300000003235352e3235352e9d
:1007d8003235352e300000003139322e3136382e80
:1007e800302e3100382e382e382e3800382e382e3c
:0c07f800342e340066756c6c000000bfed
:020000040000fa
:020000040003f7
:10080400f0b58fb00f4616460546e0b1406904f0d6
:100814003fff0446e4b16368ebb12422002105a83c
:1008240007f080fb04230193029503970496636801
:10083400a26801a92068984710f1ae0f08bf6ff4b1
:1008440087700fb0f0bd002002f0f4f80446e1e731
:0c0854006ff48770f5e76ff48770f2e72f
:020000040000fa
:020000040003f7
:1008600000b583b01149d1f8003ad1f8040ad1f8a3
:100870000c2ad1f8081a1b1a40200190009103f0ad
:100880003f030b490020fef785f845f6e06240f291
:10089000ee53019310230093134606498a580649e4
:1008a0000020fef777f803b05df804fbb894002051
:0c08b000ecee02000000002020ef02002f
:020000040000fa
:020000040003f7
:1008bc0010b584b0134803f007faa0b10446124bec
:1008cc009a680092da6801921a6902925b69039342
:1008dc00012301aa6946fff7c5f802a9204606f0d4
:1008ec00bffb039b43b9084b93f8241093f82000eb
:1008fc00fbf794fb04b010bd03a9204606f0befb29
:0c090c00f1e700bf2088030048fa00203b
:020000040000fa
:020000040003f7
:1009180030b58db007f0e6fc032815d001a802f029
:10092800c9fca0b10d4c01ad0fcd0fc40fcd0fc444
:1009380095e8070084e80700094b0a4a05210a4898
:10094800fbf724fb0db030bdfef714fce6e70348c7
:10095800fbf710f903f0b8fbeee700bf48fa0020f8
:0c0968004841030080410300844103006b
:020000040000fa
:020000040003f7
:1009740008b50f4b1b788bb100220d4b1a700d4b31
:100984001a700d4b1a704ff480410c48fff7ccf9e4
:1009940048b10b490020fdf7fbff03e009490020a3
:1009a400fdf7f6ff08bd08490020fdf7f1fff9e760
:1009b400480401204604012047040120a00004004b
:0c09c400ecc50200d4c5020008c6020009
:020000040000fa
:020000040003f7
:1009d00055736167653a206c616e5f777269746503
:1009e000203c616464726573735f6865783e203c87
:1009f00076616c75655f6865783e0a0d00000000e1
:100a00004578616d706c653a206c616e5f777269d4
:100a100074652030783030303430303030203078e9
:0c0a200031323334353637380a0d00000f
:020000040000fa
:020000040003f7
:100a2c00f8b5134b1b78b3b1124bd3e90023134326
:100a3c0016d004f011fe104bd3e900458d4208bfcf
:100a4c00844212d20b4bd3e90023001b61eb05014e
:100a5c0004f0f2fef8bd4ff0ff304ff0ff31f9e734
:100a6c004ff0ff304ff0ff31f4e700200021f1e7a9
:0c0a7c005a040120a0fe002080fe002093
:020000040000fa
:020000040003f7
:100a8800134b1b784bb1124a0123117c31b101334e
:100a98001032082bf9d10020704700230c491b01a4
:100aa800c8180022ca5042608260c2600122ca543b
:100ab80008490a88531c9bb20b8042800bb901225b
:100ac8000a80054a92f82530013382f825307047ac
:0c0ad80038f5002016060120c4fa0020aa
:020000040000fa
:020000040003f7
:100ae4000e4a38b5002313600d4a0e4c13600e4aab
:100af4000e4d13600e4a13600e4a13600e4a536281
:100b040013610123936007f073fbfef7d4f8ac4242
:100b140000d338bd54f8043b9847f8e7000401209b
:100b24001cf800207002000018f800207402000075
:0c0b340010f8002014f8002020f8002029
:020000040000fa
:020000040003f7
:100b400000b583b0e2b941f2cc13c35cc3b900f580
:100b50008d530833d3e90023134301d1002302e06e
:100b600000f58d53083300f58d521268009241f262
:100b7000b812825a0121fdf76ff803b05df804fb4b
:100b8000002141f2cc13c15400f58d531b68009332
:0a0b90000b460a46fdf760f8efe798
:020000040000fa
:020000040003f7
:100b9c00144b834220d110b310b586b00c46002301
:100bac000093adf8043029b106226946204606f0c0
:100bbc0009fc60b900220023cde902238df8143022
:100bcc0002a90848ebf754ff002006b010bd0494ae
:100bdc0001238df81430f3e76ff0050070476ff0c8
:080bec00050070478c04012094
:020000040000fa
:020000040003f7
:100bf4005010010020870300d5180100916a0300fa
:100c04008f9c0100e5510300d53f0200155a0300f3
:100c1400716a0300212703009d0b03007d16000069
:100c2400e1770200e5cd0100e1f80200c56c0200a5
:100c340045f9020005f40200d926030081d701001a
:080c440015ae0200396f030038
:020000040000fa
:020000040003f7
:100c4c001011010048870300d35803000fbe0100a8
:100c5c003b110200cb5d02002d6e000041f501003e
:100c6c00e93a0300cda4010061880300f56f02008e
:100c7c00a57802006335030067880300d1240300c4
:100c8c006160030011450100c1440300bb860300f1
:080c9c00334a03004187030005
:020000040000fa
:020000040003f7
:100ca40021b370b40e68eeb1114b1968114b1a8858
:100cb400d2b100230de091f8424014f0400f04d06b
:100cc4004c6874408d682c4209d0013374319342ce
:100cd40004d00028efd08842f7d1ece70021084681
:100ce40070bc70470021fae70021f8e70846704716
:080cf4003c000120d4fb0020ac
:020000040000fa
:020000040003f7
:100cfc00756e6b6e6f776e006d69696d3a20416e23
:100d0c006f74686572206f7065726174696f6e20a4
:100d1c006f6e676f696e672e205265747279210d44
:100d2c000a0000006d69696d2025733a20616e2000
:100d3c006572726f72206f636375727265643a20ac
:080d4c002564210d0a0000bf1f
:020000040000fa
:020000040003f7
:100d5400013880b2092820d810b500b200ebc004d5
:100d6400104b13f82430d3b123460e4c04eb830309
:100d74009b681c6944b100ebc0000a4b03eb800084
:100d8400b0f90600a04710bd00ebc000054b03eb13
:100d94008000ff23c3700020f5e700207047002087
:080da400f1e700bf68e7002041
:020000040000fa
:020000040003f7
:100dac00013880b2092820d808b500b200ebc00287
:100dbc00104b13f82230d3b113460e4a02eb8303c7
:100dcc009b689a6942b100ebc0000a4b03eb8000b0
:100ddc00b0f90600904708bd00ebc000054b03ebd3
:100dec008000ff23c3700020f5e70020704700202f
:080dfc00f1e700bf68e70020e9
:020000040000fa
:020000040003f7
:100e0400013880b2092820d808b500b200ebc0022e
:100e1400104b13f82230d3b113460e4a02eb83036e
:100e24009b68da6942b100ebc0000a4b03eb800017
:100e3400b0f90600904708bd00ebc000054b03eb7a
:100e44008000ff23c3700020f5e7002070470020d6
:080e5400f1e700bf68e7002090
:020000040000fa
:020000040003f7
:100e5c00013880b2092820d808b500b200ebc002d6
:100e6c00104b13f82230d3b113460e4a02eb830316
:100e7c009b68da6a42b100ebc0000a4b03eb8000be
:100e8c00b0f90600904708bd00ebc000054b03eb22
:100e9c008000ff23c3700020f5e70020704700207e
:080eac00f1e700bf68e7002038
:020000040000fa
:020000040003f7
:100eb400013880b2092821d808b500b200ebc0027d
:100ec400104b13f82230dbb113460e4a02eb8303b6
:100ed4009b681a6b4ab100ebc0000a4b03eb80001d
:100ee400b0f90600904780b208bd00ebc000054b86
:100ef40003eb8000ff23c3700020f5e70020704758
:080f04000020f1e768e700207e
:020000040000fa
:020000040003f7
:100f0c0008b5144b9b7df3b1124a137edbb2927d74
:100f1c0012f0800f18d10f4a137edbb2927d12f0c3
:100f2c00010f04d013f0010f01d0f9f739fb094a76
:100f3c00137edbb2927d12f0040f04d013f0040f79
:100f4c0001d0f8f789f808bd13f0800fe3d001f059
:080f5c0063f9e0e700340040f6
:020000040000fa
:020000040003f7
:100f640038b5044603f0fafb10b3204602f0beff86
:100f74000546b0b14378b3b983680bb9436883605d
:100f84000c4b93f8303043b92846fff7affb0024ed
:100f94002c756c7501236b7006e02846fbf788fa04
:100fa400f5e7012400e0002405f05cfc204638bd90
:080fb4000124fbe730f90020e5
:020000040000fa
:020000040003f7
:100fbc00f0b583b01f4603b9f0b122b94ff0ff343e
:100fcc00204603b0f0bd14460e4605460c4bd868bf
:100fdc000c4a0023a0fb040104f02efc00973346be
:100fec002a4601460020f8f7cdfc0446b0f1ff3f3d
:100ffc00e6d0fff7b1ffe3e74ff0ff34e0e700bfc7
:08100c0030f9002040420f0002
:020000040000fa
:020000040003f7
:10101400018703003d1e0200f5730200e5f30100a1
:101024003915010001590300000000000000000010
:101034005da402000000000089280300914d020015
:1010440089840100000000002d6a0300255c030070
:101054006d670300ed5c020065250300696203000f
:08106400dd130300137b030000
:020000040000fa
:020000040003f7
:10106c00f78603003d1e0200f5730200e5f3010054
:10107c0039150100015903000000000000000000b8
:10108c005da402000000000089280300914d0200bd
:10109c0089840100000000002d6a0300255c030018
:1010ac006d670300ed5c02006525030069620300b7
:0810bc00dd130300137b0300a8
:020000040000fa
:020000040003f7
:1010c400997503002d7a02006b1a0300f17a02006d
:1010d400bd2a0200236603000d600300557b030054
:1010e400b37503002f590300793e0300b7e00200f3
:1010f4004966030015f802006f6603005d5903009a
:10110400d9670300296f02009def0100fb7f0300f4
:08111400cd750300fd7a030014
:020000040000fa
:020000040003f7
:10111c0005a502002d7a02006b1a0300f17a020079
:10112c00bd2a0200236603000d600300557b0300fb
:10113c00b37503002f590300793e0300b7e002009a
:10114c004966030015f802006f6603005d59030041
:10115c00d9670300296f02009def0100fb7f03009c
:08116c00cd750300fd7a0300bc
:020000040000fa
:020000040003f7
:1011740072656164656e763a2072656c6f61646550
:10118400642066726f6d20454550524f4d20616e4c
:1011940064206170706c6965642e0d0a00000000a3
:1011a40072656164656e763a206e6f2076616c6953
:1011b4006420636f6e66696720696e2045455052ee
:0811c4004f4d2e0d0a0000bf83
:020000040000fa
:020000040003f7
:1011cc0038b5032908d010490020fdf7ddfb0f4985
:1011dc000020fdf7d9fb38bd14460022114660688b
:1011ec0006f0c4fe054600221146a06806f0befebd
:1011fc000146284602f0deff0028ecd1044a0549de
:10120c00fdf7c2fbe7e700bfd0090300000a0300ab
:08121c0030e5020064e5020068
:020000040000fa
:020000040003f7
:101224000b4b187000230b4a13600b4a13600b4ad4
:1012340013700b4a13700b4a13700b4a13700b4a4a
:1012440013700b4a13700b4b01221a70704700bfc6
:1012540023060120700101206c01012041040120ba
:1012640043040120450401204404012042040120d8
:0812740046040120480401209a
:020000040000fa
:020000040003f7
:10127c003a207261772045746865726e65742066d9
:10128c0072616d652074657374202845746865728d
:10129c0054797065203078383842352900000000c8
:1012ac006e6f6970000000004e4f49503a20535940
:1012bc00535f434d445f414444475250206661693b
:0812cc006c65640a0d0000bf0f
:020000040000fa
:020000040003f7
:1012d400746573747365727665723a20636c6965bc
:1012e4006e7420636f6e6e65637465640a0d00002e
:1012f400746573747365727665723a20636c69659c
:101304006e7420646973636f6e6e656374656420c4
:101314002872783d256c752074783d256c752062a3
:0813240079746573290a0d00bc
:020000040000fa
:020000040003f7
:10132c0038b5036d04463bb1426d934204dc002397
:10133c00e3644ff0ff3038bd204605f01ff900285c
:10134c00f5db236dd4e90f12a3b1656d5b1b551a48
:10135c00ab420fdc013b0b44e36422b1636d521ac8
:10136c0001321a44626511f8013c834218bf01f83e
:08137c00010ce0e71346efe766
:020000040000fa
:020000040003f7
:101384002de9ff41134dd1f80080af88adf80c7002
:1013940006462868029002aca8798df80e00002a4f
:1013a40018bf1446d1e901571a461bb9204606f066
:1013b40045fb0246002d02dbaa4228bf2a46cdf88f
:1013c40000803b4621463046fcf700f904b0bde8f6
:0813d400f08100bf58880300fe
:020000040000fa
:020000040003f7
:1013dc0010b504f02fff10b3044690f83c30012bed
:1013ec0018bf002000d010bdc3682bb11b6a13f0ce
:1013fc00080f07d00023c360012211462046f9f7dd
:10140c0053fd70b194f8413013f0020f02d04ff439
:10141c00b860e8e76068a368c01a80b2e3e7002010
:06142c00e1e70020dfe70c
:020000040000fa
:020000040003f7
:10143200f0b50c4649682368a668e76887b00029ba
:101442000593a4bf23f00203059305ab02930a237d
:10145200cde900630546d2e900232046fdf773f982
:101462002269059b0093013a3346121a391828461d
:10147200fcf7adf86b68db0503d563689842b8bf2b
:06148200184607b0f0bda2
:020000040000fa
:020000040003f7
:10148800f8b541f2c711445cf4b141f20c16851964
:10149800297901396f79394001ebc10189008759f0
:1014a8007e1886f8222033849df8183086f8233079
:1014b800079b7360089b7b506b7901336b7141f21a
:1014c800c813c35c13b11c462046f8bd0021ddf7e4
:0414d8001bfbf9e71a
:020000040000fa
:020000040003f7
:1014dc0038b50c468b7b012b0dd05ab2bab1043bfc
:1014ec00dbb2012b13d80831c06807f0d6f9b0b1c4
:1014fc000523a37313e00546c06806f0ebfe70b934
:10150c00a288e188e86807f0c6f9a07307e04ff4f9
:10151c0086620349002005f0b7f80723a37338bd92
:04152c00bc7c030080
:020000040000fa
:020000040003f7
:10153000496e76616c6964204472697665722048f0
:10154000616e646c650000004661696c65642074be
:101550006f2067657420636c69656e74206d7574a7
:101560006578206c6f636b004661696c65642074fc
:101570006f20676574207265736f75726365206c88
:041580006f636b002a
:020000040000fa
:020000040003f7
:1015840008b528b1104b186805f0d0fa0346b0b975
:101594000e4b1b680e4a108898b1002203e00132fa
:1015a400743382420ad093f8421011f0400ff6d0ff
:1015b40093f86a1011f0010ff1d000e000231846ef
:1015c40008bd0023fbe700bf380001203c000120d8
:0415d400d4fb002024
:020000040000fa
:020000040003f7
:1015d80050696e673a2077726f6e67207265706c1b
:1015e800792072656365697665642e204d61736b39
:1015f8003a2030782532780d0a00000050696e676d
:101608003a207265706c795b25645d2066726f6d37
:101618002025733a2074696d65203d2025646d731b
:041628000d0a0000a7
:020000040000fa
:020000040003f7
:10162c002de9f04383b00546894690461f460f4c82
:10163c0004f1200004f0dcff246a84b90c4805f0a6
:10164c008dfd03b0bde8f083a368009366683b464c
:10165c00424649462846b0472468002ceed0e36841
:10166c00002bf1d0ab42f7d1eee700bf60f80020c1
:04167c0080f80020d2
:020000040000fa
:020000040003f7
:1016800038b504460d4690f8ce30012907d0012b1d
:101690000cd00f4b1b78a3b184f8ce5038bd012b72
:1016a000f7d00b4a1378013b1370f2e7084a13781e
:1016b0000133137000224ff48071212000f0c8fa2a
:1016c000e7e74ff48071212004f06afde4e700bff2
:0416d0002f040120c2
:020000040000fa
:020000040003f7
:1016d40070b5114b1c68002c02dd037e022b00d078
:1016e40070bd013c0c4b1c60002cf9d10b4b1b68ea
:1016f400002bf5dd0a4d094e09e006f096fd0023a6
:10170400c5f8c0300134d8353368a342e8ddd5f8d4
:10171400c0000028f1d1f5e7fc0001200001012000
:0417240098ef00201a
:020000040000fa
:020000040003f7
:10172800114b1b7823b90123104a13700e4a13700a
:10173800a0b9b1b10e4b93f9003013b14ff0ff309f
:10174800704710b588680a4b98604a685a60022446
:101758001c70536809689847002010bd4ff0ff308f
:1017680070474ff0ff3070473504012034040120e2
:0417780010fd002040
:020000040000fa
:020000040003f7
:10177c00f0b583b01f4603b9f8b122b94ff0ff346e
:10178c00204603b0f0bd14460e4605460c4bd868f7
:10179c004ff47a720023a0fb040104f04df800977b
:1017ac0033462a4601460020f8f7ecf80446b0f11f
:1017bc00ff3fe5d0fff7d0fbe2e74ff0ff34dfe768
:0417cc0030f90020d0
:020000040000fa
:020000040003f7
:1017d0003a204c414e38363578207265676973740b
:1017e0006572732c2074657374206d6f6465732c3f
:1017f00020504c43410000006c616e004c414e385b
:101800003635585f444941473a205359535f434d59
:10181000445f414444475250206661696c65640ae4
:041820000d0000bff8
:020000040000fa
:020000040003f7
:101824003a2050545020666f6c6c6f776572202b91
:1018340020736572766f202870747066206f6e2036
:101844007c206f6666207c20737461747573207cc1
:1018540020736572766f205b6f6e7c6f66665d20a9
:101864007c206c6f67207c207462207c20726573fe
:04187400657429006e
:020000040000fa
:020000040003f7
:101878005b54424153455d206d6f64656c20776110
:101888007320252b6c6c64206e73206f6666207441
:101898006865207265666572656e6365202d2072c5
:1018a800652d616e63686f72656420616674657228
:1018b8002025752072656a656374696f6e732e0dd5
:0418c8000a0000bf53
:020000040000fa
:020000040003f7
:1018cc002de9f04182b0074688461546bdf8244004
:1018dc000626009602f0e6ff064630b12a88a31cc5
:1018ec0013449bb2434504d90026304602b0bde8f0
:1018fc00f081bb18210ab9545c702888023080b280
:10190c00288022460899384405f06afd2b881c442f
:04191c002c80eae74a
:020000040000fa
:020000040003f7
:1019200070b404468ab10b7804f8013b551e7bb1b4
:101930008618284406e011f8015f03f8015b021bda
:101940004db11c46a6422346f5d1204670bc7047d7
:1019500023462a460446002af7d01a44002100bf35
:1019600003f8011b9a42fbd1002c08bf1446204605
:0419700070bc704790
:020000040000fa
:020000040003f7
:1019740038b50d46012100f0f9faf8b1446829465a
:1019840000f0ecf80146b0b1837b052b87bf04f16e
:101994009802032304f18c0202232046fcf7c6fbc1
:1019a400002534b106f012ff23780133237006f0ca
:1019b40011ff284638bd6ff00105f2e74ff0ff35ff
:0219c400f7e743
:020000040000fa
:020000040003f7
:1019c60038b520b3054606f000ff95f84430b3b9a4
:1019d60006f0fffe6b6ac3b100245a68944238bf12
:1019e60014461b68002bf8d106f0effe95f844303c
:1019f600013385f8443006f0ecfe200138bd013b8a
:101a060085f8443006f0e5fee4e70024ece7002420
:021a1600f3e7f4
:020000040000fa
:020000040003f7
:101a180070b504460d46164690f87630023b072b03
:101a280011d8dfe803f0080808081004080811f0c6
:101a3800020f08d114e003680361c36083600022c9
:101a48001421daf753fe15f0030f05d094f875301a
:101a580043f0040384f8753031462046eef740fd24
:021a680070bd4f
:020000040000fa
:020000040003f7
:101a6a002de9f0410746884616461d4604f01ffc3c
:101a7a00a8b1044690f87620d31edbb2022b10d907
:101a8a00082a12d035b12a464146384600f063ff8b
:101a9a00034638b15eb1a4f86060012302e0002376
:101aaa0000e000231846bde8f0810023fae701238d
:021aba00f8e74b
:020000040000fa
:020000040003f7
:101abc0070b500239ab098420393a6bf00f100437f
:101acc0003f1ff334ff0ff330d46119004900021ca
:101adc00044602a81646129305f0dcffdde91e232e
:101aec003146cde9002302a80122def767ff35b1ac
:101afc00dde911329b1a179a13441c442c601ab05e
:021b0c0070bdaa
:020000040000fa
:020000040003f7
:101b0e002de9f0410446904601eb01118e0000f1e3
:101b1e00600502e0d7b1e36a93b9236b13b10321d9
:101b2e0028469847d4f88c003044183005f019fa3e
:101b3e000746236b002bedd0042128469847e9e792
:101b4e0041f25002414638469847e6e7bde8f0813b
:020000040000fa
:020000040003f7
:101b600009b310b50c46c87b831edbb2012b01d92b
:101b7000002010bd8b7b052b0ad840f213520b4975
:101b8000022814bf0020012004f084fd2046f0e765
:101b900040f217520549032814bf0020012004f029
:101ba00079fd2046e5e70846704700bff87c030052
:020000040000fa
:020000040003f7
:101bb0008b691148c3f30721742202fb0101dbb2d8
:101bc000c96803eb830331f8333002fb0302526c24
:101bd00002b9704710b5742202fb030400221146bb
:101be000e06a05f04dfb636c626b0449e06af3f751
:101bf00083fc0023636410bd38f6002060fc0020e5
:020000040000fa
:020000040003f7
:101c0000e0b12de9f04180460f4b1c680f4b1f8857
:101c1000bfb1002503e001357434bd420ad0666cc3
:101c2000002ef8d07168404605f0cbff0028f2d1b5
:101c3000308801e04ff48050bde8f0814ff48050cf
:101c400070474ff48050f7e73c000120d4fb0020a0
:020000040000fa
:020000040003f7
:101c500001281cd938b515460c460e4b03eb001075
:101c600003890b430381002205f0f2f914f4807f0d
:101c700003d0094a1368013313600db1284638bdfb
:101c800000222146054805f0e3f90120f7e700208e
:101c9000704700bf1cd900202c0001202cd9002047
:020000040000fa
:020000040003f7
:101ca0006661696c656400006f6e00006f666600b7
:101cb00074637020747261636520257320666f728f
:101cc00020736f636b65743a2025642025730d0ab9
:101cd0000000000075736167653a20746370747268
:101ce000616365206f6e2f6f6666206e0d0a0000bf
:020000040000fa
:020000040003f7
:101cf000495076343a204661696c656420746f20df
:101d0000726567697374657220415250206e6f74fa
:101d1000696669636174696f6e21200d0a000000b5
:101d2000495076343a2041525020656e747269658c
:101d30007320706f6f6c20656d707479210d0a00cf
:020000040000fa
:020000040003f7
:101d4000544350204e554c4c2064796e616d69634c
:101d500020616c6c6f636174696f6e2068616e6482
:101d60006c652f696e697420646174610000000005
:101d7000205443502044796e616d696320616c6c1e
:101d80006f636174696f6e206661696c65640000e1
:020000040000fa
:020000040003f7
:101d9000697065726620696e7374616e6365202573
:101da000643a20547820646f6e652e20536f636b05
:101db000657420636c6f7365642e0d0a000000006b
:101dc00069706572663a20696e7374616e6365202e
:101dd000256420636f6d706c657465642e0d0a0058
:020000040000fa
:020000040003f7
:101de00038b503681b680e4940689847c022002137
:101df0000c4806f099f80c4b186868b11c46002591
:101e00006368834207bf656025608368236001f0d3
:101e100043fb20680028f3d1044b01221a6038bd2f
:101e20003c4c030070f000203cfd00201801012014
:020000040000fa
:020000040003f7
:101e300008b583b2cbb9184603eb43020f4b03eb53
:101e400082035a68a2b100eb40000c4b03eb800008
:101e5000536a8068984701280cd043b263b10228c6
:101e60000cbf01204ff0ff3008bd4ff0ff30fbe703
:101e70000020f9e70220f7e70020f5e710fd002039
:020000040000fa
:020000040003f7
:101e800061646d696e00000070617373776f7264d6
:101e90000000000054656c6e6574204163636573d7
:101ea000732041757468656e746963617465640a52
:101eb0000d00000054656c6e6574204163636573aa
:101ec00073204465636c696e65640a0d000000bf91
:020000040000fa
:020000040003f7
:101ed00000b589b00023adf814300df1170202925d
:101ee00006aa01920122009205aaf4f71bfe88b10e
:101ef0009df8173083b1bdf8180003f043fc68b1ba
:101f000006f096fc00210846fdf710fa002009b003
:101f10005df804fb0520fae70520f8e70520f6e761
:020000040000fa
:020000040003f7
:101f200010b310b50446027882b14379012b0ed06c
:101f30000079022105f03efa002323700b4b93f841
:101f400025301bb1013b094a82f8253010bd06f04f
:101f50006ffc00210846fdf7e9f920796379012b30
:101f60000cbf03210221e5e7704700bfc4fa00203f
:020000040000fa
:020000040003f7
:101f7000e8b110b504460288dab190f90c20022ac3
:101f800019d169b94068b8b190f90620022a14d174
:101f9000428802f00102002a14bf204600200be014
:101fa000406801f0c0fd002818bf204604e0002072
:0e1fb0007047002000e0002010bd0020fce77c
:020000040000fa
:020000040003f7
:101fbe0010b370b505460368fbb106f09cf90646f2
:101fce00012813dd002402e00134a6420ed0204683
:101fde0004f097fd04f0a5fd02460028f4d02b680e
:101fee0041684b4081680b42eed103e00120fff7c0
:0e1ffe00c2fa0246104670bd70470022fae794
:020000040000fa
:020000040003f7
:10200c00416279b190f8493013f0040f0ad190f87d
:10201c003f3013f0020f05d190f840306ff3c3033b
:10202c0080f840308ab190f83c30012b01d0002070
:10203c0070471368836190f8403043f060036ff38e
:0e204c00c71380f84030012070470020704715
:020000040000fa
:020000040003f7
:10205c00431e13f1030f16d810f47f4f15d1c3b2e2
:10206c000d4a9268934212d203eb83020a4bdb684f
:10207c0003ebc2035a6a82420bd1da78002a08bffa
:10208c000023184670470023fbe70023f9e70023e1
:0c209c00f7e70023f5e700bf38f600204e
:020000040000fa
:020000040003f7
:1020a80008b510f0160f09d1b1f862301843a1f83d
:1020b80062000c4a13680133136012e0b1f8623011
:1020c8001843a1f86200074a1368013313600648f1
:1020d800038b43f00103038300220121103004f035
:0c20e800b3ff08bd440001201cd90020fb
:020000040000fa
:020000040003f7
:1020f400e8b1f1b130b589b015460c46c378019307
:1021040083780093437802780b4903a805f090fa8a
:1021140003a805f093fc0130a84202d9002009b0bd
:1021240030bd03a9204606f0c3f90120f7e70020db
:0c21340070470020704700bf10830300bc
:020000040000fa
:020000040003f7
:1021400010b5044603f03ef994f842306ff34103b2
:1021500084f84230204604f058fce06a20b109229d
:102160006ff0100103f0fef8b4f91220054b1b6864
:10217000002143f82210044b1868c3682146984791
:0c21800010bd00bfcc000120dc000120dd
:020000040000fa
:020000040003f7
:10218c0040f2b453a0f8d23040f2be53c3600022e8
:10219c000023c0e908238362c36203634363c0f86e
:1021ac00943080f8cd30c0f88830c0f88c30c0f84e
:1021bc009830c0f89c30c0f8a030c0f8a430c0f8fb
:0c21cc00a83080f8d030c0f8b430704764
:020000040000fa
:020000040003f7
:1021d80078b103460f4a116871b110b588420ed024
:1021e8000c681cb1a3420cd02146f9e76ff005003a
:1021f8000fe06ff0050070476ff0050070470c4660
:102208000021044804f0e3f92146034805f099f950
:0c221800002010bdf8fc002004fd002098
:020000040000fa
:020000040003f7
:1022240008b5104b5b8b13f0070300d108bd0e4ab1
:10223400d3870c4b80221a7607225a831b7e13f015
:10224400040f05d0074b9a6a1a7e12f0040ffad1d4
:10225400054b1b6a002be9d0034b596a1b6a022009
:0c2264009847e3e700340040ecf800204d
:020000040000fa
:020000040003f7
:1022700038b50f4b1c7804ebc40505ebc5030d4db9
:102280001d4450220146284606f01af9002385f81d
:1022900050300134e4b2132c02d8054b1c7038bd09
:1022a000034b00221a70044b01221a70f7e700bf9b
:0c22b0003704012098c6002038040120eb
:020000040000fa
:020000040003f7
:1022bc00636f6d6d616e6420686973746f72793ac7
:1022cc002025752f25752c206f6c64657374206622
:1022dc006972737420287468697320636f6d6d6103
:1022ec006e6420696e636c75646564290d0a000068
:0c22fc0020202532753a2025730d0a00c1
:020000040000fa
:020000040003f7
:102308005b4e6f49502d52585d202325752073650b
:10231800713d25752066726f6d20253032583a253b
:102328003032583a253032583a253032583a25302a
:1023380032583a25303258206c656e3d2564207439
:0c234800733d256c6c75206d730d0a0050
:020000040000fa
:020000040003f7
:102354003a2050545020666f6c6c6f776572206f12
:102364006e2074686520543153207365676d656e03
:1023740074000000707470660000000050545046f1
:102384003a205359535f434d445f414444475250ac
:0c239400206661696c65640d0a0000bfe2
:020000040000fa
:020000040003f7
:1023a00008b50d4b40225a7130221a729a720023de
:1023b0000a4a13700a4a13700a4b1868b0f1ff3fbb
:1023c00003d1094b00221a7008bd01f0cdfd054b69
:1023d0004ff0ff321a60f4e7003c00406c0401202b
:0c23e000730401200406012062040120a7
:020000040000fa
:020000040003f7
:1023ec002de9d003eff3108472b60d4b1b7803f07c
:1023fc00ff0273b10b4bd3e9006756ea070301d117
:10240c00002206e0084bd3e90089c0e90089c1e944
:10241c00006704b962b61046bde8d003704700bf30
:0c242c006204012048ff002078ff00201f
:020000040000fa
:020000040003f7
:1024380001f000428b1aa3f16051b1f5801f0adb4d
:10244800b1f17f6f09d242eac102c10071f10041c6
:1024580042eb507070471046704701285b4113f5f6
:10246800001f02d842f0ff407047c90041ea50708f
:0c247800104340f4800040f080407047aa
:020000040000fa
:020000040003f7
:1024840010b50f4c236863b1002813da0d4b226892
:102494001b68d21a43429a4208db22681044206027
:1024a40006e003f0e5f92368002bedd14ff0ff328d
:1024b400104610bd044b1a682368d21a8242ebe717
:0c24c4001cfd002024fd002020fd002055
:020000040000fa
:020000040003f7
:1024d000e9b1f0b40c46eab14368194651f8605fbf
:1024e00048688f68ce6825606060a760e6600d6907
:1024f00048692561606153f8784f58689968db68ce
:10250000146050609160d3600020f0bc70476ff0a1
:0a251000050070476ff00500f7e7c3
:020000040000fa
:020000040003f7
:10251a0070b50e46154660b1044690f8422012f096
:10252a00400f13d13bb93046fff744fd044690b142
:10253a000de0002bf7d029460020fef7aefb04463b
:10254a0048b93046fff736fd044604e01bb9204679
:0a255a0005f051f92860204670bd1d
:020000040000fa
:020000040003f7
:1025640070b5d9b10d46dab1144603f067fe0646dc
:10257400c8b104f0e7f808b9002412e0b068736841
:102584001b1a9ab2944228bf144654b122462946d3
:1025940002f03cf8b3682344b36002e0002400e096
:0a25a4001446204670bd0024fbe73a
:020000040000fa
:020000040003f7
:1025ae00fab138b515460c4603f043fe034620b18a
:1025be0090f83c20a24201d0002038bd012a01d063
:1025ce000020fae793f8402012f0030f0bd12a688f
:1025de005a6193f8412042f0010283f84120012014
:0a25ee00ebe7002070470020e7e74c
:020000040000fa
:020000040003f7
:1025f8002de9f04182b080460f461446089d022618
:10260800009602f051f9024628b121880b1d9bb2b1
:10261800bb4204d90022104602b0bde8f08108eba5
:102628000103280e08f80100290c5970290a99702d
:0a263800dd70238804332380ede7f2
:020000040000fa
:020000040003f7
:1026420010b590f948305a1e134380f84830d0e94b
:1026520005239a42044603d90022c36a11469847c9
:1026620060680023a362c4e90533830755bfd4e938
:10267200023240f010009b18606056bfc4e90f336d
:0a2682004ff0ff3040f3c00010bd20
:020000040000fa
:020000040003f7
:10268c00c1f30a5340f21e42d21a0edd202a0ad898
:10269c00cb0243ea505040f00040d04090eae17049
:1026ac00b0ebe1707047002070474b00004218bf40
:1026bc0043f0010313f5001f88bf21f0004111f016
:0a26cc00004058bf6ff00040704757
:020000040000fa
:020000040003f7
:1026d80030b40f4c844216d1b0b10bb13820186019
:1026e800a1b1372a01d800200ee00c46094d0fcdc4
:1026f8000fc40fcd0fc40fcd0fc495e8030084e8b5
:102708000300382000e0002030bc70470020fbe7c1
:082718008c0401201c050120c6
:020000040000fa
:020000040003f7
:102720000f4b834216d1b8b19b7d13f0040f15d027
:1027300010b50b4cd4f8a8301b69e068984794f8a2
:102740004620084b53f8223020469847a07dc0f31e
:10275000001010bd00207047002070470020704717
:082760008c0401201c7c030025
:020000040000fa
:020000040003f7
:1027680039f00200d72b02009d4a0300896003005c
:10277800bde3010059d7020029370300836903002c
:10278800d17a0300b72e0300f9440300f976030059
:10279800e37403001177030075b202007519030092
:0827a800fd7403002977030012
:020000040000fa
:020000040003f7
:1027b000b0f5805f16d010b40d4b1b680d4a14881d
:1027c0009cb15a88824209d0002201327433a2425d
:1027d00003d059888142f8d100e0002318465df803
:1027e000044b70470023184670470023f6e700bfec
:0827f0003c000120d4fb002095
:020000040000fa
:020000040003f7
:1027f80009680e4b994217d010b40d4b18680d4b51
:102808001c887cb14368994209d000230133743095
:10281800a34203d042689142f8d100e000205df85d
:10282800044b70470020fae7704700bf7f000001a3
:082838003c000120d4fb00204c
:020000040000fa
:020000040003f7
:10284000c9b130b40c46831e9bb2252b15d80c4958
:102850000301c818cd5825b1a54202d0002030bcd4
:102860007047cc5022b1074b1b689a4238bf1ab24e
:1028700082814281f3e7002070470020efe700bf2c
:082880001cd9002034000120e6
:020000040000fa
:020000040003f7
:1028880010b503f0d9fc08b9002010bd044605f0c6
:102898009bff0c4b1b7873b905f09aff2046fff796
:1028a8004bfc05f091ff074a13780133137005f0cc
:1028b8008fff0120e9e7013b024a137005f088ff0a
:0828c800ece700bf2d04012024
:020000040000fa
:020000040003f7
:1028d000104bdb68002b1cdd10b5027e042a04d0ef
:1028e000013b0c4ad3608bb110bd0a4b1b7c002b03
:1028f000fad0084b5c68006905f092fcc0eb001050
:1029000014eb8000f0d003f0c3fcede7f8f722fbf6
:08291000eae7704760f80020bf
:020000040000fa
:020000040003f7
:1029180070b50546b0f8666084694369e41aa4b2e4
:1029280004f0bafa201a80b284420cd0864211d23e
:102938006408801bb5f86c309c4228bf1c46a04236
:1029480001dc002007e0012210212846d9f7cefe3d
:08295800012000e0002070bd29
:020000040000fa
:020000040003f7
:10296000f2b138b515460c4603f0a6fc034620b17b
:1029700090f87720a24205d0002038bd2a681a645a
:102980000120fae790f87600c11ec9b2022909d9e0
:10299000082808bf0020f0d0012aefd00020ece783
:0829a000002070470020e8e769
:020000040000fa
:020000040003f7
:1029a800ecf50200bf6e030003000000f0f5020022
:1029b800f178030003000000f4f50200516c0300f5
:1029c80003000000f8f50200117203000300000084
:1029d800fcf50200e55403000400000004f60200c0
:0829e800b554030004000000d7
:020000040000fa
:020000040003f7
:1029f0000300000024810300060000000000000026
:102a00000200000020640300090000001888030091
:102a10000a000000108803001a000000e883030089
:102a20002000000000000000210000000000000065
:082a3000010000009c050120db
:020000040000fa
:020000040003f7
:102a380007281cdc00eb40030e4a52f8233013f140
:102a4800020f0cd100eb40030a4a02eb830301306a
:102a580008280ad053f80c2f12f1020ff7d000eb18
:102a68004000044b03eb80007047002070470020b3
:082a7800704700bfacf600201e
:020000040000fa
:020000040003f7
:102a800038b50c4c21460020fbf784ff0a4d0b4a59
:102a900029460020fbf77eff094a29460020fbf764
:102aa00079ff08490020fbf775ff21460020fbf75e
:102ab00071ff38bd007e0200507e02003c7e0200a5
:082ac000587e0200a47e020012
:020000040000fa
:020000040003f7
:102ac80030b58db001a800f0f5fb88b10b4c01ad15
:102ad8000fcd0fc40fcd0fc495e8070084e8070099
:102ae800fdf7e8fe06490020fbf750ff0db030bdaa
:102af80004490020fbf74afff8e700bf48fa002026
:082b080074110300a411030085
:020000040000fa
:020000040003f7
:102b100005280ed8dfe800f00f030507090b07486a
:102b2000704707487047074870470748704707488d
:102b30007047074870470748704700bf2c7602006f
:102b40009c750200c0750200e47502000876020060
:082b5000887502009475020073
:020000040000fa
:020000040003f7
:102b580008b5022908d00c490020fbf717ff0b49dc
:102b68000020fbf713ff08bd1346002211465868e2
:102b780005f0fef901f060fe0028f4d1044a054989
:102b8800fbf704ffefe700bff0e4020010e50200e6
:082b980030e5020064e50200d3
:020000040000fa
:020000040003f7
:102ba00030b58bb00e4c002a08bf2246dde90e4539
:102bb000cde9084506935379059313790493d378a7
:102bc00003939378029353780193137800930b4601
:102bd000024604490020fbf7ddfe0bb030bd00bf0c
:082be00010000120082303008e
:020000040000fa
:020000040003f7
:102be800013805280ed8dfe800f00f030507090ba8
:102bf80006487047064870470648704706487047b9
:102c08000648704706487047064870477c570300d7
:102c180060570300645703006c57030074570300a0
:082c2800545703005857030044
:020000040000fa
:020000040003f7
:102c300000b589b00023adf814300df117020292ef
:102c400006aa01920122009205aaf3f76bff68b170
:102c50009df8173063b1bdf8180002f093fd48b13c
:102c6000fff75ef9002009b05df804fb0520fae7e4
:082c70000520f8e70520f6e756
:020000040000fa
:020000040003f7
:102c78000e4ad36843f08073d3600d4b1b6813f082
:102c8800007f0ed10a4b00225a601a6842f00102f6
:102c98001a605a685b68d31a18bf0123054a137073
:102ca8007047044b00221a70704700bff0ed00e037
:082cb800001000e0640401209b
:020000040000fa
:020000040003f7
:102cc00038b50d4b1b7823b90024254620462946ec
:102cd00038bd05f07dfd094b5c68094b1b68a342bc
:102ce00003d9084a136801331360054b1c60054b78
:102cf0001d6805f071fde9e764040120001000e0a3
:082d0000600201205c020120c9
:020000040000fa
:020000040003f7
:102d080010b504460a4b187004f042fb74b1094b25
:102d180001221a70084b1a68084b1a60084b0022e7
:102d28001a70084b00200021c3e9000110bd00bf44
:102d38007904012077040120000301200403012005
:082d48007604012098ff002031
:020000040000fa
:020000040003f7
:102d5000012920d9f0b4071d012606e0334640f8ca
:102d60002350731c994214d9013657f8045b76b18d
:102d700057f8082c9542f1da3c46334644f8042dc6
:102d8000013becd054f8082caa42f7dce7e70560d9
:082d9000eae7f0bc7047704750
:020000040000fa
:020000040003f7
:102d980008b505f013fb0c4ba3fb0030800968b1a4
:102da8000a4b186000225a60094b4ff6ff721a80ce
:102db800084b00200021c3e9000108bd034b012096
:102dc8000021c3e90001efe7d34d6210f0ff0020b6
:082dd8001e060120e0ff0020af
:020000040000fa
:020000040003f7
:102de00070b50e4604460f4d08b92c6844b1204614
:102df0003146faf7f1fe044423781bb92b601c46d8
:102e0000204670bd31462046fbf762fc2044286016
:102e1000037823b1431c2b6000230370f0e72b6081
:082e2000eee700bff003012002
:020000040000fa
:020000040003f7
:102e2800812910b50fd0832903d0802912d0002022
:102e380010bd1368191d1160d0e900011b68c3e9b2
:102e480000010120f4e71368191d11601b68d0e91f
:102e58000001f4e713681c1dd0e9000114601c6828
:082e6800fff7e6fa2060ece739
:020000040000fa
:020000040003f7
:102e700038b50446d0f8a850eb6900699847012896
:102e800010d02b6a2069984768b9b4f8403013f025
:102e9000010f0cd0a37d13f0100f14bf00230223e9
:102ea00084f8463038bd204603f082fffae720461a
:062eb00003f07efff6e7cf
:020000040000fa
:020000040003f7
:102eb60038b51546a9b10c460121fff756f8034669
:102ec600b0b184600db100222a705d6805f07dfc0a
:102ed6002b7801332b7005f07cfc204638bd284644
:102ee600fce76ff00203002df9d02b700020f5e708
:062ef6004ff0ff33f7e787
:020000040000fa
:020000040003f7
:102efc0010b502688a420bd082b11468a14208bf97
:102f0c0014460dd0acb122688a4209d01446f9e7b8
:102f1c000c4604f015f90ce0446006e0144608e099
:102f2c000a68226042688a42f6d08368013b83605b
:062f3c000c46204610bd0a
:020000040000fa
:020000040003f7
:102f4200a9b130b583b00c460a689ab103f0effd1f
:102f520098b190f8433013f0100f11d10023009371
:102f62000123021d2146f2f7f0f803b030bd6ff0e5
:102f7200040070476ff00400f7e76ff00500f4e714
:062f82006ff00700f1e70b
:020000040000fa
:020000040003f7
:102f880010b503f095f9d0b1044690f87730012bcd
:102f980001d0002010bdc36c9bb190f87630032b94
:102fa80003d0082b01d00020f4e7204602f036fabf
:102fb800636822689b1a013b181a80b2eae700206e
:062fc800e8e70020e6e747
:020000040000fa
:020000040003f7
:102fce0010b50278202a034600f10100f9d0a2f1d3
:102fde0009010429f5d92b2a07d02d2a11d1012157
:102fee000133013b00200a2403e00021f8e760438f
:102ffe00801a13f8012f303a092af8d901b9404244
:06300e0010bd0021ede7fa
:020000040000fa
:020000040003f7
:1030140041f2c713c35ccbb110b400f58852547ca1
:10302400137c0c329279a21ad2b29a4210d2013b8a
:10303400234003ebc30341f20c12825802eb8303d7
:1030440008330b6003205df8044b70470020704781
:043054000020f8e779
:020000040000fa
:020000040003f7
:10305800f0b583b00446099804f0f8ff90f80831f9
:1030680093b1002380f80831084f1e46084d00969a
:103078002b4601223946204603f0aeff20b9012134
:103088002046dff793fcf2e703b0f0bd87000a00a3
:04309800cd3d020028
:020000040000fa
:020000040003f7
:10309c00c0b90f4890f99000022816d100b585b040
:1030ac0008980290079801909df818000090084825
:1030bc00d0f8ec0003f02cfc80f0010040b205b01d
:1030cc005df804fb6ff0120070476ff0040070475e
:0430dc0080ec002064
:020000040000fa
:020000040003f7
:1030e00008b503688b420cd002467bb11868814258
:1030f00008bf18460cd0a0b103688b4208d0184610
:10310000f9e703f089ff0ce0506006e0184608e09c
:103110000b68036053688b42f6d09368013b936061
:04312000084608bd98
:020000040000fa
:020000040003f7
:10312400e0b970b582b00c4615461e462f212046e4
:1031340004f090fc034648b15c1c00962b462246e2
:1031440007490020fbf724fc02b070bd5c21204637
:1031540004f080fc03460028efd0ede7704700bf81
:04316400a04503007f
:020000040000fa
:020000040003f7
:10316800d0b10346d1b1112a01d80020704700b56b
:1031780085b0024608465b79039313790293d378a6
:1031880001939378009353781278054904f04efa26
:10319800012005b05df804fb00207047002070474f
:0431a800706b030045
:020000040000fa
:020000040003f7
:1031ac00f8b507460024c473451ee6b215f8010fa6
:1031bc0005f07df8c0b2287018b101340f2cf4d191
:1031cc00f8bd0e2efcd83446bb1901373c44c6f171
:1031dc000e0654fa86f4202203f8012ba342fbd1ed
:0431ec00eee700bf4b
:020000040000fa
:020000040003f7
:1031f00038b505460a4c0b4b1b68db6920689847bd
:1032000000232360084a136005b938bd1a46074bee
:103210001968202002f0b0ff054b00221a70f4e775
:103220007800012080000120840001209800012006
:0432300049fc002035
:020000040000fa
:020000040003f7
:10323400554450204e554c4c2064796e616d696341
:1032440020616c6c6f636174696f6e2068616e6479
:103254006c6500005544502044796e616d696320ab
:10326400616c6c6f636174696f6e206661696c6513
:04327400640000bf33
:020000040000fa
:020000040003f7
:1032780038b5044604f0c6fe002c16db63090c4979
:1032880051f8235004f01f04e54005f00105012220
:1032980002fa04f4203341f82340bff34f8fbff301
:1032a8006f8f04f0b8fe284638bd0025f9e700bf47
:0432b80000e100e051
:020000040000fa
:020000040003f7
:1032bc0010b504462c2201460020f2f751fba0b9b0
:1032cc0022680b4b9a4201d0002010bd6368012b81
:1032dc0001d00020f9e72821204600f03ffba36a2b
:1032ec00834214bf00200120efe70020ede700bf70
:0432fc00464e414cad
:020000040000fa
:020000040003f7
:103300005b504c43415d20656e61626c696e672065
:103310007472616e736d69742d6f70706f727475f5
:103320006e6974792f424541434f4e20636f756e2d
:103330007465727320286f6e652d74696d65290a36
:043340000d0000bfbd
:020000040000fa
:020000040003f7
:10334400d0b582b0044602f08bf96a4603f0aefab7
:10335400034688b10a4ad2e90067dde90001b942af
:1033640008bfb04238bfcde90067dde90001044a77
:10337400c2e90001c4e90001184602b0d0bd00bf93
:0433840038fe0020ef
:020000040000fa
:020000040003f7
:103388003a20636f72726563746564204d435520fb
:1033980074696d6562617365000000007462617331
:1033a8006500000054424153453a205359535f4346
:1033b8004d445f414444475250206661696c6564de
:0433c8000d0a0000ea
:020000040000fa
:020000040003f7
:1033cc002de9f04182b080460e461446bdf82070bf
:1033dc000125009501f066fa024628b121888b1c64
:1033ec009bb2b34204d90022104602b0bde8f08172
:1033fc0008eb0103380a08f801005f7023880233d8
:04340c002380f1e741
:020000040000fa
:020000040003f7
:103410005b545249475d20616374696f6e203220ae
:1034200066697265643a207363686564756c656487
:1034300020256c6c75206e732c206c6174652025c2
:103440006c64207469636b732028256c64206e7330
:04345000290d0a0038
:020000040000fa
:020000040003f7
:103454005b474449565d204c454431206e6f7420cf
:10346400696e207468652070696e207461626c6591
:10347400202d207468652067726964206469766908
:103484006465722077696c6c204e4f542072756e9f
:043494002e0d0a00ef
:020000040000fa
:020000040003f7
:1034980070b590b10e4d2a68a0f110042e46a2b165
:1034a80050f8101c43189a42136807d11033126958
:1034b80002600b4440f8103c2c6070bd1033d518e6
:1034c800ac4202d10b441360f7e702603460f4e7c2
:0434d800f4030120d8
:020000040000fa
:020000040003f7
:1034dc00eab10378c9b28b421ad0431c024493421e
:1034ec00184603f1010312d010b404788c4207d0b3
:1034fc009342184603f1010305d004788c42f7d1ae
:10350c005df8044b704700205df8044b70470020b9
:04351c00704700bf35
:020000040000fa
:020000040003f7
:1035200038b50446d0f8a850eb69006998470128df
:103530000ed02b6a2069984758b9eb6b04f1400212
:10354000002120699847002807db042384f84630cf
:1035500038bd204603f02cfcfae7204603f028fc97
:02356000f6e78c
:020000040000fa
:020000040003f7
:1035620038b50d4614464368d3f8c40098b103f148
:10357200c40000f0eafb2db1002814bf00236ff055
:103582000d032b7034b1021c18bf0122637962f360
:103592000413637138bd11b16ff00d03f1e70846f2
:0235a200f0e750
:020000040000fa
:020000040003f7
:1035a40038b504460d46c06a18b10922022101f05b
:1035b400d7fee5627db1ea692b6923639b89083be9
:1035c400a3869388e386eb690833a36329462046e0
:1035d400f8f700fc38bd00232363a386e386a363c6
:0235e400f4e70a
:020000040000fa
:020000040003f7
:1035e60090f8753013f0100303d0826c0ab10120f5
:1035f600704710b50446003318bf012300f144029a
:1036060000f14001806cfef785ffa06438b194f8a4
:10361600753043f0100384f87530012010bd00208a
:02362600fce7bf
:020000040000fa
:020000040003f7
:1036280010b5054c227832b9044b13b10448aff3f6
:1036380000800123237010bdb8fb002000000000ab
:103648000000000008b5034b1bb103490348aff362
:10365800008008bd00000000bcfb00200000000046
:020000040000fa
:020000040003f7
:10366800dab908b5b0f1ff3f01d048b908bd0b4b36
:10367800d3f880200132c3f88020da6e0132da668e
:10368800064b002283f80621012814bf00210121de
:1036980093f8fd00edf74efde8e7704780ec002059
:020000040000fa
:020000040003f7
:1036a800a8b90e4890f99000022813d100b583b04c
:1036b80005980190049800900848d0f8ec0003f0b1
:1036c800f3f980f0010040b203b05df804fb6ff03d
:1036d800120070476ff00400704700bf80ec0020b4
:020000040000fa
:020000040003f7
:1036e80030b583b00446084604f0b0fc054605f042
:1036f80073f800f017fcc5f8e80000230093074ba7
:1037080001220821204603f067fc08b103b030bd50
:1037180001212046dff74af9f8e700bfadec0100c8
:020000040000fa
:020000040003f7
:1037280038b5b9b10d460121fef71efca8b14468b1
:103738002946e068f5f76afa0546638843f002030c
:10374800638005f041f823780133237005f040f8d1
:10375800284638bd6ff00605fae74ff0ff35f7e762
:020000040000fa
:020000040003f7
:1037680030b40d4b1b680d4a14889cb1002203e04d
:1037780001327433a24209d093f8421011f0400f7d
:10378800f6d05d6801688d42f2d100e0002318464a
:1037980030bc70470023fae73c000120d4fb00202e
:020000040000fa
:020000040003f7
:1037a80038b5437b13b90025284638bd0d46044675
:1037b80005f00af8237b73b905f00af82946204674
:1037c800fff798fb054604f0ffff237b01332373c3
:1037d80004f0feffe8e7013b237304f0f9ffede78f
:020000040000fa
:020000040003f7
:1037e80038b505460c460a4b1b685b690021094a37
:1037f80010889847431e13f1030f05d92b681b68df
:103808000549204698470020044b186038bd00bf82
:10381800800001207c000120487803007800012006
:020000040000fa
:020000040003f7
:1038280010b40d4b1c68002c14dd0c4b19680439be
:10383800002302e00133a34208d051f8042f002ae4
:10384800f8d0528d8242f5d1002000e001205df8c9
:10385800044b70470120fae7d0000120cc0001207a
:020000040000fa
:020000040003f7
:1038680010b40d4b1c68acb10c4b1968043900231b
:1038780002e00133a34209d051f8042f002af8d0fe
:10388800b2f862208242f4d1002000e001205df805
:10389800044b70470120fae7e4000120e000012012
:020000040000fa
:020000040003f7
:1038a800013880b2092813d800b200ebc0020b4bd4
:1038b80013f822307bb110b4084bc200111803eb87
:1038c80081010024cc70b1f906005df8044b704703
:1038d8006ff0040070476ff00400704768e700203d
:020000040000fa
:020000040003f7
:1038e8000d4b01221a601a46136913f0010ffbd120
:1038f800094b10221a6003221a734ef65f229a832c
:1039080033229a72054a0021116020225a721a46ff
:103918001369002bfcd170470038004034fd0020ab
:020000040000fa
:020000040003f7
:1039280008b50d4b1b683bb104f04eff0b4b1b78e1
:103938005bb904f04dff05e0fcf704ff064b1b687c
:10394800002bf1d1044b186808bd013b034a1370e2
:1039580004f03efff6e700bf2c01012036040120e9
:020000040000fa
:020000040003f7
:10396800a9b130b4441e4b1ec5184ff0ff300b49a7
:1039780001e0ac420fd014f8013f5840082240f350
:1039880000030b4083ea5000013af8d1f1e74ff009
:10399800ff30c0437047c04330bc70472083b8ed48
:020000040000fa
:020000040003f7
:1039a80004280cd8dfe800f00d03050709000648d5
:1039b80070470648704706487047064870470648eb
:1039c80070470648704700bf58750200e07402004f
:1039d800fc7402002c750200c0740200cc74020052
:020000040000fa
:020000040003f7
:1039e80004280cd8dfe800f00d0305070900064895
:1039f80070470648704706487047064870470648ab
:103a080070470648704700bfd44e0300b84e030005
:103a1800c44e0300cc4e0300ac4e0300b04e03006e
:020000040000fa
:020000040003f7
:103a280008b50a4b00221a701a7683f8302083f8fa
:103a38004820074b074a01210748f8f7a7fa00b1c1
:103a480008bd0649faf7a2fffae700bf10f7002001
:103a580054230300782303002484030080230300f5
:020000040000fa
:020000040003f7
:103a6800eff3108272b60c4b1b68002b14bf0123b6
:103a780000230dd030b4094cd4e90045c0e9004515
:103a880005480068086002b962b6184630bc70473d
:103a980002b962b6184670470003012090ff002063
:020000040000fa
:020000040003f7
:103aa8000b4b1b7883b10b4ad2f8a0315b0803f4a7
:103ab8008061c2f89811db4303f48063c2f8943143
:103ac800054a136801331360044b40225a6170475a
:103ad8008204012000800041640301200028004086
:020000040000fa
:020000040003f7
:103ae80038b5054644682378012b04bf00232370aa
:103af800d4f88800eff71efb4ff0ff33c4f8883086
:103b080094f8ff30013b84f8ff30002384f801313a
:0e3b1800012222702b606b6084f8903038bd63
:020000040000fa
:020000040003f7
:103b260038b5a8b10446054690f90620022a11d1f7
:103b3600428812f0010f10d004f047fe237813b923
:103b460004f047fe07e0013b237004f042fe02e06a
:0e3b5600002500e00025284638bd0025fbe7cd
:020000040000fa
:020000040003f7
:103b6400d0b110b50446426a82b1026b42b9242234
:103b7400002104f0d7f9236ce06b9847002010bdb6
:103b8400f92280f838206ff00600f8e7f92280f86f
:0e3b940038206ff00600f2e76ff0080070476f
:020000040000fa
:020000040003f7
:103ba20070b50d46164602f04afb98b1044602f083
:103bb200cafd034678b14eb1a26815442268aa42f2
:103bc2000bd86268aa4203d2002304e02268f4e719
:0e3bd200a56000e00023184670bd0023fbe74d
:020000040000fa
:020000040003f7
:103be00090f83f30c3f3011363b1012b14bf0023de
:103bf000012383f0010390f8752063f3c71280f866
:103c000075207047436802689a1ab0f86a3003eb6f
:0e3c10004303b2eb630facbf01230023e9e7cf
:020000040000fa
:020000040003f7
:103c1e002de9f041846b02f58077064688461546fd
:103c2e0000213a462046fff752fc00b1071bbd4269
:103c3e0028bf3d4621462a46404603f0d0fb631975
:0e3c4e003c44f3633464b4632846bde8f0815f
:020000040000fa
:020000040003f7
:103c5c0098b90d4890f99000022811d100b583b0a5
:103c6c00049800900848d0f8ec0003f0b3f980f009
:103c7c00010040b203b05df804fb6ff01200704716
:0c3c8c006ff00400704700bf80ec0020c7
:020000040000fa
:020000040003f7
:103c98000346020a462a84bf203a62f30f23c0b2c1
:103ca800462884bf203860f30703c3f30720392868
:103cb8008cbf37383038c2b2dbb2392b8cbf373bb8
:0c3cc800303bd8b240ea0210c0b2704796
:020000040000fa
:020000040003f7
:103cd400f8b506460b4b1c680b4b1f8857b10025e3
:103ce400314604f16c0003f06aff48b101357434c5
:103cf400bd42f5d13046fdf781fffef757fd04467e
:0c3d04002046f8bd3c000120d4fb00204c
:020000040000fa
:020000040003f7
:103d100038b50446154600eb40000a4b03eb800023
:103d200003f013fc0db9012038bd074800eb041067
:103d3000038943f0010303810022012103f088f984
:0c3d4000f1e700bf14f300201cd90020a4
:020000040000fa
:020000040003f7
:103d4c0038b5437b13b90025284638bd044604f02a
:103d5c0039fd237b6bb904f039fd204603f0f0f9f3
:103d6c00054604f02ffd237b0133237304f02efd55
:0c3d7c00eae7013b237304f029fdeee7a9
:020000040000fa
:020000040003f7
:103d880038b5437b03b938bd044604f01dfd237bd9
:103d98007bb904f01dfd2546284603f0d3f9002819
:103da800fad104f011fd237b0133237304f010fdd5
:0c3db800e9e7013b237304f00bfdece78e
:020000040000fa
:020000040003f7
:103dc400036a13f0010f16d170b50546016961b19c
:103dd400094e01e0214644b10c680b8a13f0010f2f
:103de400f8d13068c3689847f4e7034b1868c36890
:0c3df4002946984770bd70479c000120d4
:020000040000fa
:020000040003f7
:103e0000022815d008b5184613460a460146012077
:103e1000ebf708f8b0f1ff3f09d0074b1b6853f8e8
:103e2000202092f8423043f0020382f8423008bd6d
:0c3e30004ff0ff30704700bfcc000120b5
:020000040000fa
:020000040003f7
:103e3c0038b504460c2380f87630b0f93c20094b99
:103e4c001b68002143f82210074d2868c36861697c
:103e5c0098472868c368216898472868c368214632
:0c3e6c00984738bde0000120ec00012068
:020000040000fa
:020000040003f7
:103e780010b502f01dfaa8b1044690f97430002b71
:103e880009db90f8753043f0040380f875300121a0
:103e9800f6f7e2f940b1002201212046fdf7b8fd0e
:0c3ea800012000e0002010bd0120fce71c
:020000040000fa
:020000040003f7
:103eb4000b4b00221a621a779a60da60094b4ff4ae
:103ec40000325a601a46d369002bfcd1054b0122fb
:103ed4001a73054a1a601a46d369002bfcd170473d
:0c3ee4001cfa0020003000400e003010de
:020000040000fa
:020000040003f7
:103ef000431e13f1030f0fd883b2042b0ed80a4ac6
:103f000002eb4312d26982420ad15a0106498a5c05
:103f100042b101eb4310704700207047002070470a
:0c3f20000020704700207047d4f1002002
:020000040000fa
:020000040003f7
:103f2c0038b5024600244301c10e181a61eb040196
:103f3c008b0043ea907385001946a81844eb0101e5
:103f4c00cb0043ea5073c20010461946024bda68a4
:0c3f5c00234601f071fc38bd30f9002054
:020000040000fa
:020000040003f7
:103f680010b5044600f0f8fbb0b12046fff7bcffdf
:103f7800044678b1437843b90020207560752070f5
:103f8800044602f06dfc204610bdfcf77ffb0023c1
:0c3f98006370f1e70124f4e70124f4e772
:020000040000fa
:020000040003f7
:103fa40038b5b8b1054611b90c46204638bd0c46a3
:103fb400fff7b8fc60b12246294603f05efb04f02b
:103fc40005fc054a13780133137004f003fcece795
:0c3fd4000024f4e70024e8e73604012094
:020000040000fa
:020000040003f7
:103fe0000346a8b1c1650c4ac26402f18832026579
:103ff00002f12942a2f59612a2f68b624265a2f165
:104000008832826500201860586098601866704792
:0c4010006ff0ac00704700bf0123456753
:020000040000fa
:020000040003f7
:10401c0010b50c46094903f0cefd20b908492046dd
:10402c0003f0c9fd28b107490020faf7adfc0020c8
:10403c0010bd0549faf7a8fc0120f9e7801e030022
:0c404c00881e0300b41e0300941e030035
:020000040000fa
:020000040003f7
:1040580008b550681022002103f08aff074b18604a
:1040680038b101280cbf064906490020faf78efc32
:1040780008bd0549faf78afcfae700bf40010120ac
:0c40880040020300640203002002030059
:020000040000fa
:020000040003f7
:10409400757074696d653a20257564202530327514
:1040a4003a253032753a25303275202028256c7532
:1040b40020732073696e636520626f6f742f6c6167
:0c40c4007374207265736574290d0a0086
:020000040000fa
:020000040003f7
:1040d00010b50c4c0c4b2360012363602821204653
:1040e000fff742fca0622c2221460020eff7cefa17
:1040f00008b1002010bd01f03dfdb0fa80f040098c
:0c410000f8e700bf48fa0020464e414c92
:020000040000fa
:020000040003f7
:10410c0010b100230b70704700b587b00846094bff
:10411c005a7f04921a7f0392da7e02929a7e01925f
:10412c005a7e00921b7e044a122103f070fa07b0eb
:0c413c005df804fb48fa0020f06c030062
:020000040000fa
:020000040003f7
:104148003a2070657273697374656e74206e657455
:10415800776f726b20636f6e66696720287361766c
:1041680065656e762f72656164656e762f73686f0c
:0c41780077656e7629000000656e760009
:020000040000fa
:020000040003f7
:10418400f409020015bc0200fc0902002c0a02001a
:104194000dc70100340a0200780a0200c16403005a
:1041a400800a0200b00a0200c92a0300b80a020009
:0c41b400f80a0200114e0300040b020088
:020000040000fa
:020000040003f7
:1041c000094b1b786bb9094b1860094b1960002328
:1041d000084a1370084a1370034b02221a70012018
:1041e00070470020704700bf490401205c01012096
:0c41f00074010120390401203a04012070
:020000040000fa
:020000040003f7
:1041fc0008b501290bdd134600221146586803f05f
:10420c00b5fe074b1978c0b2f7f708ff08bd044b91
:10421c001b78044a127804490020faf7b5fbf5e73d
:0c422c002106012022060120845d030011
:020000040000fa
:020000040003f7
:104238005b505450465d20736572766f202573205d
:104248002d3e2025732020286f666673657420250f
:104258006c6c64206e732c207261746520256c6c04
:0c4268006420707062290d0a000000bf85
:020000040000fa
:020000040003f7
:104274000023084a1360084a136000200021074afb
:10428400c2e90001064ac2e90001064a1360064a6f
:10429400136070471402012010020120b0fe0020b8
:0c42a400a8fe00200c02012018020120de
:020000040000fa
:020000040003f7
:1042b00070b50e46154600f07bfe70b1044603f063
:1042c00051ff10b9084b1b784bb1237c13b1e36845
:1042d000b34206d02c60002070bd0120fce7022014
:0c42e000fae70520f8e700bf6f0401209a
:020000040000fa
:020000040003f7
:1042ec0038b504460025e36be26c934210d25a1c9d
:1042fc00e2631878202809d00938042806d9e36c21
:10430c0013b1e36b013be363284638bd0135eae7a3
:0c431c002046fdf705f8431cecd1f5e746
:020000040000fa
:020000040003f7
:1043280030b50d4a002300bf12f8134024b902eb40
:1043380043035b78184630bd01680d78a54209bf74
:1043480002eb430301335b78013114bfdbb2016038
:0c4358000a2be9d9eee700bf047c03004b
:020000040000fa
:020000040003f7
:1043640038b5436813f4807f0446154611d00369b9
:104374009a4228bf1d465db12a46406903f034f8cd
:10438400636922692b44551b0022636125611a70fd
:0c43940038bddb06fcd403f08dfbf9e71c
:020000040000fa
:020000040003f7
:1043a0004ff4001c1ceb410f98bf1ceb430f11d8be
:1043b00051ea030c50ea4c0c5cea020c0cd004d21b
:1043c00082428b4180410130704790429941804147
:0c43d0000130704700207047012070474a
:020000040000fa
:020000040003f7
:1043dc00f8b50c461646074650b16c3003f02afb74
:1043ec0005461cb116b12db9002323702846f8bd23
:1043fc000025f6e7721e07f16c01204604f05af80e
:0a440c003444002304f8013cf0e7fb
:020000040000fa
:020000040003f7
:1044160038b5437b03b938bd0d46044604f0d5f9db
:10442600237b6bb904f0d5f92946204603f08af8b8
:1044360004f0cbf9237b0133237304f0caf9eae7ce
:0a444600013b237304f0c5f9eee713
:020000040000fa
:020000040003f7
:10445000d0f88c3023b1022906d0012909d0704749
:10446000064bc0f88c30f6e7d0f88c30044a5a611d
:104470007047d0f88c30034a5a60f0e7a8f8002063
:0844800038f4002078f400205c
:020000040000fa
:020000040003f7
:1044880038b504460d46d0f89830b3f91200fef757
:10449800effe084a012303fa05f1136823ea010332
:1044a8001360d4f898300146b3f9120002f0ecfb1f
:0844b80038bd00bfe4820020c2
:020000040000fa
:020000040003f7
:1044c0001b2a01d80020704770b4426852f8045f7c
:1044d00054689068d6680d604c608860ce6015693d
:1044e000546990690d614c6188611bb11c20186092
:0844f00070bc70471c20fbe7c3
:020000040000fa
:020000040003f7
:1044f80038b50c460121fdf737fd78b103468268cf
:10450800a2420ed1002484605d6804f05df92b7826
:1045180001332b7004f05cf9204638bd4ff0ff34ae
:08452800fae76ff00204efe76f
:020000040000fa
:020000040003f7
:104530005443502f495020537461636b3a204e65a9
:1045400074776f726b20636f6e66696775726174e2
:10455000696f6e206c6f6164206661696c65643a96
:084560002025640d0a0000bfd4
:020000040000fa
:020000040003f7
:104568002e2e2f7372632f636f6e6669672f6465d3
:104578006661756c742f6c6962726172792f7463ed
:104588007069702f7372632f74637069705f6d61e7
:084598006e616765722e63007d
:020000040000fa
:020000040003f7
:1045a000544350495020537461636b2041737365c9
:1045b00072743a20696e2066696c653a2025732c06
:1045c0002066756e633a2025732c206c696e653aff
:0845d0002025642c200d0a00d7
:020000040000fa
:020000040003f7
:1045d80030b400240b4b03f1280504e082420cd0d0
:1045e8000433ab4206d01a88002af7d1002c08bf42
:1045f8001c46f5e721b10c600023184630bc704713
:084608000b46fae760050120f2
:020000040000fa
:020000040003f7
:1046100070b402f00306920814d0041f95004b19e1
:1046200051f8042b44f8042f9942f9d128443eb1a3
:104630000138991913f8012b00f8012f9942f9d18b
:0846400070bc70470b46f2e765
:020000040000fa
:020000040003f7
:1046480008b50b4b1b68002b02dd027e022a00d046
:1046580008bd013b064a1360002bf9d1054b1868c9
:104668000028f5d003f0dffd024b00221a60efe7c7
:08467800480001209800012018
:020000040000fa
:020000040003f7
:1046800050696e673a20646f6e652e2053656e74b4
:104690002025642072657175657374732c207265b2
:1046a000636569766564202564207265706c696550
:0846b000732e0d0a000000bf8b
:020000040000fa
:020000040003f7
:1046b800c2b170b414464269951d19b10e681660ee
:1046c800898891802168c2f80610a188a980190af2
:1046d80041ea03219181026993890e339381012074
:0846e80070bc70470020704710
:020000040000fa
:020000040003f7
:1046f000f8b503f0c9f96fea80406fea904084b2e0
:104700004ff480454ff6ff764ff440472046fff7c1
:104710008bf838b9b4421abf0134a4b23c46013d0b
:08472000f4d100242046f8bd8d
:020000040000fa
:020000040003f7
:10472800f8b500f023fb6fea80406fea904084b24e
:104738004ff480454ff6ff764ff440472046fff789
:104748008ff838b9b4421abf0134a4b23c46013dcf
:08475800f4d100242046f8bd55
:020000040000fa
:020000040003f7
:104760000c4b93f830309bb90a4b93f83830012b3f
:1047700001d00020704710b5064c002384f8383073
:10478000b4f90800fef778fd84f83100012010bd6f
:084790000120704730f9002000
:020000040000fa
:020000040003f7
:10479800a8070300b007030088050120c00703002d
:1047a800d0070300e0070300ec070300f407030049
:1047b800fc070300000000004c0c03000000000090
:0847c8000000000000000000e9
:020000040000fa
:020000040003f7
:1047d00010b400f1840402460021134603f8011bc3
:1047e0001a46a342f9d1431e00f18301002000bf05
:1047f00013f8012f10438b42fad1003018bf01206b
:084800005df8044b704700bf96
:020000040000fa
:020000040003f7
:1048080008b10020704710b582b00948fff75efa7a
:1048180058b1084b9a680192db68009301236a46f5
:1048280001a9fbf721f902b010bd0020fbe700bf8a
:084838002088030048fa00206b
:020000040000fa
:020000040003f7
:10484000084b1b7863b9084b18600023074a1370a4
:10485000074a1370074a13700120024b1870704703
:1048600000207047490401205c0101204b04012015
:08487000390401203a04012083
:020000040000fa
:020000040003f7
:104878003a20544350206563686f20746573742030
:1048880073657276657220287465737473657276c1
:104898006572205b7374617274205b706f72745df3
:0848a8007c73746f705d290040
:020000040000fa
:020000040003f7
:1048b000b3f5805f14d230b41588ac1ca4b28c421e
:1048c00010d8190a9df8084041ea04114155118891
:1048d00008444370138802331380012030bc7047b2
:0848e000002070470020f9e7f9
:020000040000fa
:020000040003f7
:1048e80008b500f0bbfe0a4bc3e91001da6c0132cf
:1048f800da6493f848301bb9054b012283f8482045
:10490800034b93f8712001239340024a536108bd79
:08491800b8f500200028004062
:020000040000fa
:020000040003f7
:1049200070b50b480b4d4ff6ff76016821b943680f
:1049300013b9f9f7baff70bd83684268334000f1dc
:104940000c0455f823302046984704eb8000ece730
:084950008c020000147f03003b
:020000040000fa
:020000040003f7
:104958004ff4001c1ceb410f98bf1ceb430f11d800
:1049680051ea030c50ea4c0c5cea020c0ad004d25f
:1049780082428b4180414042704790429941804138
:08498800404270470020704717
:020000040000fa
:020000040003f7
:104990004ff4001c1ceb410f98bf1ceb430f11d8c8
:1049a00051ea030c50ea4c0c5cea020c0ad004d227
:1049b0009042994180414042704782428b41804100
:0849c0004042704700207047df
:020000040000fa
:020000040003f7
:1049c800bab110b4144690f877308b4203d0002067
:1049d8005df8044b7047012901d00020f8e72368ef
:1049e800436490f8753043f0100380f87530012067
:0649f800eee7002070470d
:020000040000fa
:020000040003f7
:1049fe00d0f8a430d3f888200a70d3f88820120a91
:104a0e004a70d3f88820120c8a70d3f88820120ec0
:104a1e00ca70d3f88c200a71d3f88c301b0a4b71f4
:044a2e0000207047ad
:020000040000fa
:020000040003f7
:104a320042681378012b04bf00231370b2f8a4302c
:104a420023ea010109b2a2f8a410d2f8c43033b1aa
:104a5200b2f8a23003f010031943a2f8a410012007
:044a62001070704719
:020000040000fa
:020000040003f7
:104a6800a0b90b4890f99000022801d000207047a7
:104a780000b583b005980190049800900448d0f8d8
:104a8800ec00f7f77bfe03b05df804fb00207047ed
:044a980080ec00208e
:020000040000fa
:020000040003f7
:104a9c0010b5fff742f870b104461030238a5bb9a9
:104aac0004f12000238c53b9a4220021204603f0ea
:104abc0035fa0023a37110bdeef774fff0e7eef7a3
:044acc0071fff1e79e
:020000040000fa
:020000040003f7
:104ad000496e76616c69642044726976657220491a
:104ae0006e7374616e63650057617320746865202e
:104af00064726976657220696e697469616c697a3d
:044b000065643f00a9
:020000040000fa
:020000040003f7
:104b0400a0b110b50446b0f8423044f240021a4253
:104b140001d1012010bd0323042201460448faf701
:104b2400d7ff2046fbf786fd0120f3e700207047fe
:044b3400d4fb00208e
:020000040000fa
:020000040003f7
:104b380010b5026d7ab1436c1b6b1046984704465a
:104b4800c04341f2ad13054a0549c0f3c010fef752
:104b5800e5fa204610bd6ff00d04fae7707d0300fa
:044b68006845030099
:020000040000fa
:020000040003f7
:104b6c005443502f495020537461636b3a2048656d
:104b7c0061702044656c657465206661696c2120e8
:104b8c004e6f207472616365206578697374730d60
:044b9c000a0000bf4c
:020000040000fa
:020000040003f7
:104ba00038b50446058825f0c005294301801ab1af
:104bb000106820619288a282054a5269e26001224f
:104bc000e2821bb11846211dfff725fc38bd00bf4e
:044bd00060f8002069
:020000040000fa
:020000040003f7
:104bd40089b10b460949896871b110b584b00024c4
:104be400009401930292039010236a46044801f052
:104bf400e1f904b010bd00210846704760f80020b8
:044c040080f8002014
:020000040000fa
:020000040003f7
:104c080090f87620d31edbb2022b11d9082a14bfe4
:104c18000123032390f83f2012f0020f18bf43f03e
:104c2800040312f0040f18bf43f008031846704736
:044c38000323efe77c
:020000040000fa
:020000040003f7
:104c3c000d0a202a2a2a205175697474696e67201e
:104c4c0074686520436f6d6d616e642050726f6384
:104c5c006573736f722e20427965202a2a2a0d0af9
:044c6c00000000bf85
:020000040000fa
:020000040003f7
:104c700098b90b460a494979012902d04ff0ff3013
:104c8000704710b511461846054c00236371236820
:104c90001b6898470123637110bd4ff0ff307047c8
:044ca00044fd0020af
:020000040000fa
:020000040003f7
:104ca40098b90b460a494979012902d04ff0ff30df
:104cb400704710b511461846054c002363712368ec
:104cc400db6898470123637110bd4ff0ff307047d4
:044cd40044fd00207b
:020000040000fa
:020000040003f7
:104cd80060b908b50a4b93f9003053b1084b5b68cb
:104ce80053b19b6806488068984708bd4ff0ff306d
:104cf80070474ff0ff30f8e74ff0ff30f5e700bf9f
:044d080010fd00207a
:020000040000fa
:020000040003f7
:104d0c0060b908b50a4b93f9003053b1084b5b6896
:104d1c0053b1db68064a9068984708bd4ff0ff30e6
:104d2c0070474ff0ff30f8e74ff0ff30f5e700bf6a
:044d3c0010fd002046
:020000040000fa
:020000040003f7
:104d400060b908b50a4b93f9003053b1084b5b6862
:104d500053b15b6906488068984708bd4ff0ff3043
:104d600070474ff0ff30f8e74ff0ff30f5e700bf36
:044d700010fd002012
:020000040000fa
:020000040003f7
:104d740000b583b000230193fef7d4fd20b10422d3
:104d84000deb020102f079fc03f020fd044a1378d4
:104d94000133137003f01efd019803b05df804fbaa
:044da40036040120b0
:020000040000fa
:020000040003f7
:104da80014810300000000000100000028300040ca
:104db8002830004074fa002001000000f863030066
:104dc800f8870300f087030001000000ecfa0020d8
:044dd800507903000b
:020000040000fa
:020000040003f7
:104ddc0008b5094bd3f8002ac3f8042a0020c3f8fd
:104dec00080ac3f80c0a054a45f6e063d05004499a
:104dfc00f9f7cafd08bd00bfb894002000000020e0
:044e0c0044730300e8
:020000040000fa
:020000040003f7
:104e100008b50948f6f7b2fefff75af930b1fbf7cb
:104e20004dfd06490020f9f7b5fd08bd04490020f5
:104e3000f9f7b0fdf9e700bf48fa002000e40200ee
:044e400040e4020048
:020000040000fa
:020000040003f7
:104e44003139322e3136382e302e323030000000d7
:104e54003235352e3235352e3235352e30000000c0
:104e64003139322e3136382e302e3100382e382e4c
:044e7400382e38009c
:020000040000fa
:020000040003f7
:104e78000023064a1370064a1370064a1370064a3e
:104e88001370064a1370064a1370704749040120cc
:104e98003a0401204a0401204b0401204604012061
:044ea8003d040120a4
:020000040000fa
:020000040003f7
:104eac003f000000554e494e4954000048415244c1
:104ebc0053594e4300000000434f415253450000ec
:104ecc0046494e45000000004d415443484652456a
:044edc00510000bfc2
:020000040000fa
:020000040003f7
:104ee00008b50b4b187878b103280dd0fbf79efd61
:104ef00040f6b83200238b4208bf824205d3044bf0
:104f00001878022818bf012008bd0120fce700bf67
:044f10005c0401201c
:020000040000fa
:020000040003f7
:104f14000f280ed838b50d46044600f089ff50b16d
:104f2400074b1b5d0bb1ab4207d1054b1d5501204f
:104f340038bd002070470020fae70020f8e700bfe2
:044f4400c0fc00208d
:020000040000fa
:020000040003f7
:104f48000346b0b1807801228240d87808b181f058
:104f5800010139b15b78db0103f1824303f50043ba
:104f68009a6170475b78db0103f1824303f50043e4
:044f78005a617047c3
:020000040000fa
:020000040003f7
:104f7c005043323120284c454431290050413136c0
:104f8c0020284c45443229005044313020284558c3
:104f9c0054312d352c2070726f62652070696e292a
:044fac00000000bf42
:020000040000fa
:020000040003f7
:104fb0000a4b002203e001321433042a0cd013f808
:104fc000021c0029f7d019888142f4d102eb820239
:104fd000034800eb8200704700207047c2f70020b2
:044fe000c0f70020f6
:020000040000fa
:020000040003f7
:104fe40010b40b4a931c52320020012402e0143303
:104ff40093420ad013f8021c0029f8d019881f29fb
:105004009cbf04fa01f10843f1e75df8044b7047d3
:04501400c0f70020c1
:020000040000fa
:020000040003f7
:1050180008b50123002208491846f9f72bfd00239b
:105028001a4606490220f9f725fd01230022044902
:105038000420f9f71ffd08bd516d030001040300aa
:0450480051c1020050
:020000040000fa
:020000040003f7
:10504c000b4b80225a711b6913f0100f07d13f23b1
:10505c0007490a6912f0100f01d1013bf9d1044a3a
:10506c00136913f0100ffbd1014b988a704700bfe6
:04507c0000c001412e
:020000040000fa
:020000040003f7
:1050800008b500f0effa094bc3e90001da68013214
:10509000da601b7a13b9054b01221a72034b93f89d
:1050a000312001239340024a536108bdb8f5002026
:0450b0000028004094
:020000040000fa
:020000040003f7
:1050b4000b4b80225a711b6913f0100f07d13f2349
:1050c40007490a6912f0100f01d1013bf9d1044ad2
:1050d400136913f0100ffbd1014b988a704700bf7e
:0450e4000014004371
:020000040000fa
:020000040003f7
:1050e800027843781b0443ea0263c278134380784a
:1050f80043ea002080ea104080ea102080ea10107d
:1051080080ea900080ea500080f0010000f0010081
:025118007047de
:020000040000fa
:020000040003f7
:10511a00a8b1034690f8422012f0400f01d10020b6
:10512a00704770b52c300e684d688c68ca68de62ac
:10513a0045608460c260fef734f8012070bd00202b
:02514a007047ac
:020000040000fa
:020000040003f7
:10514c0038b5437b03b938bd044603f03bfb237be6
:10515c0053b903f03bfb2546284601f0f1ff00282c
:10516c00fad100236373eee7013b237303f02efbac
:02517c00f1e759
:020000040000fa
:020000040003f7
:10517e000246a0b14378db0103f1824303f50043fd
:10518e001b698178012088401840d3781bb9003004
:10519e0018bf01207047b0fa80f040097047002018
:0251ae00704748
:020000040000fa
:020000040003f7
:1051b0004ff4001c1ceb410f98bf1ceb430f0cd8a5
:1051c00050ea410c08bf52ea430c08d0904208bf95
:1051d00099420cbf01200020704700207047012039
:0251e000704716
:020000040000fa
:020000040003f7
:1051e4000a4b834208d150b19b7d13f0010f09d0c3
:1051f400064b93f9140070474ff0ff3070474ff09f
:10520400ff3070474ff0ff30704700bf8c0401201f
:020000040000fa
:020000040003f7
:10521400f0b583b005460027084e012400973346b5
:1052240022460921284601f0d9fe20b92146284604
:10523400ddf7befbf2e703b0f0bd00bfedbf010038
:020000040000fa
:020000040003f7
:10524400496e76616c69642064726976657220695e
:105254006e7374616e636500496e7374616e636529
:1052640020616c726561647920696e2075736500d4
:020000040000fa
:020000040003f7
:105274000368c2689ab1002205e081680b440132d8
:10528400c16891420bd9197811f0010ff5d0197842
:105294006ff300011970416a01394162ede770470b
:020000040000fa
:020000040003f7
:1052a400094b83420cd169b130b40c46074d0fcd84
:1052b4000fc495e8030084e80300012030bc704764
:1052c4000020704701207047d4fb0020f0fb002031
:020000040000fa
:020000040003f7
:1052d40088b170b50546094c04f120060834b4427f
:1052e4000ad061680029f9d0284602f068fc002839
:1052f400f4d1207801e07047002070bd906b03006a
:020000040000fa
:020000040003f7
:10530400024689b141180948030103eb40030344f1
:1053140003ebc01303eb002303eb006312f8010b50
:1053240058409142f0d1704700487047c59d1c8198
:020000040000fa
:020000040003f7
:1053340010b50a4b00221a6050b104464368382164
:105344009847014620b1e36820469847034b1c6008
:10535400024b1868003018bf012010bd9c000120ca
:020000040000fa
:020000040003f7
:1053640008b509b180f82e10002380f82f30836827
:1053740013b1c168984708bd03f01cf80128fad995
:1053840003f012f80149f9f703fbf4e7d06b0300cb
:020000040000fa
:020000040003f7
:1053940038b50d6815b10023184638bd0c4601f028
:1053a400c5fb03460028f7d090f8432012f0100ff5
:1053b400f2d0226a02f40002002a08bf2b46ebe76f
:020000040000fa
:020000040003f7
:1053c40010b5044690f83c30012b02d00023e36072
:1053d40010bdc0680028f9d0036a13f0080ff5d196
:1053e400fef7eefc94f83e30013b84f83e30ede7e6
:020000040000fa
:020000040003f7
:1053f40008b54068426a42b108494b6992689b1af1
:105404004a6b934201d3243000e01430fef79cfc35
:10541400034600b1031f184608bd00bf60f8002012
:020000040000fa
:020000040003f7
:1054240090f87630032b01d0082b0fd18268c36823
:105434009a4203d2981a013880b2704741680068d2
:10544400091a0139d01a081a80b27047002070472f
:020000040000fa
:020000040003f7
:10545400ec710300f9c0000004c302001cc3020085
:105464003d8e020024c3020038c30200f923020067
:1054740040c3020064c30200cdd201006cc3020029
:020000040000fa
:020000040003f7
:1054840000b583b08df80710084b5888fcf7cefca4
:10549400022802d003b05df804fb01220df10701dc
:1054a400024b5888fff74afcf4e700bf10010120c3
:020000040000fa
:020000040003f7
:1054b400c2698369d21a00d1704770b584b00446ba
:1054c40006684568054901a802f0b2f8336801a9e5
:1054d40028469847e369a36104b070bdc087030000
:020000040000fa
:020000040003f7
:1054e400f0b585b000f120058269521b01d105b0e9
:1054f400f0bd044607684668044901a802f098f81c
:105504003b6801a930469847a561f0e7c8870300c6
:020000040000fa
:020000040003f7
:10551400024660b107490068086007480023036039
:10552400436052884a80054a136001207047002076
:10553400704700bf100101203cfd0020180101202c
:020000040000fa
:020000040003f7
:1055440080b90a4b5b79012b02d04ff0ff307047d2
:1055540010b5064c0023637123681b699847012327
:10556400637110bd4ff0ff30704700bf44fd002051
:020000040000fa
:020000040003f7
:1055740080b90a4b5b79012b02d04ff0ff307047a2
:1055840010b5064c0023637123685b6998470123b7
:10559400637110bd4ff0ff30704700bf44fd002021
:020000040000fa
:020000040003f7
:1055a40080b90a4b5b79012b02d04ff0ff30704772
:1055b40010b5064c0023637123689b689847012348
:1055c400637110bd4ff0ff30704700bf44fd0020f1
:020000040000fa
:020000040003f7
:1055d40080b90a4b5b79012b02d04ff0ff30704742
:1055e40010b5064c0023637123685b689847012358
:1055f400637110bd4ff0ff30704700bf44fd0020c1
:020000040000fa
:020000040003f7
:1056040090b938b5094b93f9003063b1074b5d6825
:105614004db10c46084602f011fa6b690246214668
:1056240002488068984738bd704700bf10fd0020cd
:020000040000fa
:020000040003f7
:105634000a4b5b6b73b168b1002105e09a68801a6c
:1056440099609b6933b128b19a688242f6d39a680b
:10565400101a9860014b5a691a61704730f900209a
:020000040000fa
:020000040003f7
:1056640070b503f0b3f80646084c63689b69984725
:1056740002f060f9d4e90a23141843f10005304616
:1056840003f0a8f82046294670bd00bf30f9002079
:020000040000fa
:020000040003f7
:105694000a4b1b6898420ad0084a0123d168814208
:1056a40006d001330c32082bf8d1002070470023b8
:1056b40003eb4303014800eb83007047acf6002082
:020000040000fa
:020000040003f7
:1056c40063363377e41e86468deb0ab4a8ed683f53
:1056d4006a134e47e014c700454e81e95358a56943
:1056e400808aa38f2a72a62359915a9f8a04ca6872
:020000040000fa
:020000040003f7
:1056f400a65ad0f345db4e0effe875c3a2e71f425e
:10570400c7129d620ff5c119a9ef55f05185e0fb51
:105714008581f9317517276e06e9607ddbcbcc2ec8
:020000040000fa
:020000040003f7
:10572400074b1b6813b1013b054a1360054b19680d
:10573400054a1368cb1a054803601160704700bf1f
:10574400440101204c010120540101205001012099
:020000040000fa
:020000040003f7
:105754002d000000747269676765720070776d00d0
:10576400626c696e6b000000677269646c6564004a
:1057740067726964646976006770696f000000bfce
:020000040000fa
:020000040003f7
:10578400094b002203e001321033082a0ad013f82f
:10579400021c0029f7d019888142f4d1034800eb98
:1057a40002107047002070473af5002038f50020b9
:020000040000fa
:020000040003f7
:1057b400094b002203e001321033082a0ad013f8ff
:1057c400041c0029f7d019788142f4d1034800eb76
:1057d40002107047002070473cf5002038f5002087
:020000040000fa
:020000040003f7
:1057e4005b545249475d2070696e202575206973aa
:1057f4002068656c6420627920272573272c206e2d
:105804006f742064726976696e672069740d0a008a
:020000040000fa
:020000040003f7
:1058140070b598b004460d461646002160226846cd
:1058240002f080fb054b02943246294668460e94ea
:10583400119301f01ffe18b070bd00bfe58803008e
:020000040000fa
:020000040003f7
:1058440053b94ab9002908bf00281cbf4ff0ff31e3
:105854004ff0ff3003f046b8adf1080c6de904ce0b
:10586400e0f7e0faddf804e0dde9022304b0704774
:020000040000fa
:020000040003f7
:10587400064b1a680ab9064a1a60064a116809b939
:10588400054911601a68054b1a60704724fd002011
:105894003006012020fd0020308602201cfd00205f
:020000040000fa
:020000040003f7
:1058a400c31003f00203420202f48062134300f0c7
:1058b40004021343021102f040021343421102f0a6
:0e58c40010021343401000f08000184370479c
:020000040000fa
:020000040003f7
:1058d20038b5a0f58850103880b20f2803d94ff0a0
:1058e200ff34204638bd0d468968f9f76efb044641
:0e58f200b0f1ff3ff5d06968f6f789fff1e7e6
:020000040000fa
:020000040003f7
:1059000010b500f09dfc80b10446036b2bb194f8f8
:105910003c30012b04d0002010bd02f05bfaf6e70a
:0e5920006069003018bf0120f6e70020f4e7b0
:020000040000fa
:020000040003f7
:10592e0010b500f0c2fc80b1044690f876300b2b17
:10593e0001d0002010bdfaf73cfc002801da00204f
:0e594e00f8e7012084f87600f4e70020f2e785
:020000040000fa
:020000040003f7
:10595c00f8b582b117461d460e4600f0a7fc04466a
:10596c0038b1c36f4bb9c767a0f87a60c0f88050e4
:0e597c003c462046f8bd0024fbe70024f9e776
:020000040000fa
:020000040003f7
:10598a0070b506460d461446fff77ffe034620b162
:10599a001e605d609c60002070bd6ff00100fff723
:0e59aa0074fe03460028f3d16ff08300f4e78b
:020000040000fa
:020000040003f7
:1059b8002de9f04182b005460e4617469846089ce8
:1059c800204602f039f880b20190009443463a46e6
:0e59d80031462846fbf776ff02b0bde8f081ad
:020000040000fa
:020000040003f7
:1059e60010b50b681b78202b0c4602d0093b042b04
:1059f6000bd8fef778fc23685a1c22605b78202bb4
:0e5a0600f9d0093b042bf6d910bd0020fce7b7
:020000040000fa
:020000040003f7
:105a1400094b9b7d13f0010f07d013f0020f07d140
:105a2400054843f00203837570474ff0ff30704719
:0c5a34004ff0ff30704700bf8c040120d1
:020000040000fa
:020000040003f7
:105a4000d0f8a420c8788b781b0443ea0063087858
:105a50000343487843ea0023c2f8883048790b7939
:0c5a600043ea0023c2f88c30002070479d
:020000040000fa
:020000040003f7
:105a6c0011f0010f11d010b514463ab1d0f898309e
:105a7c00b3f91200fdf7fafb207010bdd0f8983086
:0c5a8c00b3f91200fdf7f2fbf7e77047da
:020000040000fa
:020000040003f7
:105a980011f0010f0fd0d0f89830b3f91230002b65
:105aa80009db5a0903f01f03012101fa03f36032ed
:0c5ab800014941f82230704700e100e095
:020000040000fa
:020000040003f7
:105ac40011f0010f0ed0d0f89830b3f91230002b3a
:105ad40008db590903f01f03012202fa03f3024a07
:0c5ae40042f82130704700bf00e100e0f4
:020000040000fa
:020000040003f7
:105af00008b5084b596a89b240f20643194204d0ee
:105b0000054a136843f0010313600020f9f7d6f843
:0c5b100008bd00bf00080042e482002035
:020000040000fa
:020000040003f7
:105b1c0038b50c461d46059802f096fa38b13cb1e2
:105b2c00c0f8e45090f8fc20013280f8fc2038bd1d
:0c5b3c0090f8fc20013a80f8fc20f8e70b
:020000040000fa
:020000040003f7
:105b480010b40446c90501f078610b43920402f4cd
:105b5800f8010b4343f0a04343f400334363a368c5
:0c5b680013f0040ffbd05df8044b7047f5
:020000040000fa
:020000040003f7
:105b740038b5094b93f81432012b01d0042038bdf9
:105b8400054d002485f8144200f090fa012385f8ad
:0c5b940014322046f3e700bfd0dd0020f3
:020000040000fa
:020000040003f7
:105ba00000f11c0200f1200310f1180f1cbf8169e5
:105bb00041600ab1c26982600bb1036ac36090f8a8
:0c5bc00043306ff3041380f8433070474b
:020000040000fa
:020000040003f7
:105bcc0008b588b190f8422012f0400f01d10020a6
:105bdc0008bd0a68b2f1ff3f04d000f0b3fa00f040
:0c5bec000100f5e70120fae70020f1e7d6
:020000040000fa
:020000040003f7
:105bf80038b50c4603f40031002914bf28251425b4
:105c08002244a9181a4689b2f7f710fb034618b1bf
:0c5c180014b182691544c561184638bdfe
:020000040000fa
:020000040003f7
:105c2400f8b57ab117461e460d4600f007fb044648
:105c340030b1836d43b98765c665a0f860503c46b2
:0c5c44002046f8bd0024fbe70024f9e72f
:020000040000fa
:020000040003f7
:105c500010b4094b00221a80031f00f5fe74081ac5
:105c60000430c21853f8041f1160a342f9d1012077
:0c5c70005df8044b704700bf2a040120bf
:020000040000fa
:020000040003f7
:105c7c0008b5084b5b7a63b1064b987ac0b23322f5
:105c8c009a72054b1b6823b118b1034b59681b68fa
:0c5c9c00984708bd0038004034fd00208f
:020000040000fa
:020000040003f7
:105ca80000030000757e0300714c0300d555030006
:105cb800a5550300a54c0300455503007555030081
:0c5cc800834e0200f5800300cd8803002d
:020000040000fa
:020000040003f7
:105cd40000b587b0074b019301230293064b03934e
:105ce40009230493002005906946f5f77dfd07b06c
:0c5cf4005df804fb98470300f029030052
:020000040000fa
:020000040003f7
:105d000010b5daf721f8074c074b1b696069984713
:105d1000e068d5f745f8e069f3f748f9e3f72ef8be
:0c5d200010bd00bf10fb0020682703002e
:020000040000fa
:020000040003f7
:105d2c0030b589b06ff001040694002405940e9de3
:105d3c0004950d9d03950c9d0295019300920b46c5
:0c5d4c0022462146f4f7beff09b030bd2e
:020000040000fa
:020000040003f7
:105d580008b5064b064a08210648f6f717f900b1b8
:105d680008bd0549f8f712fefae700bfd01703008f
:0c5d7800f817030080020300fc17030072
:020000040000fa
:020000040003f7
:105d84005b504c43415d2063757272656e74206e86
:105d94006f64652049443a20257520284e4f4445b8
:0c5da4005f434e543d2575290d0a000098
:020000040000fa
:020000040003f7
:105db00008b5064b064a02210648f6f7ebf800b193
:105dc00008bd0549f8f7e6fdfae700bf7c120300bd
:0c5dd000ac12030098790300b412030029
:020000040000fa
:020000040003f7
:105ddc0008b5064b064a01210648f6f7d5f800b17e
:105dec0008bd0549f8f7d0fdfae700bf90fd0200a9
:0c5dfc00c4fd020018840300d0fd02006a
:020000040000fa
:020000040003f7
:105e080008b5064b064a01210648f6f7bff800b167
:105e180008bd0549f8f7bafdfae700bf8833030063
:0c5e2800a43303003c840300ac330300ef
:020000040000fa
:020000040003f7
:105e3400022809d0062805d00a2808bf022004d069
:105e440000207047012000e0002000eb40030248de
:0c5e540000eb8300704700bfd46803001f
:020000040000fa
:020000040003f7
:105e60006e6f20636170747572652d63617061621d
:105e70006c6520696e70757420696e207468652089
:0c5e800070696e207461626c650000bfe8
:020000040000fa
:020000040003f7
:105e8c007431732d666f6c6c6f7765720000000057
:105e9c00415453414d4535345032304100000000df
:0c5eac002d0000007431732d312e3000e9
:020000040000fa
:020000040003f7
:105eb80070696e20696e646578206e6f74206d61fc
:105ec80070706564000000006e6f2068616e646c1d
:0c5ed8006520736c6f74206672656500b5
:020000040000fa
:020000040003f7
:105ee40000b553ec112b83b051ec100b8ded002b4e
:105ef400ebf71afc9ded002b53ec122be2f7e3fbbe
:0c5f040041ec100b03b05df804fb00bf83
:020000040000fa
:020000040003f7
:105f100038b50446d0f8a8301d6c002300f14002cb
:105f200019460069a847002803db012384f846309e
:0a5f300038bd204600f03cfffae700
:020000040000fa
:020000040003f7
:105f3a0010b51c46029802f088f868b1c26f013a9f
:105f4a00c267826f01328267236a23f008032362e1
:0a5f5a00a368e1682046984710bdd7
:020000040000fa
:020000040003f7
:105f640010b40446c90501f07861930403f4f803fe
:105f7400194341f0c04141f400314163a36813f077
:0a5f8400040ffbd05df8044b7047da
:020000040000fa
:020000040003f7
:105f8e0070b50c46fcf763f858b106465cb100f1eb
:105f9e000c050fcc0fc523682b60012086f820005e
:0a5fae0070bd0020fce70020fae7b8
:020000040000fa
:020000040003f7
:105fb800f8b50746084616461d464b6829469847d1
:105fc800044640b11eb12a46314601f00bfa21467b
:0a5fd8003846fef71cfa2046f8bd1b
:020000040000fa
:020000040003f7
:105fe2000eb410b5b5b0044637ab53f8042b339357
:105ff200c82101a8faf793fa01a9204600f0f7fd9b
:0a60020035b0bde8104003b0704750
:020000040000fa
:020000040003f7
:10600c0008b500f053f960b190f83f2012f0020f80
:10601c0009d090f83f206ff3410280f83f20012017
:0a602c0002e0012000e0002008bda2
:020000040000fa
:020000040003f7
:10603600802910db812901dd83290cd11368073300
:1060460023f0070303f108011160d3e90023c0e937
:0a605600002301207047002070476e
:020000040000fa
:020000040003f7
:1060600079b110b40a46436853f8924f586899685a
:10607000db68146050609160d36000205df8044bd1
:0860800070474ff0ff3070473c
:020000040000fa
:020000040003f7
:10608800034658b190f9060002280ad15b8803f04c
:106098000103002b08bf4ff0ff3070474ff0ff306f
:0860a80070474ff0ff30704714
:020000040000fa
:020000040003f7
:1060b000084b93f8123203b9704710b5054c638a48
:1060c0002344187a00f004fdbff34f8f002384f8b7
:0860d000123210bdd0dd0020ea
:020000040000fa
:020000040003f7
:1060d80008b5074a1368013313600648038943f07b
:1060e8000203038100220221103000f0adff08bd39
:0860f800280001201cd9002042
:020000040000fa
:020000040003f7
:1061000080b1034690f8420010f0400f01d100200a
:10611000704710b5586cc46b186da047b0fa80f08a
:08612000400910bd002070478a
:020000040000fa
:020000040003f7
:1061280080b138b5044690f8420010f0400f01d114
:10613800002038bd606c456c206da847b0fa80f02f
:086148004009f6e70020704752
:020000040000fa
:020000040003f7
:1061500080b190f8422012f0400f01d1002070472a
:106160008268406860ea02000b68984214bf002011
:08617000012070470020704778
:020000040000fa
:020000040003f7
:106178000b4659b1096859b122b1064909688a42e2
:1061880038bf0ab29a815a810120704700207047af
:086198000020704734000120d3
:020000040000fa
:020000040003f7
:1061a000074b03eb0013188920ea01021a8111f44e
:1061b000807f03d0034a1368013b1360704700bf20
:0861c0001cd900202c00012075
:020000040000fa
:020000040003f7
:1061c8005443502f495020537461636b3a20496ef1
:1061d800697469616c697a6174696f6e205374615e
:0861e80072746564200d0a00c9
:020000040000fa
:020000040003f7
:1061f0004950763420496e69743a204661696c656d
:106200006420746f20696e6974616c697a653a20e4
:08621000256421200d0a0000a5
:020000040000fa
:020000040003f7
:1062180008b5084b1b68002b02dd027e022a00d05d
:1062280008bd013b034a1360002bf9d1f7f7f4ffcf
:08623800f6e700bfc4000120dd
:020000040000fa
:020000040003f7
:10624000002808db064b1b68984206da054b1b68e2
:1062500053f820007047002070470020704700bfaf
:08626000d0000120cc00012058
:020000040000fa
:020000040003f7
:1062680010b5fff7e9ff68b10446036b0bb1c38ea5
:1062780033b9204601f0aafd236b0bb9002000e0da
:08628800e08e10bd0020fce7d0
:020000040000fa
:020000040003f7
:10629000036883b110b504461846fef7ebff04f11e
:1062a0002400fdf771fd04f11400fdf76dfd201dc4
:0862b000fdf76afd10bd704707
:020000040000fa
:020000040003f7
:1062b800002808db064b1b68984206d2054b1b6872
:1062c80053f820007047002070470020704700bf37
:0862d800e4000120e0000120b8
:020000040000fa
:020000040003f7
:1062e00008b5826803699a420cd0b0f864300bb9e3
:1062f000002008bd01221021d6f7fcf9b0fa80f089
:086300004009f6e70020f4e774
:020000040000fa
:020000040003f7
:1063080008b5084b1b68002b02dd027e022a00d06c
:1063180008bd013b034a1360002bf9d101f0a8fa2c
:08632800f6e700bf08010120a7
:020000040000fa
:020000040003f7
:10633000000100f1824202f52042136c23f00203b7
:106340001364136c13f0020ffbd189b2014b195285
:086350000120704738fb00201a
:020000040000fa
:020000040003f7
:10635800074b00221a80074b58611b8803f0300353
:106368001bb9044b4af203529a800120704700bfc0
:086378002a040120004000414d
:020000040000fa
:020000040003f7
:10638000084a537943f080035371136913f0040fe3
:10639000fbd1044a537913f0e00ffbd1014b988aeb
:0863a000704700bf0038004007
:020000040000fa
:020000040003f7
:1063a80008b5084b1b683bb1fff758f9054b1a684d
:1063b8000023fff743fa08bd012000f06bff014bf3
:0863c8001860f1e72401012037
:020000040000fa
:020000040003f7
:1063d00008b5084b1b6833b101f0f4ff054b1b688f
:1063e000b0fbf3f008bd012000f058ff014b18602e
:0863f000f2e700bf24010120c7
:020000040000fa
:020000040003f7
:1063f8000000000001000000ffffffffffffffff9c
:10640800ffffffffffffffffffffffffffffffff94
:08641800ffffffffffffffff84
:020000040000fa
:020000040003f7
:106420000500000001000000b00400003c00000076
:1064300002000000320000004b00000001000000dc
:08644000030000000100000050
:020000040000fa
:020000040003f7
:1064480020202025730a0d00253038783a200000d6
:106458002025303278000000202020002020202530
:08646800730000000a0d0000a2
:020000040000fa
:020000040003f7
:1064700010b586b004460091142201a96846fbf7c6
:1064800039fe01ab224603490020f8f783fa06b033
:0864900010bd00bf28880300c5
:020000040000fa
:020000040003f7
:1064980010b5084c2062616202b1a2603bb9054c9c
:1064a80028212046fdf75cfaa062012010bdfdf707
:0864b8000bfefbe748fa00208f
:020000040000fa
:020000040003f7
:1064c00008b5fdf705fe30b1faf7f8f904490020e8
:1064d000f8f760fa08bd03490020f8f75bfaf9e71e
:0864e00078e40200d0e40200a0
:020000040000fa
:020000040003f7
:1064e80008b5064b1b7813b9f4f7b0f808bd044a91
:1064f80004490020f8f74afaf8e700bf49040120e8
:0865080030e5020064e5020029
:020000040000fa
:020000040003f7
:1065100003ca0400180004001a0004003600040036
:1065200024000400250004002600040027000400c5
:0865300012020100f60802004e
:020000040000fa
:020000040003f7
:1065380008b5064b1b7813b1054b1b7803b908bd8a
:106548000021044b1868fef7fbfcf8e78b040120d8
:086558008a040120e403012084
:020000040000fa
:020000040003f7
:1065600030b57ab101380a4410f8013f0d4633b115
:1065700011f8014b1cb1914201d0a342f4d02a780a
:08658000981a30bd1046fce73b
:020000040000fa
:020000040003f7
:1065880013b50446fcf759f818b14ff0ff3002b0c4
:1065980010bd636c01220df10701204698470128c0
:0865a800f3d19df80700f2e7b2
:020000040000fa
:020000040003f7
:1065b000002343620368c26862b110b4002214462b
:1065c0001c8081680b440132c1689142f8d85df8a3
:0665d000044b7047704708
:020000040000fa
:020000040003f7
:1065d60008b569b103460a46086840b1016811600a
:1065e6005968814208bf5a609a68013a9a6008bda4
:0665f60000f0a9fdfbe727
:020000040000fa
:020000040003f7
:1065fc0010b50446407b00b910bd02f0e3f8237bd4
:10660c001bb902f0e3f80020f6e7013b237302f01c
:06661c00ddf80120f0e7ab
:020000040000fa
:020000040003f7
:1066220008b5fff748fe60b190f87600c31edbb2f2
:10663200022b04d9082814bf0020012000e0012009
:0666420008bd0020fce78a
:020000040000fa
:020000040003f7
:1066480008b5fff735fe50b190f87720012a01d040
:10665800002008bdc26c22b1fff73efef9e700201a
:06666800f7e70020f5e752
:020000040000fa
:020000040003f7
:10666e0038b5fff722fe60b1044600f012fc054675
:10667e0008b9284638bde36923622046fcf745f980
:06668e00f7e70025f5e727
:020000040000fa
:020000040003f7
:1066940000b1704708b513460a460449f8f778f97b
:1066a400034a1368002bfcd108bd00bfb866030081
:0466b4000cf70020bf
:020000040000fa
:020000040003f7
:1066b800644d49494d204173736572743a202573be
:1066c8002c20696e206c696e653a2025642c200d9b
:0466d8000a0000bff5
:020000040000fa
:020000040003f7
:1066dc0008b5000180b2064b5b6803eb402000f06c
:1066ec0083fd00bf01f07afb0028fbd108bd00bf81
:0466fc00d0dd0020cd
:020000040000fa
:020000040003f7
:1067000010b50c4628b102681ab1fdf72df8034602
:1067100010b91cb1024b1b68184610bd0023fbe7e3
:04672000380001201c
:020000040000fa
:020000040003f7
:10672400653b030085690200857103005d18020062
:106734001d830300c7190300e97f030029830300b5
:04674400297b0300aa
:020000040000fa
:020000040003f7
:1067480090f83c30012b01d000207047c06828b178
:10675800036a03f00803002b18bf0020003018bf9d
:046768000120704755
:020000040000fa
:020000040003f7
:10676c0010b50c46fff766fd50b1826da24201d008
:10677c00002010bd00228265a0f860200120f8e7ff
:04678c000020f6e70c
:020000040000fa
:020000040003f7
:1067900008b5064a1c213820f6f74cfd034618b10f
:1067a000034a82600022c260184608bd0200010050
:0467b000316c030045
:020000040000fa
:020000040003f7
:1067b40008b530b1054a92682ab1054900f0f6f9e6
:1067c40008bd0020fce70020fae700bf60f80020c5
:0467d40080f8002029
:020000040000fa
:020000040003f7
:1067d80010b50c46fff76cfd50b1c26fa24201d054
:1067e800002010bd0022c267a0f87a200120f8e737
:0467f8000020f6e7a0
:020000040000fa
:020000040003f7
:1067fc0038b55d694db10548181a8410044800fb82
:10680c0004f001309b6900b2a84738bd68e700204e
:04681c00398ee33896
:020000040000fa
:020000040003f7
:10682000a4f5020009790300acf50200bcf50200f2
:10683000e11d0300c0f50200dcf5020045f901008e
:04684000e4f5020079
:020000040000fa
:020000040003f7
:10684400bff34f8f0549ca6802f4e062044b134357
:10685400cb60bff34f8f00bffde700bf00ed00e04a
:046864000400fa052d
:020000040000fa
:020000040003f7
:1068680010b5074c94f83110b4f9080000f00cfa90
:1068780094f8303013b9012284f8382010bd00bfd5
:0468880030f90020c3
:020000040000fa
:020000040003f7
:10688c00054b1b783bb10023034a1370034a0421c8
:10689c001170034a137070475304012056040120f1
:0468ac005004012073
:020000040000fa
:020000040003f7
:1068b000074b1b7843b14ab110b51446f7f754fea5
:1068c000c4e90001012010bd00207047002070477e
:0468d0005c04012043
:020000040000fa
:020000040003f7
:1068d40002021501000000007c4f030006001001b5
:1068e40000000000884f03000a030a0001000000b2
:0468f400944f0300ba
:020000040000fa
:020000040003f7
:1068f8000b0d40f21e42d21a09dbcb0243ea50507c
:1069080040f00040202a28bf2022d040704749008c
:046918008041704703
:020000040000fa
:020000040003f7
:10691c0010b584b0089c0394079c029401939df8d5
:10692c001830009313460a460321edf7cbfe04b052
:02693c0010bd8c
:020000040000fa
:020000040003f7
:10693e0038b50d461c46059801f085fb20b125b1f2
:10694e00c4f3c03480f8074138bd002280f8072117
:02695e00fae756
:020000040000fa
:020000040003f7
:1069600010b50446084601f075fb48b1426e013a85
:106970004266026e013202662146b430fdf74bfddd
:0269800010bd48
:020000040000fa
:020000040003f7
:1069820010b50121fbf7f3fa50b10446edf70ff809
:10699200646801f01cff23780133237001f01bffb0
:0269a20010bd26
:020000040000fa
:020000040003f7
:1069a40068b190f8422012f0400f01d100207047e6
:1069b4000a68c2638a88a0f840200120704700203a
:0269c40070471a
:020000040000fa
:020000040003f7
:1069c600034668b190f8420010f0400f01d1002054
:1069d6007047986d18b9da659965084670470020c2
:0269e6007047f8
:020000040000fa
:020000040003f7
:1069e80000b583b08df8071000b2b0f1ff3f02d1b7
:1069f80003b05df804fb01220df10701f5f722f859
:026a0800f6e7af
:020000040000fa
:020000040003f7
:106a0a0038b500f14c040925204600f09afb0346ec
:106a1a0030b12a466ff010011846fef79efcf3e7e4
:026a2a0038bd75
:020000040000fa
:020000040003f7
:106a2c0010b5fff707fc50b10346026b2ab1c48eb8
:106a3c00184601f0c9f9204610bd0024f8e70024df
:026a4c00f9e768
:020000040000fa
:020000040003f7
:106a4e0010f0004160b148bf40420a0d02f21d42f3
:106a5e00b0fa80f3d21a9840c30a400503eb0251f4
:026a6e0070476f
:020000040000fa
:020000040003f7
:106a7000064b834209d140b19b7d13f0010f04d036
:106a8000024b9a7d6ff341029a7570478c04012086
:020000040000fa
:020000040003f7
:106a900008b5064b834204d118b19b7d13f0010f5a
:106aa00000d108bd0148e5f7c1f8fae78c040120e0
:020000040000fa
:020000040003f7
:106ab00010b584b0079c0394069c029400240194b2
:106ac000009313460a460121edf702fe04b010bd03
:020000040000fa
:020000040003f7
:106ad00008b5064b5b6803eb4020fff73dfc00bfa9
:106ae00001f082f90028fbd108bd00bfd0dd0020f5
:020000040000fa
:020000040003f7
:106af00050b190f8422012f0400f01d100207047b1
:106b0000024a1060012070470020704738000120c1
:020000040000fa
:020000040003f7
:106b1000054b1b88984205d2044b1b68742202fb6c
:106b20000030704700207047d4fb00203c0001205b
:020000040000fa
:020000040003f7
:106b300028b190f8422012f0400f01d10020704798
:106b400090f86a2002f00102002a08bf0020704776
:020000040000fa
:020000040003f7
:106b50000608020000000100000803000000000019
:106b6000ffff040000000000ffff05000000000020
:020000040000fa
:020000040003f7
:106b7000252e32783a252e32783a252e32783a254b
:106b80002e32783a252e32783a252e32780000bf00
:020000040000fa
:020000040003f7
:106b9000000000000000000001000000847d0300f0
:106ba000020000008c7d030003000000907d0300c4
:020000040000fa
:020000040003f7
:106bb00038b50446084615462146fcf7f5fd28b1d0
:106bc000eb68214628469847012038bd0020fce7a5
:020000040000fa
:020000040003f7
:106bd0005061636b65742041636b3a206f7270681b
:106be000616e207061636b657421200d0a0000bf27
:020000040000fa
:020000040003f7
:106bf00038b505b2b5f1ff3f00d138bd0c460846a7
:106c000000f01eff82b221462846f4f71ffff4e78a
:020000040000fa
:020000040003f7
:106c10000288130a43ea022303804288130a43eae4
:106c200002234380c288130a43ea0223c3807047c9
:020000040000fa
:020000040003f7
:106c300008b5064b5b6c834202d0fdf7c3f808bd74
:106c4000036a23f008030362f9e700bf60f800203d
:020000040000fa
:020000040003f7
:106c50008269c3699a420ad210b5044603681b6868
:106c6000096840689847a3690133a36110bd704764
:020000040000fa
:020000040003f7
:106c700000b583b001220df10701044b5888fef7df
:106c80002bf89df8070003b05df804fb100101200c
:020000040000fa
:020000040003f7
:106c900051b1002808db420900f01f00012303fa6c
:106ca00000f0024b43f82200704700bf00e100e013
:020000040000fa
:020000040003f7
:106cb0001c110300c41003006c1003001410030027
:106cc00000000000000000000000000000000000c4
:020000040000fa
:020000040003f7
:106cd000e62b8a8ee8f141b6980566e3bfe3c0492a
:106ce00003dad4ac2cdf9f2280010a6739bc83d33e
:020000040000fa
:020000040003f7
:106cf000253032583a253032583a253032583a2524
:106d00003032583a253032583a253032580000bfd8
:020000040000fa
:020000040003f7
:106d1000044ad3690133d361034b044a1a60052046
:106d2000704700bfc4fa0020f0050120306d030059
:020000040000fa
:020000040003f7
:106d3000737475623a207065726970686572616c0f
:106d4000206e6f7420636f6e66696775726564008c
:020000040000fa
:020000040003f7
:106d500008b5fef787fc044bc3e90001034a13683a
:106d60000133136008bd00bff0fe00206402012063
:020000040000fa
:020000040003f7
:106d70005b54524947434d445d206c697374656ea2
:106d8000696e67206f6e205544502025750d0a00ee
:020000040000fa
:020000040003f7
:106d900010b5054c22680ab9fef76cfd034b186864
:106da0002368c01a10bd00bf1cfd002020fd00207c
:020000040000fa
:020000040003f7
:106db00010b50446837d03f0ef036ff3451383752d
:0e6dc000fff7f2faa063002384f8463010bdfe
:020000040000fa
:020000040003f7
:106dce0038b504460d4601f078fa00b938bd2046b4
:0e6dde0001f081fb29462046e8f757fef6e754
:020000040000fa
:020000040003f7
:106dec00d0f8a4301a6842f008021a601a6842f00f
:0e6dfc0004021a601a6842f080021a607047a2
:020000040000fa
:020000040003f7
:106e0a0058b190f8422012f0400f01d1002070478b
:0e6e1a008268406860ea0200704700207047fe
:020000040000fa
:020000040003f7
:106e280008b5034638b190f8422002f04002002a23
:0e6e380014bf03460023184600f0defc08bd20
:020000040000fa
:020000040003f7
:106e460058b190f8422012f0400f01d1002070474f
:0e6e560090f86a0000f00100704700207047bd
:020000040000fa
:020000040003f7
:106e640038b50446002343600360836001f0aefc40
:0e6e74000125257301f0aefc6573284638bd7c
:020000040000fa
:020000040003f7
:106e820048b103694bb100209a8910441b68002b5a
:0e6e9200fad180b270470020fbe70020f9e73c
:020000040000fa
:020000040003f7
:106ea000c269016a8a4207d283695b1a4069101a73
:0e6eb0001844013080b27047501a80b270470b
:020000040000fa
:020000040003f7
:106ebe0008b5d0f8d4303bb11968d0f8cc308b423d
:0e6ece0001d0f5f760fa08bdd0f8cc10f9e756
:020000040000fa
:020000040003f7
:106edc00034650b1827bc07b000440ea02605a7cbe
:0e6eec0010431b7c40ea0320704700207047d3
:020000040000fa
:020000040003f7
:106efa0050f8040c30b50023040c4d1c000e9a42c5
:0e6f0a0001d8002030bdcc54e8540233f7e724
:020000040000fa
:020000040003f7
:106f180010b50023934206d113f0030018bf0120d7
:0e6f280000eb930010bdc45ccc540133f2e7c3
:020000040000fa
:020000040003f7
:106f3800054b834204d128b1b3f84e0080b27047a4
:0c6f480000207047002070478c040120de
:020000040000fa
:020000040003f7
:106f54004452562050485920696e6974206661690c
:0c6f64006c65643a2025640d0a0000bf33
:020000040000fa
:020000040003f7
:106f70000346006848b15a68824206bf00225a6040
:0c6f800002681a609a68013a9a60704733
:020000040000fa
:020000040003f7
:106f8c0011f0010f09d042b108b5d0f89830117842
:0c6f9c00b3f91200fff776fe08bd704745
:020000040000fa
:020000040003f7
:106fa80001eb01118900d0f88c300b440022da87fc
:0c6fb800d0f88c301944a1f8402070473c
:020000040000fa
:020000040003f7
:106fc40008b541f2c713c15419b141f2c813c35ce7
:0c6fd40003b108bd0121d7f799fdfae7d1
:020000040000fa
:020000040003f7
:106fe00010b584b0069c0394029300230193009291
:0c6ff0000a460221edf76cfb04b010bd56
:020000040000fa
:020000040003f7
:106ffc0053657474696e67206661696c65642c20d6
:0c700c00616464723d307825580d0a0064
:020000040000fa
:020000040003f7
:107018000346006848b15a68824206bf00225a6097
:0c70280002681a609a68013a9a6070478a
:020000040000fa
:020000040003f7
:10703400496e73756666696369656e74205175651a
:0c7044007565204465707468000000bf92
:020000040000fa
:020000040003f7
:1070500010b5446834b113460a460349411ac1f3d6
:0c7060000f11a04710bd00bf1cd900207c
:020000040000fa
:020000040003f7
:10706c0050b190f8422012f0400f01d1002070472f
:0c707c000a68c2600120704700207047c5
:020000040000fa
:020000040003f7
:10708800034638b190f8422012f0400f0ebf00239b
:0c7098000a680261181c18bf0120704734
:020000040000fa
:020000040003f7
:1070a40050b190f8422012f0400f01d100207047f7
:0c70b4000a68426101207047002070470c
:020000040000fa
:020000040003f7
:1070c000034638b190f8422002f04002002a14bf73
:0c70d00003460023181c18bf0120704765
:020000040000fa
:020000040003f7
:1070dc0008b548b190f8422012f0400f01d10020c1
:0c70ec0008bd00f093fbfbe70020f9e773
:020000040000fa
:020000040003f7
:1070f80008b548b190f8422012f0400f01d10020a5
:0c71080008bdfff79cfefbe70020f9e744
:020000040000fa
:020000040003f7
:1071140008b5044b834204d1034b1b680bb1f3f74e
:0c71240047f908bdd4fb00203c0001200e
:020000040000fa
:020000040003f7
:10713000756e6b0065746800776c616e000000000e
:0c7140007070700067336164700000bf65
:020000040000fa
:020000040003f7
:10714c000346006848b15a68824206bf00225a6062
:0c715c0002681a609a68013a9a60704755
:020000040000fa
:020000040003f7
:1071680038b5447b0cb9204638bd054601f02cfbe8
:0c7178002b7b01332b7301f02bfbf4e7a1
:020000040000fa
:020000040003f7
:1071840038b502fb01f52946eff7fafb044618b1be
:0c7194002a46002100f0c6fe204638bd4f
:020000040000fa
:020000040003f7
:1071a00050b190f8422012f0400f01d100207047fa
:0c71b000b0f866001438704700207047eb
:020000040000fa
:020000040003f7
:1071bc00044b1b6823b9044b1960024b18607047d1
:0c71cc0000207047b8000120b400012032
:020000040000fa
:020000040003f7
:1071d8003a20697065726620636f6d6d616e6473c5
:0c71e8000000000069706572660000bfc6
:020000040000fa
:020000040003f7
:1071f400044b00221a80044b58614af201529a80cf
:0c720400012070472a04012000400041d6
:020000040000fa
:020000040003f7
:1072100008b5836900f12002934206d90268013b58
:0c7220008361136809684068984708bd46
:020000040000fa
:020000040003f7
:10722c0010b50c46084600f005fc02462146024b00
:0c723c005888fdf77ffd10bd10010120f7
:020000040000fa
:020000040003f7
:107248000d0a202a2a2a2053797374656d20526505
:0c725800626f6f74202a2a2a0d0a0000c1
:020000040000fa
:020000040003f7
:107264004a68044b1a60044b0a895a8002221a7035
:0c727400002070471c01012020010120b7
:020000040000fa
:020000040003f7
:1072800070b505460c46164601f072f820f44061d0
:0c729000344321432846fff74bf870bd43
:020000040000fa
:020000040003f7
:10729c0008b5054bd9684ff47a720023a1fb0001a5
:0c72ac00fef7cafa08bd00bf30f9002050
:020000040000fa
:020000040003f7
:1072b80010b582b09df8104004b922b10094f2f7dd
:0c72c80063fb02b010bd4ff0ff30fae78e
:020000040000fa
:020000040003f7
:1072d40008b5044b1a60012302460348faf74cfa36
:0c72e40008bd00bf280101200581030047
:020000040000fa
:020000040003f7
:1072f00000004f4e52000000c0e1e4000200000612
:0c730000400708008001010100000000af
:020000040000fa
:020000040003f7
:10730c0095830300c1780300d9780300b987030083
:0c731c00397e03004d7e030081630300f6
:020000040000fa
:020000040003f7
:1073280008b5034b034a0a210348f4f72ffe08bdaa
:0c733800807903009079030088e30200d4
:020000040000fa
:020000040003f7
:107344005b4c4f475d2072696e67206275666665a7
:0c7354007220636c65617265640d0a00b4
:020000040000fa
:020000040003f7
:10736000034a1170034a1360034b01221a707047dd
:0c7370003b0401206401012039040120cd
:020000040000fa
:020000040003f7
:10737c00034a1170034a1360034b01221a707047c1
:0c738c003b0401206801012039040120ad
:020000040000fa
:020000040003f7
:1073980008b5054b1b78834200d108bd024b187015
:0c73a800e3f792f8f9e700bf5b04012056
:020000040000fa
:020000040003f7
:1073b4000f2803d8044b1b5c8b4200d07047024b50
:0c73c40000221a54fae700bfc0fc0020b1
:020000040000fa
:020000040003f7
:1073d00030b501390024a24206d0035d01340d5db1
:0c73e000ab42f8d0581b00e0002030bd8c
:020000040000fa
:020000040003f7
:1073ec005ab110b40a44431e11f8014b03f8014f73
:0c73fc009142f9d15df8044b70477047d6
:020000040000fa
:020000040003f7
:1074080010b5c9b20244824201d1002304e0013a16
:0c741800134614788c42f6d1184610bdc3
:020000040000fa
:020000040003f7
:1074240050b140f21d42b0fa80f1521a8840c30aaa
:0c743400400503eb025170470100704757
:020000040000fa
:020000040003f7
:10744000a0f13003092b07d940f02000613805284e
:0c7450008cbf0020012070470120704715
:020000040000fa
:020000040003f7
:10745c0013b50446019201aadcf7e6f8636813f051
:0c746c00100f18bf4ff0ff3002b010bd31
:020000040000fa
:020000040003f7
:1074780013b50446019201aad9f79ef8636813f080
:0c748800100f18bf4ff0ff3002b010bd15
:020000040000fa
:020000040003f7
:1074940000230b6043682bb119604160836801339a
:0a74a4008360704741600160f8e763
:020000040000fa
:020000040003f7
:1074ae00d0f8a43021b11a6842f008021a60704771
:0a74be001a6822f008021a607047f5
:020000040000fa
:020000040003f7
:1074c80000230b6043682bb1196041608368013366
:0a74d8008360704741600160f8e72f
:020000040000fa
:020000040003f7
:1074e20010b584b002240294079c01949df81840c0
:0a74f2000094edf73efd04b010bd5c
:020000040000fa
:020000040003f7
:1074fc0010b584b005240294079c01949df81840a3
:0a750c000094edf731fd04b010bd4e
:020000040000fa
:020000040003f7
:10751600034640b190f8420010f0400000d1704799
:0a75260093f86b0070470020f9e7ae
:020000040000fa
:020000040003f7
:1075300008b5fff7fdfa30b190f8430080f0100075
:0a754000c0f3001008bd0020fce7b6
:020000040000fa
:020000040003f7
:10754a0000230b6043682bb11960416083680133e3
:0a755a008360704741600160f8e7ac
:020000040000fa
:020000040003f7
:1075640038b505460c462046fff7eefd014618b136
:0a7574002846fff7e8fff6e738bdf0
:020000040000fa
:020000040003f7
:10757e0038b505460c462846fcf7e1fb014618b126
:0a758e00e36820469847f6e738bd91
:020000040000fa
:020000040003f7
:10759800022807d008b513460a4601210846dcf739
:0a75a800bffc08bd4ff0ff30704734
:020000040000fa
:020000040003f7
:1075b20008b5fef780fe08b9002008bd0121f2f7e8
:0a75c2004efec043c0f3c010f7e70f
:020000040000fa
:020000040003f7
:1075cc0008b5fef773fe20b1c26c22b1fdf724ffa3
:0a75dc0008bd0020fce70020fae7dc
:020000040000fa
:020000040003f7
:1075e60000b583b06ff00103009300231a461946d5
:0a75f600e6f79bfc03b05df804fb10
:020000040000fa
:020000040003f7
:107600000eb403b503aa52f8041b0192fef702f967
:0a76100002b05df804eb03b0704710
:020000040000fa
:020000040003f7
:10761a000cb407b504ab53f8042b0193f8f77bffbe
:0a762a0003b05df804eb02b07047f6
:020000040000fa
:020000040003f7
:107634000eb403b503aa52f8041b019200f04affea
:0a76440002b05df804eb03b07047dc
:020000040000fa
:020000040003f7
:10764e0008b518b129b1ecf73efe08bd6ff0ac00dd
:08765e00fbe76ff0ac00f8e758
:020000040000fa
:020000040003f7
:1076660008b518b129b1f1f756fd08bd6ff0ac00a9
:08767600fbe76ff0ac00f8e740
:020000040000fa
:020000040003f7
:10767e0008b518b129b1ebf78cf908bd6ff0ac0065
:08768e00fbe76ff0ac00f8e728
:020000040000fa
:020000040003f7
:10769600d0f8a4301a6822f008021a601a6822f09c
:0876a60004021a605b6a7047e0
:020000040000fa
:020000040003f7
:1076ae0031b102682ab10a600160836801338360d8
:0876be00704741600160f8e72c
:020000040000fa
:020000040003f7
:1076c80008b519b10121fff779fc08bd0148f5f7a4
:0876d800c7fafae7e0760300af
:020000040000fa
:020000040003f7
:1076e00046696e616c2073657474696e67206661ab
:0876f000696c65640d0a0000dd
:020000040000fa
:020000040003f7
:1076f80010b584b001240294069c019400930023e1
:08770800edf734fc04b010bde4
:020000040000fa
:020000040003f7
:1077100010b584b003240294069c019400930023c6
:08772000edf728fc04b010bdd8
:020000040000fa
:020000040003f7
:1077280010b584b004240294069c019400930023ad
:08773800edf71cfc04b010bdcc
:020000040000fa
:020000040003f7
:107740005f4452565f4d49494d5f4f704c697374a9
:0877500052656d6f76650000c3
:020000040000fa
:020000040003f7
:107758004d49494d5f50726f636573735f52656140
:0877680064457874000000bfc5
:020000040000fa
:020000040003f7
:107770004d49494d5f50726f636573735f5772690e
:0877800074654578740000bf38
:020000040000fa
:020000040003f7
:107788005f4452565f4d49494d5f52656c65617360
:08779800654f7044637074003a
:020000040000fa
:020000040003f7
:1077a0000b7813f0010f06d00b786ff300030b700a
:0877b000436a013b436270478c
:020000040000fa
:020000040003f7
:1077b80040b190f8422012f0400f01d100207047ec
:0877c800c06870470020704703
:020000040000fa
:020000040003f7
:1077d00040b190f8422012f0400f01d100207047d4
:0877e0000069704700207047aa
:020000040000fa
:020000040003f7
:1077e80040b190f8422012f0400f01d100207047bc
:0877f800406970470020704752
:020000040000fa
:020000040003f7
:1078000040b190f8422012f0400f01d100207047a3
:0878100040687047002070473a
:020000040000fa
:020000040003f7
:1078180040b190f8422012f0400f01d1002070478b
:087828008068704700207047e2
:020000040000fa
:020000040003f7
:1078300008b500eb4000034b03eb8000fff786fc2c
:0878400008bd00bf14f3002095
:020000040000fa
:020000040003f7
:107848006d69696d206f70656e3a206661696c6557
:0878580064210d0a000000bfcd
:020000040000fa
:020000040003f7
:1078600010b5044608460421fdf74cfde368b0fb63
:08787000f3f202fb130010bd4e
:020000040000fa
:020000040003f7
:1078780008b5044b186820b100f0d5fc014b002274
:087888001a6008bd0c0101208b
:020000040000fa
:020000040003f7
:10789000044a9368d06883423ebf024a12699b182b
:0878a000181a7047ecf80020f3
:020000040000fa
:020000040003f7
:1078a800044bd86a9b6a984282bf024a126b9b18a3
:0878b800181a7047ecf80020db
:020000040000fa
:020000040003f7
:1078c000044a136843f002031360136913f0020fb4
:0878d000fbd1704700380040b5
:020000040000fa
:020000040003f7
:1078d800044a136823f002031360136913f0020fbc
:0878e800fbd17047003800409d
:020000040000fa
:020000040003f7
:1078f00008b5d0f8d43033b15968d0f8d0308b42c5
:0879000001d0f4f747fd08bdba
:020000040000fa
:020000040003f7
:1079080008b503681b68034940689847fef796ff67
:0879180008bd00bf4872030026
:020000040000fa
:020000040003f7
:1079200038b504460d4600f023fd20f4407129438c
:087930002046fef7fdfc38bd06
:020000040000fa
:020000040003f7
:10793800044b1b69834232bfc01ac3f58033c01899
:08794800704700bf30f9002078
:020000040000fa
:020000040003f7
:10795000000000002e0000002f000000300000009a
:087960001f00000020000000e0
:020000040000fa
:020000040003f7
:10796800c1d30200a9780300117e03003961020027
:08797800b1870300257e030026
:020000040000fa
:020000040003f7
:107980003a205465737420436f6d6d616e647300ab
:0879900054657374000000bf90
:020000040000fa
:020000040003f7
:1079980058da020031d1010064da0200b0da0200dc
:0879a8002dac0200bcda020064
:020000040000fa
:020000040003f7
:1079b00000b583b0cde9002302460b460020d1f785
:0879c00063ff03b05df804fb56
:020000040000fa
:020000040003f7
:1079c800034b1870034b00200021c3e900017047e6
:0879d80029060120b8fe002081
:020000040000fa
:020000040003f7
:1079e000eff3108172b6034a53690343536101b93f
:0879f00062b670470008004078
:020000040000fa
:020000040003f7
:1079f800eff3108172b6034a93690343936101b9a7
:087a080062b67047000800405f
:020000040000fa
:020000040003f7
:107a1000eff3108172b6034ad3690343d36101b90e
:087a200062b670470008004047
:020000040000fa
:020000040003f7
:107a2800eff3108172b6034a136a0343136201b974
:087a380062b67047000800402f
:020000040000fa
:020000040003f7
:107a400003783bb1034600bf13f8012f002afbd196
:087a5000181a70471846704730
:020000040000fa
:020000040003f7
:107a580038b504460d46fff7efff2946421c20467d
:087a6800bde83840fff7ccbc7b
:020000040000fa
:020000040003f7
:107a7000044a136823b91060036101600120704754
:087a800000207047f40301200f
:020000040000fa
:020000040003f7
:107a8800034b04481a68504301301860400c704793
:087a9800fc0301202d7f954c39
:020000040000fa
:020000040003f7
:107aa000d0e90f2310b59c1a0165446511b18c42d1
:087ab000c8bf5318c36410bde8
:020000040000fa
:020000040003f7
:107ab80010b4c46a1cb123465df8044b184700682b
:087ac8005df8044b00f0e0be84
:020000040000fa
:020000040003f7
:107ad00008b50021faf74cfa10b190f90c0008bd76
:067ae0004ff0ff30fbe750
:020000040000fa
:020000040003f7
:107ae60038b1b0f8423013f0070f0cbf0120002068
:067af600704700207047fc
:020000040000fa
:020000040003f7
:107afc0008b50021fcf76afd18b1807800f0010090
:067b0c0008bd0020fce7ab
:020000040000fa
:020000040003f7
:107b120008b50021fcf75ffd18b14088c0f34000b2
:067b220008bd0020fce795
:020000040000fa
:020000040003f7
:107b2800034628b190f93800002283f838207047be
:067b38006ff00800704729
:020000040000fa
:020000040003f7
:107b3e00b2f5007f00d0704708b5012211461a2019
:067b4e00faf77ff808bd04
:020000040000fa
:020000040003f7
:107b540008b5fef7affb20b190f83f00c0f38000fa
:067b640008bd0020fce753
:020000040000fa
:020000040003f7
:107b6a00b2f5807f00d0704708b501221146212066
:067b7a00faf769f808bdee
:020000040000fa
:020000040003f7
:107b8000b2f5007f00d0704708b5012211462120d0
:067b9000faf75ef808bde3
:020000040000fa
:020000040003f7
:107b960008b528b16ff001020021fcf71efa08bdf6
:067ba6006ff0ac00fbe7ec
:020000040000fa
:020000040003f7
:107bac00027843781b0443ea0263c278134380785b
:067bbc0043ea00207047bf
:020000040000fa
:020000040003f7
:107bc20010b50023c25ccc5ca24202d10133002a70
:067bd200f8d1101b10bdec
:020000040000fa
:020000040003f7
:107bd8000068002808b501da002008bdfaf74efc55
:067be800431cfad1f8e78e
:020000040000fa
:020000040003f7
:107bee0037b54ff0ff344ff0ff35cde90045f9f7cb
:067bfe005eff03b030bd84
:020000040000fa
:020000040003f7
:107c040068076c094c836a9074a07ac00080688805
:067c140000846c82008177
:020000040000fa
:020000040003f7
:107c1c00115f0300712e0300810503002135030061
:047c2c0005840200c9
:020000040000fa
:020000040003f7
:107c3000034b186880f0010040f30000c0b27047a9
:047c4000e4820020ba
:020000040000fa
:020000040003f7
:107c4400d0f8a420536823f0105323f4fc73194391
:047c540051607047c4
:020000040000fa
:020000040003f7
:107c580001b1704708b511460148f5f701f808bdac
:047c6800fc6f0300aa
:020000040000fa
:020000040003f7
:107c6c005b736b697070656420256c755d0d0a0023
:047c7c00257300006c
:020000040000fa
:020000040003f7
:107c80005f4452565f4d49494d5f50726f63657353
:047c9000734f7000be
:020000040000fa
:020000040003f7
:107c94004d49494d5f50726f636573735f526561ff
:047ca400640000bfb9
:020000040000fa
:020000040003f7
:107ca8004d49494d5f50726f636573735f577269d1
:047cb80074650000ef
:020000040000fa
:020000040003f7
:107cbc004d49494d5f50726f636573735f536361d8
:047ccc006e0000bf87
:020000040000fa
:020000040003f7
:107cd0005f4452565f4d49494d5f5265706f7274f3
:047ce0004f700000e1
:020000040000fa
:020000040003f7
:107ce4005f4452565f4d49494d5f4f7052657375fd
:047cf4006c740000ac
:020000040000fa
:020000040003f7
:107cf8005f4452565f4d49494d5f4765744f704424
:047d08006370740030
:020000040000fa
:020000040003f7
:107d0c00a9f90200e1ff0200dd1403000da302003b
:047d1c0055b7020055
:020000040000fa
:020000040003f7
:107d200008b518b10278012a01d0002008bdedf78e
:047d30008dfefbe7e2
:020000040000fa
:020000040003f7
:107d340028b190f8422012f0400f01d10020704782
:047d44003c30704718
:020000040000fa
:020000040003f7
:107d4800034b1b7b834206bf014b9868002070479a
:047d5800d4fb002038
:020000040000fa
:020000040003f7
:107d5c00307103003471030038710300407103006b
:047d6c00447103005b
:020000040000fa
:020000040003f7
:107d70005f5443504950537461636b5061636b654a
:047d800074547800bf
:020000040000fa
:020000040003f7
:107d840066756c6c000000006c6f7700646f776e32
:047d9400000000bf2c
:020000040000fa
:020000040003f7
:107d98002014010034140100dc1301002814010030
:047da8003c14010086
:020000040000fa
:020000040003f7
:107dac0000b2b0f1ff3f01d10020704708b5f2f7e7
:047dbc004df808bdb9
:020000040000fa
:020000040003f7
:107dc000f16b0300e35f0300e9690300ad7d03008d
:047dd000c9de020006
:020000040000fa
:020000040003f7
:107dd40010b504464c30fff7b7f901462046fbf7cf
:047de400dffb10bdf4
:020000040000fa
:020000040003f7
:107de800034b588a80f0010000f00100704700bf83
:047df8000040004106
:020000040000fa
:020000040003f7
:107dfc00034b187e80f00200c0f34000704700bfb8
:047e0c000030004002
:020000040000fa
:020000040003f7
:107e100010b5034b1c6bfff747fd013c201a10bd4a
:047e2000ecf800205a
:020000040000fa
:020000040003f7
:107e240010b5034b1c69fff731fd013c201a10bd4e
:047e3400ecf8002046
:020000040000fa
:020000040003f7
:107e3800034b98831a46136913f0400ffbd1704720
:047e480000380040be
:020000040000fa
:020000040003f7
:107e4c00034bd8831a46136913f0800ffbd170478c
:047e5c0000380040aa
:020000040000fa
:020000040003f7
:107e60002d72030059d8020085540300e5800300f9
:047e7000716c03002e
:020000040000fa
:020000040003f7
:107e740028b9034b01225a71096819601a717047b5
:047e840044fd002099
:020000040000fa
:020000040003f7
:107e880008b5002202491046fdf77bfd08bd00bf7a
:047e980097880300c4
:020000040000fa
:020000040003f7
:107e9c00024b1970024b01221a7070473b040120ef
:047eac003904012074
:020000040000fa
:020000040003f7
:107eb00008b500231a4602490320f6f7dffd08bd86
:047ec0000184030036
:020000040000fa
:020000040003f7
:107ec400024b1970024b01221a70704752040120b0
:047ed4005104012034
:020000040000fa
:020000040003f7
:107ed800024b034a1a600520704700bff0050120d5
:047ee800605e0300d5
:020000040000fa
:020000040003f7
:107eec006e6f20737563682070776d2068616e64a7
:047efc006c650000b1
:020000040000fa
:020000040003f7
:107f0000034b59681a4653685b1a8342fbd3704788
:047f1000001000e07d
:020000040000fa
:020000040003f7
:107f140031800300196f0300fb6e0300d98803004e
:047f2400d9880300f5
:020000040000fa
:020000040003f7
:107f280032b1c9b20244034603f8011b9342fbd1a4
:047f3800704700bfcf
:020000040000fa
:020000040003f7
:107f3c0010b50c46f8f78efa0378e4b2a34218bfda
:047f4c00002010bd44
:020000040000fa
:020000040003f7
:107f5000034600bf11f8012b184603f8012b002a35
:047f6000f8d170479d
:020000040000fa
:020000040003f7
:107f640037b500244ff00045cde90045f9f7a4fded
:047f740003b030bd69
:020000040000fa
:020000040003f7
:107f780037b54ff0ff340025cde90045f9f79afdf4
:047f880003b030bd55
:020000040000fa
:020000040003f7
:107f8c0037b54ff000440025cde90045f9f790fdd9
:047f9c0003b030bd41
:020000040000fa
:020000040003f7
:107fa00008b518b1fff7f7fd002008bd6ff0ac0071
:027fb000fbe7ed
:020000040000fa
:020000040003f7
:107fb200d0f8b42000231370d0f8bc201370012035
:027fc200704706
:020000040000fa
:020000040003f7
:107fc40008b5084600f044f810b1012280f80421f5
:027fd40008bde6
:020000040000fa
:020000040003f7
:107fd600036a2bb11a6a026200225a751a621a7073
:027fe6007047e2
:020000040000fa
:020000040003f7
:107fe800034620b1c06a1b6bc01a0001704700200d
:027ff8007047d0
:020000040000fa
:020000040003f7
:107ffa0008b5fef75cf910b1fef74dff08bd002089
:02800a00fce791
:020000040000fa
:020000040003f7
:10800c00eff3108072b6bff35f8fb0fa80f04009c7
:02801c007047ab
:020000040000fa
:020000040003f7
:10801e0018b1bff35f8f62b6704772b6bff35f8f52
:02802e00704799
:020000040000fa
:020000040003f7
:108030000a440023914201d10020704701f8013b1e
:02804000f8e75f
:020000040000fa
:020000040003f7
:1080420008b510b1fff7cefa08bd6ff0ac00fbe740
:020000040000fa
:020000040003f7
:10805400024b98420cbf18460020704780ec002069
:020000040000fa
:020000040003f7
:108064004452565f4d49494d5f5461736b73000030
:020000040000fa
:020000040003f7
:1080740000000000f07f0100fc7f0100048001008b
:020000040000fa
:020000040003f7
:1080840010b50446fff779fa2046fdf75df810bdf8
:020000040000fa
:020000040003f7
:1080940008b5fef7d3f8034600b1436a184608bd95
:020000040000fa
:020000040003f7
:1080a40008b5fef707f9034600b1836c184608bd0e
:020000040000fa
:020000040003f7
:1080b400024b03eb001041608260704758fb0020c4
:020000040000fa
:020000040003f7
:1080c400024b40f204521a80704700bf0040004146
:020000040000fa
:020000040003f7
:1080d40008b513460a461946fff786f9012008bd7c
:020000040000fa
:020000040003f7
:1080e40008b5024b5888fcf70ffe08bd10010120ab
:020000040000fa
:020000040003f7
:1080f40010b9024b187970470320704744fd0020e3
:020000040000fa
:020000040003f7
:1081040008b5024b1b680021984708bd28010120cf
:020000040000fa
:020000040003f7
:108114001db6020039e80100fd7d030089830300d8
:020000040000fa
:020000040003f7
:108124000a00000000000000000000000000000041
:020000040000fa
:020000040003f7
:108134000028024818bf0020704700bf60fa0020e2
:020000040000fa
:020000040003f7
:10814400024b1878003018bf012070474904012001
:020000040000fa
:020000040003f7
:10815400024b186801301860704700bf800101208d
:020000040000fa
:020000040003f7
:1081640008b5fcf7bbfe022814bf0020012008bd9f
:020000040000fa
:020000040003f7
:10817400e0e50200ece50200f8e5020000e602009a
:020000040000fa
:020000040003f7
:108184000f289abf014b185c00207047c0fc0020e8
:020000040000fa
:020000040003f7
:1081940010b582b0049c0094f4f740ff02b010bd07
:020000040000fa
:020000040003f7
:1081a400024b4ff48062c3f89c2170470080004169
:020000040000fa
:020000040003f7
:1081b400256c75206d730000256c752075730000a7
:020000040000fa
:020000040003f7
:1081c400024a536813f0020ffbd1704700280040a5
:020000040000fa
:020000040003f7
:1081d400494e4600696e66004e414e006e616e0067
:020000040000fa
:020000040003f7
:1081e400494e4600696e66004e414e006e616e0057
:020000040000fa
:020000040003f7
:1081f40008b5f6f7e8fef6f7e6fef6f7e4fe08bd86
:020000040000fa
:020000040003f7
:0e82040018b141f2c112805c7047ff20704734
:020000040000fa
:020000040003f7
:0e82120010b1b0f8600070474ff0ff307047b9
:020000040000fa
:020000040003f7
:0e82200010b1b0f8600070474ff0ff307047ab
:020000040000fa
:020000040003f7
:0e822e0020b10022026042608260c260704790
:020000040000fa
:020000040003f7
:0e823c0008b510b10369984708bd0020fce7a3
:020000040000fa
:020000040003f7
:0e824a0008b510b14369984708bd0020fce755
:020000040000fa
:020000040003f7
:0e82580008b510b18369984708bd0020fce707
:020000040000fa
:020000040003f7
:0e82660008b510b1c369984708bd0020fce7b9
:020000040000fa
:020000040003f7
:0e82740083b203eb104000eb104080b2704765
:020000040000fa
:020000040003f7
:0e82820048f6b503984214bf00200120704753
:020000040000fa
:020000040003f7
:0e82900008b54ff49c720021fff746fe08bdb2
:020000040000fa
:020000040003f7
:0e829e0008b50020f0f727fafdf72bfdfce7ee
:020000040000fa
:020000040003f7
:0e82ac00a0f14103192b98bf40f0200070474d
:020000040000fa
:020000040003f7
:0e82ba00a0f16103192b98bf00f05f00704720
:020000040000fa
:020000040003f7
:0c82c800d0f8a4305869c0f34010704793
:020000040000fa
:020000040003f7
:0c82d40008b9014b5975704780ec002080
:020000040000fa
:020000040003f7
:0c82e000806880f00400c0f3800070474c
:020000040000fa
:020000040003f7
:0c82ec00014b93f813027047d0dd002016
:020000040000fa
:020000040003f7
:0c82f800014b1868704700bf38000120df
:020000040000fa
:020000040003f7
:0c830400014b1888704700bfd4fb00201c
:020000040000fa
:020000040003f7
:0c83100025642e25642e25642e256400b3
:020000040000fa
:020000040003f7
:0c831c0010b1c06a0001704700207047db
:020000040000fa
:020000040003f7
:0c83280010b1406b00017047002070474e
:020000040000fa
:020000040003f7
:0c833400014b00221a6070479c000120e1
:020000040000fa
:020000040003f7
:0c83400008b501220146e0f74bff08bd24
:020000040000fa
:020000040003f7
:0c834c00014b1868704700bfd0000120f2
:020000040000fa
:020000040003f7
:0c83580013688868c01a18bf0120704725
:020000040000fa
:020000040003f7
:0c836400014b1868704700bfe4000120c6
:020000040000fa
:020000040003f7
:0c8370000001014b185a704738fb002038
:020000040000fa
:020000040003f7
:0c837c0003695a400a405a4002617047f1
:020000040000fa
:020000040003f7
:0c838800014b1862596270471cfa00207b
:020000040000fa
:020000040003f7
:0c839400014b18605960704734fd002058
:020000040000fa
:020000040003f7
:0c83a00008200800080000000d0a3e0044
:020000040000fa
:020000040003f7
:0c83ac00014b5888704700bf20010120e1
:020000040000fa
:020000040003f7
:0c83b800014b1868704700bf1c01012039
:020000040000fa
:020000040003f7
:0c83c400014bd868704700bf30f9002062
:020000040000fa
:020000040003f7
:0c83d0000000000004000000000000009d
:020000040000fa
:020000040003f7
:0c83dc00d0880300a85c03000000000033
:020000040000fa
:020000040003f7
:0c83e8000200000000001700000000bfb1
:020000040000fa
:020000040003f7
:0c83f400014b93f82000704748fa00206d
:020000040000fa
:020000040003f7
:0c84000008b5fff7cffef3f751fc08bdf4
:020000040000fa
:020000040003f7
:0c840c00014b1878704700bf24060120c7
:020000040000fa
:020000040003f7
:0c841800c4fd0200e9fb010078480300ed
:020000040000fa
:020000040003f7
:0c84240078230300611c010024180300f1
:020000040000fa
:020000040003f7
:0c843000014b1878704700bf5b0401206e
:020000040000fa
:020000040003f7
:0c843c00a4330300e190000008e60200f9
:020000040000fa
:020000040003f7
:0c844800014b1870704700bf6104012058
:020000040000fa
:020000040003f7
:0c845400014b1878704700bf6404012041
:020000040000fa
:020000040003f7
:0c846000014b1870704700bf6f04012032
:020000040000fa
:020000040003f7
:0c846c00014bd3e90001704718ff00200d
:020000040000fa
:020000040003f7
:0c847800014b1870704700bf6b0401201e
:020000040000fa
:020000040003f7
:0c848400014b1868704700bf0003012086
:020000040000fa
:020000040003f7
:0c849000014b1868704700bf7c030120fe
:020000040000fa
:020000040003f7
:0c849c00014b1868704700bf80030120ee
:020000040000fa
:020000040003f7
:0c84a800014b01221a707047890401206a
:020000040000fa
:020000040003f7
:0c84b40010b50446fff74afd204610bd3d
:020000040000fa
:020000040003f7
:0c84c00010b50446f9f72cfa204610bd58
:020000040000fa
:020000040003f7
:0c84cc00014b013818607047fc030120d0
:020000040000fa
:020000040003f7
:0c84d80013460a466ff00041f8f71eb88a
:020000040000fa
:020000040003f7
:0a84e400d0f8a43020225a6170473e
:020000040000fa
:020000040003f7
:0a84ee00d0f8a430d3f80001704765
:020000040000fa
:020000040003f7
:0a84f800d0f8a430d3f80401704757
:020000040000fa
:020000040003f7
:0a850200d0f8a430d3f80801704748
:020000040000fa
:020000040003f7
:0a850c00d0f8a430d3f80c0170473a
:020000040000fa
:020000040003f7
:0a851600d0f8a430d3f8100170472c
:020000040000fa
:020000040003f7
:0a852000d0f8a430d3f8140170471e
:020000040000fa
:020000040003f7
:0a852a00d0f8a430d3f81801704710
:020000040000fa
:020000040003f7
:0a853400d0f8a430d3f81c01704702
:020000040000fa
:020000040003f7
:0a853e00d0f8a430d3f820017047f4
:020000040000fa
:020000040003f7
:0a854800d0f8a430d3f824017047e6
:020000040000fa
:020000040003f7
:0a855200d0f8a430d3f828017047d8
:020000040000fa
:020000040003f7
:0a855c00d0f8a430d3f82c017047ca
:020000040000fa
:020000040003f7
:0a856600d0f8a430d3f830017047bc
:020000040000fa
:020000040003f7
:0a857000d0f8a430d3f834017047ae
:020000040000fa
:020000040003f7
:0a857a00d0f8a430d3f838017047a0
:020000040000fa
:020000040003f7
:0a858400d0f8a430d3f83c01704792
:020000040000fa
:020000040003f7
:0a858e00d0f8a430d3f84001704784
:020000040000fa
:020000040003f7
:0a859800d0f8a430d3f84401704776
:020000040000fa
:020000040003f7
:0a85a200d0f8a430d3f84801704768
:020000040000fa
:020000040003f7
:0a85ac00d0f8a430d3f84c0170475a
:020000040000fa
:020000040003f7
:0a85b600d0f8a430d3f8500170474c
:020000040000fa
:020000040003f7
:0a85c000d0f8a430d3f8540170473e
:020000040000fa
:020000040003f7
:0a85ca00d0f8a430d3f85801704730
:020000040000fa
:020000040003f7
:0a85d400d0f8a430d3f85c01704722
:020000040000fa
:020000040003f7
:0a85de00d0f8a430d3f86001704714
:020000040000fa
:020000040003f7
:0a85e800d0f8a430d3f86401704706
:020000040000fa
:020000040003f7
:0a85f200d0f8a430d3f868017047f8
:020000040000fa
:020000040003f7
:0a85fc00d0f8a430d3f86c017047ea
:020000040000fa
:020000040003f7
:0a860600d0f8a430d3f870017047db
:020000040000fa
:020000040003f7
:0a861000d0f8a430d3f874017047cd
:020000040000fa
:020000040003f7
:0a861a00d0f8a430d3f878017047bf
:020000040000fa
:020000040003f7
:0a862400d0f8a430d3f87c017047b1
:020000040000fa
:020000040003f7
:0a862e00d0f8a430d3f880017047a3
:020000040000fa
:020000040003f7
:0a863800d0f8a430d3f88401704795
:020000040000fa
:020000040003f7
:0a864200d0f8a430d3f88801704787
:020000040000fa
:020000040003f7
:0a864c00d0f8a430d3f88c01704779
:020000040000fa
:020000040003f7
:0a865600d0f8a430d3f8900170476b
:020000040000fa
:020000040003f7
:0a866000d0f8a430d3f8940170475d
:020000040000fa
:020000040003f7
:0a866a00d0f8a430d3f8980170474f
:020000040000fa
:020000040003f7
:0a867400d0f8a430d3f89c01704741
:020000040000fa
:020000040003f7
:0a867e00d0f8a430d3f8a001704733
:020000040000fa
:020000040003f7
:0a868800d0f8a430d3f8a401704725
:020000040000fa
:020000040003f7
:0a869200d0f8a430d3f8a801704717
:020000040000fa
:020000040003f7
:0a869c00d0f8a430d3f8ac01704709
:020000040000fa
:020000040003f7
:0a86a600d0f8a430d3f8b0017047fb
:020000040000fa
:020000040003f7
:0a86b00041f2ca130022c2547047c1
:020000040000fa
:020000040003f7
:0a86ba004368a3f8a21001207047e6
:020000040000fa
:020000040003f7
:0a86c400036843f0100303607047e1
:020000040000fa
:020000040003f7
:0a86ce00036823f0100303607047f7
:020000040000fa
:020000040003f7
:0a86d80010b1406c00b1406870471b
:020000040000fa
:020000040003f7
:0a86e20090f8420000f00700704716
:020000040000fa
:020000040003f7
:0a86ec0000234360036083607047c1
:020000040000fa
:020000040003f7
:0a86f60008b50123f2f757fe08bd96
:020000040000fa
:020000040003f7
:0a87000008b50223fbf77cfb08bd5f
:020000040000fa
:020000040003f7
:0a870a0008b50020f4f715fe08bdc5
:020000040000fa
:020000040003f7
:0a87140008b50120f4f710fe08bdbf
:020000040000fa
:020000040003f7
:08872000474d4143000000bf7a
:020000040000fa
:020000040003f7
:08872800d0f8a430586a704734
:020000040000fa
:020000040003f7
:08873000d0f8a4309a627047f2
:020000040000fa
:020000040003f7
:08873800d0f8a430da627047aa
:020000040000fa
:020000040003f7
:088740004368b3f8a400704780
:020000040000fa
:020000040003f7
:088748004c414e383635580053
:020000040000fa
:020000040003f7
:08875000454d7631000000bf29
:020000040000fa
:020000040003f7
:0887580008b50368984708bd4d
:020000040000fa
:020000040003f7
:0887600008b54368984708bd05
:020000040000fa
:020000040003f7
:0887680008b58368984708bdbd
:020000040000fa
:020000040003f7
:0887700008b5c368984708bd75
:020000040000fa
:020000040003f7
:0887780008b5fff7dbfa08bdac
:020000040000fa
:020000040003f7
:08878000003018bf0120704712
:020000040000fa
:020000040003f7
:0887880020800100288001009f
:020000040000fa
:020000040003f7
:088790001080010018800100b7
:020000040000fa
:020000040003f7
:0887980008b5fef763fb08bd04
:020000040000fa
:020000040003f7
:0887a00008b5f8f71bfe08bd47
:020000040000fa
:020000040003f7
:0887a80008b5fbf70bfb08bd4f
:020000040000fa
:020000040003f7
:0887b00008b5fff76df808bde4
:020000040000fa
:020000040003f7
:0887b80000487047008793039d
:020000040000fa
:020000040003f7
:0887c0001b5b2564430000bfb0
:020000040000fa
:020000040003f7
:0887c8001b5b2564440000bfa7
:020000040000fa
:020000040003f7
:0887d00008b5fff71bfc08bd12
:020000040000fa
:020000040003f7
:0887d80008b5fff720fc08bd05
:020000040000fa
:020000040003f7
:0887e00008b5fcf73fff08bdde
:020000040000fa
:020000040003f7
:0887e80000000000000800423f
:020000040000fa
:020000040003f7
:0887f000000000100000000071
:020000040000fa
:020000040003f7
:0887f800000000000000002059
:020000040000fa
:020000040003f7
:0888000001000000b06c030050
:020000040000fa
:020000040003f7
:088808000c7303006b0000007b
:020000040000fa
:020000040003f7
:088810000a0000000002000252
:020000040000fa
:020000040003f7
:088818000a000002000000004c
:020000040000fa
:020000040003f7
:0888200065746830000000bf20
:020000040000fa
:020000040003f7
:0888280025732573000000bf59
:020000040000fa
:020000040003f7
:0888300008b5f3f743fc08bd95
:020000040000fa
:020000040003f7
:088838006d7300007573000070
:020000040000fa
:020000040003f7
:08884000ffffffffffff00bf77
:020000040000fa
:020000040003f7
:0888480083f00043dff73dbfa0
:020000040000fa
:020000040003f7
:08885000286e696c2900250067
:020000040000fa
:020000040003f7
:07885800286e756c6c29000d
:020000040000fa
:020000040003f7
:068860006ff005007047f7
:020000040000fa
:020000040003f7
:068866006ff005007047f1
:020000040000fa
:020000040003f7
:06886c00406b80b2704772
:020000040000fa
:020000040003f7
:0688720000b12c3070473c
:020000040000fa
:020000040003f7
:068878006ff005007047df
:020000040000fa
:020000040003f7
:06887e006ff005007047d9
:020000040000fa
:020000040003f7
:068884006ff007007047d1
:020000040000fa
:020000040003f7
:06888a0013688b607047cb
:020000040000fa
:020000040003f7
:068890004ff0ff307047bd
:020000040000fa
:020000040003f7
:068896006ff487707047cb
:020000040000fa
:020000040003f7
:06889c006ff001007047bf
:020000040000fa
:020000040003f7
:0488a20007207047f4
:020000040000fa
:020000040003f7
:0488a60000207047f7
:020000040000fa
:020000040003f7
:0488aa0008207047eb
:020000040000fa
:020000040003f7
:0488ae0000207047ef
:020000040000fa
:020000040003f7
:0488b20000207047eb
:020000040000fa
:020000040003f7
:0488b60000207047e7
:020000040000fa
:020000040003f7
:0488ba00006a704799
:020000040000fa
:020000040003f7
:0488be00816170471d
:020000040000fa
:020000040003f7
:0488c2004161704759
:020000040000fa
:020000040003f7
:0488c80020092c0057
:020000040000fa
:020000040003f7
:0488cc0001207047d0
:020000040000fa
:020000040003f7
:0488d00068790300c0
:020000040000fa
:020000040003f7
:0488d4004d2070477c
:020000040000fa
:020000040003f7
:0488d80000207047c5
:020000040000fa
:020000040003f7
:0488dc0000207047c1
:020000040000fa
:020000040003f7
:0488e00000207047bd
:020000040000fa
:020000040003f7
:0488e400fbf79bb94a
:020000040000fa
:020000040003f7
:0488e800704700bf16
:020000040000fa
:0200000400807a
:044000003912003c35
:020000040000fa
:0200000400807a
:044004008000a82a66
:020000040000fa
:0200000400807a
:04400800ffffffffb8
:00000001FF
