:020000040000fa
:10000000f0ff032015eb010047b3010097d001007a
:10001000c3f001009f040200230902000000000059
:100020000000000000000000000000002fa10100ff
:100030004be60100000000002fa101002fa10100ec
:100040002fa101002fa101002fa101002fa101006c
:100050002fa101002fa101002fa101002fa101005c
:100060002fa101002fa101002fa101002fa101004c
:100070002fa101002fa101002fa101002fa101003c
:100080002fa101002fa101002fa101002fa101002c
:100090002fa101002fa101002fa101002fa101001c
:1000a0002fa101002fa101002fa101002fa101000c
:1000b0002fa101002fa101002fa10100d39f020059
:1000c000dd9f02002fa101002fa101002fa101003f
:1000d0002fa101002fa101002fa101002fa10100dc
:1000e0002fa101002fa1010000000000000000006e
:1000f000000000002fa101002d3601002d36010067
:100100002d3601002d3601007929020079290200df
:1001100079290200792902002fa101002fa10100f5
:100120002fa101002fa101002fa101002fa101008b
:100130002fa101002fa101002fa101002fa101007b
:100140002fa101002fa101002fa101002fa101006b
:100150002fa101002fa101002fa101002fa101005b
:100160002fa101002fa101002fa101002fa101004b
:100170002fa101002fa101002fa101002fa101003b
:100180002fa101002fa101002fa101002fa101002b
:10019000157002002fa101002fa101002fa1010065
:1001a0002fa101002fa101002fa101002fa101000b
:1001b0002fa101002fa101002fa101002fa10100fb
:1001c0002fa101002fa101002fa101002fa10100eb
:1001d0002fa101002fa101002fa101002fa10100db
:1001e0002fa101002fa101002fa10100a171020088
:1001f0002fa101002fa101002fa101002fa10100bb
:100200002fa101002fa101002fa101002fa10100aa
:100210002fa101002fa101002fa101002fa101009a
:100220002fa101002fa101002fa101002fa101008a
:100230002fa101002fa101002fa101002fa101007a
:100240002fa101002fa101002fa101002fa101006a
:100250002fa101002fa101002fa101002fa101005a
:040260002fa10100c9
:020000040000fa
:10026400f8b500bff8bc08bc9e467047194c0200a4
:10027400f8b500bff8bc08bc9e467047f54b0200b9
:020000040000fa
:0802840000cd000001000000a4
:020000040000fa
:10028c002de9f04f8db00f210a2027f0e5f90290ef
:10029c0010f0010f40f05d85029b13f0020f40f04f
:1002ac007c850db0bde8f08fd9f8187007f11002fd
:1002bc00059213f4007f21d1fb6809933b690a93e3
:1002cc0000228df82c2006238df82d30330a43eaba
:1002dc000623adf82e300c2109a820f08dfbc0436d
:1002ec0083b2d9f8202012f0040f30d032464146a8
:1002fc0048461ef09ffe002840f09a86404621f0aa
:10030c0091f898f80ca04fea1a1a4fea8a03049352
:10031c00d9f81ca0baf80220002a00f08c86fd89be
:10032c00bb891d44baf800301d445540adb2c74bd3
:10033c00d3f800c0bcf1000f00f08086d9f828e09b
:10034c00c34b1b68039300239b4610460ee01a46d2
:10035c003146404620f050fbcde7b4f87220824283
:10036c002fd001331bb21c469c452fd9039a52f84f
:10037c002440002cf5d094f876200b2af1d094f878
:10038c0077100129edd8a16c09b18e45e9d1002a6d
:10039c00e3d0b4f87220aa42e3d1daf80010226e4e
:1003ac009142ded1216cfa689142dad1012184f8b4
:1003bc007710c4f848e0059a204625f056fea3466f
:1003cc0022e0bbf1000f08bfa346cae7bbf1000f48
:1003dc0000f08380fb68cbf8403001218bf877105c
:1003ec00cbf848e0059a584625f03ffeabf8725022
:1003fc00baf80030abf86030baf80230abf86230c3
:10040c00dbf80030cbf81030d9f810209389049920
:10041c005b1a938198f80d40d8f80870d8f80450fe
:10042c009bf83f3013f0400f5bd19bf875306ff3a6
:10043c0000038bf875309bf87630002b69d0012bbc
:10044c0000f09e801436049aa6eb020a1ffa8afa70
:10045c00aaf1140292b2059214f0010206921abf8c
:10046c00aaf1130a1ffa8af2059a039214f0020fea
:10047c0003d0039a013292b20392dbf81c60dbf8d2
:10048c0020209642c0f0aa80dbf81810dbf814008c
:10049c00091aa6eb020aa1eb0a0a1ffa8af20492c5
:1004ac00dbf85820a5eb020a039a002a00f0a98079
:1004bc00049a002a00f0a080baf1000fc0f29680d6
:1004cc009245c0f0a780039a04998a1a8a45c0f213
:1004dc00a180924540f39e808ee06ff00e0100f0fb
:1004ec0034bc00238bf879309bf83e3013f0020fac
:1004fc009bd127f0b5f9bbf87020564b1b6803fb5a
:10050c0002f3554aa2fb032300eb9310cbf8240013
:10051c008be714f0040f1ad114f0100f1dd114f046
:10052c00020f27d00135cbf8585040461af0a8fee0
:10053c00abf86a00584624f072fe0122122158468c
:10054c0004f070fb02238bf876300026e6e30021e2
:10055c00584613f049fe0026e0e3cbf85470002215
:10056c000421584604f05efb0021584613f03cfe73
:10057c000026d3e30021584613f036fe0026cde3c7
:10058c0014f0040f40f0c98314f0100f00f0a08594
:10059c00dbf85460b74205d114f0020f40f05585da
:1005ac000026bbe3cbf8547001220421584604f01a
:1005bc0039fbcbf854600026b0e327f051f9bbf8b7
:1005cc007020244b1b6803fb02f3234aa2fb03237a
:1005dc0000eb9313cbf8243000f056bda2eb060ac7
:1005ec000af1ff3a1ffa8af2049259e703990a4674
:1005fc00514400293ff768af14f0040f1fd00026b8
:10060c008ce3baf1000f05d0baf1000ff4db049ab9
:10061c009245f1da14f0060f20d114f0100f00f00f
:10062c009083023b072b00f2cc81dfe813f029000a
:10063c003e003e003e003e00ca013e00bd010122cc
:10064c001021584604f0eefa002667e350bf002054
:10065c004cbf002054bf0020d34d621014f0040f87
:10066c0008d09bf83f3043f002038bf83f304ff437
:10067c00006600e000260021584613f0b5fd4de35e
:10068c00dbf85460b74205d103238bf876304ff476
:10069c0080760be0cbf8547001220421584604f00c
:1006ac00c1facbf85460002638e30026dbf81010b2
:1006bc00dbf808305a1a13d4dbf854003b1a9b1a97
:1006cc00002b1dddbbf8742002f40172042a01d149
:1006dc00012b0cd000221021584604f0a3fa1de384
:1006ec00dbf80430dbf800001b1a1a44e4e7013095
:1006fc00cbf854009bf8753043f002038bf875303f
:10070c00dbf85430dbf80c20881a914249d2dbf824
:10071c000420dbf80010521afb1a0344d318079379
:10072c00002b07dddbf80430dbf800209b1a079a5e
:10073c009a4246d9dbf83830002b40f0a280dbf827
:10074c000c20dbf808309a4200f0d980b8f80e3053
:10075c00bbf86e209a4238bfabf86e30dbf85420f1
:10076c00b8f80e303b449b1a9bb2bbf8641031b9fd
:10077c002bb19bf83e1041f040018bf83e10abf8ca
:10078c0064309bf87630042b00f0f080062b40f0a0
:10079c001981974240f0c2820021584613f024fd83
:1007ac00bce2fb1a03440793002b07dddbf8043093
:1007bc00dbf800001b1a0798984202d99142bed070
:1007cc00b8e740f2dc53cbf8343027f049f8dbf8cb
:1007dc003420c44b1b6803fb02f3c34aa2fb032364
:1007ec0000eb9313cbf838309bf83e306ff3451386
:1007fc008bf83e30dbf80c10079b0b44cbf80c301d
:10080c00dbf8102091420ed893421cd99a1adbf8cf
:10081c0054100a44cbf85420cbf81030dbf80420e9
:10082c00934224d313e0dbf80410dbf80000091a20
:10083c000a44934207d99a1adbf854100a44cbf8ad
:10084c005420cbf81030dbf80420934205d3dbf8ae
:10085c000010511a5b1acbf80c30dbf810309342b5
:10086c0005d3dbf80010521a9a1acbf810209bf81b
:10087c007630032b02d0082b7ff461af46f00406d0
:10088c005de726f0edffdbf83830c31a002bfff6de
:10089c0056afdbf834305b00b3f57a4f28bf4ff41a
:1008ac007a43cbf8343026f0dbffdbf834208d4b69
:1008bc001b6803fb02f38c4aa2fb032300eb93138c
:1008cc00cbf83830dbf81010dbf80c20881adbf88a
:1008dc0054301b1acbf85430914207d2dbf8041079
:1008ec00dbf80000091a5b1acbf85430cbf8102057
:1008fc009bf83e3043f080038bf83e301fe79bf8ab
:10090c003f3013f0010f19d113f0400f06d19bf8b3
:10091c003e306ff341038bf83e3017e726f0a0ff13
:10092c00bbf870206f4b1b6803fb02f34ff47a7219
:10093c00b3fbf2f30344cbf82430e8e7dbf8543094
:10094c009f427ff403af9bf8743013f0040f3ff415
:10095c00fdae9bf83e306ff341038bf83e309bf8b5
:10096c003f306ff300038bf83f30efe6974203d034
:10097c0014f0200f35d0d1e19bf8743013f0040f34
:10098c00f6d026f06dff574b1a6841f2883303fb03
:10099c0002f34ff47a72b3fbf2f30344cbf830302a
:1009ac0005238bf87630e3e7dbf8543001339f42b4
:1009bc0001d00026b2e10021584613f015fc0026a8
:1009cc00ace1002614f0200f40f0a8819bf87620b3
:1009dc00a2f10803dbb2012b40f2a081062a00f041
:1009ec009d81059a002a3fd0baf1000f7edd059b50
:1009fc005344049a934203dda2eb0a039bb2059382
:100a0c0098f80c301b0908eb83030893dbf81c10d7
:100a1c00dbf81830059a52440a44934280f0f48073
:100a2c005a1a0132b2eb0a0200f1df801ffa82f887
:100a3c0001240094434608a80246514448461ff03e
:100a4c0059fa0490059aa2eb080300949bb208aae9
:100a5c00dbf8141048461ff04dfa049b034498b27f
:100a6c00059b834200f0d980039bcbb19bf8763079
:100a7c00033bdbb2022b84bfdbf81c30cbf82030fd
:100a8c009bf83e3013f0100f40f0fa809bf83e308c
:100a9c0043f010038bf83e3013f0080f00f0f68093
:100aac00069b002b00f03a81dbf858300133039a97
:100abc002a44934240f03281cbf8583046f4806699
:100acc009bf83f3043f004038bf83f309bf87630b3
:100adc00023b032b00f20781dfe813f0ec00f5007a
:100aec00fe00150154bf0020d34d621098f80c3055
:100afc001b09caeb830343440893524493b2049af0
:100b0c009a4228bf1a469246dbf81c10dbf81830c4
:100b1c008a18934259d25b1a01330493bdf81080a2
:100b2c0001240094434608aa48461ff0e3f90590b7
:100b3c00aaeb080300949bb208aadbf814104846f1
:100b4c001ff0d8f9059a024490b2049baaeb030358
:100b5c00dbf814201344504586d1dbf8581051446f
:100b6c00cbf85810cbf81c309bf87620033ad2b255
:100b7c00022a98bf46f40076dbf85c20b2f1ff3f06
:100b8c003ff472afa2eb0a0acbf85ca0bbf868206a
:100b9c0012eb0a0224d4baf1000f3ff765af1144ef
:100bac00cbf858101344cbf81c30dbf818209342c8
:100bbc0006d9dbf81410521ad2431344cbf81c306c
:100bcc004ff0ff33cbf85c304ee7012300935346d4
:100bdc0008aa48461ff08ef9dbf81c305344bae7dc
:100bec004ff0ff33cbf85c303ee70af1ff30dbf817
:100bfc0014209b1ac01a01230093059b08aa0144d8
:100c0c0048461ff077f92be701230093059b08aab0
:100c1c00514448461ff06ef922e7dbf85c30b3f123
:100c2c00ff3f15d09a4519d2059a02eb0a01bbf881
:100c3c006820d018814205d88b4203d8a0eb0a0358
:100c4c009bb20593059babf86830cbf85ca00be727
:100c5c00cbf85ca0059babf8683005e7bbf86820c7
:100c6c001a4405980146514491427ff6fdae9245d7
:100c7c003ff6faaeaaeb03031844abf86800f3e6b0
:100c8c0001221021584603f0cdff09e7dbb243f0f7
:100c9c0008038bf83e3026f0e3fdb14b1a68642351
:100cac0003fb02f34ff47a72b3fbf2f30344cbf879
:100cbc002c30f5e609238bf87630012211215846a9
:100ccc0003f0b0ff2ae008238bf876309bf87530e0
:100cdc0013f0010f07d021e0dbf854309f4208d00d
:100cec0006238bf8763001221021584603f09aff28
:100cfc0014e000221021584603f094ff00215846be
:100d0c0013f072fa0ae000221021584603f08aff11
:100d1c000021584613f068fa00e00026bbf87a2050
:100d2c00324000f08e81dbf87c40002c00f08b818f
:100d3c00dbf88030d9f82810bbf93c00a047022121
:100d4c0003e00026eae76ff00d010a22484625f081
:100d5c0085fd0a2028f042fa814600283ff49caa1f
:100d6c00b9f82c60132eeed9d9f81c8098f80c30f9
:100d7c001b09042b0bd9b6eb830f0bdbd9f82030f6
:100d8c0013f400343ff490aa6ff00e01dde76ff01e
:100d9c000d01dae76ff00d01d7e7724b1b68002be2
:100dac003ff47faa00252b46dff8bc91dff8bca1ed
:100dbc00dff8b081e6e026f053fda36ac01a0028e4
:100dcc00a8bf1026f4e026f04bfde36ac01a0028f9
:100ddc00c0f2f48094f87630052b00f08a8110264e
:100dec0087f001023146204603f01cffeee026f0ae
:100dfc0037fd236bc01a0028c0f2e58001221421b4
:100e0c00204603f00fff0021204613f0edf9b1e06e
:100e1c0094f83e6006f00106012120461bf057fcb9
:100e2c0094f83e3043f0010384f83e304ff4805286
:100e3c000021204622f076fa002e40f09b8094f898
:100e4c003e306ff3000384f83e300a2384f876308a
:100e5c0090e026f005fd636ac01a0028c0f28a8073
:100e6c0094f876104b1e082b00f28280dfe803f01a
:100e7c000541556080688080700094f87830032bb1
:100e8c0040f22b81042384f87830354b1a684ff4e8
:100e9c007a7303fb02f3aafb03239b091b01236553
:100eac000221002694f87830013384f87830236dd1
:100ebc005b0023652069e268831a9bb2904204d2de
:100ecc0060682768c01b03449bb2606dc01a6065e4
:100edc00b4f864000344a4f8643022610022204674
:100eec0003f0a0fe002e45d00021204613f07cf923
:100efc0040e094f87830022b40f2f18094f83e6098
:100f0c0006f001031e46002b18bf1421002fc9d177
:100f1c000122204603f086fee4e794f87830042b97
:100f2c0040f2df80042384f8763011210026ede7af
:100f3c0094f87830042b40f2d68014210126e5e792
:100f4c0094f87830042b40f2d08014210126dde790
:100f5c0094f87830042b40f2ca8014210126d5e78e
:100f6c0054bf002050bf00204cbf0020d34d621056
:100f7c00002e5ad101352db22b46d8f800209542bf
:100f8c00bff48fa9d9f8002052f82340002cf1d0df
:100f9c0094f876300b2bedd094f83e3013f0c0065d
:100fac001abfdf091026002713f0040f7ff403afdc
:100fbc0094f83e3013f0080f7ff405af94f87630b8
:100fcc00052b3ff414af002e7ff40aaf94f83e309b
:100fdc0013f0020f7ff43daf94f83f3013f0400f45
:100fec00c8d094f87630032bc4d126f039fc636a50
:100ffc00c01a0028bedb94f8792094f884309a4209
:10100c003ff406af02221021204603f00bfe26f01f
:10101c0027fcb4f870203b4b1b6803fb02f3aafbc4
:10102c00032300eb93106062a4e7314600266de7c2
:10103c006ff0090189e66ff00e0186e66ff00e0184
:10104c0083e6022181e602217fe60135cbf8585078
:10105c00b8f80e30abf86e30abf8643040461af08e
:10106c000ff9abf86a00584624f0d9f80122102188
:10107c00584603f0d7fd03238bf876309bf83f30ae
:10108c0013f0400f7ff499aa9bf83e306ff34103a5
:10109c008bf83e304ff4807640e60135cbf8585053
:1010ac00b8f80e30abf86e30abf8643040461af03e
:1010bc00e7f8abf86a00584624f0b1f80122122187
:1010cc00584603f0affd02238bf87630002625e658
:1010dc0014f0020fe1d1002620e60221e1e61221f4
:1010ec00dfe61021dde61121dbe61021d9e6112126
:1010fc00d7e626f0b5fb236bc01a0028bff67eaef0
:08110c0010266de654bf00201f
:020000040000fa
:101114002de9f04f2ded028b9bb00f21212026f0fd
:101124009ffa002800f0b8867d4b1b68002b40f323
:10113400b3867c4c0026dff820929fed7b8ab9e3ce
:10114400d4f8c4305d6894f8d1202ab3227c012af3
:1011540042d0022a61d1b4f93830b3f1ff3f25d02f
:101164000023724a4ff40071b4f9380025f02efec2
:10117400d4f8bc200221b4f9380014f0f7ff30b9d8
:10118400d4f8c4301b681b6869492846984706216f
:10119400204621f053ff86e31b681b6865492846f7
:1011a40098470121204621f049ff7ce304f18002a5
:1011b400618a01201bf034fc2087b0f1ff3fcfd1be
:1011c400d4f8c4301b681b685b4928469847012142
:1011d400204621f033ff66e304f18002618a012096
:1011e40028f0ebfea087b0f1ff3f0ad00023534a5a
:1011f4004ff4807125f0a6ff0321204621f01eff45
:1012040051e3d4f8c4301b681b684d4928469847fd
:101214000121204621f012ff45e31b681b68494960
:10122400284698470121204621f008ff3be3d4f8e3
:10123400c430d3f804b03b4be31adb1003ebc30216
:1012440003eb4203c3eb432303eb8343c3f1000ae1
:1012540097e0d4f8c4301b681b683b49584698474c
:101264000421204621f0eafe1de3b4f93c0026f0f7
:10127400dafe18e30133c4f89430284626f0e4fe7d
:1012840002460b46d4e908010df067f9c4e90801e8
:10129400002f19dba36ae26a511c8b4231d09342be
:1012a40020dc616b01f1010161632cd020e0d4f8f2
:1012b400c4301b685b68254958469847236b013b3b
:1012c400a26a1344236391e07f42a76226f0ccfa1a
:1012d400c4f88c00002384f8cc300421204621f08b
:1012e400adfed7e75b1a226b13442363a36ae36260
:1012f4000c3dadb2002d44d0dff858804ff4c867e0
:1013040036e0934206d1d4f8c4301b681b681049f8
:1013140058469847a36ae26a9342e9dde7e700bfcb
:101324006cbf0020e0b2002000007a442195020046
:101334008ca5000044a5000068a500000b950200e0
:10134400b4a50000d8a50000f0a5000010a6000078
:101354003ca6000058a2002084bb00203a46414627
:10136400b4f93c0017f074fda5f5c865adb245b1fc
:10137400b5f5c86ff2d22a46d149b4f93c0017f04a
:1013840067fdb4f93c0026f0cff905460b2878d95f
:101394000c224946b4f93c0017f05afd0c287ff49e
:1013a40058afd9f800301f0e47ea03671a0202f457
:1013b4007f0217431b0a03f47f431f43a762d4f839
:1013c4009430002b7ff456af002ffff64eaf01236d
:1013d400c4f89430d4f8c4301b685b685246b949e9
:1013e40058469847a26a002a7ff461afa36ae36271
:1013f40005a9b4f93c0016f093fcb4f93c0028f0bc
:101404002bfb27f0dff8069dd4f8c4301b68628af2
:101414000292020e0192c0f3074200925f68c0f389
:101424000723c2b2a8495846b847d4f8c4301b6849
:10143400bdf8582002922a0e0192c5f30742009289
:101444005f68c5f30723eab2a0495846b847656404
:10145400bdf85830a4f8643026f006fac4f88800c1
:10146400c4f8a800a36ac4f89c30d4f89430c4f833
:101474009830236bc4f8a030b4f93c0026f0d3fdb7
:101484007fe7d4f894304bb994f8cf30012b40f077
:101494000a820421204621f0d1fd04e226f0e4f979
:1014a400d4f8a830c31a22689342edd9d4f8942012
:1014b400d4f898309a4212d1d4f8c4301b681b680f
:1014c40083495846984726f0cff9c4f88c00002386
:1014d40084f8cc300421204621f0b0fdd4e700216b
:1014e40020460cf075facfe7b4f93c0026f01cf95d
:1014f40038b994f8cf304bb10921204621f09efd34
:10150400d1e1b4f93c0026f08efdcce10521204662
:1015140021f094fdc7e194f8cd30002b00f0bd809c
:10152400b4f93c0026f000f9002840f0be8094f89d
:10153400cc305a1c84f8cc200a2b00f2bb808021ca
:10154400b4f93c0028f09afd002800f0ac81e36a6d
:101554005b421a0e42ea0362190201f47f010a4354
:101564001b0a03f47f431343c9f800300025c9f86c
:101574000450c9f808508023c9f80c30c9f8105039
:10158400d4e9080126f0a4fc020e42ea0062030238
:1015940003f47f031a43030a03f47f431343c9f894
:1015a400143026f075f9d4f88c10d4f88830c91aa0
:1015b400b1fbf0f31a0e42ea03621f0207f47f073d
:1015c4003a431f0a07f47f473a43c9f8182000fb3f
:1015d400131307ee103ab8ee477a27ee087a07eeaf
:1015e400900af8ee676ac7ee267a67ee887afcee10
:1015f400e77a17ee903a1a0e42ea0362190201f4ee
:101604007f010a431b0a03f47f431343c9f81c30c8
:10161400236b1a0e42ea0362190201f47f010a43a2
:101624001b0a03f47f431343c9f82030636b1a0e7b
:1016340042ea0362190201f47f010a431b0a03f41c
:101644007f431343c9f82430e36a1a0e42ea036263
:10165400190201f47f010a431b0a03f47f43134375
:10166400c9f82830c9f82c50c9f8305034224946fa
:10167400b4f93c0022f004fc4c273a46294605a85c
:1016840028f016f93a4605a9b4f93c0022f0f8fb13
:10169400b4f93c000cf040fe05e1022120460cf0b8
:1016a40097f9012384f8cd303ae7b4f93c0026f0e9
:1016b400bafcf8e00921204621f0c0fcf3e000bfa9
:1016c40058a2002074a60000847a0100b87a0100b0
:1016d4005ca6000094f8cf30012b26d0b4f9380072
:1016e40026f0fbf9002800f0de803822002105a84e
:1016f40028f0def805a9b4f938001ef04afb04f11d
:10170400400705ad0fcd0fc70fcd0fc70fcd0fc7c6
:1017140095e8030087e803000721204621f08efcaa
:10172400b4f9380025f0aafebde00921204621f0d5
:1017340085fcb8e0d4f8c4305f68b4f9380028f008
:101744001ef90546002865d0a36a002b49d1bd4b7c
:10175400e31adb1003ebc30203eb4203c3eb4323a3
:1017640003eb8343d4f8c4201268d2f804805a42ad
:10177400b5493846c04726f077f8c4f88800c4f85d
:10178400a800a36ac4f89c30b4f9380028f06cf9b6
:1017940026f018ffd4f8c4301b68628a0292020e45
:1017a4000192c0f307420092d3f80480c0f30723e8
:1017b400c2b2a6493846c047d4f8c4301b68b4f84e
:1017c4006420029294f84720019294f846200092f3
:1017d400d3f8048094f8453094f844209c49384662
:1017e400c047a36a0133a362d4f894200132c4f839
:1017f4009420e362284626f027fc02460b46d4e9ef
:1018040008010cf0aafec4e90801dff848824ff48d
:10181400c8671ce0b4f9380025f030fe20b9b4f9eb
:10182400380027f065fed8b126f01ef8c4f88c0005
:101834000821204621f002fc35e03a464146b4f93d
:10184400380018f075faa5f5c865adb245b1b5f51f
:10185400c86ff2d22a467f49b4f9380018f068fa02
:10186400a36a63b994f8cf30012b1cd10821204618
:1018740021f0e4fb25f0f8ffc4f88c0013e025f018
:10188400f3ffd4f8a830c31a22689342ead900219e
:1018940020460cf09df8e5e794f8cd30c3b3092158
:1018a400204621f0cbfb0136d8346b4b1b68b34286
:1018b40040f3f28294f8ce30012bf4d0023b102b8b
:1018c40000f2e58201a252f823f000bf45110000a6
:1018d40033120000ed1400001b150000d91600009f
:1018e400391700009d18000025190000c1190000d7
:1018f400ed190000dd1b0000c31c0000471d0000a3
:101904006d1e0000ed1a0000dd1d0000831e0000a6
:10191400022120460cf05cf8012384f8cd30bee7a8
:10192400d4f8c4305f68237c012b29d0022b2cd03f
:10193400444be31adb1003ebc30203eb4203c3eb98
:10194400432303eb83435d42d4f8c4301b685b68d4
:101954002a46424938469847204622f017f994f817
:10196400d130012b19d0d4f8c4301b685b682a46e7
:101974003b49384698470121204621f05ffb92e716
:10198400b4f93c0022f00cfcd2e7b4f9380023f09f
:10199400f1fd4ff6ff732387cae794f8cf30002b8d
:1019a400e1d1d4f8c4301b685b682a462d49384617
:1019b40098470221204621f041fb74e7d4f8c8007f
:1019c40027f000fa032808d10b21204621f036fb2a
:1019d40025f04affc4f8ac0065e704f14401d4f8eb
:1019e400c80022f01afeefe7d4f8c4305d6894f81a
:1019f400cf20012a17d0d4f8c80027f0e3f9032830
:101a04001bd094f8443003f0f003e02b2ed1237c58
:101a1400012b64d0237c022b7ff445af0c2120469c
:101a240021f00cfb3fe71b681b680f4928469847c9
:101a34000121204621f002fb35e70022a267a4f829
:101a44007c20e4e7e0b2002074a60000847a010060
:101a5400b87a010058a200206cbf0020a0a60000a4
:101a640004a70000d0a6000024a7000004f1780217
:101a740004f14401d4f8c8001cf0b0f9b8b1d4f8aa
:101a8400c4301b6894f87d20039294f87c20029261
:101a940094f87b20019294f87a2000925f6894f87d
:101aa400793094f87820bf492846b847afe725f045
:101ab400dbfed4f8ac30c71a25f0eafe00eb800058
:101ac40087427ff6f0aed4f8c4301b681b68b64971
:101ad4002846984725f0c8fec4f8ac00e3e6102178
:101ae400204621f0abfa95e7d4f8c4305d6804f1e0
:101af4004402618a012028f065faa087b0f1ff3f13
:101b04005ed00023a94a4ff4807125f01bfbe268e4
:101b14000521b4f93c0007f0d1ff30b9d4f8c43042
:101b24001b681b68a2492846984702220621b4f97b
:101b34003c0007f0c3ff30b9d4f8c4301b681b68fd
:101b44009c4928469847d4f8c810b4f93c0020f0c2
:101b54008ef805a9b4f93c0016f0e2f8bdf85a3045
:101b6400a4f87e30d4f8c4301b681b689249284618
:101b74009847d4f8c4301b68628a029294f84720cc
:101b8400019294f8462000925f6894f8453094f8e6
:101b940044208a492846b8471121204621f04efaac
:101ba40025f062fec4f88800d4f884300344c4f8f5
:101bb40090304ff4c8625521814827f079fe72e6cf
:101bc400d4f8c4301b681b687e4928469847012115
:101bd400204621f033fa66e6d4f8c4305d6800226a
:101be400618a012027f02ff96087b0f1ff3f51d0bf
:101bf4000023754a4ff4007125f0e8f8d4f88030da
:101c0400002b53d104f1440300220121b4f93a001a
:101c140021f0b5fb4ff48063a4f87e30d4f8c430cf
:101c24001b681b68644928469847d4f8c4301b686d
:101c3400628a029294f84720019294f84620009216
:101c44005f6894f8453094f8442060492846b847c2
:101c54000d21204621f0f2f9d4f8b8200321b4f97b
:101c64003a0014f083fa30b9d4f8c4301b681b6806
:101c74004f4928469847b4f93a0025f090f825f0e2
:101c8400f3fdc4f8ac004ff4c86254214c4827f06b
:101c94000ffe08e6d4f8c4301b681b684c4928467c
:101ca40098470121204621f0c9f9fce504f180039d
:101cb400628a0121b4f93a0018f08cfca2e794f886
:101cc400cf30012b19d0d4f8c4305f68b4f93a008e
:101cd40025f003ffb0b1b4f93a0025f0cffb25f0ad
:101ce400c3fdc4f88800d4f884300344c4f89030a9
:101cf4000e21204621f0a2f9d5e50f21204621f03e
:101d04009df9d0e525f0b0fdd4f8ac30c51a25f026
:101d1400bffd00eb800085427ff6c5adb4f93a0003
:101d240023f028fc4ff6ff736387d4f8c4301b6894
:101d34001b682849384698470f21204621f07ef930
:101d4400b1e5204606f094fb01280bd002287ff46d
:101d5400aaad0f21204621f071f925f085fdc4f8c4
:101d64008c00a0e5164f00bfb4f8b0508db1b5f5a6
:101d7400c86f28bf4ff4c8652a463946b4f93a00fb
:101d840011f0def8b4f8b0301b1aa4f8b030854274
:101d9400ead9b4f93a0025f0b3fe20460ef0f2fd7c
:101da40081e500bf84a7000044a700000b95020052
:101db400b0a70000d8a70000c8f5000000a80000e4
:101dc40058a20020b4a500002195020038a8000004
:101dd40068a5000070a80000227d0b21b4f93c0026
:101de40007f06cfe204606f043fb01280bd00228c6
:101df4007ff459ad1221204621f020f925f034fd5d
:101e0400c4f88c004fe5b4f8b05015b30027dff8e0
:101e140094a0a846b5f5c86f28bf4ff4c8684246d9
:101e24005146b4f93c0022f02bf80744bfb22d1af6
:101e3400adb2804501d1002debd1b4f93c000cf0da
:101e44006bfa40b900221146b4f93c0023f0ccf9f6
:101e540029e52f46f1e7b4f8b030df1ba4f8b070e1
:101e640020460ef08ffd1ee520461ef0fffbb4f960
:101e74003a0023f07ffb4ff6ff73638713e5204698
:101e84001ef0f4fbb4f93c0022f08af90be50121c1
:101e9400204621f0d3f806e51bb0bdec028bbde86b
:081ea400f08f00bf58a20020de
:020000040000fa
:101eac00d8bc00201c00000000000000e45e0020f4
:101ebc000400000000000000dcb60020040000005c
:101ecc0000000000d4b700206c00000000000000ef
:101edc0038c0002001000000000000004cc00020b1
:101eec00d400000001000000602602000000000089
:101efc0000000000000000000000000000000000d6
:101f0c0000000000000000000000000000000000c5
:101f1c0000000000000000000000000000000000b5
:101f2c0000000000000000000000000000000000a5
:101f3c000000000000000000000000000000000095
:101f4c000000000000000000000000000000000085
:101f5c000000000000000000000000000000000075
:101f6c000000000000000000000000000000000065
:101f7c000000000000000000000000000000000055
:101f8c000000000000000000000000000000000045
:101f9c000000000000000000000000000000000035
:101fac000000000000000000000000000000000025
:101fbc000000000000000000000000004bc00020ea
:101fcc000100000001000000ff00000054ba0020d6
:101fdc000400000000000000e0b6002080000000bb
:101fec0000000000d0b900204400000000000000f8
:101ffc00e85e0020901100000000000034c00020ba
:10200c00010000000000000054bc0020040000008f
:10201c000000000054bd0020100000000000000073
:10202c00ccb000200c0100000000000068be0020b5
:10203c000400000000000000a0b8002050000000c8
:10204c00000000006cbe0020040000000000000036
:10205c0078b40020a40000000000000060b700204d
:10206c00740000000000000070bd00201000000093
:10207c00000000004cad0020180200000000000021
:10208c00bcb50020900000000000000098a80020c3
:10209c00800200000000000070be0020280000003c
:1020ac000000000064bd00200c00000000000000d7
:1020bc0010bd00201800000000000000f4bc00203f
:1020cc001c0000000000000098be0020040000006e
:1020dc0000000000d7bc0020010000000000000040
:1020ec009cbe00200400000000000000a8c10020dd
:1020fc000400000001000000ffffffff20c10020d2
:10210c002800000001000000bb010300d101010008
:10211c004b020100330203007c020300dd030300c9
:10212c00de030300e0030300e1030100b32201001e
:10213c0028bd00201800000000000000a0be0020f8
:10214c000c000000000000005ebe00200200000039
:10215c0000000000acbe00200400000000000000e5
:10216c00889a0020d007000000000000b0be0020bc
:10217c00100000000000000066be002002000000fd
:10218c0000000000c0be002008000000000000009d
:10219c0040bd00201100000000000000b8bc002071
:1021ac001f00000000000000c8be0020040000005a
:1021bc000000000052bd00200200000000000000e2
:1021cc00ccbe002010000000000000001ec000204b
:1021dc000200000000000000dcbe0020080000002f
:1021ec000000000022c000200200000000000000df
:1021fc00e4be0020100000000000000051bd0020d3
:10220c000100000000000000acc100200400000030
:10221c000100000064000000f4be00200800000073
:10222c00000000004cbb0020380000000000000043
:10223c00fcbe00201c00000000000000a0bd00201f
:10224c000c0000000000000080bd00201000000009
:10225c00000000001dc00020010000000000000074
:10226c0026c00020040000000000000018bf002061
:10227c00040000000000000090bd002010000000d1
:10228c00000000001cbf00200c000000000000003b
:10229c00dcbd00200a0000000000000028bf002068
:1022ac001c000000000000002ac0002002000000fa
:1022bc000000000044bf00200800000000000000e7
:1022cc0021c00020010000000000000040b90020e7
:1022dc004800000000000000a0c100200600000023
:1022ec0001000000ffffffffffff00004cbf0020bc
:1022fc000c000000000000002cc0002004000000b6
:10230c000000000058bf00200c000000000000007e
:10231c0025c00020010000000000000064bf002068
:10232c000400000000000000e0b20020d800000013
:10233c000000000084bb00203400000000000000fe
:10234c0068bf0020040000000000000032c0002024
:10235c0001000000000000006cbf00200400000021
:10236c000000000058a20020400600000000000001
:10237c00acbd002018000000000000004cb600208e
:10238c00900000000000000070bf00200c00000056
:10239c000000000018ab0020340200000000000018
:1023ac0064af0020680100000000000058bc002051
:1023bc00600000000000000030c00020020000009f
:1023cc000000000033c000200100000000000000ed
:1023dc00b8bb00202c00000000000000887a002010
:1023ec00001000000000000014ba002040000000a3
:1023fc0000000000e8bd00201000000000000000fc
:10240c007cbf0020040000000000000035c000204c
:10241c000100000000000000888a00200008000075
:10242c000000000080bf0020080000000000000039
:10243c00b8b30020c000000000000000f8bd002070
:10244c000800000000000000c4bd00200c000000cb
:10245c00000000008892002000080000000000002e
:10246c0036c00020020000000000000088bf0020e1
:10247c00080000000000000058ba002040000000d6
:10248c00000000001cb50020a000000000000000af
:10249c006ec10020020000000100000001000000dd
:1024ac0090bf0020100000000000000039c0002088
:1024bc000100000000000000d8b10020080100005d
:1024cc0000000000e4bb00204c00000000000000f5
:1024dc0024c000200100000000000000a0bf00206c
:1024ec00040000000000000030bc002024000000ac
:1024fc000000000020c000200100000000000000cf
:10250c0094c100200c00000001000000f401000048
:10251c00d00700000100000048c100202600000088
:10252c000100000008000800020001000200080081
:10253c00000600060101540030303a30343a32358e
:10254c003a30313a30323a303300000070c100205a
:10255c00120000000100000030303a30343a3235bd
:10256c003a30313a30323a303400000084c1002025
:10257c0010000000010000000101000059210200c0
:10258c00654a020000000100b8c1002002000000f2
:10259c00010000000001000040b8002060000000b5
:1025ac0000000000a4bf00200c0000000000000090
:1025bc001cc00020010000000000000000000020f2
:1025cc00e45e000000000000b0bf0020100000001e
:1025dc000000000078700020100a000000000000cd
:1025ec0000be00200800000000000000c0bf00205a
:1025fc00040000000000000088b900204800000022
:10260c0000000000c4bf0020040000000000000017
:10261c0008be00200800000000000000c8bf002019
:10262c0004000000000000003ac00020030000007d
:10263c0000000000ccbf00200400000000000000df
:10264c003dc00020010000000000000010be002072
:10265c000800000000000000d0bf002004000000b3
:10266c00000000003ec0002001000000000000003f
:10267c0018be00200800000000000000d4bf00209d
:10268c0004000000000000003fc00020010000001a
:10269c0000000000d8bf002008000000000000006f
:1026ac0040c00020010000000000000082c100209a
:1026bc0002000000010000000807000041c00020db
:1026cc00010000000000000098ba00203c0000004f
:1026dc0000000000e0bf0020080000000000000027
:1026ec0058be0020060000000000000042c0002080
:1026fc00030000000000000020be002008000000c5
:10270c0000000000e8bf00201400000000000000e2
:10271c00d4ba00203c0000000000000060be002085
:10272c00060000000000000028be00201000000081
:10273c000000000045c00020010000000000000067
:10274c0038be0020080000000000000046c0002039
:10275c000200000000000000fcbf0020040000008c
:10276c000000000048c00020010000000000000034
:10277c00e6bd0020020000000000000049c000205f
:10278c00010000000000000010bb00203c00000015
:10279c000000000040be00201000000000000000ff
:1027ac0000c00020040000000000000050be00200b
:1027bc0008000000000000004ac0002001000000da
:1027cc0000000000b0c10020040000000100000067
:1027dc00e803000004c000200c0000000000000012
:1027ec00b4c1002004000000010000000100000042
:1027fc0010c000200400000000000000f0b8002011
:10280c00500000000000000014c000200400000074
:10281c000000000018c000200400000000000000b0
:10282c00d0bd00200c0000000000000000000000e3
:10283c0000000000666666666666666666666666c4
:020000040000fa
:10284c0030b585b0044690f99030002b40f00f81e4
:10285c000378012b04bf0023037090f8d430042bb1
:10286c0000f22e84dfe813f005008b00d9001b0169
:10287c00110390f90830b3f1ff3f57d090f8fc20ca
:10288c00012a22d051b229b1022a43d0ff2380f869
:10289c009030dce003f01f01c3f34a1303f5020090
:1028ac0000f580700022012303fa01f1c00127f02a
:1028bc000dfa27f0fffb22f0b3fec4f8dc0094f80d
:1028cc00fc30013384f8fc30cfe027f0f3fb22f02e
:1028dc00a7fed4f8dc30984200f0c78094f9083099
:1028ec0003f01f0201219140c3f34a1303f50200c8
:1028fc0000f580700a46c00127f0e8f927f0dafbf2
:10290c0022f08efec4f8dc0094f8fc30013384f81d
:10291c00fc30aae027f0cefb22f082fed4f8dc30ab
:10292c00c31a062b94bf002501258fe090f8fc30cc
:10293c002bb1012b16d0ff2380f8903087e00023b9
:10294c000193b44a009201220321d0f8ec0025f047
:10295c0089fc002800f0898094f8fc30013384f85d
:10296c00fc3082e000230193aa4b009301231a460a
:10297c000321d0f8ec0025f075fc054666e0d0f894
:10298c00ec0094f8fc30042b43d8dfe813f005007e
:10299c009d0313009d033300002200929e4b0121e6
:1029ac0025f002ff002860d094f8fc30013384f845
:1029bc00fc305ae0d4f8e4309a0ac3f30913b2f5a8
:1029cc00f87f01d11b2b07d0944900201df084fe09
:1029dc00ff2384f890303ae0002200928e4b90490d
:1029ec0025f0e2fe002840d094f8fc30013384f846
:1029fc00fc303ae0d4f8e43003f00f0384f8fe30f6
:102a0c002bbb884900201df067feff2384f8903013
:102a1c001de0ff2384f8903027e090f8fc10c1f102
:102a2c00200200230093804b92b2804800eb0111ee
:102a3c00d4f8ec0019f092fa94f8fc500544edb27d
:102a4c0084f8fc50202d14bf002501256db1002306
:102a5c0084f8fc3094f8d4300133dbb284f8d430f1
:102a6c00052b04bf022384f890300123237094f9c2
:102a7c009030022b00f02a8394f804316bb1237848
:102a8c00012b00f04d83002384f804310121d4f88c
:102a9c00ec0008f099f80123237005b030bdd0f894
:102aac00ec0094f8fc302e2b00f2e881dfe813f0f8
:102abc002f002f002f002f002f00e601e601e6016a
:102acc00e601e60148004800480048004800e601dd
:102adc00e601e601e601e6016e006e006e006e0096
:102aec006e00e601e601e601e601e6018900eb0174
:102afc009b00eb01c600eb01dc00eb01f200eb01eb
:102b0c00080130014d0171019601bb01db010093fd
:102b1c00402303aa0521204618f06cfc054600282a
:102b2c0094d0039b23b10a2384f8fc3000258de755
:102b3c003f4900201df0d0fdff2384f8903085e73d
:102b4c000a3bdbb200931f2303aa0421204618f092
:102b5c0051fc054600283ff479af039b13f0100f8e
:102b6c0018bf43f0e0035bb284f8f03013f1050fab
:102b7c0004db142384f8fc30002567e72c49002083
:102b8c001df0aafdff2384f890305fe7143bdbb205
:102b9c0000931f2303aa0821204618f02bfc05469e
:102bac0000283ff453af039b13f0100f18bf43f0f2
:102bbc00e0035bb284f8f1301e2384f8fc3000256e
:102bcc0044e700230093144b01221a4925f0ecfd35
:102bdc00054600283ff43aaf94f8fc30013384f8f2
:102bec00fc30002532e7d4f8e430a4f8f2300023ae
:102bfc000093094b0122104925f0d6fd054600280b
:102c0c003ff424af94f8fc30013384f8fc300025f9
:102c1c001ce700bf9351010041700200c4f1010098
:102c2c0094000a00ecf101002196020088f60000e5
:102c3c0004f20100840004008a000400d4f8e4309b
:102c4c00a4f8f43000230093ba4b0122ba4925f0c2
:102c5c00abfd054600283ff4f9ae94f8fc30013387
:102c6c0084f8fc300025f1e6d4f8e430a4f8f63012
:102c7c0000230093af4b0122b04925f095fd05468a
:102c8c0000283ff4e3ae94f8fc30013384f8fc30b8
:102c9c000025dbe6d4f8e430a4f8f83000230093e8
:102cac00a44b0122a64925f07ffd054600283ff4e0
:102cbc00cdae94f8fc30013384f8fc300025c5e629
:102ccc00d4f8e430a4f8fa3094f9f0309bb203f164
:102cdc00090291b203f10e0292b2120142ea812270
:102cec00b4f8f23003f00f031a430023019300935e
:102cfc00012392b2934925f0b5fa054600283ff41a
:102d0c00a5ae94f8fc30013384f8fc3000259de628
:102d1c0094f9f13028339bb2b4f8f420c2f30902d1
:102d2c0042ea8322002301930093012392b2864945
:102d3c0025f098fa054600283ff488ae94f8fc304c
:102d4c00013384f8fc30002580e694f9f0309bb216
:102d5c005a1d91b2b4f8f62022f47c5222f03f02b4
:102d6c0042ea012212b292b209331a4300230193b0
:102d7c000093012392b2704925f074fa054600289d
:102d8c003ff464ae94f8fc30013384f8fc30002539
:102d9c005ce694f9f0309bb203f1090291b2b4f8fd
:102dac00f82022f47c5222f03f0242ea012212b2b5
:102dbc0092b20e331a43002301930093012392b273
:102dcc005e4925f04ffa054600283ff43fae94f8d3
:102ddc00fc30013384f8fc30002537e694f9f030f0
:102dec009bb203f1110291b2b4f8fa2022f47c5296
:102dfc0022f03f0242ea012212b292b216331a4377
:102e0c00002301930093012392b24d4925f02afa35
:102e1c00054600283ff41aae94f8fc30013384f8d0
:102e2c00fc30002512e694f8fe5000230193009329
:102e3c00012345f6217243f631719d4218bf0a46b3
:102e4c00424925f00ffa054600283ff4ffad94f8ef
:102e5c00fe30012b3ff4faad94f8fc30013384f8ca
:102e6c00fc300025f2e500230193009301234ff47d
:102e7c004042374925f0f6f90546e7e5ff2384f88b
:102e8c0090300025e2e50025e0e5d0f8ec0094f860
:102e9c00fc30092b00f21081dfe813f00a0025004a
:102eac003a00640077009600ad00cc00e50002010a
:102ebc00637e1bb9042384f8fc30d6e5a17d627dca
:102ecc0000230193234b0093012342ea0122224960
:102edc0025f0c8f900283ff4c8ad94f8fc30013354
:102eec0084f8fc30c1e5e17d227e00230193194b6f
:102efc000093012342ea0122184925f0b3f9002876
:102f0c003ff4b3ad94f8fc30013384f8fc30ace5fd
:102f1c00002301930f4b009301238322104925f0ca
:102f2c00a1f900283ff4a1ad94f8fc30013384f8ea
:102f3c00fc309ae541700200ad000400ae000400c4
:102f4c00af000400840004008a000400d0000400d8
:102f5c00e00004002196020002ca040005ca040025
:102f6c008700040000230193864b009301234ff448
:102f7c000042854925f076f900283ff476ad94f8a7
:102f8c00fc30013384f8fc306fe594f8953094f8fc
:102f9c009420120442ea036294f892301a4394f893
:102fac00931000230193774b0093012342ea0122f3
:102fbc00764925f057f900283ff457ad94f8fc30ca
:102fcc00013384f8fc3050e594f8971094f896206f
:102fdc00002301936b4b0093012342ea01226c49bd
:102fec0025f040f900283ff440ad94f8fc30013353
:102ffc0084f8fc3039e594f8973094f89620120454
:10300c0042ea036294f894301a4394f89510002322
:10301c0001935c4b0093012342ea01225d4925f0a8
:10302c0021f900283ff421ad94f8fc30013384f8e9
:10303c00fc301ae5a37e002b4ff000030193514b9b
:10304c0000934ff0010314bf102200224ff0011126
:10305c0025f008f900283ff408ad94f8fc30013352
:10306c0084f8fc3001e5e17e49f2260249f2262380
:10307c00002918bf1a46237f0bb142f4807200233b
:10308c000193404b00930123042125f0ebf8002819
:10309c003ff4ebac94f8fc30013384f8fc30e4e4fe
:1030ac00002301933c4b009301230c224ff48031fd
:1030bc0025f0d8f80546c9e4ff2384f89030c6e41f
:1030cc00ff2380f89030d0e40025bfe4637e53bb2f
:1030dc00d4f8e830002b43d194f90750c5f34a10cb
:1030ec0000f5020000f58070c00127f053f805f0e0
:1030fc001f0520fa05f515f0010f7ff4bdac237800
:10310c00012b04bf002323700021d4f8ec0007f03e
:10311c005bfd0123237094f80431002b3ff4bdac0c
:10312c0000232370afe426f0c5ff22f079fad4f81f
:10313c00e030c31ab3f57a7fcad3c4f8e000237821
:10314c00012b04bf0023237000230093134b012297
:10315c001349d4f8ec0025f027fb01232370b7e7c3
:10316c0026f0a8ff22f05cfad4f8e830c01a6328e5
:10317c00b2d90023c4f8e830d4f8ec0026f0f1fe04
:10318c00aae700bf2196020001ca04002400010036
:10319c002500010022000100819002003d7f020009
:0431ac0003ca04004e
:020000040000fa
:1031b0005478204279746520436f756e742d6c6f5e
:1031c000776572203332626974732854784f544c97
:1031d0004f290000ad9d020054782042797465208b
:1031e000436f756e742d757070657220313662692b
:1031f00074732854784f544849290000b79d020041
:103200005478204672616d657320772f6f20657248
:10321000726f722854784654434e542900000000bf
:1032200000000000c19d020054782042726f61646a
:1032300063617374204672616d65732854784243ec
:10324000465429000000000000000000cb9d020051
:103250005478204d756c7469636173742046726193
:103260006d65732854784d46542900000000000015
:1032700000000000d59d02005478205061757365f0
:10328000204672616d6573285478504654290000b9
:10329000000000000000000000000000df9d0200b0
:1032a00054782036342d62797465204672616d65dc
:1032b0007328547842465436342900000000000038
:1032c00000000000e99d020054782036352d31328f
:1032d000372062797465204672616d6573285442a7
:1032e000465431323729000000000000f39d0200ef
:1032f0005478203132382d3235352062797465208a
:103300004672616d65732854424654323535290042
:1033100000000000fd9d02005478203235362d3526
:1033200031312062797465204672616d657328546d
:10333000424654353131290000000000079e02004a
:103340005478203531322d31303233206279746532
:10335000204672616d6573285442465431303233d1
:1033600029000000119e0200547820313032342da3
:10337000313531382062797465204672616d65732c
:103380002854424654313531382900001b9e020032
:103390005478204672616d6573203e3d2031353191
:1033a00038206279746528475442463135313829ce
:1033b00000000000259e0200547820556e6465725e
:1033c00072756e204672616d6573206e6f74205445
:1033d0005865642854785455522900002f9e0200e5
:1033e00054782053696e676c6520436f6c6c697309
:1033f000696f6e204672616d657328547853434639
:1034000029000000399e0200547820322d313520e9
:10341000436f6c6c6973696f6e204672616d657382
:103420002854784d4346290000000000439e0200c6
:10343000547820313620436f6c6c6973696f6e204d
:103440004672616d65732854784543434e54290094
:10345000000000004d9e02005478206c61746520cd
:10346000436f6c6c6973696f6e204672616d657332
:103470002854784c43434e5429000000579e0200c4
:103480005478204465666572726564204672616d89
:103490006573285478445446290000000000000059
:1034a00000000000619e020054782043617272693e
:1034b00065722053656e7365206572726f72204667
:1034c00072616d6573285478435345296b9e0200e1
:1034d0005278204279746520436f756e742d6c6f3d
:1034e000776572203332626974732852784f524c78
:1034f0004f290000759e02005278204279746520a1
:10350000436f756e742d7570706572203136626907
:1035100074732852784f5248492900007f9e020058
:103520005278204672616d657320772f6f20657227
:10353000726f722852784652434e542900000000a0
:1035400000000000899e020052782042726f616480
:1035500063617374204672616d65732852784243cb
:10356000465229000000000000000000939e020067
:103570005278204d756c7469636173742046726172
:103580006d6573202852784d4652290000000000d6
:10359000000000009d9e0200527820506175736506
:1035a000204672616d65732852785046522900009a
:1035b000000000000000000000000000a79e0200c4
:1035c00052782036342d62797465204672616d65bb
:1035d0007328527842465236342900000000000019
:1035e00000000000b19e020052782036352d3132a5
:1035f000372062797465204672616d657328544284
:10360000465231323729000000000000bb9e020004
:103610005278203132382d32353520627974652068
:103620004672616d65732854424652323535290021
:1036300000000000c59e02005278203235362d353c
:1036400031312062797465204672616d657328544a
:10365000424652353131290000000000cf9e020061
:103660005278203531322d31303233206279746511
:10367000204672616d6573285442465231303233b0
:1036800029000000d99e0200527820313032342dba
:10369000313531382062797465204672616d657309
:1036a000285442465231353138290000e39e020049
:1036b0005278204672616d6573203e3d2031353170
:1036c0003920627974657328544d58424652290056
:1036d00000000000ed9e02005278204672616d6588
:1036e00073203c20363420627974657328527855f3
:1036f000465229000000000000000000f79e020072
:103700005278204672616d6573203e203135313824
:103710002062797465732852784f46522900000060
:1037200000000000019f02005278206572726f72e3
:10373000204672616d6573203e203135313820623c
:10374000797465732852784a522900000b9f020051
:10375000527820435243206572726f722046726124
:103760006d657328527846435345290000000000d8
:1037700000000000159f02005278204c656e6774af
:1037800068206669656c64206572726f722046728b
:10379000616d65732852784c464645291f9f02008b
:1037a00052782073796d626f6c206572726f72202f
:1037b0004672616d657328527852534529000000a6
:1037c00000000000299f0200527820616c69676e3a
:1037d0006d656e74206572726f72204672616d65e0
:1037e000732852784145290000000000339f0200f1
:1037f0005278205265736f75726365204572726fdf
:103800007220285278525245290000000000000022
:10381000000000003d9f02005278206f76657272b2
:10382000756e206572726f72204672616d657328c5
:103830005278524f4529000000000000479f0200c7
:1038400052782049504864722043686b73756d202c
:103850006572726f72204672616d65732852784985
:1038600048434529519f0200527820544350204339
:10387000686b73756d206572726f72204672616d30
:103880006573285278544345290000005b9f02006d
:103890005278205544502043686b73756d206572d3
:1038a000726f72204672616d657328527855434578
:0838b00029000000659f0200e1
:020000040000fa
:1038b8002de9f04f8db0d0f850a00a68436d846da3
:1038c80083ea040e0eea0a0e8eea040ed84bc46c84
:1038d80023440a9213449e440aeb7e6e4e68436d5d
:1038e8008aea030707ea0e075f40d24b856d2b442f
:1038f800009633441f440eeb37578b681a468aea02
:103908000e053d4085ea0a05cb4b446d23440192e0
:1039180013441d4407ebf535cb681c468eea0706b1
:103928002e4086ea0e06c54b5344029423441e4497
:1039380005ebb6260b691c4687ea050333407b4036
:10394800bf4a039422449644734406eb73694a6958
:10395800134685ea060404ea09046c40b94a04934c
:103968001a4417443c4409eb34548b6986ea09022b
:1039780022407240b44f05931f443d442a4404eb4f
:10398800f232cf6989ea040808ea020888ea0908d5
:10399800ae4d06973d442e44b04402ebb8280f6a5a
:1039a80084ea020c0cea080c8cea040ca84d079770
:1039b8003d4409eb05039c4408eb7c6c4d6a82eaa4
:1039c800080909ea0c0989ea0209a24b08952b445f
:1039d8001c44a1440ceb39598b6a88ea0c0e0eea98
:1039e800090e8eea080e0993a3f524434f3b1a44a7
:1039f800964409ebfe3eca6a16468cea090505eab2
:103a08000e0585ea0c05944b1344984445440eeb87
:103a1800b525d1f8308089ea0e072f4087ea0907d3
:103a28008e4b43449c44674405eb7767d1f834c018
:103a38008eea05033b4083ea0e03894a62449144b7
:103a48004b4407eb3353d1f8389085ea07041c4000
:103a58006c40844a4a449644744403ebf434d1f8e5
:103a68003ce087ea030222407a407f4971440d44d2
:103a78002a4404ebb22284ea020b0bea030b8bea1a
:103a8800040b7a49009d29440f44bb4402ebfb6bad
:103a980082ea0b07274057407549059d29440b4486
:103aa8001f440bebf7578bea0703134083ea0b031a
:103ab80070490b9631440c44234407ebb34387ea1f
:103ac800030505ea0b057d406b490a9c21440a441d
:103ad800154403eb353583ea05023a405a406749f5
:103ae800049e31448b445a4405ebf26285ea020194
:103af80019406940624c099e34442744394402eb1a
:103b0800f15182ea01042c4054405e4f77443b4413
:103b18001c4401ebb44481ea040313404b405a4f60
:103b2800039e37443d442b4404eb333384ea030bb0
:103b38000bea010b8bea040b544d089e35442a44ca
:103b4800934403ebfb6b83ea0b0727405f40504a23
:103b58004a4411440f440bebf7578bea07051d4005
:103b680085ea0b054b4a02990a441444254407eb9d
:103b7800b54587ea050202ea0b027a404649079ee4
:103b880031440b441a4405eb323285ea02033b40c8
:103b98006b40424961448b445b4402ebf36382ea25
:103ba8000301294051403e4c019e34442744394486
:103bb80003ebf15183ea010414405c40394f069e3f
:103bc80037443d442c4401ebb44481ea040b0bea2e
:103bd80003054d40344f47443a44154404eb35350a
:103be800049fa7f5b822a2f2be6213448bea050b24
:103bf8005b4405eb337384ea05025a402b4f079e5a
:103c080037443944114403eb715185ea030b8beabd
:103c1800010b274a0b9f3a4414445c4401eb34449b
:103c280083ea01076740234a4a4415442f4443e086
:103c380078a46ad756b7c7e8db702024eecebdc19a
:103c4800af0f7cf52ac68747134630a8019546fd75
:103c5800d8988069aff7448bbed75c892211906be6
:103c6800937198fd8e4379a62108b44962251ef602
:103c780040b340c0515a5e26aac7b6e95d102fd698
:103c88005314440281e6a1d8c8fbd3e7e6cde1216d
:103c9800d60737c3870dd5f4ed145a4505e9e3a9ce
:103ca800f8a3effcd9026f678a4c2a8d81f67187d9
:103cb80022619d6d0c38e5fd04eb772781ea04024b
:103cc8007a40944d009e35442b44134407eb3373dc
:103cd80084ea07025a40904d039e35442944114412
:103ce80003eb715187ea030b8bea010b8b4a069da4
:103cf8002a441444a34401eb3b4b83ea010282eac1
:103d08000b02874c099d2c4427443a440beb722242
:103d180081ea0b045440834d65442b44234402eb51
:103d280033738bea02075f407f4c0a9e3444214478
:103d38000f4403eb775782ea03057d407b49029cd9
:103d480021448b445d4407eb354583ea070b8bea36
:103d5800050b7749059c21440a44934405eb7b2bca
:103d680087ea050484ea0b04724a08990a44134452
:103d78001c440beb347485ea0b0161406e4b4344e1
:103d88001f44394404eb71518bea04034b406b4ade
:103d9800724415441d4401eb354584ea01026a402a
:103da800674b019f3b449b445a4405eb722262eaed
:103db80001036b40634f37443c44234402ebb36335
:103dc80063ea050b8bea020b5f4c069f3c442144d7
:103dd8008b4403ebbb5b6bea02075f405b494944da
:103de8000d442f440beb774767ea030484ea0b047e
:103df8005749049d29440a44144407ebf42464ea0f
:103e08000b057d40534a424413441d4404ebb565f9
:103e180065ea070888ea04084f4b02990b449b445b
:103e2800d84405ebb85868ea04036b40099aa2f530
:103e38008016a6f683363e44334408eb734363eaa0
:103e4800050989ea08094549009e31440c44a14402
:103e580003ebf92969ea08065e40414a07990a44d2
:103e680015442e4409ebb66666ea030181ea0901a6
:103e78003c4a72449044414406ebb15161ea09045a
:103e88007440394a059d2a4413441c4401eb744488
:103e980064ea06054d40354b634499444d4404ebb0
:103ea800f52565ea01076740314a039b1a44164421
:103eb800374405ebb76767ea04036b402d4a0b9e4e
:103ec80032441144194407ebb15161ea05067e40ba
:103ed800294a019b1a441444344401eb7444c36cca
:103ee8003b44c36464ea07074f40244b089a1344d1
:103ef8001d442f440aeb040505ebf7250565436dc2
:103f08001c444465836d1944816500200db0bde8eb
:103f1800f08f00bf44eabea4a9cfde4b604bbbf6ce
:103f280070bcbfbec67e9b28fa27a1ea8530efd4b5
:103f3800051d880439d0d4d9e599dbe6f87ca21fa1
:103f48006556acc4442229f497ff2a43a72394abaf
:103f580039a093fcc3595b6592cc0c8fd15d8485e5
:103f68004f7ea86fe0e62cfe144301a3a111084e72
:103f7800827e53f735f23abdbbd2d72a91d386eb6e
:020000040000fa
:103f8800b14b834240f04183b04b93f90020531e5c
:103f9800dbb2012b00f239832de9f04f87b0ac4b2f
:103fa8001b685bb1012a1ad0a94b1c68a64b1b8859
:103fb800002b00f01c830025a34e7be0a54b1b685b
:103fc80002a89847002800f3f58220b9029810b19a
:103fd80003f044fceee29d4b00221a70eae29e4b8d
:103fe8001b68b3f1ff3fdfd19c4a0021052024f074
:103ff800b9fd994b1860b0f1ff3f2ed023f046fc75
:1040080000eb800303f2e733954aa2fb03239b09e5
:104018004ff47a7606fb03f3b3fbf0f6914b1e6080
:104028000225914c04e001351034282d00f0d68289
:104038002368002bf7d0b4f90a20002af3d02146d0
:10404800a8b223f0f7fa0028edd106f5a673b3fb62
:10405800f6f306fb03f6854b1e6025f057fe88b97c
:1040680018f0e0fb794bff221a7025f04ffe00286c
:1040780000f0a08225f044fe4ff0ff327c491cf08e
:104088002dfb97e225f03cfe05227a491cf026fb21
:10409800e6e703230422214630461df025fc94f868
:1040a800433043f0800384f8433001357434318859
:1040b8008d424bdae06c0028f7d0636c9b69984717
:1040c80094f8433013f0400fefd0636c5b69e06cf9
:1040d80098470028dddb0228e7d1002302930393e9
:1040e8000493059340f2dc53adf81230636c1b6cfb
:1040f80002a9206d98470298e063bdf80c30a4f837
:104108004030bdf80e30003318bf012394f8432027
:1041180063f3451284f84320bdf81230a4f86630e2
:104128009df8153084f868309df8143084f86930ab
:1041380094f8423043f0400384f84230d3b203f09d
:10414800bf0343f0800384f84330aee73f4b93f955
:104158000030012b25d000201ef0b6f8464b1b6816
:1041680033b9464b1a68464b1b68134300f022824a
:10417800414b1b68002b40f089804ff000083f4bf3
:104188001b68002b00f091813c4b00221a60304bd9
:104198001c682d4b1b88002b00f01a811646394fde
:1041a800e8e02b4b1e68002900f0278232460025e4
:1041b8002b46012706e007fa03f005430133743262
:1041c800994212d092f8430000f00c04042cf2d16a
:1041d80010f0800f00f0ee8192f8420010f0400fce
:1041e800ecd007fa03f00543e8e7012202fa03f3eb
:1041f800013bab4200f00182134b1b88abb100249a
:1042080044f24008104f0ae003230422314638469e
:104218001df06afb013474363b889c4205dab6f817
:10422800423018ea030ff5d0eee7084bff221a7068
:1042380025f06cfd002800f0bd8125f061fd2a46bf
:1042480011491cf04bfab5e1f4bc0020d7bc0020a2
:1042580094be002098be0020a8c100209d750200d1
:10426800d34d62108cbe0020b8a8002088be002064
:10427800708701004087010080be00209cbe00209e
:1042880084be0020c8b50020e08701000025b44b9b
:104298001d6025f041fd044622f07afc06460f46d3
:1042a80022462b4622f004fdae4b1860ae4aa2fb14
:1042b800043292092b463046394622f0f9fcab4bc2
:1042c8001860ab4b1b68ab4a12689b1aab4204dd03
:1042d800a74a13604ff0010851e703f24d13a44aaf
:1042e8001360a54b1c68a54b1b88002b00f06c8144
:1042f8000025a24e0ee094f86a3043f0020360f302
:10430800820360f3000384f86a300135743433881b
:104318009d420fda94f8423013f0400ff5d0636ce9
:104328005b6a206d984794f86a3003f0010398425d
:10433800e1d1eae74ff0010821e74ff0010823e750
:10434800002503e08c62384624f054fd636c5b6bf7
:104358002a462946206d984701460028f2d1884a06
:1043680013680133136029e001367434834b1b88ca
:10437800b3422ddd94f8423013f0400ff4d0b4f876
:104388006250636c5b6d206d98470543adb225f0b4
:104398008bfeb4f8623023ea0503a4f8623025f0f6
:1043a80087feb4f864302b43a4f86430636c1b6d4b
:1043b8002946206d984715f0160fc1d194f843305f
:1043c80013f0200fd0d0636c9b6b206d9847cbe720
:1043d8004ff0000bdff8b49109f10c07dff8b0a13a
:1043e8000af10803019305e001226ff00c01284649
:1043f80022f036fa384624f09dfa054600284bd0bc
:104408006b699b891c0a44ea0324a4b2a86a866dd6
:104418002eb1c36d22462946b0470028ead1284666
:1044280002f0f6ff0028e5d140f606039c420dd0c5
:10443800b4f5006f07d04ff6ff739c42d4d10af150
:104448001004022604e0019c012601e000265446df
:104458002b6a23f47c132b62626813432b626088f7
:1044680000eb4000294609eb800024f0c3fc01233f
:1044780003fa06f616ea0b0fbcd14bea060b638863
:10448800404800eb0310038943f001030381002235
:10449800012124f0c3f9ade725f006fe394a138b54
:1044a80023f00103138325f003fe334b1b68334ac3
:1044b800108820b3002240f286651446324e09e087
:1044c8003168013131600ee0a3f864400132743381
:1044d800824214d093f8421011f0400ff6d0b3f88e
:1044e80064100d42ecd193f86a1011f0020febd072
:1044f80093f86a106ff3410183f86a10e4e7b8f1a2
:10450800000f66d11f4d05f1300405f5247544e010
:104518001344a381238943f002032381002202214b
:10452800204624f07bf91034ac420fd02368002bce
:10453800f9d0b4f90a20002af5d03168a3895b1aaa
:104548009bb219b20029e3dda181ece725f0acfdaf
:104558000c4a138923f00203138125f0a9fdd1e742
:1045680080be002074be0020d34d621070be0020b3
:1045780088be00208cbe002094be0020f4bc002021
:104588007cbe002098a8002078be0020bcb5002082
:10459800108302001034ac4209d054f8103c34f8af
:1045a800082c002bf6d0002af4d09847f2e7174bd6
:1045b8001b6813b907b0bde8f08f00224ff4807173
:1045c800134824f02bf9f5e7124b1b68002b7ff4f6
:1045d800b4ae114c114e04f51875a7e706f5a6738d
:1045e800b3fbf6f306fb03f60d4b1e60dce40d4b44
:1045f80093f90030012b7ff4aead0a4b02221a70fa
:104608000949002022f094faa5e5704784be0020ed
:10461800a8a800209cbe0020b8a800208cbe0020be
:0c46280088be0020d7bc0020b087010035
:020000040000fa
:104634002de9f04f8db082468946002308930993f3
:104644000a930b9343680393aa4b1968002940f318
:10465400b8829346a84b93f8ce30012b00f0b88271
:104664000023a54d0133d8358b4200f0aa8295f87a
:10467400ce20012af6d1a04beb1adb1003ebc302c8
:1046840003eb4203c3eb432303eb8343daf8002039
:1046940054685a4299490398a047002485f8d140a8
:1046a40002232b7485f8cf4041f289336b82944bfb
:1046b400ab6123f0edf804906c6000eb80035b00c9
:1046c400ab6028602c75c5f8c4a028461ff05efabc
:1046d400b9f1010fc8bf012411dc95f8d130002bca
:1046e40000f0e581012b00f01d820db0bde8f08fd4
:1046f400012385f8d1300134e4b24c45edda5bf89e
:10470400246002227f49304624f0acfa0028efd01e
:1047140005227d49304624f0a5fa0028e8d002227b
:104724007a49304624f09efa28b105227849304669
:1047340024f098fa10b901232b74dce7022275499e
:10474400304624f08ffa30b105227349304624f004
:1047540089fa00285cd101232b741c44e4b25bf871
:104764002460304624f03afec7b207f1ff38b04463
:104774006a49404624f0f3feb8b16949404624f042
:10478400eefe00283dd14ff47a7807f1ff3cbcf1ee
:10479400000f33dd00273a464ff0010e3b460594e7
:1047a4007146b64644460e46f4e15d49404624f05f
:1047b400d6fe00285b4b0cbf4ff47a789846e4e7aa
:1047c40002eb820200eb4202303aede12346059c03
:1047d40003fb07f3424501d208fb02f20892099356
:1047e400daf80010981800904e684f49daf804007f
:1047f400b047089b099a1344ab617ce70022134637
:10480400eae7012208a9304619f032fb089bf3e7d6
:1048140002224649304624f025fa28b105224449ab
:10482400304624f01ffa50b90134e4b2012208a939
:104834005bf8240019f01cfb089bab615be70222c8
:104844003c49304624f00efa28b105223a49304654
:1048540024f008fab8b9002385f8d1300134e4b261
:10486400042208a95bf8240019f002fb089b85f8d0
:104874004430099b85f845300a9b85f846300b9bec
:1048840085f8473037e702222c49304624f0eaf90c
:1048940028b105222a49304624f0e4f978b90134d4
:1048a400e4b2012208a95bf8240019f0e1fa089b9c
:1048b400049a02fb03f3ab6000236b601be7022244
:1048c4002049304624f0cef930b105221e49304645
:1048d40024f0c8f9002839d10134e4b2012208a92e
:1048e4005bf8240019f0c4fa089b6b600023ab60ea
:1048f40001e700bf6cbf0020e0b2002060f60000ba
:104904008096980084f4000088f4000094f4000079
:1049140098f40000a0f40000a4f40000b0f4000037
:10492400b4f4000040420f00b8f40000d4f40000d6
:10493400d8f40000e4f40000e8f40000f4f400000b
:10494400f8f4000000f5000004f500000222a1497b
:10495400304624f087f930b105229f49304624f0cf
:1049640081f9002836d10134e4b25bf8240043789d
:10497400782b17d0012208a919f07afa9df82000a3
:104984000246202820d018d9a0281ad0c0281ed129
:1049940010232b75daf800305e682b7d8f4903985d
:1049a400b047a8e683788df81f30c3788df81e30a1
:1049b400bdf81e0020f0eefce2e740b900232b75a1
:1049c400e8e720232b75e5e708232b75e2e70023ae
:1049d4002b75dfe702228249304624f043f928b1df
:1049e40005228049304624f03df958b90134e4b237
:1049f400012208a95bf8240019f03afa089ba5f8eb
:104a0400d23078e602227849304624f02bf928b1d6
:104a140005227649304624f025f968b90134e4b218
:104a2400012208a95bf8240019f022fa089b049ad1
:104a340002fb03f32b605ee602226d49304624f04c
:104a440011f928b106226b49304624f00bf950b90c
:104a54000134e4b2012208a95bf8240019f008fa31
:104a6400089b6b8247e602226349304624f0faf839
:104a740038b105226149304624f0f4f800287ff467
:104a84003aae0134e4b2012208a95bf8240019f01b
:104a9400eff9089b332b01d9eb602ce6d5f8c43031
:104aa4001b685b6834225649039898471de6002129
:104ab40005f1800023f0daf8c5f8c80010b32b7ca8
:104ac400022b2ad0012b06bfab8907ee103a9fedcb
:104ad4004d7added047ab8ee676aab69db0807ee60
:104ae400903af8ee677ab8ee477ac7ee876ac6ee70
:104af400267afceee77ac5ed217a0a2128461ef0d3
:104b04009dfaf2e5daf800301b683f4903989847ac
:104b140025f098f8c5f8c800d1e7b5f8d23007ee0b
:104b2400103ad6e7daf800301b683849039c20466f
:104b34009847daf800301b683549204698472b7ca3
:104b4400012b0fd02b7c022b13d0d5f8c4301b685b
:104b54005b686a8a2f4903989847022128461ef009
:104b64006dfac2e5daf800301b682b4903989847c0
:104b7400e8e7daf800301b68284903989847e4e727
:104b84002e2802d108fb02f200260133dbb2634572
:104b9400bff61cae1ef80300a0f13001c9b209290a
:104ba400eed8002e7ff40cae002eeed107eb870773
:104bb40000eb4700a0f130071949a1fb0401cc0820
:104bc400e3e7daf800301b681649039898478ce548
:104bd400154d50e50cf5000010f5000018f5000027
:104be40044f5000048f500009484010050f50000ed
:104bf4005cf5000060f5000068f500006cf500004d
:104c040074f5000000000000a0f50000c8f50000e5
:104c140004f6000028f6000020f6000024f6000048
:0c4c2400cdcccccc34f60000e0b2002077
:020000040000fa
:104c300090f87730012b40f0cb822de9f04786b019
:104c400004460e469146c26c002a60d0136a13f0e7
:104c5000080f5cd143f008031362c76c002f56d0d5
:104c60000023a7f85630a7f85430bb64a7f86e307d
:104c7000a7f86c303b663a6913603a69938116f085
:104c8000010f07d094f83f3043f0010384f83f3020
:104c900006f0fe0694f83e3003f023036ff345134d
:104ca00084f83e3094f87730012b0cbffd69002565
:104cb0002b7b6ff307132b7316f0060f59d016f0ea
:104cc000020f00f01c8102238df8143004238df8ac
:104cd000153094f87730012b34d00020030a43ead2
:104ce0000023adf81630a4f86c002b7bc3f303123d
:104cf000013262f307132b7394f87730012b04bf52
:104d0000059b6b61636d6bb34ff00008f9e0b64b28
:104d100004221421782022f001fa0746002800f02e
:104d20005a82b24b8360c4600123a0f87030a0f8af
:104d30005830036a43f008030362e36c002b9ed1f2
:104d4000e0649ce7a36c2bb1a06c23f075fe1438d3
:104d500080b2c3e720461ff02cff0028f4d16ff08b
:104d6000030089e1204615f03fff60654ff0000821
:104d7000c7e0b4f86a80a26823699a4200f03482de
:104d8000b4f86430002b00f0aa8094f87730012b3f
:104d90002dd0b4f86c30984528bf9846a368216997
:104da0008b423cd95b1ab4f864a09a4528bf9a4656
:104db000d04506d294f83e3043f0800384f83e306c
:104dc000c24694f87730012b16d0236953442361ef
:104dd00094f83f3013f0010f00f08380b4f8643092
:104de00053457ed0d0457cd046f0010679e025f0d1
:104df000d3f90028d2d1cce70023bb6459b11ffa04
:104e00008af3a7f85630a7f8543039653b6907f1a3
:104e100048021a60d9e73b6900221a60d5e7626848
:104e2000521a206813441b1ab4f864a09a4528bf8c
:104e30009a46d04506d294f83e3043f0800384f879
:104e40003e30c2461346524528bf5346baeb0302d2
:104e50002cd094f877c0bcf1010f0ad023695344d9
:104e6000236162689342b3d32168521a9b1a23616b
:104e7000aee7a0b192b2a7f86e20a7f86c20b86692
:104e800007f16002ba6469b19bb2a7f85630a7f87f
:104e9000543039653b6907f148021a60dee70022a9
:104ea000ba64f0e73b6900221a60d7e794f87720ec
:104eb000012ad3d10022ba6451b19bb2a7f856306f
:104ec000a7f8543039653b6907f148021a60c5e715
:104ed0003b6900221a60c1e74ff0000a7ee74ff0fd
:104ee000000a1ffa8af8baf1000f0ad0b4f8643049
:104ef000a3eb0803a4f8643046f0080606e04ff080
:104f0000000816f0030f45d04ff0000a19f0010f0a
:104f10000dd0002384f87830354b1a684ff47a733b
:104f200003fb02f3334aa2fb03239b09236522f010
:104f30009dfc236d1844606294f83e3043f00203f8
:104f400084f83e30b4f862302b80b4f860306b8067
:104f5000636d6b60a36dab602b7b6ff303032b73ef
:104f60006e7300236b822b82636d5344636516f06e
:104f7000020f4dd016f0100f04bf0023ab6094f861
:104f8000743013f0080f37d06b68013b6b604ff043
:104f900004093fe019f0020f0ad094f87930013388
:104fa00084f87930636d013b63654ff0010ac9e70e
:104fb00094f83e3013f0020f13d019f0010f08d10e
:104fc00094f878302bb1013b84f87830236d5b087e
:104fd000236522f04bfc236d184460624ff0000af9
:104fe000b0e74ff0000aade706002000ed900100a9
:104ff00054bf0020d34d6210636d0133636594f894
:10500000743043f0080384f874304ff0040901e071
:105010004ff0000916f0010f05d094f8743043f0fa
:10502000040384f8743016f0100f05d094f875302e
:1050300043f0010384f87530e369226a934223d375
:10504000a1696069091a9b1acb1a9bb2eb81a4f87b
:10505000663028461cf0ecf92b7bc3f303120532b3
:1050600062f307132b7394f87730012b10d0b8f14b
:10507000000f7ed14ff0ff3094f87730012b00f015
:10508000a28006b0bde8f087d31a013b9bb2dde7f2
:10509000236c23b90025b8f1000f6dd06ae02046db
:1050a0001ff087fd05460028f5d009f11409636c4f
:1050b000bb63236cfb63a36c3b643a6993894b44e9
:1050c0009381fd6900232b82a36c93f8683013f061
:1050d000010f18d094f885308df8053094f886309b
:1050e0008df8043000258df8065009eb080201ab5d
:1050f00092b2062138460ff0c3fc3d60384624f0da
:10510000cdfd0546c7e7bb6b0293fb6b0393002203
:105110008df8102006238df8113009eb08039bb29f
:10512000190a41ea0323adf812300c2102a81bf042
:1051300069fcc24392b2494628461bf063fcc34354
:105140009bb2b8f1000f07d139690a8a22f0080230
:105150000a82db432b82bde739690a8a42f00802e2
:105160000a824246396d384619f06affc3439bb242
:10517000efe70025a36babb1002d3ff47baf16f03a
:10518000040f2bd0e56f5db3b4f87a3013f0080f3d
:1051900028d0d4f880300822a16cb4f93c00a8478c
:1051a00000206ee740f2dc53636322f05ffb626b2a
:1051b000124b1b6803fb02f3114aa2fb032300eb13
:1051c0009310a063d8e73b6a23f008033b6258e7db
:1051d0006ff0010070476ff0020052e7002050e7c7
:1051e00000204ee700204ce794f83f3013f0010f09
:1051f0007ff472ae4ff0000883e600bf54bf00207a
:04520000d34d621018
:020000040000fa
:0452040001207047ce
:020000040000fa
:105208002de9f04f8bb0a74bd3e90023134319d0f6
:10521800a54b1b7833bba54b1b78002b00f07c8279
:10522800a34b1b7863b3a34b1b78072b00f2708248
:10523800dfe813f015006e009400080181010002f8
:105248002b02520224f068fd9b4ba3fb003080091f
:105258000021944bc3e9000150ea0103d8d10bb0f7
:10526800bde8f08f904b00221a701af099fc0028c4
:10527800d1d0924b1a68924900201bf02ffacae746
:10528800904bd3f800a0d3f804b021f081fcb0eb28
:105298000a0461eb0b05002c75f1000318da854b45
:1052a8001b78072b00f2348201a252f823f000bfca
:1052b8006752000013530000655300004d5400006e
:1052c8003f5500003d56000093560000e15600008f
:1052d8000020764b18707c4a1368013313607b49b1
:1052e8001bf0fcf9734b1b78012b08d0063bdbb293
:1052f800012b704b94bf002202221a70afe70023e3
:10530800734a13706b4a1370a9e7684b1b78b3b1e3
:10531800674b1b78002ba2d0644b00221a706d4b90
:105328001b7893b9684a1368013313600020684bef
:105338001870604b187068491bf0d0f98fe7c022cd
:105348001146042020f0d2fd89e721f021fc634baf
:10535800c3e90001574b02221a7080e75f4b1c68b3
:105368005d6821f015fc061b61eb0507002e77f13f
:105378000003fff674af5a4a138801339bb21380b7
:10538800584d00240294019400930223224621469a
:10539800284614f097fd0194009401233c222946e5
:1053a800204620f0cdfe002836d04f4a136801333e
:1053b80013603c214b4824f065fa21f0e9fb474c87
:1053c800384d3e4b1f682a686e68a2fb072307fb0f
:1053d8000633101843eb01012060616021f0d8fb0f
:1053e800424e2c686d68af00a30047ea94721b19ff
:1053f80045eb0202940044ea93749d00281844eb9c
:1054080001013060716021f0c3fb394bc3e9000131
:10541800284b03221a7022e7364a136801331360b7
:1054280021f0b6fb2d4c1f4b244a15681a685e689c
:10543800a2fb052305fb0633101843eb010120608e
:1054480061600ce7194b1b789bb1194b1b78002b3b
:105458003ff405af154b00221a701e4b1b78002b2a
:1054680061d1194a136801331360124b02221a7072
:10547800f5e61e4b1c685d6821f08afb031b04934c
:1054880061eb05030593dde90434002b74f1000397
:1054980034db194a136801331360064b02221a7071
:1054a800dde600bf40be002044c0002045c000200b
:1054b80046c0002049c00020d34d6210b0c1002072
:1054c800c4f6010038be0020ecbf0020f0f6010051
:1054d80048c0002047c0002018f7010028be00205f
:1054e800e6bd002010bb0020f4bf002048be00200d
:1054f80030be0020f0bf0020f8bf0020944b1c688d
:105508005d6821f045fb031b089361eb05030993d4
:10551800dde90834002b74f10003fff6a0ae10207b
:1055280021f096fb9be68b4b1a688b4b1a608b4bd2
:1055380004221a7093e68a4b1b7893b1894b1b7827
:10554800002b3ff48cae864b00221a70864b1b78da
:105558005bb9864a136801331360804b02221a70c4
:105568007de6112021f074fb79e67b4b1968794bb5
:10557800186802460b4652ea03004cd07c48007873
:1055880030b17c48d0e900458d4208bf944242d0f2
:105598007848c0e90023764b01221a706d4b1c68cd
:1055a800002624f040440025734be3fb0145734f6c
:1055b80065a3d3e900232046294621f079fb02920e
:1055c80061a3d3e900232046294621f071fb01900d
:1055d8006b4b1b880093334602220821384614f08f
:1055e80071fc0196009633463c223946304620f03d
:1055f800a7fd38b9634a136801331360574b022279
:105608001a702ce6604a1368013313603c215b482a
:1056180024f038f9f2e721f0bbfa4d4c5b4a1368e5
:1056280052681b1841eb0202236062604b4b052253
:105638001a7014e6564b1c685d6821f0a9fab0eba5
:10564800040861eb0509b8f1000f79f1000307dbe5
:10565800504a136801331360404b02221a70fee56a
:105668003b4b1c685d6821f093fa031b069361ebc2
:1056780005030793dde90634002b74f10003fff6f8
:10568800eead364b03221a70e9e5354b1b7893b122
:10569800344b1b78002b3ff4e2ad314b00221a70db
:1056a800314b1b781bb9314a1368013313602b4bfc
:1056b80007221a70d3e500202a4b18702a4b18705d
:1056c8000190354b009301234ff4807208211ff09d
:1056d8000dfb1cf0ddfcc2e5214b1b7893b1214b7f
:1056e8001b78002b3ff4bbad1d4b00221a701e4bdc
:1056f8001b781bb91d4a136801331360174b00222e
:105708001a70ace5c0220021042020f0effba6e5ca
:10571800124b00221a70a2e5104b1b78072bf7d802
:1057280001a252f823f000bf675200001353000093
:10573800655300004d5400006b5500003d560000b5
:1057480093560000e156000000ca9a3b0000000092
:1057580030be0020fcbf002000c0002049c000204f
:1057680045c0002046c0002047c00020ecbf0020f4
:105778004ac0002050be002000ca9a3bd4ba00207c
:10578800e6bd0020f0bf0020e8bf002040be00209a
:0c57980048be0020f8bf0020318c020049
:020000040000fa
:1057a4002de9f04f8db000f58652d37e177e14326a
:1057b4009279013ad21ad2b2ba4280f0748200f5d8
:1057c400865b0bf1140bcdf81cb083468fe0ff2ee3
:1057d40042d199f84130ff2b21d0284620f0edfe2c
:1057e400002843d041f28c1301220bf8032000233c
:1057f40041f28b120bf8023041f27c122bf802308a
:105804000bf58b531a680421584617f057fa0bf519
:105814008c532a78c2f3401203f8092f51e099f807
:105824004230ff2bd9d199f84330ff2bd5d1012138
:1058340041f28c130bf80310002341f28b120bf886
:10584400023041f27c122bf802300bf58b531a68ac
:10585400584617f033fadae7284620f0aefe00285f
:10586400c0d1334616f0400f00f0f98041f28c139a
:1058740001220bf80320002341f28b120bf80230b3
:1058840041f27c122bf802300bf58b531a68062177
:10589400584617f013fabae741f28c1301220bf8b9
:1058a4000320002341f28b120bf8023041f27c12e8
:1058b4002bf802300bf58b531a680721584617f062
:1058c400fdf9002341f27c122bf8023041f28c12d4
:1058d4000bf80230079ad3790133dbb2d37117790d
:1058e4009279013ad21ad2b2ba4280f0dc81013ff5
:1058f4003b40079a126841f27a0101fb03231a46de
:10590400039341f27803d25a002ae3d0984ba3fbc5
:1059140002139b0903eb0313a2eb83039bb20993ca
:10592400002bd7d10892039b03f63c07b9467ce0d1
:105934000bf58b531b68009300231a4619465846ef
:105944001bf0a3fcbde741f28a1301220bf80320ec
:105954000bf58b53196858461ff0eaf998e003f0e9
:105964000f039f0094f842201346c2f3801106915e
:10597400002900f0088102f03f0303f10108d30974
:1059840002934745c0f0038141f27c133bf80320a6
:105994001ffa88f54ab941f2781300212bf8031055
:1059a4000bf58b530020e3e9020141f278113bf837
:1059b40001302b442bf801300bf58b531b680093fb
:1059c4002b46214658461af0a3fd41f27c1a3bf8b7
:1059d4000a102944029b1a1c18bf012289b2584696
:1059e4001cf0b6fd00232bf80a30c7f1400a1ffa59
:1059f4008afa41f28b131bf80330002b00f0d48099
:105a0400002e40f0da8041f28c131bf80330002b97
:105a140000f0948009f14409039ba9eb0303a3f666
:105a24003c03089a9342bff455af09f140054c4634
:105a340099f84060002e7ff4caae99f841303bb922
:105a440099f8423023b999f84330002b3ff4efae74
:105a5400284620f0b2fd00287ff4c4ae3346c3f3d9
:105a6400401341f289120bf80230002b3ff414afbb
:105a740094f84230db0904937ff45aaf41f28a135d
:105a84001bf8033023b994f84030db097ff45baf93
:105a940094f84130c3f30016002e7ff460af13f086
:105aa400200f67d194f8423013f0400f62d141f2d5
:105ab4008c1300220bf80320ace741f28c13012273
:105ac4000bf80320002341f28b120bf8023041f251
:105ad4007c122bf802300bf58b531a6802215846be
:105ae40017f0ecf896e741f28c1301220bf803202f
:105af400002341f28b120bf8023041f27c122bf896
:105b040002300bf58b531a680321584617f0d6f868
:105b140080e741f27c133bf80310002241f28b1022
:105b24000bf800202bf803205144029b9a1a18bf4b
:105b3400012289b258461cf00bfd6be741f28b132e
:105b440001220bf8032041f28c1300220bf80320ee
:105b5400e11941f27c133bf80320002a4cd085e084
:105b640002f03f0303f10108d309029337460ee024
:105b7400f1f0f0f094f842201346c2f3801106913c
:105b84000029edd10f46db0902934ff04008a8eb42
:105b9400070a1ffa8afa002e3ff42baf41f28b1347
:105ba4001bf80330002b88d141f28c131bf803300f
:105bb400002b7ff425af002e95d0b84508d841f2cc
:105bc4008c131bf80330002b7ff424af002eb5d0c8
:105bd40094f84330db09049341f28b1301220bf850
:105be400032041f28c1300220bf80320e11941f247
:105bf4007c133bf8032052b941f2781300222bf8ae
:105c040003200bf58b500023e0e90223099a049b3f
:105c140063b341f268100beb000c0b780024cde960
:105c240004344c782304049c43ea0463cc790025af
:105c3400cde904458c7843ea0423cd780026cde9e8
:105c44000a560c79049e46ea04664c7946ea0446f0
:105c54008c7946ea04240a9d2b434bf80040ccf887
:105c640004300831aaf1080a1ffa8afa41f27810be
:105c74003bf8003053442bf800300bf58b531b6872
:105c84000093534658461af043fcb84503d9069b83
:105c9400002b7ff43eaf41f27c133bf803108a449f
:0c5ca4002bf803a0b6e60db0bde8f08fb1
:020000040000fa
:105cb0002de9f04f85b0a44bd3e90023134314d052
:105cc000a24b1b78022b00f0fb80032b00f0b58168
:105cd000012b15d09e4b1b7823b19c4b1b78002bbe
:105ce00000f0978005b0bde8f08f24f019f8964bce
:105cf000984aa2fb00208009186000225a60dfe762
:105d0000954b1b78002b51d1944b1b78002b36d12f
:105d100000200090924b0122924909681ff01efb5f
:105d2000024630b1904900201af0dcfc22f0aef8b7
:105d3000d0e720f031ff8d4f834b1e68d3f804c0ad
:105d4000b3194ceb0c029b1942eb0c024feac20e4a
:105d50004eea537e4feac30818eb06034eeb0c02e3
:105d6000d60046ea53764feac30c1ceb000046eb24
:105d7000010138607960794b01221a70aae720f09e
:105d80000bff7a4a13685268b0eb030861eb020913
:105d9000b8f1000f79f100039cdb724b1a6874496b
:105da00000201af09ffc22f071f893e7714b1b78ea
:105db000002b71d0704b1b686a4a12686f49002033
:105dc0001af090fc6e4b1b78a3b16b4b1a686d4bad
:105dd00019680a406c4b1b680b409a4245d00191f0
:105de0000092604a1268694900201af07bfc644bfb
:105df00000221a705b4b1a68654b9a423ed0002312
:105e0000524a1370554a1370514b1b78002b3ff4c4
:105e100069af20f0c1fe5f4a13685268c41a61eb93
:105e20000205002c75f10003fff65caf0024484b1f
:105e30001c70594920461af055fc4a4b544a1a60c6
:105e4000564b1c60504b1c604e4b4ff460421a6026
:105e5000534b01221a704a4b1c703f4b1c703f4b36
:105e60001c703a4b02221a703ce7009113463d4adf
:105e700012684c4900201af035fcb8e73e4b1e680a
:105e8000c6f3423630461ff0d5f80346324646493f
:105e900000201af027fcb2e7324b1a684349002071
:105ea0001af020fc364b1b78002ba8d02d4b1a681b
:105eb0003f4900201af016fc314b00221a709ee771
:105ec000254b1b78002b40f08f80244b1b78002b38
:105ed00074d100200190374b009301232f4a1268a0
:105ee000204909681ef006ff024630b13249002001
:105ef0001af0f8fb21f0caffece620f04dfe1b4f34
:105f0000114b1e68d3f804c0b3194ceb0c029b195b
:105f100042eb0c024feac20e4eea537e4feac30830
:105f200018eb06034eeb0c02d60046ea53764fea16
:105f3000c30c1ceb000046eb010138607960074b95
:105f400001221a70c6e600bf18be00203ec0002025
:105f50003dc00020d34d62103ac000203bc000205d
:105f6000f98b0200c4bf002008af000008be00206b
:105f700034af00003cc00020ccbf00205caf00006c
:105f800040c00020dcbf0020d8bf0020c0af000010
:105f9000fb08030010be0020f0b10000d4bf0020b9
:105fa0003fc0002088af000008b0000024b000000f
:105fb0004cb000007998020084b0000020f0ecfda5
:105fc000644a13685268c61a61eb0207002e77f123
:105fd0000003fff67fae604b1a68604900201af09c
:105fe00081fb21f053ff75e65d4b1b78bbb15d4b28
:105ff0001b68594a12685c4900201af073fb5b4b1e
:1060000000221a705a4b1b789bb1594b1a7001230e
:1060100058490b7058490a70584a137062e64e4b43
:106020001a68574900201af05dfb514b00221a7084
:10603000e5e7524b00221a70e6e64f4b1b78002b27
:1060400058d14a4b1b78002b3cd1002002904d4b7d
:106050000193012300934c4b1b68424a12683e494e
:1060600009681ef0abfb024630b1484900201af027
:1060700039fb21f00bff2de620f08efd354f444b10
:106080001e68d3f804c0b3194ceb0c029b1942eb09
:106090000c024feac20e4eea537e4feac30818ebd9
:1060a00006034eeb0c02d60046ea53764feac30cc9
:1060b0001ceb000046eb0101386079602b4b01229c
:1060c0001a7007e620f068fd224a13685268b0eba8
:1060d000030a61eb020bbaf1000f7bf10003fff63c
:1060e000f9ad1d4b1a682b4900201af0fbfa21f07c
:1060f000cdfeefe51a4b1b78ebb1274b1b680193e4
:10610000184b1b680093204b1b68134a12682349e5
:1061100000201af0e7fa154b00221a70144b1b7876
:106120009bb1134b1a70012312490b7012490a706c
:10613000124a1370d6e5084b1a68194900201af064
:10614000d1fa0b4b00221a70e5e70c4b00221a70b3
:106150005ae600bf08be0020c4bf0020b0b0000057
:106160003cc00020d4bf0020d8b000003bc00020bd
:106170003fc0002040c000203ac000203ec00020a8
:1061800008b10000158c0200c8bf002030b100002b
:1061900018be00205cb10000d0bf002084b1000018
:0461a000c8b1000082
:020000040000fa
:0461a4000020704720
:020000040000fa
:1061a8002de9f04f2ded028bd2e9008997b0cde9aa
:1061b8000c138b6808930b690f90d1e900b6149300
:1061c800cd6800220023404649461ff0e3fe40b94f
:1061d8001bf0040f32d11bf00803059330d02023a5
:1061e80003e089f0004399462d232b70089b03f1a7
:1061f800ff3a012305934c4929f0004300208b42c4
:1062080008bf80451fd10d9b413b192b059b94bfaf
:10621800464947492b44184623f0a2fd284623f057
:10622800dbf8cdf800b00246089b0f98294618f015
:10623800c1fe17b0bdec028bbde8f08f2b23d4e76d
:10624800ddf820a0d7e7994208bf404509d20d9b49
:10625800413b192b059b94bf364937492b441846b7
:10626800dae7002200234046494620f0eff99fed87
:106278002c7b8ded027b48b300240d9823f0a7fcfe
:10628800002ec3b20993c0f2d781672b5ad1002ed2
:1062980008bf0126231d02dbb442c0f2c681652770
:1062a80061e09ded067b8ded027b01340022234bde
:1062b800dde902010ef078fc42464b46cde90601c5
:1062c8001ff04cfe0028ecd000271fe00446ede745
:1062d80014f5967f11da87b90022194b40464946d2
:1062e8000ef062fc002280468946154bdde902016a
:1062f8000ef05afccde902010127dde90201002276
:106308000e4b08f0a7fecde90201013cdde90223ae
:10631800404649461ff03efe0028d9d1ade700bff0
:10632800000000000000f03f0000f07f1c9b02000e
:10633800209b0200249b0200289b020000002440ae
:1063480000005043099f662f06f101060bd1002c6f
:1063580004da9fedbd7b8ded027b0024099b672b42
:1063680018bf361966279ded027bcde906898dedac
:106378000a7b00230e93dde90a23dde9060108f014
:1063880069fe41ec100b13f003fe51ec100bb0ee5c
:10639800408af0ee608a1df0e0fdb0ee480af0eeab
:1063a800680a069b1093079b159083f0004311938e
:1063b8009ded0a1b9ded102b20f0caff53ec102b0e
:1063c80083f000430793dde90a01a34b8ded060a2c
:1063d800002208f03ffe0e9b01339e42cde90a01e0
:1063e8000e93c8d100229d4b0ef0defbcde90a01c9
:1063f80002460b46dde906011ff0ccfd002840f0ff
:106408008180dde90a23dde9060120f01ff910b1da
:10641800159bda0776d5dde90a234046494608f098
:106428009af80022cde906018b4bdde902010ef056
:10643800bbfbdde90623cde90a011ff079fa002844
:1064480065d0662f04f1010465d10136a146a9eb98
:1064580006034ff00008059e1093cdf80880109ba6
:10646800994540f08180029b002b00f0c880a81954
:106478000022652f027029d1149b1499013b944284
:10648800ea54c1f1030ebcbf644201220a21002c68
:1064980040f0bc800eeb030cbcf1000f00f3b6809b
:1064a800002a03f1ff3114bf2d222b226a540d9ac2
:1064b800023b413a192a05eb030198bf45279e4242
:1064c8000f70aaf1020a01da23f04afc0bf0030369
:1064d800022b7ff4a3aebaf1000f7ff79fae2846d8
:1064e80022f07aff05eb0a03059a824240f399806d
:1064f800059b2b4418465246302123f0d7f9002338
:1065080008938be69fed527b8ded0a7b83e79ded2b
:10651800027b8ded0a7b652f14bfa1464ff0000961
:1065280095e7029a52b9b9f1000f07da0e992e22af
:106538006a54012201360af1ff3a029205eb08017a
:10654800aa193144302001e002f8010b9142fbd135
:1065580008eb06023033aaeb080808f1ff3a561c8c
:10656800ab544ff0000828e00c9b0e961b69053bc6
:10657800b3427ff678afdde90a23dde9060108f0ca
:1065880069fd41ec100b13f003fd51ec100bb0ee5c
:10659800408af0ee608a1df0e0fc0bf0100209283a
:1065a8000346a8bf09230243bbd1099a672ab8d179
:1065b800b9f1000fc2da08f10108069b1293079b94
:1065c800b0ee480af0ee680a83f0004313939ded9d
:1065d8000a1b9ded122b20f0bbfe53ec102b83f011
:1065e80000430793dde90a0100221b4b8ded060ae3
:1065f80008f030fd09f1ff39cde90a012fe71bf05a
:10660800100f1ebf2e23ab55013630e7b4fbf1fc4b
:10661800013b01fb1c443034ec540af1ff3a644658
:1066280035e72a5c1a5401385ee7002cbff69aaeab
:10663800662788e606262de6099b672bfad01f46b3
:10664800062680e6aff30080000000000000f03f5f
:10665800000000000000000000002440000014407a
:020000040000fa
:106668002de9f04f95b0cde912030b68089392ed30
:10667800007b4b680a938b6809930b690d93cc6870
:106688000022002351ec170b8ded047b1ff082fcd8
:1066980040b9089b580734d4089b13f0080732d038
:1066a800202306e0dde9042181f00043cde904233d
:1066b8002d232370099b01275a1edde90403dff807
:1066c800f8b223f000414ff0000a594508bf504581
:1066d8001bd1139b413b192b04eb070094bfb04916
:1066e800b04923f03dfbaf4822f076fe089b0093ab
:1066f8000246099b1298214618f05cfc15b0bde8cb
:10670800f08f2b23d5e7099ad7e7139b8b45a3f185
:10671800410308bf82450b9309d2192b04eb0700ec
:1067280094bfa149a14923f01bfba048dce7302115
:10673800e1550b997b1c1a2934bf58217821e15463
:10674800931e079300220023dde9040102371ff09e
:106758007dff002800f07b819fed8f7b8ded027b14
:1067680000250a9bdde90289002bdde904abb8bfef
:1067780018230e93002642464b465046594608f0c9
:1067880069fc41ec100b13f003fc42464b4651ecfc
:10679800100b8ded100b0ef007fa02460b46504613
:1067a800594623f0b5fc824b82468b464046494603
:1067b80000220ef0f9f9731c0c930a9b002b8046fb
:1067c800894606da00220023504659461ff03eff4c
:1067d80028b90e9bb34200f3408101330c93002289
:1067e800744b404649460ef0dff98046894602461a
:1067f8000b46504659461ff0cdfb002840f02f812c
:1068080042464b46504659461ff020ff30b1dde95d
:1068180010011df0a2fbc10740f1218142464b4601
:10682800dde9040107f097fecde90401dde9042163
:1068380021f00043604900208b4208bf82423ff4a8
:1068480048af4ff000083e46c246c1460d9b053b87
:10685800b342b34633d9dde90223dde9040108f088
:10686800f9fb41ec100b13f093fb51ec100b8ded81
:106878000e0b1df072fb002840f0f680b9f1000ff6
:1068880000f0f28008f10108dde90223dde90e01dc
:106898000ef08af902460b46dde9040123f038fcc4
:1068a800434bcde904010022dde902010ef07cf939
:1068b8000c9b09f101094b45cde90201c6d1baf19a
:1068c800000f1ed1b8f1000f00f015810a9b002bb4
:1068d80040f31181089bda0700f10d81a3192e22dc
:1068e8001a7008eb06022244302100bf03f8011f8a
:1068f8009a42fbd1079b46446fea08084344013695
:1069080007930d9b0d990022a019013b9542027037
:10691800b8bf6d42e254c1f1020eb8bf01224ff078
:106928000a08002d40f0d7800eeb030cbcf1010fd4
:1069380000f0d180002a03f1ff3114bf2d222b2251
:1069480062540b9a023b1a2a04eb030134bf50220b
:1069580070229e420a7001da23f002fa089b03f0c3
:106968000303022b14d1079ba3f10208b8f1000f0f
:106978000edd204622f030fd04eb0803b84280f219
:10698800b68042463021e01922f090ff0023099397
:106998002046a9e6aff30080000000000000f03fa9
:1069a8000c9b0200109b0200149b0200189b020023
:1069b8000000b03f000020400000f07fcde90289d0
:1069c8000135dde902231046194607f0c4fd80466b
:1069d800894602460b46dde904011ff0dbfa002870
:1069e800ecd0dff82cb1dff82c914ff0000a4ff013
:1069f8000008dde90223dde904011ff0cbfa0028d5
:106a08003ff4afae52465b46dde902010ef0ccf82a
:106a1800002200231ff01afe78b142464b46dde9fa
:106a280002010ef0c1f84246cde902014b46dde90c
:106a380004010ef0b9f8cde90401dde9020152467e
:106a48005b460ef0b1f8013dcde90201d1e79fedbb
:106a58002e7b05468ded027bb3e70c9e8be64ff04f
:106a680000084ff00009d9e6baf1000f0bd1b9f1cf
:106a7800000f08d02e2304f80b30079b013b01368a
:106a880007934ff0010a04eb0803a219334430219d
:106a980002e000bf02f8011b9a42fbd1079b06ebfc
:106aa800080ba3eb08080b9b0928d4bf30305730dc
:106ab800192b06d840f02003613b192b01d823f08d
:106ac8008df808f1ff330bf1010604f80b0007936a
:106ad8004ff00008d8e60799b5fbf8fc013b08fb26
:106ae8001c5530350139e5540791654619e7225c94
:106af8001a54013842e7089bdb067ff502af2e23c4
:106b0800a3550136fde600bf000000000000f03f7d
:086b18000000e03f00005043c3
:020000040000fa
:106b20002de9f04f8fb041f28613c35c0393002b25
:106b300040f02e820691834641f286130122c25410
:106b400041f28713c35c0293002b00f0188241f2dc
:106b50007013c35c002b40f0108200f58653597e01
:106b60001a7e1433db79cb1adbb2934280f00d82ac
:106b7000013a0a4041f2d403c35841f27a0101fbc1
:106b80000231089141f278030022ca5241f2831384
:106b9000c35c03eb03139b0040f63c029a4228bf00
:106ba0001a4605920a91002b00f0b0810027aee052
:106bb0000a98c4190494013a0a4002eb82020c922a
:106bc00041f2cc035bf803300d9303eb820a002300
:106bd000c351c35d63f07f03c355637843f0200363
:106be000637041f282121bf80230591c0bf802103c
:106bf00003f00103c25d42ea8313c35541f27a13e5
:106c00003bf803307bb9637843f0100363709af864
:106c100013302bb303f00303e27842ea8313e370eb
:106c2000029b0b9301e0039b0b9341f27a133bf819
:106c30000320baf81030a3eb02091ffa89f9b9f161
:106c4000400f28bf4ff04009c9f1400189b20791b8
:106c50009a4200f0a48000250997ddf8108004e036
:106c6000029b0b93e1e7a94533d90bf58c573a7892
:106c70000aebc20241f27e163bf806109489641ab0
:106c8000a3b2a9eb0504a4b29c4228bf1c46281d50
:106c9000936822461944404421f0f4ff2544adb2e4
:106ca0003bf806301c44a4b22bf806403b780aebb4
:106cb000c3029289a242d6d100212bf806100133db
:106cc000dbb23b709af812209a4204bf3b4619701f
:106cd000c9e7099f079b002b61d141f27a123bf86b
:106ce00002304b449bb22bf80230baf810209a4283
:106cf0005ed0049c20461ff062fc00f00100e378a7
:106d00000343e3704437bfb2059b9f420bd20bf5a0
:106d10008653997c1a7c0c335b79013b5b1adbb29e
:106d20009342fff445af41f27803089ad752002fff
:106d300000f0ec8041f284131bf803502db3ad0139
:106d400040f63b039f4220d800244026ddf82080f7
:106d500008eb0700802308f807300021417081709c
:106d6000c1703246043022f0a5fd41f2780338f8b4
:106d700003704437bfb228f803704034a4b2a54270
:106d800003d940f63b039f42e2d941f27803089ac7
:106d9000d35a002b40f0c180039b0293efe009f12e
:106da0000400079a0021049b184422f083fd94e715
:106db00009f1ff3303f03f0304998a78134343f04a
:106dc00040038b7041f27a1300222bf80320daf88b
:106dd00004406cb10d9b0c9a53f82230baf8102085
:106de000daf808100bf58b50006800905846a04761
:106df0000bf58652937c0133dbb293740b9a002a15
:106e00007ff477af0bf58652117c0c325279013a40
:106e1000d21ad2b28a42bff46caf01390b4003ebf5
:106e2000830341f2cc025bf8022002eb830abaf83a
:106e30001020b2f5806f3ff65caf09f103039bb2ff
:106e400023f0030189b20791c1f140091ffa89f9c2
:106e5000b9f1000f3ff44daf4a457ff64aafc3f397
:106e6000830304994a78134343f010034b709af854
:106e700013302bb103f00303ca7842ea8313cb70bb
:106e80004ff000080997049f01e0c1453cd90bf57c
:106e90008c5632780aebc20241f27e153bf805109f
:106ea00093895b1a9bb2a9eb0804a4b29c4228bf49
:106eb0001c46079b181d40449368224619443844d9
:106ec00021f0e0fe41f27a123bf8023023442bf825
:106ed0000230a0441ffa88f83bf8053023449bb2e7
:106ee0002bf8053032780aebc20189899942ccd15e
:106ef00000212bf80510531cdbb233709af81220d6
:106f00009a42c2d13170c0e7099ff2e6069b002b7e
:106f100044d100270ee7002711e70bf586535a7e70
:106f200001325a7641f270131bf803303bb10bf576
:106f300086535a7e013a5a76039b02931fe041f230
:106f400078030898c35a41f2701201210bf802101d
:106f50000bf58b5212680092014600f63c0241f29a
:106f600081101bf800001bf085f9029038b941f23e
:106f7000701300220bf80320d9e7039b029341f220
:106f8000861300220bf8032004e0039b0293f6e72c
:106f90000023029302980fb0bde8f08f41f28413f2
:106fa0001bf80350002db6d141f283131bf80330b8
:0c6fb000002b0cbf402580250027c5e603
:020000040000fa
:106fbc00aa4b1b68002b40f01d822de9f04fbbb093
:106fcc00a74b1c6814b1dff8d4b2a2e0a54911f8a4
:106fdc00012fa54817f054fd38b1a14b1c68002cab
:106fec00f1d101203bb0bde8f08fa04b1b78002bfa
:106ffc00f3d122f089fe012803d89c4b01221a7090
:10700c00ebe722f07bfe9a4919f066fbf5e70023cb
:10701c006375984e04f1120803273a4631684046ce
:10702c0020f0aafc002800f0e3810c365e45f4d178
:10703c000023238269e00d283ad00a2838d008288a
:10704c0000f06c817f2800f09c811b2800f0b98136
:10705c00e26904f12008a2eb08034f2b00f3bb817b
:10706c00a369d31a00f0b381d01a00bf12f8011c27
:10707c0002f801198242f9d1e269511ce161002147
:10708c005170a26901327c4904f1720021f025ff94
:10709c00214601f8717f336828469847a3691f7011
:1070ac00a3690133a361e26993422ed9e3612ce019
:1070bc0004f1200ae369534555d033686f492846db
:1070cc009847e36900211970c4f818a0c4f81ca0f3
:1070dc0020220deb020022f0e7fb67680497512297
:1070ec00514610a822f040fe082208a910a818f05a
:1070fc0063f9039000283bd123681b68604938462c
:10710c00984733685f4928469847a468002c3ff499
:10711c0068af26686568f368284698470028f4d05d
:10712c003369284698470746b4f91030002b82d0b3
:10713c00e218907401331db22582032d3ff467af22
:10714c00022de2dde668b3689d42ded1316804f1c0
:10715c00120022f000fa18b973683146204698479d
:10716c0000232382d1e73368474928469847cce768
:10717c00039b002b05dc23681b6844490498984743
:10718c00bfe7d4f8cc30d4f8d070bb4236d07a6894
:10719c00c4f8d0201360d4f8cc30d4f8d0205a6086
:1071ac005122514607f1080022f0defdd4f8cc3014
:1071bc005bb33b60d4f8d0307b601f60d4f8cc302c
:1071cc005f60c4f8cc700023c4f8d430ddf8209094
:1071dc002f4f07f124083968484622f0bcf9d8b182
:1071ec000c374745f7d12b4b03f11802d8330593d5
:1071fc000696cdf81ca0a246914656e00022c4f893
:10720c00cc20c4f8d0201f46cae7c4f8cc70c4f810
:10721c00d0703f607f60d6e7039b082b06dd2368a8
:10722c005b6808221c49049898476ae77b6808aa9f
:10723c0003992046984764e75446069edaf80030d6
:10724c005b6808221449049898475ae75446069eee
:10725c007b6808aa03995046984752e784bf0020e0
:10726c00f0bd00207cbf00202898020035c0002013
:10727c00bc520100c4420200a4530100d8e2010038
:10728c00e052010080530100049d020050530100a4
:10729c00fc7d0200b8b30020185301000c4302001f
:1072ac0009f11809059b4b4532d04c4659f8146c22
:1072bc00002ef5d059f8087c9fb15122079925a8ca
:1072cc0022f052fd59f8043c0093512325aa514653
:1072dc003046b847f8b9082208a925a818f06cf868
:1072ec000390039b082ba7dc54f8147c54f8184c1f
:1072fc00002cd5d0ddf8208000263968404622f0dd
:10730c002af90028a2d001360c37a642f5d1c7e7de
:10731c005446069e2fe75446069ef2e6a16904f1f8
:10732c00200399427ff6f1aee36999421ed24a1ec0
:10733c005b1a06d0581e0144507802f8010b8a42a1
:10734c00fad1a269013aa261e269511ee161002100
:10735c0002f8011c04f17107a2692749384621f093
:10736c00bcfd3368394628469847cee63368234936
:10737c0028469847a369013ba361e369013be3619c
:10738c00c3e6e369a26993427ff6bfae511c5b1a58
:10739c0005d0d018517802f8011b9042fad1e2695d
:1073ac00511ee161002102f8011c04f17107a26970
:1073bc001349384621f091fd3368394628469847e1
:1073cc00a3e64ff01b03a374012323829de6002345
:1073dc0084f872305ce633680a4928469847c4f84a
:1073ec001880c4f81c8033680749284698478ce6f7
:1073fc00e660a7e60120704784530100905301001a
:0c740c0098530100ac53010080530100b4
:020000040000fa
:107418002de9f04f93b000230c930d930e930f9327
:1074280010931193924b1b68002b00f0b481826a71
:1074380092f86a4014f0080400f0ae81049092f8c3
:1074480073604569aa7912f0010f1dd193f83420b1
:1074580012f0010f12d0a91d186819f0b1ff0446e7
:107468009cb1238843f480632380a674804b1b68f7
:107478009b68804a12681344636006e0a91d186877
:107488001af0cef90446ebe7002405227a4928468b
:1074980021f0e6fb18b96b7913f0f00f22d0754b89
:1074a8001b680793049821f0b8f80390704b1b6889
:1074b8002946186819f084ff82462b7813f0010fcb
:1074c8001ad0b8b1008800f44070b0f5807f14bfbe
:1074d8000020012040f22e32684920f0e9fb012308
:1074e80006930be027226ff0160104981ff0b8f9f5
:1074f800012451e10120ede7002306935c4bd3f80a
:10750800008098f8343013f0020f22d0baf1000f3f
:1075180015d0baf8003013f4a06f1ed198f819b03e
:10752800069b002b4ad14ff0000902230593012343
:1075380002934c464d46ab4503dd002765e0002c21
:10754800ecd127226ff0160104981ff089f9012465
:1075580022e1baf1000fdcd1e0e713f4807f0bd110
:107568009af8125005f1010b4ff000090223059318
:10757800012302934c46dee713f4007f0cd00aeb9c
:107588004604133498f819b04ff000090123059305
:10759800022302934d46cee70aeb4604133498f8cb
:1075a80019b0069a92b913f4806f16d09af812900f
:1075b80002230593042302930025bce74ff000093a
:1075c8000123059302934c464d46b4e74ff000095a
:1075d8000123059302934d46ade74ff000090223be
:1075e8000593012302934d46a5e7059a002b08bf92
:1075f8001346012b06d1ab401f4303e0059bf8e778
:107608004d4511d001355d451fd0002c00f0c880d4
:1076180014f8013bb542e8d0029a002b08bf134684
:10762800042bedd0012bedd108f13603585d20f085
:107638004bfe40b1b0f86630039a9a42e2d8012373
:10764800ab401f43dee70023f6e7002f3ff479af96
:1076580027fa06f313f0010f00f0b480012303fab0
:1076680006f6b74340f0a180002495e0002408e026
:1076780004bf002000bf002078a00200b0830200f1
:10768800022495f83510002900f0868042462846e5
:107698001ff0fef800287fd0404621f04bf906463f
:1076a80040f275426749003018bf012020f000fb06
:1076b800002e71d0002c40f09180634bd3f80080ed
:1076c800b8f81430002b43d0b8f816300e3b039aa4
:1076d8009a4248d808f11c09484621f02bf905467a
:1076e800f8b1049883690993a96900230093ddf828
:1076f8000c904b4609aa18f0fffb8046814543d100
:107708006b69049a5269d2f800c050689168c3f84e
:1077180000c05860996092899a812b69a3f80c80ff
:107728005fe098f81800f0b10123b8f81620494630
:107738001ef0e0fab8b1484621f0fcf8054640f2e0
:1077480032424249003018bf012020f0b1fa18e057
:10775800002309930a930b930123039a09a9184656
:107768001ef0c8fa08b9002416e009a821f0e2f8ca
:10777800054640f247423549003018bf012020f045
:1077880097fa002dadd1eee740f27562304900203e
:1077980020f08efab4e70024204613b0bde8f08f3d
:1077a800b5423ff42baf029b3ae7274b1d6805f122
:1077b8002808404621f0bef8064600283ff456af98
:1077c80000247ae7204b1d6805f12808404621f07f
:1077d800b1f8064600283ff453af02240023049d65
:1077e8002b86079b0f931097039badf84430069b9d
:1077f800adf8463037460df1300cbce80f000fc726
:107808009ce8030087e80300049a9368b360d36890
:10781800736015f0030f4ff4c8720e490cbf0120b6
:10782800002020f045fa6e630b4bab60c5f80ca046
:107838002a6993890e3393815146284610f04cfcef
:10784800aae700bf4892020004bf0020309202005d
:0c78580060920200c889020071a00200ca
:020000040000fa
:107864002de9f04f8db08468002c00f0c481456888
:10787400002d00f0c681ab6a002b00f0c581c668fc
:10788400002e00f0c481d0f810b0bbf1000f00f05e
:10789400c181dff84cc307460fcface80f0097e86f
:1078a40003008ce803003388012b00f0ca81abf19c
:1078b400020233460833b2f1ff3f2ed0013a198851
:1078c4000129f7d15b6804930021049821f00aff91
:1078d4000746b34b986018b3049b1a78b04b1a73dd
:1078e4008368742221469847ae4b186048b32246f9
:1078f400294638461ef09eff0390002838d122f016
:1079040007fa68bb032422f003fa002840f06c81d4
:1079140014f08aff002303936fe100230493d3e759
:1079240022f0f6f908b90124ede722f0ebf9049b03
:107934002bb11a789c4918f0d3fe0124e3e7002206
:10794400f8e722f0e5f908b90224dce722f0daf9d5
:10795400742202fb04f2954918f0c2fe0224d2e715
:1079640022f0d0f93a46924918f0bafe0324cae745
:107974008b4b1c80c3f804b08a4bd3f80080002cd6
:1079840040f36181a9464ff0000a0022414648466f
:107994000df068fb034690b10af1010a08f174087e
:1079a40009f138095445f0d17e4ad2f800907c4a56
:1079b4005088c84600218e469a468c4622e022f022
:1079c400a7f920b922f0a4f940b904249be722f0d6
:1079d40099f95246774918f083fef3e722f092f9b9
:1079e4002246754918f07cfe04248ce7013080b2ed
:1079f400d446013374329c4203d0556c8d42f8d185
:107a0400f4e7059dd8f844100ef1010e08f174084e
:107a1400744503d0424673460595eee7614609b1c5
:107a24005f4b58805e4b5b88002b40f0148109f15a
:107a340074004ff0010c864610e022f063f9584bb5
:107a44005a885e4918f04cfe05245ce7884619e024
:107a5400644524dd0cf1010c0ef1740e73465ef8de
:107a64005c0c0028f4d06246644518dddef818107a
:107a74008842ebd0013274339442ebd09969884246
:107a8400f8d1884622f044f908b906243be722f0ed
:107a940039f942464a4918f023fe062433e7002305
:107aa400484a13600793089309930a930b933c4b3a
:107ab4001b8833b309f16c084ff0000a059400bf2a
:107ac40028f80cac18f8013c0caa02eb830959f80d
:107ad400144c00943c4a52f823303c4a0721404657
:107ae40021f0f2f9002388f80630013449f8144ce7
:107af4000af1010a08f17408294b1b889a45dfdb57
:107b0400059c4ff420720021314821f0d1fe314b05
:107b140000221a60304b049a07ca83e80700dff892
:107b2400c48008f19009404622f03dfa08f10c089f
:107b3400c845f8d11a4b00221a761a4bd3f800a084
:107b440094426add5346a2461446b0461e4618e0e7
:107b540022f0d8f84a46214918f0c2fd0724d2e69b
:107b64000f4880f81990066144615b4642462946f5
:107b740006f012fe002862d0013474363835a2456e
:107b84004bd0286a1ef026fe814600f0fd03012b2f
:107b9400e6d022f0bdf80028dad10724b3e600bf0e
:107ba400f4bc002094be002030dc000060dc000047
:107bb400a0dc0000d4dc000018dd000058dd00006b
:107bc4009cdd000090be002024970200e0dd000050
:107bd40098a8002084be002064bd0020e8dd0000d9
:107be40010bd0020bcb5002022f08cf822461d49af
:107bf40018f076fd8ce60023039303980db0bde8de
:107c0400f08f00230393f8e700230393f5e70023a1
:107c14000393f2e700230393efe7bb6938469847e1
:107c24000446b0f5006fe8d222f072f80128e4d9d6
:107c340022f068f822460c4918f052fddde70824ca
:107c440061e633463ee6094bd3f80090084b5b8867
:107c5400002b3ff424af22f05bf800287ff4edae54
:107c6400052450e648de00001cde000094be00201f
:047c7400f4bc00203c
:020000040000fa
:107c78002de9f04fedb00023054616460391049315
:107c88009946039b1b78002b62d00023cde905336e
:107c980007930aab089303a98023284609931ff08a
:107ca800c1f80446039b1a780ab1252a40d10498e2
:107cb800204404901a78252a31d15a1c00240392b2
:107cc80007945a782a2a04bf02330393039808bffb
:107cd80001241cf0e6fc01460790284621f0acfb85
:107ce800039b1a78303a092a48d903a81df0e4fd05
:107cf800039b8046187821f06aff672861dc6528b5
:107d080080f2c680612800f0c3803adc252800f0a4
:107d1800ef805b2800f00c81039b013303937b1ced
:107d280040f0f980b9f1000f08bf4ff0ff390fe0bc
:107d3800eb6bea6c93420fd25a1cea631f78039be1
:107d48001b78bb420ed0eb6c13b1eb6b013beb63c2
:107d580048466db0bde8f08f28461af0edff07469b
:107d68000130ecd1049b01330493039b03a9013335
:107d7800284603931ff056f8044493e7013303930e
:107d8800aee7632800f098806428c5d104ab05aa43
:107d98002aa9284622f00efa0028c0f26a81039b1d
:107da80001330393002c40f0b6803346012241464c
:107db8002aa817f033ff0028044667da0134b1d047
:107dc800c6e7702841d00bdc6e2850d02fdc69281c
:107dd800a2d104ab05aa2aa9284622f0ebf9dbe7d1
:107de800752813d0782829d0732895d1b8f1800f39
:107df80092d1039b01330393002c77d133681a1d6a
:107e080032601b680093012204ab68e004ab05aa4a
:107e18002aa9284622f0cef90028c0f22a81039b1d
:107e280001330393002c76d133462246bfe704abd7
:107e380005aa2aa9284622f0bdf9ede704ab05aa50
:107e48002aa9284611f0e0f8e6e704ab05aa2aa912
:107e5800284611f0d9f80028c0f20b81039b0133a2
:107e68000393002c57d133462246f021a0e7039b09
:107e7800049a01330393d317cde92a23002c4ad15e
:107e88003346224641462aa817f0c8fea144f8e620
:107e980004ab05aa2aa9284622f08cf90028c0f2ca
:107ea800e880039b01330393002c34d132464146ca
:107eb8002aa81cf023fb7ee7b8f1800f7ff42cafd3
:107ec800079b0bb901230793039b013303935cb909
:107ed80033681a1d32601b680093002204ab05a9a1
:107ee800284622f069f966e70023f5e7002389e7c9
:107ef800b8f1800f7ff410af039bea6c0133039352
:107f0800eb6b934209d25a1cea631878252808d1ea
:107f1800049b013304930024b8e728461af00cffa9
:107f2800f4e7eb6c002bf6d0eb6b013beb63f2e76d
:107f3800b8f1800f7ff4f0ae002c39d133681a1de8
:107f48003260d3f80080039b5a1c03925a785e2a49
:107f58000cbf012700272aac08bf023340f20112e8
:107f68003946204608bf039321f0a0fc0023237064
:107f7800039b1a782d2a1ed101330393c7f10103fd
:107f880084f82e30c7f10107039a13785d2b1bd1b3
:107f9800b8f1000f5cd1eb6bea6c934264d25a1cc7
:107fa800ea631f78e3195b78002b59d19a463ae0c7
:107fb8004ff00008c7e75d2ae4d101330393c7f106
:107fc800010384f85e30dde7002be1d02d2b06d0cd
:107fd800039b13f8012b039322445770d4e7049ba7
:107fe8001b78002bf4d05d2bf2d0531c0393029b1b
:107ff8001b7851788b42ebda0133e754f9e700bf7d
:1080080008f80b70049b013304930bf1010bea6b26
:10801800eb6c9a42da461ed2531ceb631778e319cd
:108028005b78002becd1eb6c13b1eb6b013beb6392
:10803800039b01330393baf1000f3ff46daeb8f11f
:10804800000f3ff469ae002308f80a3001241de749
:108058004ff0000bdbe728461af06efe0746dee716
:10806800049b0133049396e728461af065fe0746f9
:0880780098e70446a2e600bff0
:020000040000fa
:108080002de9f04f242985b006460f46144601d845
:10809000012903d1b64b16221a6050e0f36bf26c43
:1080a000934220d25a1cf26318782028f6d0a0f10f
:1080b0000903042bf2d92b2801d02d281bd1f36bf7
:1080c000f26c2d284ff0ff3a18bf4ff0000a934290
:1080d0000dd25a1cf2631878f26c7fb1102f4ed17a
:1080e00030280dd04be030461af02afedde730464e
:1080f0001af026fef0e74ff0000aede730283dd1f8
:10810000f36b934222d25a1cf263187840f020039a
:10811000782b2ad1f36bf26c93421bd25a1cf26378
:108120001878944b03445b780f2b40f2c180f36cba
:10813000002b00f09581f36b84b1023bf3630024c4
:1081400000252046294605b0bde8f08f30461af0dc
:10815000f7fddbe730461af0f3fde2e7013bf3639e
:108160000021304621f06cf9e9e7002f00f0eb80a8
:108170000a2f40f09e8000247f4d1ae00a277d4b95
:1081800003445b78bb42f3d312b1f36b013bf3635f
:108190000021304621f054f97ce70a2303fb040454
:1081a000f26bf36c9a42a4f130046bd2531cf3636c
:1081b0001078a0f13003092b01d8ac42edd900258d
:1081c000a0f1300109293dd86c4b4ff09932ab42f8
:1081d00008bfa24217d34fea850ca3001b194cea33
:1081e000947245eb020213eb03086fea010300935c
:1081f0004ff0ff33019342eb0209dde900234b45c9
:1082000008bf424542d25b4b184498464278ba4276
:1082100018d2f36bf26c934280f00a815a1cf2631d
:10822000187840444378bb42f3d3514b0e99222235
:108230001a60dde90e45002301f00102134318bf67
:108240004ff0000af36c13b1f36b013bf363dde90c
:108250000e239d4208bf9442c0f0fa800e9900237d
:1082600001f00102134340f0e780baf1000f40f043
:10827000e3803f4b22221a600f9b11f1ff3443f140
:10828000ff355ee730461af05bfd92e718eb01041c
:108290004ff0000349eb0305f26bf36c9a4203d2f3
:1082a000531cf36310788be730461af049fd87e7db
:1082b00010277c1e3c402f4d40f0b48017237b4399
:1082c000c3f342132b4493f801b12b185b789f4200
:1082d00002d9b4f1006f38d34ff0ff33cbf1200156
:1082e000abf1200223fa0bf803fa01f148ea010886
:1082f00023fa02f2002548ea020823fa0bf91d4b83
:10830000034459788f427ff67eafa94508bfa04548
:10831000fff479afabf1200004fa00f005fa0bf29c
:10832000cbf12003024324fa03f342ea0305f26b84
:10833000f36c04fa0bf09a4241ea000414d2531c85
:10834000f3631078dbe70827b3e704fa0bf41c4368
:10835000f26bf36c9a4203d2531cf3631078b4e7c8
:1083600030461af0edfcb0e730461af0e9fcc6e7fb
:1083700010c00020286c01009899991999999919b1
:1083800004fb0734f26bf36c9a4247d2531cf3633d
:1083900010782b185b789f4202d9334a9442efd968
:1083a0000025324b034459788f427ff62caf4ff0b3
:1083b00000084ff0000965b1a4fb07234ff0000c43
:1083c0001a466346e5fb07231bb14ff001084ff047
:1083d000000958ea09037ff416af5ffa81f86feae3
:1083e000080102914ff0ff310391dde902bca7fbc8
:1083f000042307fb05339c4508bf93454ff0000954
:10840000fff401af12eb080443eb0905f26bf36cc8
:108410009a4209d2531cf3631078c2e730461af02f
:108420008ffcb6e70024b4e730461af089fcb8e7c1
:1084300030461af085fcf4e6dde90e23ab4208bfb6
:10844000a24205d20a4b22221a60dde90e4578e6e7
:10845000baf1ff3f7ff475ae644265eb450570e607
:10846000002c7ff46cae7be6c6711c07286c010003
:0484700010c0002018
:020000040000fa
:108474002de9f0410446d0f8c4305f681ff0f4f9e8
:10848400d4f89030834200f2c081054694f8cf605e
:108494008eb9a36823b1d4f88820134483420ad345
:1084a400606858b120f008fc02460b46d4e9080184
:1084b4001df056fd10b1012384f8d030a36a73b9be
:1084c400c4f88850c4f8a850c4f89c30d4f8942058
:1084d400c4f89820226bc4f8a02084f8cc30d4f8d7
:1084e40084301d44c4f89050237c012b2ad0022be5
:1084f40040f0b980b4f93a0021f041fae0b9b4f996
:108504003a001ef0bbff48b1d4f8c4301b681b68a6
:10851400c24938469847012384f8cf30b4f93a0069
:1085240020f0abfcb4f8d2308342c0f09c80002e23
:1085340040f09980354669e1b4f93a001ff0f3fa46
:10854400002563e1b4f93c001ff0eef838b9b44bf0
:108554001868002849dd0023b2499c4627e0b4f995
:108564003c001ff060fd002550e10d7d202d02d060
:1085740015f0ef0f16d191f8d4509db1013281f866
:10858400d520002542e10d7d102d0bd191f8d4505a
:1085940045b1013281f8d520002537e1032a08bf0f
:1085a40081f8d5c00133dbb2d83183421dda8c4265
:1085b400f8d091f8d520022af0d8257d082dd4d002
:1085c400202de0d0002de9d191f814e0bef1200f68
:1085d40002d0bef1100fe5d191f8d4e0bef1000f46
:1085e400e0d0013281f8d52010e1a189b4f93c0032
:1085f40021f044fde36898422dd294f8d43001333d
:1086040084f8d430d4f8b43043b11ff02df9d4f841
:10861400b430c31a002b14da0025f7e01ff024f954
:1086240005461ff035f9642303fb00f303f2e73337
:108634007d4aa2fb032305eb9313c4f8b430002551
:10864400e4e0d4f8c4301b685b68e26877493846d4
:1086540098470225dae00023c4f8b43094f8d43003
:10866400013b84f8d43094f8d010237c012b00f023
:108674008b80022b00f08c8000231d4600201860a4
:108684004ff080725a60b4f812c04fea0c2202f420
:108694007f0242ea0c629a60d860a269100e40ea36
:1086a40002604fea022c0cf47f0c40ea0c00120a20
:1086b40002f47f4202431a61606800286cd0020e03
:1086c40042ea00624fea002c0cf47f0c42ea0c02ee
:1086d400000a00f47f4002435a61002970d094f8e4
:1086e400cc30a26a9b1a1a0e42ea0362190201f400
:1086f4007f010a431b0a03f47f4313432b601ff0db
:10870400b3f880461ff0c4f8b8fbf0f31a0e42ea3f
:108714000362190201f47f010a431b0a03f47f4335
:1087240013436b60d4f88c20d4f88830d31ab3fb8d
:10873400f0f200fb12324ff47a7303fb02f2b2fb45
:10874400f0f003fb00f0030e43ea0063020202f4bc
:108754007f021343000a00f47f401843a860257c7d
:10876400012d3ad0022d54d1b4f8d230343ba4f8c0
:10877400b03034222e49b4f93a000af0e1fb34282f
:1087840049d0feb1012541e0294d05f10c0375e7ff
:10879400274b03f1180571e7a2682648a0fb0220c5
:1087a400c0084042020e42ea00624fea002c0cf478
:1087b4007f0c42ea0c02000a00f47f4002438be77c
:1087c400a36a90e7d4f8c4301b681b681a4938467a
:1087d4009847236b0133236318e0e368343ba4f820
:1087e400b03034221249b4f93c001bf049fb342860
:1087f4000cd0d4f8c4301b681b680f49384698471e
:10880400236b01332363022500e000252846bde8dd
:10881400f0810125fae70125f8e700bf1c1a0200e0
:108824006cbf0020e0b20020d34d6210501a020049
:0c88340084bb0020cdcccccc447a0100e9
:020000040000fa
:1088400075736167653a20736574656e76203c6b5d
:1088500065793e203c76616c3e0d0a20204950200f
:108860006b6579733a2020206970302f6d61736bce
:10887000302f6777302f646e73302c206970312f62
:108880006d61736b312f6777312f646e73312020e8
:1088900028646f747465642d71756164290d0a20f4
:1088a000204d4143206b6579733a20206d61633020
:1088b0002c206d61633120202858583a58583a5876
:1088c000583a58583a58583a58583b206170706c8a
:1088d00069657320616674657220726573657429b9
:1088e0000d0a2020504c4341206b6579733a20706b
:1088f0006c63615f69642028302e2e323534292c58
:1089000020706c63615f636e742028312e2e3235c7
:1089100035290d0a2020505450206b6579733a2078
:10892000207074705f6175746f2028302f313b2088
:108930006170706c69657320616674657220726520
:10894000736574292c207074705f6976616c2028bf
:108950006d73290d0a0000006d6163300000000096
:108960006d6163310000000025783a25783a25785a
:108970003a25783a25783a2578000000706c6361d2
:108980005f696400706c63615f636e740000000077
:10899000736574656e763a20706c63615f696420fc
:1089a00072616e676520302e2e3235340d0a00005c
:1089b000736574656e763a20706c63615f636e7484
:1089c0002072616e676520312e2e3235350d0a001a
:1089d000736574656e763a202573203d20256c758d
:1089e000202852414d206f6e6c793b2027736176b1
:1089f00065656e762720746f207065727369737475
:108a0000290d0a007074705f6175746f00000000ba
:108a10007074705f6976616c000000007365746546
:108a20006e763a207074705f6175746f2069732080
:108a300030206f7220310d0a0000000073657465ec
:108a40006e763a207074705f6175746f203d2025da
:108a50006c75202852414d206f6e6c793b20277336
:108a6000617665656e762720746f20706572736914
:108a700073743b206170706c696573206166746506
:108a800072207265736574290d0a00007365746540
:108a90006e763a207074705f6976616c2072616ed8
:108aa00067652025752e2e2575206d730d0a000033
:108ab000736574656e763a207074705f6976616c68
:108ac000203d20256c75206d73202852414d206f6c
:108ad0006e6c793b202773617665656e762720740e
:108ae0006f2070657273697374290d0a00000000ad
:108af000697030006d61736b300000006777300083
:108b0000646e733000000000697031006d61736b3a
:108b10003100000067773100646e7331000000009f
:108b2000736574656e763a2062616420495020272f
:108b30002573270d0a000000736574656e763a2070
:108b40002573203d202573202852414d206f6e6ce7
:108b5000793b202773617665656e762720746f20d8
:108b600070657273697374290d0a0000736574650a
:108b70006e763a20626164204d4143202725732799
:108b800020287573652058583a58583a58583a581a
:108b9000583a58583a5858290d0a000073657465b8
:108ba0006e763a202573203d202573202852414db2
:108bb000206f6e6c793b202773617665656e762732
:108bc00020746f20706572736973743b204d41434c
:108bd000206170706c6965732061667465722072c3
:108be00065736574290d0a00736574656e763a20a5
:108bf000756e6b6e6f776e206b65792027257327f6
:048c00000d0a000059
:020000040000fa
:108c0400737461746963000064796e616d696300f3
:108c1400686f7374000000006578740076616c6995
:108c240064000000696e76616c6964007374617439
:108c3400757300007374617475733a2025640d0aaa
:108c4400000000007374617473000000636c7200b0
:108c54006661696c656420746f2067657420737441
:108c6400617473210d0a000073746174732072655a
:108c74007475726e65643a2025640d0a0000000064
:108c840009206661696c506b74416c6c6f633a20a7
:108c940025642c206661696c44637074416c6c6f4c
:108ca400633a2025642c206661696c4c6f636b7396
:108cb4003a2025642c2066646246756c6c3a202543
:108cc400640d0a0009206661696c4d61633a2025d0
:108cd400642c206661696c4d74753a2025642c20df
:108ce4006661696c53697a653a2025640d0a00004f
:108cf4000920616c6c6f635061636b6574733a2017
:108d040025642c2066726565645061636b657473b9
:108d14003a2025642c2061636b5061636b65747326
:108d24003a2025642c2064656c61795061636b651d
:108d340074733a2025640d0a000000000920706b4a
:108d440074506f6f6c53697a653a2025642c2070d7
:108d54006b74506f6f6c4c6f7753697a653a20254a
:108d6400642c20706b74506f6f6c456d7074793a1d
:108d74002025640d0a000000092064637074506f9c
:108d84006f6c53697a653a2025642c20646370748f
:108d9400506f6f6c4c6f7753697a653a2025642c59
:108da4002064637074506f6f6c456d7074793a20f1
:108db40025640d0a000000000920706f72742025dc
:108dc400642073746174733a0d0a000009092070f9
:108dd4006b74732072656365697665643a202564f3
:108de4002c2064657374206d652d75636173743a0a
:108df4002025642c2064657374206e6f746d652d5a
:108e040075636173743a2025642c2064657374203f
:108e14006d636173743a2025640d0a00090920709a
:108e24006b74732072657365727665643a20256489
:108e34002c206677642075636173743a2025642c52
:108e440020667764206d636173743a2025642c2056
:108e5400667764206469726563743a2025640d0a38
:108e6400000000006664620073686f770000000011
:108e740046444220656e74726965733a2025640d18
:108e84000a0000000d0a09456e747279206e756d32
:108e94006265723a2025640d0a00000009456e746b
:108ea400727920646573744164643a2025730d0af1
:108eb400000000006e6f6e650000000025730d0a4f
:108ec40000000000257300002c2025730000000022
:108ed4002c20706f727420257300000009456e7495
:108ee400727920666c6167733a2030782530327865
:108ef4003a2025730d0a000009456e747279206cbe
:108f04006561726e20706f72743a2025640d0a00d8
:108f140009456e747279206f7574506f72744d6167
:108f2400705b25645d3a2000257320000d0a000063
:108f340009456e74727920744578706972653a20b7
:108f44003078253038780d0a0000000009456e7429
:108f54007279206677645061636b6574733a202577
:108f64006c750d0a0000000075736167653a206234
:108f74007269646765207374617475730d0a000007
:108f840075736167653a20627269646765207374fa
:108f9400617473203c636c723e0d0a0075736167e3
:108fa400653a20627269646765206664622073684a
:088fb4006f770d0a000000bff9
:020000040000fa
:108fbc002de9f04f87b0037e032b0bd0ab4b1d6814
:108fcc00002d38d0a94a136801331360012007b073
:108fdc00bde8f08fa64b1a68002a00f03181456974
:108fec00517e002900f02e8192f836309d4220d01f
:108ffc0002f1360302f135040c44c2f1ff2202f5f2
:10900c007f02cb32d6189c4211d013f8011f8d422f
:10901c00f8d1002ec0f21881036993f86a2042f04f
:10902c00080283f86a2083f873600120cfe70120df
:10903c00cde70026f0e7002900f008818b88002b93
:10904c0000f006814b69002b00f004810b69013b99
:10905c00012b00f20181cb881bb10b89002b00f096
:10906c00fd804b890bb90020b1e78b46804620f080
:10907c00ebfd061e0cdd002420461ff023f990f8b2
:10908c006a306ff3c30380f86a300134a642f3d11f
:10909c000024774b1c6038222146764820f004fcd3
:1090ac00dbf81490adf81440dbf81030002b3bd0fb
:1090bc002f460ae019f807001ff004f9064610e0e5
:1090cc000137dbf810309f422fd29bf90e30002b6a
:1090dc00f0da59f82700002800f040811cf074f9f0
:1090ec000646002e00f03a81304620f02ffd002875
:1090fc00c0f2348106ab234413f8043c002bdfd1bf
:10910c005c4b234483f8360006ab2344012203f85e
:10911c00042c96f86a3043f0080386f86a3086f817
:10912c0073401444e4b2cbe70024524b5c76d8f87d
:10913c0008005860bbf8043003eb4303d9004368c4
:10914c00283198470446002800f08a8000f1280353
:10915c0003600023436018238360bbf80430c360b2
:10916c0001230361444b4361444b8361444bc36112
:10917c00444b03621ef074fc3e4b1c60dbf8183051
:10918c00002b00f0aa80dbf81c300193002b00f0c0
:10919c00a4800295cdf80cb082e000bf0bf1010b5e
:1091ac0008f10808019b9b799b456fda474618f834
:1091bc00080c1ff087f8002854d090f86a2012f0a1
:1091cc00080f4fd018f8072c002ae7d090f87390ae
:1091dc004fea490909f1130958f8044c02340025e7
:1091ec0014f8020c1ff06ef800283bd090f86a308f
:1091fc0013f0080f36d014f8011c14f8023c0aebdb
:10920c000902d1540135023417f8073c9d42e7dbc3
:10921c00c4e717f0b3f90020d9e640f24d121a4911
:10922c0027201af095ff134b186128b1114b01221e
:10923c00da760f4a1360c5e617f0a0f90020c6e6ef
:10924c000120c4e60120c2e60120c0e60020bee6f3
:10925c000020bce60020bae60020b8e60020b6e606
:10926c000020b4e617f08af90020b0e6fcbe00201e
:10927c0004bf00204cbb002019920200e110020038
:10928c0071990200b59f0200c91e0100029a0132b9
:10929c000292019b0c330193039b9b699a421ad255
:1092ac00019c21462e4a106818f0b8fa8246002814
:1092bc00d8d0038823f4e06343f480730380002345
:1092cc00c0f81330a268a379002bdfd002f1080894
:1092dc004ff0000b6ae7ddf80cb0bbf80030002b48
:1092ec0008bf4ff496731e4ca360bbf80230e360ca
:1092fc00bbf80630a382bbf80830e3829bf80c3035
:10930c0023769bf80d3084f835309bf80e3084f8ba
:10931c00343004f11c0020f042fe04f1280020f04f
:10932c003efea08a50b10e4c0323e28a04f11c01cc
:10933c001cf0defca38a83427ff46baf084800f17b
:10934c002802bbf80a101df0a1fabbf80a308342c0
:10935c003ff463af17f012f9002038e6002036e630
:04936c004cbb0020d6
:020000040000fa
:1093700055736167653a206d69696d203c6e65744f
:109380006978206e3e203c61646420613e202d207f
:1093900053657420746865206e6574776f726b20f6
:1093a000696e7465726661636520696e64657820b4
:1093b000616e642050485920616464726573730d56
:1093c0000a00000055736167653a206d69696d2078
:1093d0003c737461727420723e203c656e6420722e
:1093e0003e202d205365747320746865207374616a
:1093f000727420616e6420656e64207265676973a3
:109400007465722028646563696d616c2920666fdc
:109410007220612064756d70206f700d0a0000006d
:1094200055736167653a206d69696d203c726561ad
:1094300064207269783e202d205265616473207229
:109440006567697374657220726978202864656342
:10945000696d616c290d0a0055736167653a206d6d
:1094600069696d203c77726974652072697820772c
:10947000646174613e202d20577269746573207297
:109480006567697374657220726978202864656302
:10949000696d616c292077697468203136206269b2
:1094a0007420646174612028686578290d0a0000c1
:1094b00055736167653a206d69696d203c64756d0f
:1094c000703e202d2044756d707320616c6c20728d
:1094d0006567697374657273205b7253746172742b
:1094e0002c2072456e645d0d0a00000055736167a3
:1094f000653a206d69696d203c73657475703e2016
:109500002d20506572666f726d73207468652050ef
:1095100048592073657475700d0a000055736167b2
:10952000653a206d69696d2077726974655f736d46
:109530006920726978207764617461202d204578f4
:1095400074656e6465642033322062697420534d03
:1095500049207772697465207573696e6720726936
:109560007820286865782920616e642077646174aa
:109570006128686578290d0a00000000557361674d
:10958000653a206d69696d20726561645f736d690c
:1095900020726978202d20457874656e646564209a
:1095a00033322062697420534d4920726561642012
:1095b0007573696e67207269782028686578290d4f
:1095c0000a00000064756d7000000000736574751a
:1095d000700000006d69696d207365747570206698
:1095e00061696c65643a202564210d0a0000000061
:1095f0006d69696d2073657475702073756363653b
:1096000073733a25640d0a007265616400000000fe
:10961000726561645f736d69000000007772697440
:109620006500000077726974655f736d6900000002
:10963000616464006d69696d2077726974653a20b0
:109640006d697373696e672077446174610d0a00f8
:109650006d69696d3a205365742041646420746fac
:109660003a2025640d0a00006e65746978000000d8
:109670006d69696d3a20496e636f7272656374201b
:10968000496e7465726661636520696e6465780d04
:109690000a0000006d69696d3a20536574204e65bb
:1096a00074776f726b20496e7465726661636520b2
:1096b000696e64657820746f3a2025640d0a000095
:1096c00073746172740000006d69696d3a205365ae
:1096d000742053746172742052656720746f3a204d
:1096e00025640d0a00000000656e64006d69696df7
:1096f0003a2053657420456e642052656720746f6c
:109700003a2025640d0a00006d69696d3a20556e96
:109710006b6e6f776e206f7074696f6e0d0a00004c
:020000040000fa
:109720002de9f04fb5b004460f469146466800203b
:1097300020f08cf9012f1edd0546d9f804809b49e5
:1097400040461ff00eff40b3994940461ff009ff05
:10975000824600282bd0974940461ff002ff50b99f
:10976000022f08dd9449d9f808001ff0fafe039093
:10977000002800f0928023681b6890493046984783
:1097800023681b688e493046984723681b688d49bb
:109790003046984735b0bde8f08f28461ff0f8f8fe
:1097a00023685b680246884930469847f2e7022ff3
:1097b0006bdd8649d9f808001ff0d3feb0fa80f2bd
:1097c0005209666812a9284620f0e2fc00285ed003
:1097d00023685b6801227e49304698472368189abf
:1097e0000192179a00925d68139b129a794930464c
:1097f000a8472368169a00925d68159b149a7649cb
:109800003046a84723681d9a01921c9a00925d6811
:109810001b9b199a71493046a84723681e9a0092eb
:109820005d681f9b209a6e493046a8472368219a9d
:1098300000925d68239b229a6a493046a84712ad80
:10984000dff8f88123685b68524641463046984706
:1098500023686a6d01922a6d00925f68eb6caa6cb6
:1098600061493046b84723686a6e01922a6e0092b9
:109870005f68eb6daa6d5d493046b8470af1010a91
:109880002035baf1020fddd184e7002299e7236881
:109890001b685749304698477ce7676828461ff0a1
:1098a00085f8804623685b680246524938469847e7
:1098b000b8f1000f7ff76eaf039e1be04e4a4f4991
:1098c00012a81ff010fb5be09df8263013f0010f8b
:1098d00040f0b68023685b680a9a49493846984741
:1098e00023685b680b9a4749384698470136b0456c
:1098f0003ff450af08aa3146284612f0ebff00288b
:10990000f4d123685b6832463f49384698471422b1
:109910000da908a81af0b8ff23685b680daa3b4997
:10992000384698479df82620002ac7d002f0010249
:109930003749384b002a14bf0a461a46364912a83e
:109940001ff0d1fa81469df8263003f00203334917
:10995000334a002b18bf0a46324912ab18181ff0c1
:10996000c2fa48449df8263003f004032e492f4ada
:10997000002b18bf0a462e4912ab18441ff0b3fa49
:109980002368d3f8049012ab9df826202949384665
:10999000c8479df8263013f0040f95d023685b6804
:1099a0009df827202449384698478de7308c0000e1
:1099b000488c0000688e00006c8e00006c8f0000e8
:1099c000848f0000a08f0000388c0000508c0000b5
:1099d0006c8c0000848c0000c88c0000f48c0000ab
:1099e000408d00007c8d0000d08d0000208e000096
:1099f000548c0000748e0000b88e0000c08e0000f1
:109a0000348f0000508f0000888e0000a08e000070
:109a1000048c00000c8c0000c88e0000148c000028
:109a20001c8c0000cc8e0000208c0000288c0000d4
:109a3000d48e0000e08e0000fc8e0000bc8d000083
:109a40001b4a05ab07ca83e807000df1200addf8c1
:109a50000c90ab4623685b684a46164938469847df
:109a60009af8102034ab03eb8202134d23685b6835
:109a700052f8bc2c2946384698479af8112034ab46
:109a800003eb820223685b6852f8bc2c29463846f7
:109a9000984723681b6809493846984709f1010926
:109aa0000af1020ab9f1020fd4d15d4618e700bfee
:109ab0006c9c0200148f00002c8f0000308f00007f
:020000040000fa
:109ac00070b50c4615461df01dfe002800f03b81c8
:109ad000064614f4004f40f0998114f4804f40f092
:109ae0005881c4f30d040f2c00f22f81dfe814f02d
:109af000100021003e004f006d0087008d00910096
:109b00009500a000a400fc0004010f011501200134
:109b1000002300e00123b5fa85f56d0996f8402091
:109b200065f3820286f84020002b40f02681012058
:109b30000ae1002302e0022300e00123b5fa85f5e3
:109b40006d0996f8402065f3c30286f84020002b8b
:109b500000f0fd80012b14bf0023012396f83f2065
:109b600063f3410286f83f200120ede00023b5fabf
:109b700085f56d0996f8402065f3041286f84020bb
:109b8000002b40f037810120dee00223efe705f0f3
:109b9000030596f8403065f3010386f8403055b16f
:109ba0004ff0ff33736196f8413043f0010386f8bc
:109bb00041300120c8e00022726196f8413062f322
:109bc000000386f841300120bee096f8413013f0e2
:109bd000020f40f0be80003518bf0125c3f380039b
:109be000ab4201d10120afe030461cf085fe96f873
:109bf000413065f3820386f841300120a4e030460d
:109c00001cf07afe358201209ee086f83d5001204e
:109c10009ae086f86250012096e0003518bf0125d1
:109c200096f8423065f3000386f8423001208be05d
:109c300086f86350012087e0002d00f08c802b789f
:109c400013f0010f12d06a7896f8403062f3c30324
:109c500086f840306a78dbb262f3041386f840304d
:109c60006a78dbb262f3820386f840302b7813f017
:109c7000020f03d06b78c3f3400373642b7813f0a7
:109c8000040f08d06b78c3f3800396f8482063f381
:109c9000000286f848202b7813f0080f08d06b7864
:109ca000c3f3c00396f8482063f3410286f84820c6
:109cb0002b7813f0100f08d06b78c3f3001396f8cd
:109cc000422063f3820286f842202b7813f0200fa3
:109cd00043d06b78c3f3401396f8422063f3c3027a
:109ce00086f8422001202fe0b6f8483065f3c8031b
:109cf000a6f84830012027e0003518bf012596f866
:109d0000493065f3410386f8493001201ce00035f5
:109d100018bf01257564012016e0003518bf012524
:109d200096f8483065f3000386f8483001200be0d0
:109d3000b5fa85f56d0996f8493065f3820386f822
:109d40004930012000e0002070bd0020fce7012028
:109d5000fae70020f8e70020f6e70120f4e700200a
:109d6000f2e70020f0e7b5fa85f56d0996f8403086
:109d700065f3820386f840300223012b14bf0023d1
:109d8000012396f83f2063f3000286f83f2001206c
:109d9000dae7c4f30d040f2ce1d801a353f824f043
:109da000679d0000379b00008b9b00008f9b00008d
:109db000cb9b0000ff9b00000b9c0000139c00004d
:109dc0001b9c0000319c0000399c0000e99c0000b5
:109dd000f99c00000f9d00001b9d0000319d0000bc
:109de000b5fa85f56d0996f8403065f3041386f8e9
:109df00040300123012b14bf0023012396f83f209c
:109e000063f3820286f83f2001209de7c4f30d042e
:109e10000f2ca6d801a353f824f000bf159b000017
:109e20003b9b0000e19d00008f9b0000cb9b00004e
:109e3000ff9b00000b9c0000139c00001b9c00007b
:109e4000319c0000399c0000e99c0000f99c000056
:0c9e50000f9d00001b9d0000319d0000d4
:020000040000fa
:109e5c002de9f04184b0c24b9c7d14f0010f40f011
:109e6c008a8014f0020440f06c814d68eb68002b82
:109e7c0000f06a818e68002e00f06981b369002bb6
:109e8c0000f06881f369002b00f06781b44fd02299
:109e9c000021381d1ff008fd4ff0ff333b61fb60c4
:109eac00eb68bb616b68fb61ab683b62b5f930304a
:109ebc00a7f8c8302b697b626b69bb62ab69fb622c
:109ecc00eb693b63eb8ea7f8d030eb8e03f001030c
:109edc00002b0cbf2246022287f8d220eb8e03f017
:109eec000103002b14bf6ff003034ff0ff33b84690
:109efc00c7f8cc3090370fce0fc70fce0fc70fce91
:109f0c000fc796e8030087e80300012140461bf0c9
:109f1c009ffd022140461bf09bfd98f89c307bb3c3
:109f2c00d8f898205389002b00f01e81d3893f2b41
:109f3c0040f21d81414600bfb3f5c06f28bf4ff4fe
:109f4c00c0633f3323f03f03d3810134e4b291f873
:109f5c009c30a34214d904eb8402d1f8983003eb63
:109f6c0082025389002b00f00581d3893f2be3d863
:109f7c004ff0ff3400e01c46204604b0bde8f081f1
:109f8c0077481ff0c2fc002800f0f780744b2a467b
:109f9c0052f8380fc3f890009288a3f894201b6bea
:109fac002bb101216f489847002800f0e9806c4cd8
:109fbc0000223f2120461cf0e5ffd4f8a860278939
:109fcc003368d4f8ac1038469847b0f1ff3f00f036
:109fdc00fc80e0607369032138469847b0f1ff3f7d
:109fec0000f0f38022462061d4f8ac30198900913e
:109ffc00b4f8a010adf80410997a8df806100f2162
:10a00c008df807101b690293f36a3432694698473e
:10a01c000028c0f2da80524c204614f099fbb4f8b8
:10a02c00c03013f0020f7ed14d4bb3f8c02091100d
:10a03c00d30403f08063500100f04000034350044c
:10a04c0000f00050034301f48070034301f08000e2
:10a05c00034301f040010b4302f00101002914bf3e
:10a06c0000212021d01100f010001843931203f0ae
:10a07c00080303433a4c194320461ff0c1fa20460b
:10a08c00fcf78af8002840f0a080204609f01cfe5e
:10a09c00002840f09a8020460cf04eff002840f03b
:10a0ac00948094f89c3073b100242d4e3746e1b265
:10a0bc00384616f069fc002865d1013496f89c20ce
:10a0cc00e3b29a42f3d8264e3f2130461cf070ff83
:10a0dc003f2130461cf082ff30461ef051fa3446c8
:10a0ec002f6a6d6a00223f2130461cf04bff3f2146
:10a0fc0030461cf05dff0023a6f84e30a6f84c301d
:10a10c00a6f85230a6f850307765b565b27d42f0ae
:10a11c000102b2750122327533674ff0ff3272675c
:10a12c00b366f36628e74ff0ff324ff0ff33cde90b
:10a13c00002300238df80c306946094806f0e0fd39
:10a14c0072e74ff0ff3417e74ff0ff3414e74ff08e
:10a15c00ff3411e74ff0ff340ee74ff0ff340be7fd
:10a16c004cc00020acc000204ff0ff3404e74ff08f
:10a17c00ff3401e74ff0ff34fee64ff0ff34fbe60f
:10a18c004ff0ff34f8e6144c3f2120461cf010ff32
:10a19c003f2120461cf022ff20461ef0f1f92e6aca
:10a1ac006d6a00223f2120461cf0ecfe3f21204628
:10a1bc001cf0fefe0023a4f84e30a4f84c30a4f89a
:10a1cc005230a4f850306665a565034806f028f8af
:0ca1dc004ff0ff34d0e600bf4cc0002064
:020000040000fa
:10a1e8002de9f04f8db09df858b0d0f8a4500795e0
:10a1f8002c6a14f0010f1abf01242c620024059464
:10a20800002900f078810b930a92089104460beb21
:10a218000b139a0006921046d4f88c301344d3f8e6
:10a2280004a00beb8b02920011460992d4f89820f7
:10a23800575a9d8f002f00f060810aebc5035af82a
:10a24800352012f0010f00f058810022019202928d
:10a2580090461646cdf80cb08346c8e0ddf80cb041
:10a268006a1c92b2974200f256810295012301932b
:10a278000022d4f88c30069908460b449a87ed00e2
:10a28800d4f88c300b445b682b445b680b990b60eb
:10a298000a9b1946019b0b60d4f88c301a18d2f827
:10a2a80004a053f80090d4f8983009995a185b5aca
:10a2b8000493b2f80e80029b59f82320089b1a6079
:10a2c80055446f6894f8b130002b40f0a680019b8c
:10a2d800002b40f02481012015e15a6812f4804fc8
:10a2e8000fd1019a013292b201925b6813f4004fc8
:10a2f80066d0ddf80cb06a1c92b2974298bf002273
:10a30800b7e7029b019a9e18731e93fbf7f607fbab
:10a318001636002eb8bff619b6b2ddf8049001e083
:10a32800013eb6b209f1ff391ffa89f94ff6ff73fa
:10a3380099452cd00496d4f88c3053f80b3053f848
:10a3480026008368c1689847d4f88c3053f80b30de
:10a35800002243f82620236b1bb1052104f15c0081
:10a368009847d4f88c305b445a68049952f83130d5
:10a3780003f0030342f83130236b1bb1062104f1cb
:10a388005c009847002ecbd17e1eb6b2cae7019b6f
:10a39800029a039920460af009f908f1ff381ffad2
:10a3a80088f81db97d1eadb2002609e0013dadb2a9
:10a3b800002605e001232a46039920460af0f6f80c
:10a3c8000135adb2af4298bf002508f1010292b243
:10a3d8004745c0f09280974240f28f800aebc50350
:10a3e8005af8351011f0010f00f0878090461a686e
:10a3f80032f00302ded0002e7ff46faf5a6812f4f9
:10a40800804fddd05b6813f4004f7ff427af0295cf
:10a418000123019398461e46d2e76b6803f4400374
:10a42800b3f5000f0bd0b3f5400f0dd0b3f5800f87
:10a438007ff44daf136a43f48073136247e7136ade
:10a4480043f44073136242e7136a43f4a063136250
:10a458003de7013eb6b24ff6ff739e423dd0dbf8b2
:10a4680000301b694246b84528bf3a469a81dbf856
:10a4780000301b69a3f80e80b84594bfa7eb080706
:10a4880000270395002349f82530236b1bb10521cc
:10a4980004f15c009847039a5af8323003f003033a
:10a4a8004af83230236b1bb1062104f15c0098474f
:10a4b800002fced00135adb2049bab4298bf00252a
:10a4c800dbf800301b6959f8252012691a60dbf89f
:10a4d80000301a6912681a61bbe7ddf824b0089bde
:10a4e8001b68069a1a61019b029a594620460af08f
:10a4f8005df8002007e001200ae0d4f88c30069ac5
:10a5080013449d870120059b13b10123079a136209
:10a518000db0bde8f08f029501230193a9e6c7f3ba
:10a528000d07089a13681b690693019b5e1eb6b255
:0ca53800029dcdf824b0934691e700bfcf
:020000040000fa
:10a5440069706572663a20556e737570706f7274b7
:10a55400656420436f6e66696775726174696f6eb6
:10a564000d0a000069706572663a20437265617471
:10a57400652054435020736f636b65742066616972
:10a584006c65640d0a00000069706572663a2053b8
:10a594006574206f66205258206275666665722065
:10a5a40073697a65206661696c65640d0a00000050
:10a5b40069706572663a204372656174652055441a
:10a5c4005020736f636b6574206661696c65640dfc
:10a5d4000a00000069706572663a2050726f746fe9
:10a5e400636f6c206572726f720d0a006970657218
:10a5f400663a20554450204765742041727261794f
:10a60400204661696c65640d0a000000697065721a
:10a61400663a202d20466972737420706b74206929
:10a6240064203d20256c64202873686f756c642059
:10a6340062652030290d0a0069706572663a2052fd
:10a64400656376206475706c6963617465642070f9
:10a654006b740d0a0000000069706572663a20523e
:10a66400782074696d6564206f75740d0a000000ac
:10a674000d0a69706572663a20696e7374616e635f
:10a68400652025642073657373696f6e207374612c
:10a6940072746564202e2e2e0d0a00000d0a697056
:10a6a40065726620696e7374616e63652025643a11
:10a6b40020527820646f6e652e20536f636b65742f
:10a6c40020636c6f7365642e0d0a000069706572f7
:10a6d4006620696e7374616e63652025643a205246
:10a6e4006561647920666f7220746865206e657890
:10a6f400742073657373696f6e2e0d0a0000000079
:10a70400697065726620696e7374616e6365202575
:10a71400643a20636f6d706c657465642e0d0a0075
:10a7240069706572663a20636c69656e742073653e
:10a734007373696f6e20636c6f7365642e0d0a000a
:10a7440069706572663a2041525020756e61626c80
:10a754006520746f207265736f6c7665207468650c
:10a76400204d41432061646472657373206f6620d9
:10a7740072656d6f746520736964652e0d0a00003f
:10a78400202020202d2052656d6f74654e6f646506
:10a79400204d41433a20257820257820257820250e
:10a7a400782025782025780d0a00000069706572ec
:10a7b400663a20536574206f66205458206275668b
:10a7c4006665722073697a65206661696c65640ddb
:10a7d4000a00000069706572663a20536574206f40
:10a7e400662054582071756575696e67206c696db3
:10a7f4006974206661696c65640d0a00697065722c
:10a80400663a20436c69656e7420636f6e6e65638f
:10a8140074696e6720746f2025752e25752e257535
:10a824002e25752c2055445020706f727420257588
:10a834000d0a000069706572663a20436c69656ea2
:10a844007420636f6e6e656374696e6720746f2025
:10a8540025752e25752e25752e25752c20544350cf
:10a8640020706f72742025750d0a0000697065727e
:10a87400663a2054435020436c69656e7420636fbc
:10a884006e6e656374696f6e2074696d656f75743f
:04a894000d0a0000a9
:020000040000fa
:10a8980070b58cb00f2120201cf0e0fe10f0020fe4
:10a8a8000cd0924b1a78531edbb2062b08d98f4b6b
:10a8b8001b780a3bdbb2042b40f2c9800cb070bd98
:10a8c800013a032a40d8dfe802f0021733390121a0
:10a8d80087481ff038fcc0b2022809d9854b1b688d
:10a8e8001b685b68824a84498448006898472be063
:10a8f8007e4b02221a70dae7002281497c481ff059
:10a9080025fc0128d3d0002809da7a4b1b681b687c
:10a918005b68774a784979480068984714e01122bb
:10a928007849774819f0e4f8704b03221a70bee7ab
:10a93800754b00221a606d4b04221a70734b1a680b
:10a94800734b1b689a4206d16c4b1968694b18689f
:10a9580017f07efaabe71cf085ff6b4b1c68041bf5
:10a968001cf094ff6b4b1b6803fb00f36a48a0fbc9
:10a978000323b4eb931f46d9644b1a68674b1b68d3
:10a988009a423ed0664b1b68003318bf0123002b48
:10a9980058d1644b1b680593594b1b680693624a50
:10a9a800138801339bb21380adf81c305f4b1b88b2
:10a9b800adf81e305e4b08935e4b1b68adf8243033
:10a9c8005d4a0a9200220b9293420bdd0024584df7
:10a9d800584e00bf1ef024fd05f8010b0134336802
:10a9e8009c42f7db4e4905a80bf086f90028abdb43
:10a9f8001cf038ff444b1860444a13680133136055
:10aa080055e70023c3e7414b1a68444b1b689a4239
:10aa18003ff44daf1cf026ff3b4b1c68041b1cf099
:10aa280035ff41f2883303fb00f33b4aa2fb0323c3
:10aa3800b4eb931f7ff63baf394b1b68003318bf4d
:10aa48000123a4e7364b186819f0c4f8a1e73b4b7b
:10aa58001b689b6b05aa3a4909683a4800689847f9
:10aa68008df8130001283ff429af204b1978a1f184
:10aa78000a03dbb2042b9dbfa1f10a03324a52f844
:10aa88002340324ce0b90d39c8b21a4b1b681b6819
:10aa9800059a02922e4a128801922e4a1268009252
:10aaa8005d682d4b1b8822462c4e2d49012898bfe6
:10aab80031462c480068a8470c4b1b780c2b55d006
:10aac8009df91330002b0dda00260a4a1268126825
:10aad80055682246244923480068a8479df9133041
:10aae800002b63da012019f00fffe7e651bd0020c3
:10aaf800b8bc0020ecbe00201cdd0100a8be002070
:10ab0800c4be002040bd0020c0be0020b0be002052
:10ab1800bcbe0020b4be0020d34d6210a4be0020ed
:10ab2800b8be0020acbe002066be00205ebe00207d
:10ab3800889a0020acc10020ed670100d8be002033
:10ab4800dcbe0020d0be002060970200682702000b
:10ab580052bd0020d4be002022c00020b8dc010075
:10ab6800ecdc0100ccbe002038dd0100114b1b8855
:10ab7800114a12689342a3d0104a1268d56a013369
:10ab880099b20c4b19800df11303009300230c4a62
:10ab980012880c480068a8470b4b18609df91330c1
:10aba800002bb8bf0126bff689ae8ee7002e7ff4d2
:10abb80085ae97e722c00020e0be0020d8be002066
:0cabc80052bd0020d0be0020dcbe0020ea
:020000040000fa
:10abd4002de9f04f89b041f28813c55c35b10025e9
:10abe40085f00100c0b209b0bde8f08f05910646ba
:10abf40041f2851310f80380b8f1000f40f054813e
:10ac04000122c25400f58a52117f137e1432d27984
:10ac1400013a521ad2b29a4278d24ff0ff3900f573
:10ac24008a5414344ff0000a24e07a6b1023029300
:10ac3400019707ab009301235146184610f04ef9d3
:10ac440038875ce006f58b531a680921304612f008
:10ac540035f8237a01332372637a01336372a37a5a
:10ac64000133a372217a2379e279013a521ad2b2da
:10ac740093424bd9cdf81890013b0b40c3eb03131f
:10ac8400226802eb830bbbf838109bf83a30009330
:10ac9400042306aa0bf110000cf04eff0028d8d0b4
:10aca4009bf82830032bd4d12379013b227a13401b
:10acb400c3eb0313216801eb8307042287f82820e0
:10acc400386b069a22ea0002f86a0243079241f8b6
:10acd40023a0c7f804a0c7f808a0c7f80ca097f8e9
:10ace4003a30002ba1d07a6b10230293019707ab63
:10acf40000930123514618460ef078fc38873b8fa9
:10ad0400002b9fd0237a01332372abe706f58a52d6
:10ad1400d17f137e1432927a013a521ad2b29a42f5
:10ad240044d24ff0ff3a06f58a54143406f58b5991
:10ad340009e0002833d0e17a2379a27a013a521a41
:10ad4400d2b2934232d9cdf81ca0013b0b40c3ebe5
:10ad54000313226802eb830bbbf838109bf83a30dc
:10ad64000093042307aa0bf110000cf0e5fedbf8b6
:10ad74002010dbf83420dbf82470e37a0133e3722b
:10ad84000029d6d0d9f8003001930097dbf820b021
:10ad9400079b011c18bf01213046d847cbe7d9f8df
:10ada40000200121304611f089ffc4e741f27012fe
:10adb400b25c4ab906f58a52507f1432127a013acb
:10adc400121ad2b29a421bd341f27013f35c002bd5
:10add40040f0928006f58a53987e1a7e14335b798c
:10ade400013b1b1adbb2934235d341f28513002297
:10adf400f254b8f1000f57d0059b83f00105efe63c
:10ae040041f25412b418013b0340c3eb0313b1588d
:10ae140001eb83010130607241f270130222f2549b
:10ae24000b8f06f58b521268009201f1100241f269
:10ae34008110305c17f01cfa0346002852d141f20d
:10ae440070130022f25406f58a535a7f013a5a7756
:10ae5400bae79846bee741f25413f418013a0240a7
:10ae6400c2eb0212f15801eb82010130a07141f2f0
:10ae740070130222f2540b8f06f58b521268009263
:10ae840001f1100241f28110305c17f0f1f920bb9e
:10ae9400002141f27013f15406f58a539a7e013a67
:10aea4009a7641f28513f15441f28713f35c1bb98e
:10aeb400059b83f0010593e63046faf771fc059b88
:10aec40083f0010739463046fbf728fe002808bf07
:10aed4003d463046faf764fc82e641f285130022cf
:10aee400f25489e741f27012b25c002ab1d041f207
:10aef40085130022f2547fe706f58c53002203f8f1
:04af0400052fd1e75d
:020000040000fa
:10af08004c414e3836355820526561642066616977
:10af18006c656420746f2073746172743a20726572
:10af280073756c743d25640a0d0000004c414e3861
:10af380036355820526561642074696d656f757483
:10af480020666f7220616464723d3078253038580d
:10af58000a0d00004c414e38363558205265616460
:10af6800204f4b3a20416464723d30782530385880
:10af78002056616c75653d3078253038580a0d00cb
:10af88005b5645524946595d2050415353206164f0
:10af980064723d307825303858206d61736b656474
:10afa8003d30782530385820286d61736b20307813
:10afb80025303858290a0d005b5645524946595dd7
:10afc800204641494c20616464723d307825303810
:10afd800582065787065637465643d30782530382d
:10afe8005820676f743d30782530385820286d61b7
:10aff800736b20307825303858290a0d000000007e
:10b008005b544553544d4f44455d206e6f77202562
:10b0180075202d2025730a0d000000004c414e3884
:10b028003635582052656164206661696c65642014
:10b03800666f7220616464723d3078253038580a32
:10b048000d0000005b5645524946595d204641496e
:10b058004c20616464723d307825303858202d20aa
:10b06800726561646261636b20646964206e6f74e9
:10b0780020636f6d706c6574650a0d004c414e3825
:10b08800363558205772697465206661696c656445
:10b0980020746f2073746172743a20726573756cd2
:10b0a800743d25640a0d00004c414e383635582051
:10b0b80057726974652074696d656f757420666f61
:10b0c8007220616464723d3078253038580a0d006a
:10b0d8004c414e38363558205772697465204f4bad
:10b0e8003a20416464723d307825303858205661e2
:10b0f8006c75653d3078253038580a0d0000000021
:10b108004c414e383635582057726974652066614f
:10b11800696c656420666f7220616464723d307882
:10b12800253038580a0d00004c414e383635582025
:10b13800524d57206661696c656420746f20737482
:10b148006172743a20726573756c743d25640a0dda
:10b15800000000004c414e3836355820524d5720db
:10b1680074696d656f757420666f722061646472ae
:10b178003d3078253038580a0d0000004c414e38d3
:10b1880036355820524d57204f4b3a20416464724f
:10b198003d307825303858204d61736b3d30782527
:10b1a8003038582056616c75653d307825303858f0
:10b1b8002046696e616c3d3078253038580a0d009c
:10b1c8004c414e3836355820524d57206661696ccf
:10b1d800656420666f7220616464723d3078253042
:10b1e80038580a0d000000005b544553544d4f4435
:10b1f800455d206175746f2d7265766572743a20ad
:10b20800726573746f72696e67206e6f726d616cb0
:10b21800206f7065726174696f6e0a0d000000bf5f
:020000040000fa
:10b228002de9f04f87b00f2102201cf017fa0646cf
:10b2380010f0010f06d116f0020f40f0a48007b0fd
:10b24800bde8f08f02276ff00d08dff8dca209e0f7
:10b25800a28840f206439a4213d041463a4628460d
:10b268001bf0fefa38461df0bbff05460028e2d069
:10b27800ac6920461df0b8f82388012be8d0414678
:10b28800ece7a3690493d5f82890daf804b04846a7
:10b298001ef05efcd4f80e300593c0eb001005a933
:10b2a8005bf8200016f08cf80146029020b104f1fa
:10b2b8000802484615f09ef9d9f80430049a9a42d3
:10b2c80000f0288199f86a3013f0080f01d1394647
:10b2d800c4e704a819f06afd834600284fd090f807
:10b2e8006a3013f0080f4cd0436882681a40d9f8c6
:10b2f8000430d9f808100b409a4200f00c81394606
:10b30800ace7029b23b1e388012b29d03946a5e796
:10b3180004f108030293daf80430039348461ef058
:10b3280017fcc0eb0010039b03eb8001039105a9f8
:10b3380053f8200016f074fa0028e4d0037813f0cc
:10b34800020f07d0039914310b46029a80211af094
:10b3580093ffd8e7029a0146484615f04bf9d2e721
:10b36800d4f80e30dbf804200bf13c0101910834cd
:10b3780000943946484610f0e5fc39466ee73946f0
:10b388006ce739466ae7684ca36903f5fa63a36179
:10b39800664aa2fb03239b0963611ef057fc67689a
:10b3a800b0f1000b7ff74baf07f13c0914374ff0b2
:10b3b800000860e063687268002101915c490091af
:10b3c8000121304610f0befc638a01336382246891
:10b3d800fcb134f8041c11f4007f534b14bfb3f8cc
:10b3e8004230b3f84030608a9842f0d2dff838c172
:10b3f800dcf81420a368d21adcf8383003fb00f319
:10b408009a42e4d3baf1000fd4d011f4807fded091
:10b41800d0e755f8284cfcb1434a5369a1685b1a38
:10b42800126b934218d3211f55f83c0c1df090fe67
:10b4380038461af007f86ff002030022211d304643
:10b4480017f0d0fd55f8284c34b1374a5369a16834
:10b458005b1a126b9342e6d255f83c3c5a6a55f88f
:10b46800083c9a4238d208f1010809f13c093c37f6
:10b47800c3453ff4e4ae40461cf026ff06464d4661
:10b4880059f8184c002cc4d0274a5369a1685b1a94
:10b49800526b93421bd307f1100a211f55f83c0c3d
:10b4a8001df056fe504619f0cdff4ff0ff33002235
:10b4b800211d304617f096fd55f8184c002ca8d0e1
:10b4c800194a5369a1685b1a526b9342e5d296f800
:10b4d80043a00af0100a7ce755f8043c002bc2d0c0
:10b4e8000024384619f0aeff82460028bbd0011f61
:10b4f80055f83c0c1df02cfe6ff0030300220af1f6
:10b508000401304617f06efd013455f8043ca3429f
:10b51800e7d8a8e7cb469bf8433013f0100f3ff469
:10b52800f0ae39469ae600bf40b90020d34d62100c
:04b53800a0c100208e
:020000040000fa
:10b53c002de9f04fcbb0a0f1040a41aa009200f122
:10b54c001c040194534600bf53f8040f42f8040f37
:10b55c00a342f9d104390df1080912a84b4600bfda
:10b56c0051f8042f43f8042b8342f9d109f1c000a0
:10b57c004a461546916b52f8044f4feaf14383ea61
:10b58c00714383ea9123696a2d6829440b444fea7d
:10b59c00b44181eaf41181ead4010b44d3638242b1
:10b5ac00e7d1ddf824e1459addf820c14499479fa5
:10b5bc004398469b429cdff88882d346ca46c146d4
:10b5cc004feaf32585eab31585ea7368d9f800507c
:10b5dc00daf80060354445448cea07061e4086eada
:10b5ec000c063544ae4472444fea743585eab40512
:10b5fc0085eab45544ea00060e4004ea000846ea1f
:10b60c0008063544ae44d9f80450daf804603544e1
:10b61c00654483ea070c0cea020c8cea070c6544bf
:10b62c004feaf22c8ceab21c8cea726c654401eb8a
:10b63c00050c4fea7e3181eabe0181eabe514eea29
:10b64c00040606400eea040846ea0806314429447a
:10b65c00d9f80850daf8086035442f4483ea02051b
:10b66c0005ea0c055d402f444feafc2585eabc1524
:10b67c0085ea7c652f4400eb07084fea713080eabd
:10b68c00b10080eab1504eea010525400eea0106f0
:10b69c00354328443844d9f80c50daf80c6035445a
:10b6ac002b4482ea0c0505ea080555402b444fea69
:10b6bc00f82585eab81585ea78651d4466194feac0
:10b6cc00703383eab00383eab05341ea000404ea1e
:10b6dc000e0401ea00073c4323442b44d9f81040e4
:10b6ec00daf810502c4422448cea0804344084eae2
:10b6fc000c0422444feaf62484eab61484ea7664f5
:10b70c001444a6444fea733282eab30282eab3527b
:10b71c0040ea03050d4000ea03073d432a44224456
:10b72c00d9f81440daf814502c44644488ea060c16
:10b73c000cea0e0c8cea080c64444feafe2c8ceae2
:10b74c00be1c8cea7e6c644401eb040c4fea723133
:10b75c0081eab20181eab25143ea0205054003eaeb
:10b76c0002073d4329442144d9f81840daf818500f
:10b77c002c44a04486ea0e0404ea0c047440a04451
:10b78c004feafc2484eabc1484ea7c64a04400ebf9
:10b79c0008074fea713080eab10080eab15042ea02
:10b7ac0001041c4002ea01052c4320444044d9f812
:10b7bc001c40daf81c502c4434448eea0c063e40f3
:10b7cc0086ea0e0634444feaf72686eab71686ea6e
:10b7dc007766264433444fea703484eab00484ea32
:10b7ec00b05441ea0005154001ea000845ea080595
:10b7fc002c44344409f120090af1200a0f4da945c3
:10b80c007ff4deaeda46cdf824e14693cdf820c1c4
:10b81c0047974294439044914592009a019800bff7
:10b82c005af8043f52f8041f0b44caf80030824502
:10b83c00f6d100204bb0bde8f08f00bf5075010071
:04b84c005074010033
:020000040000fa
:10b850002de9f041aeb00646154605910027059941
:10b860000b78002b00f0fa8000244ff0ff33cde975
:10b8700009430eab0c9380230b940d930b5d0bb11e
:10b88000252b26d134b1224630461af037f8059bd5
:10b8900023440593059b1a78252a40f0d78003f1ad
:10b8a0000108cdf81480059803782b2b1ad025d8e1
:10b8b000202b1bd0232b1dd02a2b27d018f0f5fed0
:10b8c0000b90059b1a78303a092a2ed8013305933c
:10b8d000f7e70134d2e7099b43f0010301300993f4
:10b8e0000590e0e7099b43f00403f7e7099b43f069
:10b8f0000803f3e7099b43f01003efe72d2bead091
:10b90000302bd9d1099b43f00203e7e72b681a1dbe
:10b910001b682a600130002b05900b9305da099a09
:10b920005b4282f0010209920b93099bda0744bf44
:10b9300023f002030993059b1a782e2a0dd10022c9
:10b94000581c0a9205905a782a2a25d10233059369
:10b950002b681a1d1b682a600a9305a819f0b0ff0e
:10b96000059b039018781ef036f96928039979d061
:10b9700032dc632800f0cb8019dc252800f0d98068
:10b98000612853d000234ff0ff32cdf81480099383
:10b990000b930a920093d4e018f087fe0a90059b5f
:10b9a0001a78303a092ad8d801330593f7e7642882
:10b9b00058d06728e6dc2a4606a81bf076fd00284a
:10b9c00000f0a180059b5a1c05921b7806aa09a9c4
:10b9d0003046faf7e9fb38e0702873d015dc6e28a2
:10b9e00000f08c806f28cdd12b46002206a810f0e5
:10b9f000c9fd002800f08780059b06aa013309a92c
:10ba00003046059314f054ff1fe075283ad078288b
:10ba100048d07328b6d1802975d1059b2a68013397
:10ba20000593131d2b60126800237de02a4606a8ab
:10ba30001bf03bfd002866d0059b5a1c05921b7825
:10ba400006aa09a93046faf70ffe04443c44a7426f
:10ba50007add3e4b4f221a604ff0ff3738462eb04a
:10ba6000bde8f0812b46012206a810f08bfd0028ce
:10ba700049d0059b06aa013309a93046059311f068
:10ba800079f8e2e72b46002206a810f07bfd00289b
:10ba900039d0059b06aa013309a93046059317f052
:10baa000d2f9d2e72b46002206a810f06bfd50b366
:10bab000059b5a1c05921b7806aa09a9304609f075
:10bac000fdffc2e72b460022f02106a810f05afd28
:10bad000c8b1059b01330593dde9062313430bd160
:10bae0001b481df07dfc099b009319490b9b0246e6
:10baf000304613f063faa8e77823dde72b463a19be
:10bb000006a814f0cdf8059b013305939ee7802924
:10bb1000f9d1059b013305932b681a1d1b682a6018
:10bb20008df8183006aa012309a9304617f034f918
:10bb30008be78029e7d1059b01330593099b00938f
:10bb40000b9b04490122d3e7274688e610c000205a
:08bb500020a1020026a1020061
:020000040000fa
:10bb58002de9f04f85b003f03004302c00f0d6808a
:10bb68001f4615460e461bf005fe0446002800f049
:10bb7800cf80b5f5807f38bf4ff480754368026881
:10bb88009b1a013b9bb282694169521a1ffa82f9da
:10bb980017f0100f23d1b6f5807f38bf4ff48076a9
:10bba80017f0200f21d113fa82f271198a4217dd9a
:10bbb800a9eb01021a4492b217f0030108d0032935
:10bbc80006d0022907bfad18adb2b618b6b207e065
:10bbd800013252081644b6b21544adb200e04e46e2
:10bbe8009d4203d25b1b9bb202e01d46eb1a9bb23f
:10bbf8001f2b08d9934b18684368691c98478046df
:10bc080018b90020b9e04ff00008b14594bfa6eb81
:10bc18000909a9eb06091ffa89f9b9f11f0f0dd90e
:10bc2800884b18684368711c9847824640b9854b11
:10bc38001868c3684146984700209ee04ff0000a04
:10bc4800b8f1000f00f0aa8017f0080f00f0b780d5
:10bc5800a368e168994225d96268521a92b20192a2
:10bc6800d4f800b0a3eb0b091ffa89f9019a12eb7b
:10bc7800090300f0e180ab4200f38580eab9b9f12d
:10bc8800000f1ed12269e368a2eb030b1ffa8bfb9e
:10bc98009a4280f09980636822689b1a9b441ffa35
:10bca8008bfb91e0994280f0c180a3eb01091ffa58
:10bcb80089f98b4600230193d8e7404619f0aaff7b
:10bcc800dde74a465946019b08eb030019f0a2ff3d
:10bcd800d8e74ff0000bd946cdf804b077e0b94269
:10bce8004ed9a36901335b1a9bb20293636903932c
:10bcf800ff1abfb287e0504619f08cff8be0012293
:10bd080010212046f8f790ff012036e0002034e0ab
:10bd1800002032e000270297b8f1000f4ad0494bc3
:10bd28001868c36821689847c4f8008001354544fd
:10bd38006560c4f80c80019b4b444344a36008eb46
:10bd48000b032361204619f06cfabaf1000f0fd0eb
:10bd58003c4b1868c36861699847c4f814a05644f6
:10bd6800a661c4f820a0029b3b441f465744e761e4
:10bd780094f87630032bc2d0012005b0bde8f08fcf
:10bd880000270297c8e72f4c2068c3685146984798
:10bd98002068c368414698470020eee7baf1000fd3
:10bda80097d14ff0000bd946cdf804b05f46cdf8d7
:10bdb80008b0b1e7baf1000fcad10120dde74ff0b2
:10bdc800000bd946cdf804b0baf1000f37d017f000
:10bdd800040f9fd0e769e36db3f1ff3f0ad0b4f8d1
:10bde800682013441f44a369bb4203d262699b1aab
:10bdf800db431f44216ab942bff471af7f1abfb257
:10be0800039100230293029ad31985d0b342badc76
:10be1800002a7ff470af002f3ff47eaf3a460399b3
:10be2800029b0aeb030019f0f5fe75e74ff0000bd3
:10be3800d946cdf804b0c7e74ff0000bc4e7002798
:08be480002976ce758bf0020cf
:020000040000fa
:10be50002de9f04f87b007460192d0f804900129f0
:10be60001add8b46019b5c68904920461df079fbea
:10be700000283cd08e4920461df073fb00283dd0a1
:10be8000bbf1020f30dd019eabf1030a2af0010a7b
:10be90000af1030a0125a4e003681b6885494846a6
:10bea00098473b681b688449484698473b681b682d
:10beb0008249484698473b681b68814948469847ed
:10bec0003b681b687f49484698473b681b687e492a
:10bed000484698473b681b687c49484698473b68fa
:10bee0001b687b494846984707b0bde8f08f0c2394
:10bef00000221146384605f023fff5e7754b1b6815
:10bf000013b9754b1b682bb13b681b6873494846d6
:10bf10009847e9e74946384618f08cff0028e3d0f7
:10bf20006f4b03936f4b049300238df814306e4bcb
:10bf30001b689b6903a9674a10689847021e3b6803
:10bf40005b68b4bf69496a4948469847002018f0c1
:10bf5000dffcc9e7404618f0a8fb81b20a230022a3
:10bf6000384605f0edfebfe71022002140461df0e7
:10bf7000bffc81b20d23f2e7404618f096fb84b275
:10bf80000b2602355d450ddb3b685b685949484629
:10bf90009847a9e71022002140461df0a9fc84b271
:10bfa0000e26eee7009b023310220021019850f884
:10bfb00023001df09dfc334602462146384605f01d
:10bfc000bffe91e7404618f070fb4b4b18803b6872
:10bfd0005b6882b24949484698470235083655455c
:10bfe00082d000957468d6f80880454920461df037
:10bff000b8fa0028aed0434920461df0b2fa002816
:10c00000b2d0414920461df0acfa0028b4d03f49d7
:10c0100020461df0a6fa0028bcd03d4920461df060
:10c02000a0fa0028ced03b4920461df09afa78b1fc
:10c03000394920461df095fa00b3384920461df0d5
:10c0400090fa38b33b681b68354948469847c4e7bf
:10c05000404618f02afb334b186028b13b681b6838
:10c06000314948469847b8e7304b1a882d4b1a603b
:10c070003b685b682e4948469847aee7404618f053
:10c0800014fb02462b4b18603b685b682a49484604
:10c090009847a2e7404618f008fb0246274b186075
:10c0a0003b685b6826494846984796e7c495000078
:10c0b000cc95000070930000c49300002094000011
:10c0c00058940000b0940000ec9400001c9500000f
:10c0d0007c950000d0be0020dcbe0020702702004e
:10c0e000000e270780841e00d8be0020d4950000d3
:10c0f000f09500003496000052bd002050960000dc
:10c1000008960000109600001c960000249600007f
:10c110003096000068960000c0960000e896000087
:10c1200008970000d4be0020709600001ec00020ba
:10c1300094960000e4be0020c8960000e0be0020f7
:04c14000ec96000079
:020000040000fa
:10c144002de9f04f83b080468a460092019301297d
:10c1540000d012bb19f008fe8346002800f03b8192
:10c164001df0a4ffab4b1b78e3b91df0a3ffaa4b52
:10c174001a68002a00f0d880a84b19680b68002bb5
:10c1840000f02c810024013424b2264694420fd2bc
:10c1940051f82430002bf6d10de0ddf800b0002377
:10c1a4000093dde7013b9b4a13701df083ffdee73c
:10c1b400002b40f0b980dff87092d9f80000836852
:10c1c4008822012198470546d9f80000944b198824
:10c1d4004368013198470746d9f80000914b198804
:10c1e400436801319847002d00f0a980002f00f02a
:10c1f400a680002800f0a380894b1b88894a1188f7
:10c20400ac872f6001331f446f6068610844a861e4
:10c214004ff40673a5f86a30804b1b6843f8265028
:10c224001df044ff7b4a1378013313701df042ff65
:10c23400b5f86230a5f872302b68ab60eb602b6107
:10c244006b69eb612b6295f83e3003f081036ff369
:10c25400c71385f83e3095f83f3003f0fe0343f0f2
:10c2640002036ff3820385f83f3095f8743095f834
:10c2740075206ff3410285f8752003f0fb036ff31b
:10c28400c30385f874300021a963696369654ff0bd
:10c29400ff30e8650120a5f86400a5f86e00a5f854
:10c2a4006010296485f8791003f0030385f877306a
:10c2b400d2b212f0200f08bfa96412f0400f04bfdd
:10c2c40000236b64002385f8873085f87780b8f104
:10c2d400010f4dd00023eb6495f87730002b74d117
:10c2e40095f8743068f3010385f87430baf1000fdf
:10c2f4005ad0a5f862b0009ba5f860301bf0b4fae0
:10c30400686295f83e3043f0020385f83e30b8f198
:10c31400010f74d0284615f0cdfd0028acbf0123d1
:10c324000b2385f876304ce01df0c0fe394a1378b3
:10c33400013313701df0befe4ff0ff3441e03a4c60
:10c344002368da680146184690472068c36839466e
:10c3540098472068c368294698471df0a7fe2d4ad0
:10c364001378013313701df0a5fe4ff0ff3428e05d
:10c374002e4b0422142178201af0cefe002846d039
:10c384002b4a8260c5600122a0f87020a0f85820d2
:10c39400e8640028a0d095f8743068f3010385f8a8
:10c3a4007430baf1000f1cd1a5f862b095f83e3094
:10c3b40043f0010385f83e30002385f87630a5f874
:10c3c40072b0204603b0bde8f08f284619f0b4f8e7
:10c3d4004ff0ff34f5e74ff0ff34f2e70024264630
:10c3e400e9e6a5f862b0009ba5f860301bf03cfac2
:10c3f400686295f83e3043f0020385f83e30019bb5
:10c40400002b87d01b68002b84d02b6482e7e86460
:10c4140062e700bf25c0002050bf00204cbf0020b1
:10c424002ec000202cc0002058bf00200600200091
:04c43400ed90010086
:020000040000fa
:10c438002de9f04784b00c469e464668b2f1000ce0
:10c4480040f34781a64b6d460fcb07c52b806b4643
:10c4580007cb20606160a2601b88a38196f8fe303c
:10c468006362bcf1010f40f32f819e4b6d460fcbe9
:10c4780007c52b7004f128056f4607cfa062284630
:10c488006960aa602b73737ee364737e002b7cd093
:10c498000225654580f2fc80934a6b4607ca83e80b
:10c4a800070005eb85084feac80804eb080707cb27
:10c4b80044f808007960ba6096f807317b626b1c13
:10c4c8009c4540f3fd80894a6b4607ca83e807000c
:10c4d80008f1280904eb090707cb44f8090079603b
:10c4e800ba60737d7b62ab1c9c4540f3e780804b50
:10c4f8006f460fcb07c727f8023b1b0c3b7008f1b0
:10c50800500904eb09076b4607cb44f8090079602a
:10c51800ba601a889b78ba81bb73b37d7b62eb1cc7
:10c528009c4540f3c980734b6f460fcb87e80f00db
:10c5380008f1780a04eb0a090fcf44f80a00c9f891
:10c548000410c9f80820c9f80c30f37dc9f8243064
:10c558002b1d9c4540f3ae80674b6f460fcb87e899
:10c568000f0008f1a00804eb08090fcf44f80800f1
:10c57800c9f80410c9f80820c9f80c30337ec9f886
:10c588002430053502e0002583e7022565457fda7a
:10c598005a4b6f460fcb07c73b8005eb8507ff005b
:10c5a80004eb07086b4607cbe051c8f80410c8f83d
:10c5b80008201b88a8f80c30337dc8f824306b1c81
:10c5c8009c4575dd4e4be8460fcba8e80700a8f858
:10c5d800003007f1280904eb09086b4607cb44f83b
:10c5e8000900c8f80410c8f808201b88a8f80c30ff
:10c5f800f37ec8f82430ab1c9c4557dd414be84618
:10c608000fcba8e80700a8f8003007f1500904eba1
:10c6180009086b4607cb44f80900c8f80410c8f8a5
:10c6280008201b88a8f80c30337fc8f82430eb1c8e
:10c638009c4539dd344a6b4607ca83e8070007f191
:10c64800780904eb090807cb44f80900c8f8041076
:10c65800c8f80820b37ec8f824302b1d9c4521dd7e
:10c668002a4bec460fcbace80700acf80030a037fb
:10c6780004eb070c6b4607cbe051ccf80410ccf860
:10c6880008201b88acf80c30f368ccf8243005354a
:10c69800cef80050002d14bf00206ff0050004b044
:10c6a800bde8f0871d46f3e71d46f1e71d46efe7b5
:10c6b8001d46ede71d46ebe71d46e9e71d46e7e7a2
:10c6c8001d46e5e70125e3e7737e002bfad1012536
:10c6d8005ce7737e002b7ff456af0025d8e700bfd8
:10c6e80030bb010040bb010050bb01005cbb010036
:10c6f80068bb010078bb010088bb010098bb010042
:10c70800a8bb0100b8bb0100c8bb0100d4bb010035
:020000040000fa
:10c718002de9f04fa9b00f211a201af09fff10b988
:10c7280029b0bde8f08fa34bd3f80090a24b1b882b
:10c73800002bf5d009f108054ff000081be0204652
:10c748000ef00af856f8040c20b115f095f90023fc
:10c7580046f8043c00225021204609f087f84f286b
:10c7680028d8002706f8067c08f101081835924bee
:10c778001b889845d4daa5f1080a2e4635f9084ce5
:10c7880015f8067c204616f043f80028d7d1204635
:10c7980016f06af883460028d1d1032fe2d801a306
:10c7a80053f827f05dc70000cdc7000055c800004a
:10c7b80059c9000035228149204611f02dfa20463a
:10c7c80016f0aaf836f9084c00225021204609f044
:10c7d8004df84f2801d80127c4e713ab039302abe8
:10c7e800532203a9204613f01bfe68b3022819d070
:10c7f8007349039817f05efe039010b30f220146a9
:10c8080030461df0b3fa0023f373bdf80820002169
:10c8180020460af0f7f80d226a49204611f0fcf983
:10c8280002279fe718226849204611f0f5f91322dc
:10c838006649204611f0f0f920460df08dff0027db
:10c8480090e700233370e0e701278be735f9084cc0
:10c8580000225021204609f009f84f2882d913ab4d
:10c86800029301ab532202a9204613f0d9fd0028f8
:10c878003ff478af022811d108eb480209f108000b
:10c8880000ebc201002340f832304b608b60cb6074
:10c8980018224d49204611f0bff942e04849029854
:10c8a80017f008fe0290002876d0494b1b6823b386
:10c8b800404b1b68aaeb0303db10464a02fb03f359
:10c8c800adf80c300223adf80e30adf8104020461c
:10c8d80018f00cfbadf8120005a915f0f1ff08ebf4
:10c8e800480c09f108003a4b1f683b4b1b6803aa28
:10c8f800029900ebcc00b84783465322002113a8c5
:10c908001cf0d4ff09f1080208eb480002ebc00153
:10c91800002342f830304b608b60cb60bbf1000fd6
:10c9280009d113222949204611f076f920460df045
:10c9380013ff002716e7bdf80420002120460af05f
:10c9480061f81c222549204611f066f9032709e7fa
:10c9580000225021204608f089ff4f287ff602afb9
:10c9680033221f49204611f057f9204615f0d4ff0d
:10c97800002221461b4812f085f845f8040c08b13e
:10c988000427efe637221849204611f045f92046da
:10c998000df0e2fe0027e5e608eb480209f1080081
:10c9a80000ebc201002340f832304b608b60cb6053
:10c9b800b7e700bf28bf0020dcbd00203c6e0100a7
:10c9c800a46e0100a86e0100746e0100906e010053
:10c9d80024bf0020abaaaaaa20bf0020b86e01007d
:0cc9e800d86e0100889702000c6f01005f
:020000040000fa
:10c9f400002800f040812de9f047d6b00e4690465d
:10ca04000446d0f800a0ac4b9a4500f036810323cd
:10ca14008df8db30cdf8d4a0002a00f0328112f07a
:10ca24001f0918bf4ff0010909eb521900f108055d
:10ca34000df1200c00f1380e674628686968aa6871
:10ca4400eb680fc71035bc467545f5d128683860ca
:10ca5400aa88ab79ba80bb71b9f1000f00f32a81bf
:10ca6400012536e0372208a916a807f07bfa054607
:10ca740060bb694616a804f00dff054616a815f01c
:10ca840058f935bb009b2268012a02d96268934297
:10ca94003bd0002284f88020636066b1b8f1000fb7
:10caa40009d0b8f11f0f3fd84246694630461cf002
:10cab400e7f84ff0000801374f450adae26fa16f3b
:10cac40016a814f045f805460028cbd016a815f092
:10cad40030f908aa00200df15701134603f8010ba1
:10cae4001a468b42f9d1002d44d0012516aa002004
:10caf4001ea9134603f8010b1a468b42f9d1281cd0
:10cb040018bf012056b0bde8f08794f88030012b9f
:10cb140000f0b58009f1ff33bb4208bf09f10109f8
:10cb2400012384f88030b8e7ec46bce80f0030609d
:10cb34007160b260f360bce80f0030617161b26192
:10cb4400f361a8f1200820369df856300133dbb29a
:10cb54008df85630002baed10df1560208a900bf56
:10cb640012f8013d0133dbb21370002ba3d18a42ca
:10cb7400f6d1a0e7e26fa16f37a813f0e9ff0546ed
:10cb840030b137a815f0d5f8236801332360ade739
:10cb940001220df1db0137a807f0e4f9054600286e
:10cba400efd1372204f1080137a807f0dbf9054675
:10cbb4000028e6d116a937a804f06cfe054637a86c
:10cbc40015f0b7f8002ddfd104f13f020df177071e
:10cbd4000df1580e1046002600e00f46394610f8b5
:10cbe400013d11f801c9634433440370c3f30f26b4
:10cbf4007745f2d104f11f0004f1080110f8013d5a
:10cc040033449bb203701e0a8142f7d110460023bd
:10cc140010f8016c90f836703e44334400f8013d3e
:10cc2400c3f30f238842f3d14fea1a2303f0ff130f
:10cc34004fea0a2000f0ff2003434fea33433593c1
:10cc440036ae04f13b0c002312f8010d16f8017df9
:10cc5400384403441370c3f30f239445f4d104f10f
:10cc64003b0200bf12f8010d03449bb213701b0a70
:10cc74009142f7d188e701207047022042e703255b
:10cc840034e700f108050df1200c00f1380e674679
:10cc940028686968aa68eb680fc71035bc467545f3
:10cca400f5d128683860aa88ab79ba80bb714ff097
:0cccb4000108c146002701e740420f00c4
:020000040000fa
:10ccc00030b58fb0022944dd14465568884928469e
:10ccd0001cf047fc28b1874928461cf042fc00287c
:10cce0003cd1ed780cab03930bab02930aab0193f1
:10ccf00009ab009308ab07aa7f49a0681cf0d9f8dc
:10cd0000062840f0ca80079bff2b00f2c6808df8f2
:10cd1000143008a905ab0df1190000bf51f8042b20
:10cd2000ff2a00f2ba8003f8012f8342f6d1312d99
:10cd30000cbf06250025714b1d440598a862bdf85f
:10cd40001830ab85a36862686d49002013f0cafcf7
:10cd5000a8e06c49002013f0c5fca3e06a4928460e
:10cd60001cf0fffb20b1694928461cf0fafb20bbf0
:10cd700000221146a0681cf0bbfd054662496068b0
:10cd80001cf0effb70b9fe2d08d85c4b5d632b46a1
:10cd900062685f49002013f0a5fc83e05d4913f051
:10cda000a1fc7fe06b1efe2b02d8544b9d63eee787
:10cdb0005949002013f096fc74e0584928461cf0ad
:10cdc000d0fb20b1564928461cf0cbfb70bb00229b
:10cdd0001146a0681cf08cfd0546504960681cf0a7
:10cde000c0fb68b9012d03d94e4913f07bfc59e013
:10cdf000424bdd632a464c49002013f073fc51e09e
:10ce0000a5f1320242f2de639a4207d942f2107370
:10ce100032224649002013f065fc43e0374b1d6485
:10ce20002a464349002013f05dfc3be04149284677
:10ce30001cf097fb00283dd03f4928461cf091fb91
:10ce4000002849d03d4928461cf08bfb002845d0de
:10ce50003b4928461cf085fb002841d0394928462b
:10ce60001cf07ffb00283dd0374928461cf079fb99
:10ce7000002839d0354928461cf073fb002835d0ee
:10ce8000334928461cf06dfb70b9324d13e0a2689f
:10ce90003149002013f026fc04e0a2682f4900204d
:10cea00013f020fc0fb030bd2a462d49002013f0ae
:10ceb00019fcf7e72b4d00230d930da9a06808f08e
:10cec0008ffe0028e3d00d9b2b60a3686268264983
:10ced000002013f007fce5e7244dece7244deae7da
:10cee000244de8e7244de6e7244de4e7244de2e74e
:10cef00058890000608900006889000088b9002016
:10cf00009c8b0000408800007c8900008489000020
:10cf1000d089000090890000b0890000048a0000d8
:10cf2000108a00001c8a00003c8a00008c8a0000e5
:10cf3000b08a0000f08a0000f48a0000fc8a000039
:10cf4000008b0000088b00000c8b0000148b00008d
:10cf5000188b0000acb90020208b00006c8b000007
:10cf6000e88b000090b90020388b000098b90020b1
:10cf7000a0b90020a8b9002094b900209cb90020d5
:04cf8000a4b9002030
:020000040000fa
:10cf84002de9f04f099f154604468e461e46002b98
:10cf940040f0cc808a42b2fa82fc4cd9bcf1000f3a
:10cfa4000bd0ccf1200801fa0cfe20fa08f802faa2
:10cfb4000cf548ea0e0e00fa0cf44fea15491ffa74
:10cfc40085f8befbf9fa210c09fb1ae30afb08fbfe
:10cfd40041ea03439b452ad9eb180af1ff3004d2f6
:10cfe4009b4502d9aaf102002b44a3eb0b03a4b284
:10cff400b3fbf9f209fb123302fb08f844ea0344d9
:10d00400a04516d92c1902f1ff3303d2a04501d94a
:10d01400931e2c44a4eb080443ea004027b124faed
:10d024000cf400233c607b603146bde8f08f504631
:10d03400dbe71346eee702b9ffdebcf1000f2ed1a9
:10d044008b1a01264fea154eaab2b3fbfef8210c47
:10d054000efb183308fb02f941ea0343994561d9f1
:10d06400eb1808f1ff3004d2994502d9a8f1020067
:10d074002b44a3eb0903a4b2b3fbfef10efb113363
:10d084004a4344ea0344a2424ed92c1901f1ff3326
:10d0940003d2a24201d98b1e2c44a41abce7ccf1c2
:10d0a400200e02fa0cf521fa0ef901fa0cf320fa1b
:10d0b4000efe4eea03034fea154800fa0cf4b9fbde
:10d0c400f8f11ffa85fe08fb1192180c01fb0ef60d
:10d0d40040ea0242964221d9aa1801f1ff3003d254
:10d0e400964201d9881e2a44921b9bb2b2fbf8f9de
:10d0f40008fb192209fb0efe43ea02439e450fd9a1
:10d10400eb1809f1ff3604d29e4502d9a9f10206b3
:10d114002b44a3eb0e0346ea004693e70846e3e7f5
:10d124004e46f6e74046a4e70b46b6e78b4206d9df
:10d13400002f7ed00026c7e90001304674e7b3fa19
:10d1440083fcbcf1000f0fd18b4201d3824209d87a
:10d15400841a61eb030e0120002f6dd0c7e9004e45
:10d16400002661e76046f7e7ccf1200e03fa0cf3e2
:10d1740022fa0ef521fa0ef41d4301fa0cf320fafb
:10d184000ef10b434fea154a00fa0cf6b4fbfaf918
:10d194001ffa85f80afb19401c0c09fb08f144ea44
:10d1a4000044a14202fa0cf23fd92c1909f1ff30d4
:10d1b40004d2a14202d9a9f102002c44641a9bb200
:10d1c400b4fbfaf90afb194409fb08f843ea0441e1
:10d1d40088452cd9691809f1ff3304d2884502d94e
:10d1e400a9f10203294443ea0040a1eb0801a0fb92
:10d1f40002894945c2464c4602d306d1464504d26b
:10d20400b8eb020a69eb05040138afb1b6eb0a03c7
:10d2140061eb040606fa0efe23fa0cf34eea03034e
:10d2240026fa0cf6c7e900369ae74846c6e74b46a5
:0cd23400d9e73e463846f7e63e46f5e6f0
:020000040000fa
:10d240004c414e3836357820646961676e6f73746f
:10d2500069637320636f6d6d616e64733a0a0d00cc
:10d2600020206c616e5f7265616420203c616464a3
:10d27000723e202020202020202020202020202d31
:10d28000205265616420204c414e3836355820725a
:10d2900065676973746572202868657820616464c5
:10d2a00072657373290a0d0020206c616e5f7772be
:10d2b000697465203c616464723e203c76616c75e3
:10d2c000653e20202020202d205772697465204c57
:10d2d000414e38363558207265676973746572201f
:10d2e0002868657820616464722c206865782076ef
:10d2f000616c7565290a0d0020206c616e5f726d8e
:10d3000077203c616464723e203c6d61736b3e200b
:10d310003c76616c3e20202d20526561642d6d6f3e
:10d32000646966792d7772697465202b2076657241
:10d330006966793a206e65773d286f6c64267e6d4c
:10d3400061736b297c76616c0a0d00002020746586
:10d3500073746d6f6465205b302e2e345d205b73bb
:10d3600065636f6e64735d202020202d2049454544
:10d37000452054582074657374206d6f64652c20ab
:10d380007665726966696564206279207265616498
:10d390006261636b20286e6f20617267203d20738d
:10d3a000686f77290a0d00002020706c63615f6e42
:10d3b0006f6465205b69645d202020202020202090
:10d3c000202020202020202d204765742f73657495
:10d3d00020504c4341206e6f646520494420286ee4
:10d3e0006f20617267203d2073686f7720637572cc
:10d3f00072656e74290a0d000a0d416464726573ca
:10d4000073203d20284d4d53203c3c2031362920af
:10d410007c206f66667365742e204d4d532033203b
:10d420003d2050485920504d412f504d442c204d07
:10d430004d532034203d2076656e646f72207370ea
:10d440006563696669632e0a0d0000004578616da9
:10d45000706c653a206c616e5f7265616420307833
:10d46000303030344341303220202028504c43416a
:10d470005f4354524c313a204e4f44455f434e5423
:10d480003c3c38207c204e4f44455f4944290a0dde
:10d49000000000004578616d706c653a207465731a
:10d4a000746d6f64652031203330202020202020cf
:10d4b0002020202874657374206d6f646520312ce2
:10d4c000206175746f2d7265766572742061667463
:0cd4d00065722033302073290a0d000023
:020000040000fa
:10d4dc002de9f04f87b00f2103201af0bdf810f0a2
:10d4ec00010f02d107b0bde8f08f03276ff00e0ad1
:10d4fc00e5e028461bf08ff8804500f20c81d5f84a
:10d50c0028b0bbf1000f00f018819bf8423013f0eb
:10d51c00400f02d16ff01301cde0f368b3f1ff3f80
:10d52c0000f0fc80dbf80810dbf8042062ea010252
:10d53c00934200f0f6803369002b00f0f5800df17a
:10d54c00040cb646bee80f00ace80f00def8003065
:10d55c00ccf80030adf80680bdf80a20130a43ea77
:10d56c0002239bb2adf80a30c3f30d03002b40f03d
:10d57c00de802b6a13f4807f07d1002249463046a7
:10d58c0013f03afa002840f0d580dbf80410059b24
:10d59c00dbf8082001ea0200834232d06a480678a0
:10d5ac00b3f1ff3f2ad061ea0202934226d09df8e4
:10d5bc00142002f0f002e02a2cd0644a934251d09d
:10d5cc0099424fd09bf86a3013f0080f19d005a878
:10d5dc0017f0eafba8b190f86a2012f0080f10d0ef
:10d5ec00426883681a40dbf80430dbf808100b4003
:10d5fc009a4206d116f0010f03d10ee016f0020f7d
:10d60c000bd0534b1a681b689a42fad173bb6ff05c
:10d61c00130150e016f0040ff3d1a9690b789b00ad
:10d62c0003f03c03ca18ea6128699bb28289d21aba
:10d63c0082814888020a42ea002292b24a80d31ab6
:10d64c00ab85ca88130a43ea02239bb2cb80c3f38f
:10d65c000d034a7a062a73d0112a73d0012a1fd0df
:10d66c00514628e016f0010fcbd1d6e739481af015
:10d67c001dfa384b1e6836b936481bf067f9c6e7f9
:10d68c003668002ef8d0337a002bf9d07368214617
:10d69c00284698470028f3d02e481bf057f9bce7d2
:10d6ac00062063b90122294617f0acfe514630b969
:10d6bc0001e06ff00d013a46284619f0cff83846d4
:10d6cc001bf08cfd054600283ff40cafae69337897
:10d6dc0003f0f003402becd13478a40004f03c04ac
:10d6ec00132c12d91ffa84f92b699b894b450fd344
:10d6fc0073884fea132848ea03281ffa88f8c145b3
:10d70c007ff6f7ae6ff00d01d5e76ff00d01d2e7a4
:10d71c006ff00d01cfe76ff00d01cce76ff00a0150
:10d72c00c9e76ff00a01c6e76ff00b01c3e76ff0b2
:10d73c000d01c0e76ff00901bde76ff01301bae707
:10d74c000a20aee70920ace71dc000207f000001d5
:08d75c000cbf002090bd00206d
:020000040000fa
:10d76400696e7465726e616c00000000706f6f6c9e
:10d774000000000065787465726e616c0000000042
:10d784004c6f6f736500000053747269637400001a
:10d794004e6f6e2d000000002000000064656600de
:10d7a4006677640066696c74000000006e657469d5
:10d7b4006e666f003a20476574206e6574776f72e9
:10d7c4006b20696e666f726d6174696f6e00000024
:10d7d4006465666e657400003a205365742f47656e
:10d7e400742064656661756c7420696e7465726614
:10d7f400616365007a636c6c000000003a20547524
:10d80400726e205a434c4c206f6e2f6f6666000078
:10d81400736574646e7300003a2053657420444e3b
:10d8240053206164647265737300000073657469e6
:10d83400700000003a2053657420495020616464ec
:10d844007265737320616e64206d61736b000000f8
:10d8540073657467770000003a205365742047614c
:10d864007465776179206164647265737300000084
:10d8740073657462696f73003a2053657420686f2e
:10d8840073742773204e657442494f53206e616d43
:10d89400650000007365746d616300003a20536590
:10d8a40074204d4143206164647265737300000009
:10d8b400696600003a204272696e6720616e2069d1
:10d8c4006e746572666163652075702f646f776e20
:10d8d40000000000737461636b0000003a2053740d
:10d8e40061636b207475726e206f6e2f6f666600b5
:10d8f40068656170696e666f000000003a204368d5
:10d9040065636b206865617020737461747573005e
:10d9140070696e67000000003a2050696e672061ec
:10d924006e204950206164647265737300000000c6
:10d934006d6163696e666f003a20436865636b20ae
:10d944004d41432073746174697374696373000097
:10d954006d69696d000000003a204d49494d20630e
:10d964006f6d6d616e647300756470003a20554488
:10d974005020636f6d6d616e64730000746370009a
:10d984003a2054435020636f6d6d616e64730000e0
:10d994007463707472616365000000003a20456e20
:10d9a40061626c65205443502074726163650000a9
:10d9b400697034003a204950763400006272696418
:10d9c400676500003a20427269646765000000bf21
:020000040000fa
:10d9d4002de9f04f89b004460d4619f059ff8146f0
:10d9e40019f042ff0646d4f8c4707b680593002df5
:10d9f40000f09180022d64d8d4f830a094f8ce3091
:10da0400122b06bfe36a0aeb0308d4f82c80d4f87f
:10da14008c00d4f88830c01a1bf04ef9cde9060109
:10da240048461bf049f90022774b01f015fb0246ea
:10da34000b46dde9060101f00ffb1af049fa8146b5
:10da4400002800f0dc800022704bd4e9080107f0c4
:10da5400adf8cde9060148461bf02ef902460b4607
:10da6400dde9060101f0f8fa3b68d3f804b0684f29
:10da7400a7fb0937bf094ff47a7303fb1799654b6a
:10da8400a3fb09394fea59130693b8f1000f00f0cc
:10da9400b9804ff0640909fb0af9b9fbf8f90022cf
:10daa4005d4b00f05afd1af013fa0390cdf808907c
:10dab400cdf80480cdf800a0069b3a465749059856
:10dac400d847022d12d1564aa21ad21002ebc20331
:10dad40002eb4302c2eb422202eb8242d4f8c4308e
:10dae4001b685b6852424f4905989847a36ac4f87b
:10daf4009c30236bc4f8a030d4f89430c4f8983028
:10db0400c4f8a860d4e908011af0e2f9c4f8a40042
:10db140009b0bde8f08f226bd4f8a030a2eb030b60
:10db2400d4f8a850401b1bf0c7f8cde906014846bd
:10db34001bf0c2f80022344b01f08efa02460b4669
:10db4400dde9060101f088fa1af0c2f9824694f878
:10db5400ce30122b47d0a26ad4f89c30a2eb030833
:10db6400baf1000f46d0d4f8a4001bf0a5f8024681
:10db74000b46d4e908011cf0cdfa0022234b07f030
:10db840015f8cde9060150461bf096f802460b46ff
:10db9400dde9060101f060fad4f88830ed1ab5fb2e
:10dba400f9f53b685f682368b3fbf9f9a944b8f158
:10dbb400000f22d04ff0640a0afb0bfabafbf8fa02
:10dbc4000022154b00f0c9fc1af082f90390cdf83d
:10dbd40008a0cdf80480cdf800b04b462a4612497f
:10dbe4000598b84782e7e36ad4f89c209b1a03ebb4
:10dbf4000b08b5e700200021cee7c246e0e700208d
:10dc0400002131e7c1464ae700408f400000204030
:10dc1400d34d62101f85eb510000e03f28d5010071
:0cdc2400e0b2002064d50100ecd4010047
:020000040000fa
:10dc30005443502f495020537461636b3a20486518
:10dc40006170206372656174696f6e206661696cd2
:10dc500065642c20747970653a2025640d0a0000f3
:10dc60005443502f495020537461636b3a204e65e2
:10dc700074776f726b20636f6e666967757261741b
:10dc8000696f6e20616c6c6f636174696f6e206682
:10dc900061696c65643a20256c750d0a000000000e
:10dca0005443502f495020537461636b3a205061a4
:10dcb000636b657420696e697469616c697a6174fb
:10dcc000696f6e206661696c65643a2030782578ea
:10dcd0000d0a00005443502f495020537461636b68
:10dce0003a2044656661756c7420466c61736820e7
:10dcf0004e6574776f726b20636f6e6669677572bd
:10dd00006174696f6e206c6f6164206661696c6517
:10dd1000642025640d0a00005443502f49502053bd
:10dd20007461636b3a204e6574776f726b20636f1a
:10dd30006e66696775726174696f6e20696e697469
:10dd400069616c697a6174696f6e206661696c657e
:10dd5000643a2025640d0a005443502f4950205343
:10dd60007461636b3a204e6574776f726b20636fda
:10dd70006e66696775726174696f6e3a20416c698d
:10dd800061736573206e6f7420737570706f727439
:10dd900065643a2025640d0a000000005443502faa
:10dda000495020537461636b3a204e6574776f72eb
:10ddb0006b20636f6e66696775726174696f6e3a26
:10ddc00020696e76616c69642049502061646472d8
:10ddd0006573733a2030782538780d0a000000000a
:10dde00025732564000000005443502f49502053f0
:10ddf0007461636b3a20506f776572204d6f646574
:10de000020696e697469616c697a6174696f6e20ea
:10de10006661696c3a2025640d0a00005443502f56
:10de2000495020537461636b3a2044796e616d6987
:10de300063206d656d6f7279206973206c6f773a1e
:10de400020256c750d0a00005443502f4950205373
:10de50007461636b3a20496e697469616c697a61b7
:10de600074696f6e206661696c6564202564202d7d
:10de70002041626f7274696e6721200d0a0000bf35
:020000040000fa
:10de80002de9f84fd0f804a0012912dd81460f4694
:10de900014465668744930461bf063fb80b1734bdf
:10dea0001b78b3b1d9f800301b68714950469847c8
:10deb00004e003681b686f4950469847bde8f88f37
:10dec0006a4b1b78002bf9d05146484613f0c4ff2b
:10ded000f4e76949304607f083fe60b9666830466a
:10dee0001bf07efa1e2820d9d9f800301b68634940
:10def00050469847e2e7624e1022616830461bf0b8
:10df000039ff002333745f4a13705f4a13605f4a1e
:10df10001360032fc8bf4ff0030b40f3a180043ff1
:10df200027f001070437022618e0314655481bf058
:10df30001bff0023544a1360544a1360032f40f31d
:10df400084804ff0010beae7404617f043fa504b4c
:10df5000186010b302360834be4241d0a568d4f828
:10df60000c804c4928461bf0fcfa0028ecd04a49aa
:10df700028461bf0f6faa8b1484928461bf0f1faea
:10df8000b0b1474928461bf0ecfab8b1d9f80030d7
:10df90001b68444950469847dce71bf055fe3c4b54
:10dfa0001860d7e7404616f080fb374b1860d1e782
:10dfb000404616f07afb354b1860cbe7404616f02a
:10dfc00074fbb0f5fa6f02d8374b1860c2e7d9f886
:10dfd00000305b684ff4fa623449504698476de769
:10dfe000224b83f800b0bbf1010f31d01bf01cfabb
:10dff0002f4b18801bf018fa2e4b1880224b1b68f1
:10e0000013b9214b04221a60204b1b68bbb91f4b6c
:10e010004ff47a721a60284bc3f80090274bc3f86c
:10e0200000a00023264a1360264a1360174bb3f959
:10e030000020254b1968202019f000fb3ee7042b37
:10e04000e9dc124b05221a60e5e7084b01221a7041
:10e05000d9f800305b680b4a1c4950469847c5e721
:10e06000024b03221a70c1e73c54010051bd00204d
:10e0700044540100e4530100c4be00207054010068
:10e0800040bd0020b8bc0020bcbe0020b4be0020b3
:10e09000acbe002094540100985401009c5401002f
:10e0a000a0540100d0540100acc10020a4540100d0
:10e0b00066be00205ebe0020ecbe0020a8be002090
:10e0c000a4be0020b0be0020f0be0020ec54010031
:020000040000fa
:10e0d000537461747573302e5472616e736d69740c
:10e0e0002050726f746f636f6c204572726f720d87
:10e0f0000a000000537461747573302e5472616e9f
:10e10000736d697420427566666572204f7665721c
:10e11000666c6f77204572726f720d0a0000000006
:10e12000537461747573302e5472616e736d6974bb
:10e130002042756666657220556e646572666c6f06
:10e1400077204572726f720d0a000000537461747b
:10e150007573302e52656365697665204275666613
:10e160006572204f766572666c6f77204572726fac
:10e17000720d0a00537461747573302e4c6f737393
:10e18000206f66204672616d696e67204572726ffe
:10e19000720d0a00537461747573302e48656164a2
:10e1a0006572204572726f720d0a000053746174bb
:10e1b0007573302e526573657420436f6d706c6596
:10e1c00074650d0a00000000537461747573302e7d
:10e1d00050485920496e746572727570740d0a004a
:10e1e000537461747573302e5472616e736d6974fb
:10e1f0002054696d657374616d702043617074752e
:10e20000726520417661696c61626c6520410d0a1e
:10e2100000000000537461747573302e5472616e87
:10e22000736d69742054696d657374616d702043fa
:10e2300061707475726520417661696c61626c65ac
:10e2400020420d0a00000000537461747573302e73
:10e250005472616e736d69742054696d6573746175
:10e260006d70204361707475726520417661696cd0
:10e2700061626c6520430d0a0000000053746174f4
:10e280007573302e5472616e736d697420467261bd
:10e290006d6520436865636b2053657175656e63ba
:10e2a00065204572726f720d0a000000537461742c
:10e2b0007573302e436f6e74726f6c20446174619d
:10e2c0002050726f74656374696f6e204572726f4f
:10e2d000720d0a00537461747573302e556e6b6e37
:10e2e0006f776e204269743d2564207265672d76d4
:10e2f000616c3d307825640d0a000000436f6e6646
:10e300006967302072656769737465722072656130
:0ce3100064206661696c65640d0a000001
:020000040000fa
:10e31c002de9f04784b019f0eff9002800f01281d4
:10e32c00054619f0f9fc002800f0118195f84130f0
:10e33c0013f0020f40f09e80ac682b68e41aa4b274
:10e34c00002c00f0008195f83c60012e18bf0024d1
:10e35c0040f0f9806b69002b00f0f08095f84030ac
:10e36c0013f0800f01d06a6a92b9c3f3801305f1e0
:10e37c00180205f11401686a15f059fd686200284d
:10e38c0000f0de8095f8403043f0c00385f8403053
:10e39c0095f8403003f00303022b6fd0ef68ab69a4
:10e3ac00bb636b69fb636b6a3b64d7f81c9095f895
:10e3bc00413013f0020f66d007f1480ab7f8544009
:10e3cc0008233a6991890b44938104f108081ffad8
:10e3dc0088f86a8d130a43ea0223a9f800302a8dc3
:10e3ec00130a43ea0223a9f802304fea182343ea3e
:10e3fc000823a9f804300023a9f806306b6a93f8b7
:10e40c00683013f0020f48d097f83c3003f0f0035b
:10e41c00e02b73d095f863308df80130b5f84830a7
:10e42c00c3f3c5038df8003095f84930c3f34003ae
:10e43c008df802306b4642461121384606f01afb25
:10e44c0000233b60bb8638461bf022fc00287ad1a7
:10e45c003b6900229a8195f8413013f0020f12bfec
:10e46c00a7f854202b68ab603b6a23f008033b628f
:10e47c00002468e0eb68b3f8544061e7686a1af06e
:10e48c008ef868618ae7ab682c681b1b9cb204f1a0
:10e49c0008039bb24ff0000a93e7bb6b0193fb6b35
:10e4ac00029300228df80c2011238df80d30b9f851
:10e4bc000430adf80e300c2101a812f09dfac043c7
:10e4cc0082b295f8413013f0020f10d00821484663
:10e4dc0012f092fac24392b22146daf8080012f016
:10e4ec008bfac3439bb2db43a9f806308ce7414659
:10e4fc00484612f081fac3439bb2f4e795f86330b7
:10e50c00002b18bf1e468df80160b5f84830c3f3d8
:10e51c00c5038df8003095f84930c3f340038df8ee
:10e52c0002306b4642461121384606f0a3fa00230e
:10e53c003b6095f84230c3f3800383e7002402e08c
:10e54c00002400e00024204604b0bde8f08700243d
:02e55c00f9e7dd
:020000040000fa
:10e55e0030b591ea030f00f18280841a71eb030c3f
:10e56e0005d2121953eb0c03001b71eb0c0140f298
:10e57e00000ccff6e07c1cea430f52d0bceb410fef
:10e58e005fd90c0da4eb135e5ff0010c6cf31f5101
:10e59e006cf31f53def1200c2ad303fa0cf540194d
:10e5ae0041f1000122fa0ef5401923fa0ef56941e8
:10e5be0012fa0cf2cd0208d349085fea30005fea86
:10e5ce00320228bf42f001020134013c5fea500cd6
:10e5de0072f1004250f1000051eb04514ff4001360
:10e5ee0013eb410f38bf30bd6ff31301002030bd68
:10e5fe00bef1200ebef1200f1ed223fa0ef54019e9
:10e60e0041f10001cef1200c124218bf012203fa93
:10e61e000cf52a43cee711ea5c0f04bf002000215f
:10e62e0030bd1cea410f04bf01f00041002030bd97
:10e63e0001f00041002030bd21f4801101eb0451a6
:10e64e0030bd004218bf41f00101bceb410f08bfc5
:10e65e0030bd4ff0fe4141f47801002030bd83f013
:10e66e000043841a71eb030e07d28ef0004e001b8e
:10e67e0071eb0e01121953eb0e0340f2000ccff6a4
:10e68e00e07c1cea430fc6d0bceb410f72d90c0dd7
:10e69e00a4eb135ec90241ea5051c00241f00041a1
:10e6ae00db0243ea5253d20243f00043def1200c68
:10e6be0041d312fa0cf522fa0ef203fa0cf542eae5
:10e6ce00050218bf42f0010223fa0ef3801a994197
:10e6de00e30ac4f30a0411f0404f03d418d0013cee
:10e6ee0040004941013c23d44205c00a40ea415052
:10e6fe00c90a51eac3715fea500c72f1004250f13f
:10e70e00000051eb045130bd01002fd00020203c01
:10e71e000029f9d0b1fa81fcdcf1200e11fa0cf1ce
:10e72e0030fa0ef510fa0cf02943a4eb0c04d9e7dd
:10e73e000020d90730bdaef1200ebef1200f0dd254
:10e74e00cef1200c03fa0cf533fa0ef32a4318bf60
:10e75e0043f00103c01a61f10001b9e721f0004155
:10e76e00c00a40ea4150c90a01eb045130bd0020f5
:10e77e00002130bd004218bf41f00101bceb410f3a
:0ee78e007ff467afbceb430f3ff463af30bdc9
:020000040000fa
:10e79c002de9f04f95b006461f46d0f8108043691e
:10e7ac00a8f8603098f84330417e61f3830388f811
:10e7bc004330d8f84440d8f8549015469ab1208884
:10e7cc008fb11388834200f0e280ba1e2b460833c7
:10e7dc00b2f1ff3f07d0013a19888142f7d1d3f843
:10e7ec000490c8f85490737e012b01d0694cbbe0a7
:10e7fc00d6f810b04ff0000acdf838a0cdf840a0f4
:10e80c00cdf844a0cdf848a0cdf84ca03388adf895
:10e81c003c30614b0493614b0593614b0693b36899
:10e82c000793604b0893604b0993604b0a93604bc2
:10e83c000b93604b0c93cdf834b07369adf83e304c
:10e84c001bf085fcadf840001bf09afcadf84200c3
:10e85c00337e8df84430737e8df845300123adf84e
:10e86c0046305b4653f83c0f12909b88adf84c3009
:10e87c008df804a004ab0293cdf80c90a36801a909
:10e88c0020889847c8f84c00b0f1ff3f17d0e369d7
:10e89c00032120889847c8f85000b0f1ff3fa5d15c
:10e8ac000023c8f85030c8f84c301bf02dfa58b182
:10e8bc001bf024fa6268404911f00eff04e0c8f81e
:10e8cc004ca01bf021fa08b900243ee01bf016fa0c
:10e8dc0062683a4911f000fff6e700213be0294657
:10e8ec0039e0002137e01bf00ffa08b901242ae0c7
:10e8fc001bf004fa2288324911f0eefe012422e0ca
:10e90c00d8f85000f0b1d8f84430db6c012240f25a
:10e91c0096719847044648b198f8433043f0400349
:10e92c006ff3c71388f8433000240ce01bf0ecf9ac
:10e93c0058b11bf0e3f9d8f844305a68214911f06a
:10e94c00cbfe02e0002484f00104204615b0bde8a3
:10e95c00f08f2b4659686368304698470028c2d020
:10e96c000c34194b9c42cbd0002db8d02188002ff1
:10e97c00b7d02b888b42ecd0ba1e2b460833b2f1a1
:10e98c00ff3faad0013a18888842f7d1e2e7134634
:10e99c0025e700bf0810020031a0020039a00200d8
:10e9ac0041a0020029ed0100c55402006968020073
:10e9bc00111c0200ad3a020044a5010014a501008f
:0ce9cc0068a501009ca501007410020069
:020000040000fa
:10e9d800546573742067726f757020636f6d6d6115
:10e9e8006e64733a0a0d0000202068656c70202060
:10e9f800202020202020202020202020202020200f
:10ea0800202020202020202d2053686f7720746834
:10ea180069732068656c700a0d0000002020746915
:10ea28006d657374616d70202020202020202020c7
:10ea380020202020202020202020202d2053686ff7
:10ea480077206275696c642074696d657374616d93
:10ea5800700a0d002020697064756d70203c6d6f20
:10ea680064653e20202020202020202020202020f7
:10ea78002020202d2044756d7020525820495020a8
:10ea88007061636b6574732028303d6f66662c2057
:10ea9800313d657468302c20323d657468312c2016
:10eaa800333d626f7468290a0d00000020207374da
:10eab8006174732020202020202020202020202066
:10eac80020202020202020202020202d2053686f67
:10ead800772054582f525820736f66747761726587
:10eae80020636f756e7465727320666f722065742b
:10eaf800683020616e6420657468310a0d0000007a
:10eb0800202064756d70203c616464723e203c6313
:10eb18006f756e743e202020202020202020202d7c
:10eb28002044756d70206d656d6f72792028686559
:10eb38007820616464722c20636f756e74290a0de5
:10eb48000000000020206c6f67636c6561722020f4
:10eb580020202020202020202020202020202020ad
:10eb68002020202d20436c656172206465666572e3
:10eb7800726564207061636b6574206c6f672062d6
:10eb880075666665720a0d0020206c6f6773746184
:10eb98007420202020202020202020202020202019
:10eba800202020202020202d2053686f77206465a6
:10ebb800666572726564206c6f672073746174692e
:10ebc80073746963730a0d000a0d4c414e3836356b
:10ebd80078207265676973746572732c2074657325
:10ebe80074206d6f6465732c20504c43413a207338
:10ebf800656520276c616e68656c70270a0d0000da
:020000040000fa
:10ec08002de9f04784b09abb0f464ff00208036c19
:10ec1800002b00f0f3800d46044600f13c01184635
:10ec280015f074fa064638b3034653f83c0f0290c1
:10ec38009b88adf80c3026642946304617f040fe14
:10ec48000446002800f0de80a8624ff4006300f15b
:10ec58003c0202a9284617f031f82b6a43f010034a
:10ec68002b6201222946204612f070fe0120c6e0e0
:10ec780007464ff00108cae7d4f83ca0baf1ff3fb5
:10ec88002fd0d4f84090484619f08bfc824528d004
:10ec9800b9f1000f03d099f86b30032b4ad094f8e0
:10eca8003c302033dbb20f2b4ad9e26bd9f8043061
:10ecb8005340d9f808100b4218bfd9f80c2001921c
:10ecc800012302aa01a9484613f000f8022800f01f
:10ecd8009f8020f0020040b2012818bf002006d013
:10ece8008de04ff0ff330293adf80c3002ae2946a9
:10ecf800206c17f0e5fd0446002800f08580a86226
:10ed08004ff4006300f13c023146284616f0d6ff66
:10ed1800284619f082fc0e38b4f8663080b2834277
:10ed280074d336b32946204617f072fac043c0f3ad
:10ed3800c01064e000230293adf80c3002aed6e7b1
:10ed480001238df8083000238df809305e238df8f3
:10ed58000a3094f83d3003f07f038df80b3094f8b7
:10ed68003e308df80c3094f83f308df80d3002aeff
:10ed7800bde7284b1b68e3b1b4f86040264818f09b
:10ed880097fe264819f0d6fd014640b380f8048066
:10ed980044718760019bc3601f4c20461af02af813
:10eda800204619f0d5fd2b6a43f008032b62012099
:10edb80025e000221a49104617f078fa154b18601a
:10edc8000028d9d11af0a2ff012801d8002016e0a6
:10edd8001af096ff134911f081fc00200fe01af099
:10ede80095ff012804d80c4819f0b2fd002006e070
:10edf8001af086ff0c4911f071fcf4e7002004b00a
:10ee0800bde8f0870020fae70020f8e70020f6e7e1
:10ee180002ae6ce714bf002080bd0020a0bd00201a
:0cee2800e5bb0100f836020028370200ac
:020000040000fa
:10ee3400537461747573312e52585f4e6f6e5f5206
:10ee440065636f76657261626c655f4572726f723d
:10ee54000d0a0000537461747573312e54585f4e5b
:10ee64006f6e5f5265636f76657261626c655f4554
:10ee740072726f720d0a0000537461747573312ecf
:10ee840046534d5f53746174655f4572726f720dc2
:10ee94000a000000537461747573312e5352414d4e
:10eea4005f4543435f4572726f720d0a00000000b4
:10eeb400537461747573312e556e646572766f6c1c
:10eec400746167650d0a0000537461747573312ea3
:10eed400496e7465726e616c5f4275735f457272e0
:10eee4006f720d0a00000000537461747573312e43
:10eef40054585f54696d657374616d705f436170dc
:10ef0400747572655f4f766572666c6f775f410ddd
:10ef14000a000000537461747573312e54585f54a1
:10ef2400696d657374616d705f436170747572654a
:10ef34005f4f766572666c6f775f420d0a00000062
:10ef4400537461747573312e54585f54696d6573cd
:10ef540074616d705f436170747572655f4f76653f
:10ef640072666c6f775f430d0a000000537461741e
:10ef74007573312e54585f54696d657374616d7087
:10ef84005f436170747572655f4d69737365645f27
:10ef9400410d0a00537461747573312e54585f54d3
:10efa400696d657374616d705f43617074757265ca
:10efb4005f4d69737365645f420d0a005374617435
:10efc4007573312e54585f54696d657374616d7037
:10efd4005f436170747572655f4d69737365645fd7
:10efe400430d0a00537461747573312e4d434c4bb9
:10eff4005f47454e5f5374617475730d0a000000da
:10f00400537461747573312e675054505f50415f6f
:10f0140054535f45475f5374617475730d0a000060
:10f02400537461747573312e457874656e646564c8
:10f034005f426c6f636b5f5374617475730d0a0088
:10f04400537461747573312e556e6b6e6f776e45a4
:08f0540072726f720d0a0000d8
:020000040000fa
:10f05c00f0b581ea030e0ef0004e40f20007cff639
:10f06c00e07717ea41051ebf95ea070f17ea43043c
:10f07c0094ea070f00f0c5806d0da5eb545707f50a
:10f08c0080674ff0004646eac12444ea5054c0025f
:10f09c0046eac32343ea5253d202801a9c4104d25b
:10f0ac000018644180185c41013f5b084fea320252
:10f0bc000025002140f001004ff0070604e0801a03
:10f0cc009c4136d340416441801a9c4136d3404127
:10f0dc006441801a9c4136d340416441801a9c4162
:10f0ec0036d340416441801a9c4136d3404164413f
:10f0fc00013e17d0801a9c4136d340416441801a9e
:10f10c009c4136d340416441801a9c4136d34041e6
:10f11c006441090201eb156190ea052520f0ff001e
:10f12c004540cce7801a9c4156d335e080185c41b1
:10f13c00c8d20018644180185c41c8d200186441e0
:10f14c0080185c41c8d20018644180185c41c8d258
:10f15c000018644180185c41c8d200186441013e1b
:10f16c0017d080185c41c8d20018644180185c41eb
:10f17c00c8d20018644180185c41c8d200186441a0
:10f18c00090201eb156190ea052520f0ff004540ce
:10f19c00cce780185c411fd3420918bf44f001042e
:10f1ac00490101ebd56100f01f0000eb451021f483
:10f1bc00801141ea0e01013041f10001244208bfe7
:10f1cc0020f00100b7f5006f3eda013f49dd01eb9d
:10f1dc000751bde8f0407047490101ebd56100f0e3
:10f1ec001f0000eb451021f4801141ea0e01b7f528
:10f1fc00006f29da013f34dd01eb0751bde8f04027
:10f20c007047004218bf41f00101124218bf43f091
:10f21c000103b7eb410f2cbfb7eb430f1ce0b7eb6f
:10f22c00410f04bfb7eb430f16e017ea410f04bfc1
:10f23c0017ea430f10e017ea410f12d017ea430ff9
:10f24c0002d0b7eb430f0cd04ef0fe4141f47001ed
:10f25c000020bde8f04070474ff0fe4141f47801ca
:06f26c00f6e77146f4e72d
:020000040000fa
:02f272007047e3
:020000040000fa
:10f274002de9f04f85b00f21092018f0f1f910f0b5
:10f28400010f40f0de8005b0bde8f08fd5f81c809a
:10f29400b8f804100c0a44ea0124a4b2a34240f0d2
:10f2a400e280af69b8f8063013b112f4806f23d04e
:10f2b400b8f80030180a40ea032080b2a8f8000029
:10f2c400b8f802301e0a46ea0326b6b2a8f802606d
:10f2d400083ca8f80440d5f828a0674bd3f8009060
:10f2e400b9f1000f40f3c280644b1b68a3f1040c16
:10f2f4004ff0000ef04643e0fb6801933b69029334
:10f3040000228df80c2011238df80d30b8f804304c
:10f31400adf80e300c2101a811f072fbc3439bb26f
:10f324002a6a12f0040f09d02246414628460ff0fb
:10f3340085fe6ff009010028bad07ee01a46214606
:10f34400404611f05dfbf4e74146012331e043f010
:10f35400020338e043f0040301e041f00401d4f86f
:10f364001cb0bbf1000f02d012f0100f36d041f0e8
:10f3740008010b430f2b57d00ef1010ef14557d066
:10f384005cf8044f002cf7d094f8423013f0020fcd
:10f39400f2d094f86220636d9342edda638db34248
:10f3a400ead194f83c30012bced0002be4d10121da
:10f3b4004346226cb4f828b08345c8d012f0040f39
:10f3c40018bf41f00201d4f824b0da45c2d0bbf131
:10f3d400000fc2d012f0080fc1d0bee7aa69d268ec
:10f3e4009345c9d143f008030f2bc2d194f8483098
:10f3f40013f0020f04d03b7c03f0f003e02b38d170
:10f40400294604f14c0019f0f7fcb4f8603013f409
:10f41400807f16d0a66de36d9eb14ff48072a96a09
:10f42400b4f91200b0470ce0012384f83c30dde766
:10f434006ff00e0101e06ff00d010922284617f06c
:10f4440011fa092019f0cefe054600283ff41baf3f
:10f45400ab8d072befd92a6a12f4003f3ff416afa5
:10f464006ff00e01e9e76ff00d01e6e76ff00e01b2
:10f47400e3e76ff00e01e0e73cbf002038bf002057
:020000040000fa
:10f484002d7300002d2d73657276657200000000e7
:10f494002d7500002d2d7564700000002d62000094
:10f4a4002d2d62616e647769647468004d000000fc
:10f4b4004b0000000a476976656e20696e2042574a
:10f4c4003a20256c752b256c753d256c7500000064
:10f4d4002d7800002d2d786d6974726174650000bb
:10f4e4002d6300002d2d636c69656e7400000000af
:10f4f4002d7400002d2d74696d6500002d6e0000c3
:10f504002d2d6e756d0000002d5300002d2d746f90
:10f51400730000000a476976656e20544f532076c5
:10f52400616c75652069732025642c206d54797095
:10f53400654f66536572766963653a256400000019
:10f544002d4d00002d2d6d73730000002d2d696e5f
:10f5540074657276616c00002d7000002d2d706f43
:10f56400727400002d6c00002d2d6c656e0000007f
:10f5740069706572663a20546865206d696e696dbc
:10f58400756d20646174616772616d2073697a6559
:10f594002069732025640d0a0000000069706572fb
:10f5a400663a205573696e672074686520646566e1
:10f5b40061756c7420696e74657266616365210d92
:10f5c4000a0000002d2d2d2d2d2d2d2d2d2d2d2d11
:10f5d4002d2d2d2d2d2d2d2d2d2d2d2d2d2d2d2d57
:10f5e4002d2d2d2d2d2d2d2d2d2d2d2d2d2d2d2d47
:10f5f4002d2d2d2d2d2d2d2d2d2d2d2d2d0d0a00a7
:10f6040069706572663a20536572766572206c691a
:10f614007374656e696e67206f6e200055445000e8
:10f624005443500020706f72742025640d0a00004a
:10f634000d0a69706572663a20416c6c20696e73bc
:10f6440074616e63657320627573792e20526574dc
:10f654007279206c61746572210d0a000d0a69705b
:10f664006572663a205374617274696e67207365bb
:10f674007373696f6e20696e7374616e63652025a0
:04f68400640d0a0007
:020000040000fa
:10f688000400000026000000000000000000000048
:10f698000000010000000000000000000001000060
:10f6a80091000400609600000000000000010000c6
:10f6b800810004008000000000000000000100003c
:10f6c8007700010028000000000000000001000091
:10f6d80043000400ff0000000000000000010000db
:10f6e80044000400ffff00000000000000010000cb
:10f6f80045000400000000000000000000010000b8
:10f7080053000400ff00000000000000000100009a
:10f7180054000400ffff000000000000000100008a
:10f728005500040000000000000000000001000077
:10f73800400004000200000000000000000100007a
:10f74800500004000200000000000000000100005a
:10f75800e9000400509e00000000000000010000c5
:10f76800f5000400f81c0000000000000001000083
:10f77800f400040020c000000000000000010000a8
:10f78800f8000400009b00000000000000010000d9
:10f79800f9000400534e00000000000000010000c2
:10f7a800b000040003010000000000000001000098
:10f7b800b100040010090000000000000001000072
:10f7c800b2000400261d0000000000000001000037
:10f7d800b30004002a00000000000000000100003f
:10f7e800b400040003010000000000000001000054
:10f7f800b50004000d070000000000000001000033
:10f80800b6000400201700000000000000010000fe
:10f81800b7000400270000000000000000010000fd
:10f82800b800040009050000000000000001000005
:10f83800b9000400130e00000000000000010000e1
:10f84800ba000400251c00000000000000010000b0
:10f85800bb0004002b0000000000000000010000b5
:10f868000c00000000010000000000000001000082
:10f8780081000400e000000000000000000100001a
:020000040000fa
:10f888002de9f04f83b0019200930d9f7a4b9b783e
:10f8980083421bd90d4601f00503052b1ed001f04c
:10f8a8000603062b43d001f00903092b4ad001f0c7
:10f8b8000a030a2b52d1704e582404fb0064b43456
:10f8c800342303fb006606f5e67612e0002f00f00d
:10f8d800c080fd233b704ff0ff3025e0664b582475
:10f8e80000fb044404341c44342606fb003606f5a9
:10f8f800cc762368002b38d005f0200815f0300f9f
:10f908003ad0b8f1000f48d0b3684ff0010a002b85
:10f918003cd0594b5b78012b42d0002f00f0a580da
:10f92800fc233b704ff0ff3003b0bde8f08f524b23
:10f93800582404fb00340434342606fb003606f54c
:10f94800b276d6e74c4b582404fb003404f5867491
:10f95800342606fb003606f50076cae7002f7bd072
:10f96800fd233b704ff0ff30dee7002f77d0ff23f9
:10f978003b704ff0ff30d7e7636d002bc1d0009884
:10f9880098470028bdd045f02005bde7002f69d075
:10f99800ff233b704ff0ff30c6e74ff0000ab8e78f
:10f9a800364b93f800b0bbf1000f2fd14ff0000891
:10f9b800324908ebc8039b0001eb03090122ca5432
:10f9c8002d4b5a7023680c9a009901989847a9f80a
:10f9d8000600b0f1ff3f2fd008ebc803274a02eb1f
:10f9e80083039c60de609d800022da7007b13a7064
:10f9f800baf1000f07d008ebc808204b03eb8808c2
:10fa0800012388f802300bf101008de71b4a01231e
:10fa18005ffa83fb984692f824100029c8d0013376
:10fa280024320a2bf4d1144b01225a7007b3fe2357
:10fa38003b704ff0ff3077e7104a242303fb082878
:10fa4800002388f80030002f3ff46eaffc233b7092
:10fa58006ae74ff0ff3067e74ff0ff3064e74ff099
:10fa6800ff3061e74ff0ff305ee74ff0ff305be7b4
:10fa78004ff0ff3058e700bf18ab002064af0020fc
:020000040000fa
:10fa88002de9f04f83b00d9e002e00f0e280009328
:10fa980015460f46019104464ff0ff33336013f0cb
:10faa800dbff8046002800f0d480002d3ed0002fd8
:10fab8003cd0b8f800906a4a742303fb092393f8f2
:10fac800643033b1742303fb09231b6ea34240f057
:10fad800c0804ff0740b0bfb09fb614b03eb0b0a67
:10fae800504609f089ff48b3b8f800e05c4b74222f
:10faf80002fb0e32d2f818c0d36ed06970b1002262
:10fb0800834228bf002303ebc3010ceb81071cf8d9
:10fb18002110f1b1013201338242f1d11af0f6f825
:10fb280000284cd150460bf01ffd92e00c9b002b97
:10fb380000f08f80009b002bbbd18ae01af0e6f81a
:10fb4800002800f086801af0dbf8464916f0f0ff2e
:10fb58007fe001223a7000223a62414a742101fb97
:10fb68000e21888c98f80020120242ea0042d8b28e
:10fb78000243fa618a8c013292b24ff6ff718a42cf
:10fb880008bf01223649742000fb0e1eaef824205f
:10fb98000133cef86c30009b7b60019bbb60012376
:10fba8007b7500233b75bc61d8f818306bb1082b06
:10fbb8001dd86d00fd600c9b5b003b6108e01af0ee
:10fbc8009ff8294916f0b4fface7fd600c9b3b6138
:10fbd800fb693360daf820307bb1214b9b44dbf8ba
:10fbe8002030002b32d01a6a62bb1a462de0ad00d5
:10fbf800fd600c9b9b003b61eae7caf8207002237a
:10fc08007b75384609f058fd154a742303fb092310
:10fc1800db6ab3f1ff3f07d0114a742303fb0923c2
:10fc28001b6bb3f1ff3f17d10d4b742202fb09394f
:10fc3800d9f814305c683b697a68f968b868a047f5
:10fc480004e01a46136a002bfbd1176250460bf0ea
:10fc58008bfc03b0bde8f08f384602f0f5f9f5e704
:0cfc680060b70020282f0200088802006e
:020000040000fa
:10fc74002de9f04f9bb00f21062017f0f1fc8046d0
:10fc840010f0010f06d118f0020f40f0a9801bb04c
:10fc9400bde8f08f4ff006097ee005f11001a06a7f
:10fca40017f024fa10b16ff00e0171e0a56ae26951
:10fcb40000231370537053881846deb206f108010e
:10fcc400c9b261f30700072909d8c3f30723013335
:10fcd400dbb263f30f2013b9093666f307005080d3
:10fce400002626603246012120460ef0e7f9a3697a
:10fcf400da6816921b69179318953246214608a8ac
:10fd0400fef780ff002847d14a466ff005012046e0
:10fd140016f0a8fd40e04e4b1d68002d5dd0b18863
:10fd24004ff0000c03e02b68ac4663b31d466b8aae
:10fd34008b42f8d12a8af3889a42f4d10df1040e49
:10fd440005f1080bbbe80f00aee80f009be80700c5
:10fd54008ee8070061463e4817f099fe29463d4863
:10fd640019f04af808360496083fadf81470cdf837
:10fd740008a0069e002e68d0079b0022294601a8f1
:10fd8400b047022104e06ff00c0101e06ff00d01b7
:10fd94004a46204616f066fd484619f023fa044602
:10fda40000283ff470afa78d072fefd9e669a56946
:10fdb400d5f80ca000233a46314620460ff03ef910
:10fdc40040b93388082b3ff468af002ba3d06ff001
:10fdd4000c01dde76ff00901dae76ff00c01d7e7fa
:10fde40017f042fd054608a81af0ddf8184b1c6808
:10fdf4009cb10021184e0ae0154817f048fe214630
:10fe040008a818f0f9ff2368214633b11c4663683b
:10fe1400eb1a32689342f6d3eee70e4e03e0214626
:10fe2400304618f0e9ff08a818f086fd04460028bb
:10fe34003ff42dafe569002df1d0236a4ff0ff3276
:10fe4400214604f10800a847e9e70221a0e700bf22
:0cfe5400acbd0020b8bd002070bf002035
:020000040000fa
:10fe60002de9f0418eb0674b1b78032b09d8dfe8f2
:10fe700003f0020b1335644b05221a60614b01221b
:10fe80001a700eb0bde8f0815f4b1b68002bf8d1f3
:10fe90005c4b02221a70f4e75c49002010f022fc4f
:10fea0005b49002010f01efc5a49002010f01afc9b
:10feb000002018f00dfa584b1a68584918f082f8cb
:10fec000012018f005fa564b1a68564918f07af8ce
:10fed0000ff02cfe4b4b03221a70d2e7524bd3e9a2
:10fee000002313430dd0f5f7e3fef5f78df94e4be4
:10fef000d3e900231343c4d00a274c4edff82881ee
:10ff000021e019f00dff484b494aa2fb002080096f
:10ff1000186000225a60e6e79df82b40454b464aa0
:10ff2000002c08bf13460293cde90001bdf8223032
:10ff3000069a4249002010f0d5fbbdf82810002990
:10ff40003fd1013f9dd0d6f8042ad6f8003a9a4214
:10ff500097d0d6f8044a04eb840404ad06ebc4043d
:10ff60000fcc0fc50fcc0fc594e8030085e8030044
:10ff7000d6f8043a013303f03f03c6f8043ad8e94f
:10ff80000023dde9040116f097fe9df82c30022bca
:10ff9000c2d0032b1bd0002bd3d1cde90001bdf87b
:10ffa00022300df12d020799069814f03ffabdf8a2
:10ffb00028100029c5d0099b2148184409f0b8fc35
:10ffc000bfe7099b1e48184409f0b2fcb9e79df849
:10ffd0002b40184b184a002c08bf13460293cde95a
:10ffe0000001bdf82230069a1649002010f07afb75
:10fff000bdf828100029a4d0099b1148184409f025
:020000040001f9
:1000000097fc9ee71cc00020b4bf002044e501001f
:1000100070e50100a8010200a4bf0020d18a010000
:10002000a8bf00206900020000be002078700020f8
:10003000d34d621034e5010040e5010088e5010080
:0800400000000020a4e501000e
:020000040000fa
:020000040001f9
:100048002de9f04387b005464668022907dc614b75
:100058001b68002b0ddd0027dff8c4919ae00368c8
:100068001b685d49304698472b681b685b493046da
:10007800984707b0bde8f08320461af061f82b686e
:100088005b680246564930469847204618f098fa69
:100098000590142269460deb020013f029fd2b6828
:1000a8005b686a464f4930469847204618f00afc74
:1000b8000590142269460deb020013f019fd2b6818
:1000c8005b686a46484930469847204619f04cf81c
:1000d8000590142269460deb020013f009fd2b6808
:1000e8005b686a46414930469847204619f048f807
:1000f8000590142269460deb020013f0f9fc2b68f9
:100108005b686a463a4930469847204619f044f8f1
:100118000590142269460deb020013f0e9fc2b68e8
:100128005b686a46334930469847204619f088ff8d
:100138001422694614f0a4fb2b685b686a462e49b2
:10014800304698472b685b682c4a2d4930469847bb
:100158002b68d3f80480204618f0c2fb294a2a4ba2
:10016800002808bf1a4629493046c0472b68d3f8eb
:100178000480204618f031fe254a264b002808bf87
:100188001a4625493046c0470137124b1b68bb4207
:100198007ff76faf384618f097f80446142269467f
:1001a80015f001fc2b68d3f80480204619f0effe07
:1001b80003466a4649463046c047204618f074fb55
:1001c80000287ff459af2b681b68144930469847bc
:1001d800dae700bfc8be0020d0400100e4400100bb
:1001e80034410100584101006c410100784101008f
:1001f8008841010094410100a0410100b44101007f
:10020800c8410100b0400100b4400100d4410100e0
:10021800bc400100c4400100e4410100204101004c
:04022800f44001009d
:020000040000fa
:020000040001f9
:10022c002de9f04393b0044600223f2116f0aafebc
:10023c000021204618f006ff3f21204616f0b8fe9c
:10024c0000223f21204616f09dfe3f21204616f04d
:10025c00affe00236365a4f84e30a4f84c30a4f82c
:10026c005230a4f85030d4f8a8502069b0f1ff3fb8
:10027c0004d0ab6998474ff0ff332361e068b0f1cd
:10028c00ff3f04d0ab6898474ff0ff33e3606ff04b
:10029c00010120460ef08ef994f89c30002b3fd0d3
:1002ac00002604f160052fe0c7b1236a3946a06926
:1002bc009847236b13b10321284698470da818f0d3
:1002cc003bfa0746236b002beed0042128469847b7
:1002dc00eae79fb1236a3946a0699847236b13b1ab
:1002ec000321284698470aa818f026fa0746236bdc
:1002fc00002beed0042128469847eae7013694f803
:10030c009c20f3b29a420bd9f3b2d4f88c1003ebc5
:10031c000313442201eb830101a818f0adfcc8e7dc
:10032c0094f89c30002b60d000274ff044082ee04e
:10033c00b9f1000f12d0a36a48469847236b13b14a
:10034c0005213046984703a818f0f6f98146236b2f
:10035c00002bedd0062130469847e9e705eb8505e3
:10036c004fea8509d4f8983033f8253000258bbb3b
:10037c00019921b1236aa069984700230193bff327
:10038c005f8f013794f89c20fbb29a422dd9fdb2b5
:10039c00d4f88c3005eb0511424603eb810101a822
:1003ac0018f06afc04f15c06c8e70023adf8403095
:1003bc00019a42f82630029a42f83630029a02eb41
:1003cc00c60673600135d4f8983033f80920abb207
:1003dc009a42cdd9019b002bf4d0aeb253f8260033
:1003ec000028e2d0a36a9847dfe7236b1bb10221f8
:1003fc0004f16000984700232375e38213b0bde835
:02040c00f0837b
:020000040000fa
:020000040001f9
:02040e00704735
:020000040000fa
:020000040001f9
:100410002de9f047037e032b3dd081460d466c4b02
:10042000d3f80c80b8f1000f23d1002900f0cc8064
:100430000a791a7404885b6833b11ab9644b1b6873
:10044000a34201d00cf018ffd9f80800604b986067
:100450001c60aa681a63ea685a632a699a636a691f
:10046000da632a6aa3f840206a6aa3f842205b682c
:100470000bb3574c6568d9f8100019f06dfb237c5d
:10048000002b40f09a80524ad3680133d360012494
:100490002046bde8f0874e4b1c7c0cb90124f7e7e1
:1004a0005d68006919f058fbc0eb001005eb800097
:1004b00017f050f9ece783683c2221469847444bfb
:1004c0005860002800f082802b6803eb430a4fea53
:1004d000ca0a0af1280a3e4b1b68002b50dd00f1c6
:1004e000240623e00cf0c8fe0024d1e7a6f110009a
:1004f00018f088f800283fd0304618f083f800281c
:100500003ad056f8243cda68ab6903fb02f3633354
:10051000304aa2fb03235b093361eb69736108f185
:1005200001083c362a4b1b68434529dda6f1240708
:10053000274b986843685146984704460028d1d015
:1005400000f1280303604760182383602b68c360b1
:1005500001230361204b4361204b8361204bc36126
:10056000204b036217f082fa46f8244ca6f12000d3
:1005700018f048f80028b9d10cf07efe002487e777
:1005800017f0f4fb124c60644ff4fa621649022033
:1005900013f0e4fde06104f1200019f065fd636ce7
:1005a0003bb1e3692bb120b1094b00229a615a613a
:1005b0005fe70cf061fe00246ae7c0eb001005eb7a
:1005c000800017f0c7f85ee7002461e700245fe7ca
:1005d00040b900201f85eb51799202002969020081
:0c05e000b59c020061a1020029b20000dd
:020000040000fa
:020000040001f9
:1005ec002de9f04f83b007468a4690461e460d987b
:1005fc0019f006fa002380f80831baf1000f00f068
:10060c00b08081461d469b4648e058480ef028f9bc
:10061c00d34642e056480ef023f9d3463de0554808
:10062c000ef01ef939e054480ef01af935e0534833
:10063c000ef016f931e052480ef012f92de0514847
:10064c000ef00ef929e050480ef00af925e04f485b
:10065c000ef006f921e04e480ef002f91de04d486f
:10066c000ef0fef819e04c480ef0faf815e04b4885
:10067c000ef0f6f811e04a480ef0f2f80de0494899
:10068c000ef0eef8012389f8083106e046480ef02a
:10069c00e7f80134e4b21f2c46d80135ecb2012343
:1006ac00ab403342f5d01d2cf0d801a353f824f005
:1006bc0017060100210601009906010099060100a8
:1006cc00990601009906010099060100990601009e
:1006dc00990601009906010099060100990601008e
:1006ec00990601009906010099060100990601007e
:1006fc00990601002b060100330601003b060100a0
:10070c00430601004b060100530601005b06010085
:10071c00630601006b060100730601007b060100f5
:10072c00830601008b06010086b100251f4c03e0f7
:10073c0001213846faf748fa019500940123324614
:10074c004146384617f08efd0028f1d0bbf1000f62
:10075c0004d0002389f8d43089f8903003b0bde878
:10076c00f08f11480ef07cf8f8e700bf34ee000073
:10077c0058ee00007cee000098ee0000b4ee000095
:10078c00ccee0000ecee000018ef000044ef00008f
:10079c0070ef000098ef0000c0ef0000e8ef0000e1
:1007ac0004f0000024f0000044f00000794702003f
:020000040000fa
:020000040001f9
:1007bc00714b1b78002b00f0a380072800f2a2805d
:1007cc002de9f04f8bb0019106466b4b93f812322a
:1007dc001bb1694b5b8a83422cd1674a93191d7af2
:1007ec0005f00f0305f0f001cf1854687a02a05af7
:1007fc004ff6ff72904211d07a1c04eb42224ff656
:10080c00ff7c01339bb20f2b7ed8cf18bfb202f501
:10081c000072a2f5007000886045f2d1564b5e82e2
:10082c0017f00f034fd0012b51d1534b43f27612db
:10083c009a824ce016f098fecfe7b9f80020636876
:10084c0003eb42224ff4007104f1120019f020f96d
:10085c0028e0012b04bf43f27613a382a9b263688c
:10086c0003eb412104f1120016f07efc27443d728b
:10087c00012384f81232984409f10409b8f1080fe5
:10088c0017d0258a08eb051516f06efe39f8027c98
:10089c00be42d2d167824ff4fe72019904f1160068
:1008ac0018f0eaf915f00f03d3d144f64553a3829f
:1008bc00d4e716f059fe584617f0c2f92e4ba3f8a0
:1008cc0010a0002019e02c4b44f645529a822a4d78
:1008dc004ff4fe72019905f1160018f0cdf904ebf6
:1008ec00472105f1120016f03ffc2e443772bff37e
:1008fc004f8f012385f8123200200bb0bde8f08f2a
:10090c0004207047022070474fea151a1ffa8afb21
:10091c004fea0b1004eb40240123a4f50077451e8d
:10092c0002aa02eb83025902795a22f8041ce91834
:10093c0022f8021c0133092bf2d102aa0df1280c6a
:10094c0000f1080e04f580541746158873460021f3
:10095c00605aa84208bf7b8001339bb201f500713d
:10096c00b1f5805ff4d104326245edd10df10a0985
:0c097c004ff00008004c84e74cad002058
:020000040000fa
:020000040001f9
:100988002de9f04184b00446d0f8c4205568b0f889
:10099800b030cbb113681b68644928469847236b6d
:1009a80001332363a36a013be36216f05bffd4f8cb
:1009b800a830c01a236898427ed294f8d030012b10
:1009c8007fd004b0bde8f081d0f89430002b4dd131
:1009d800574bc31adb1003ebc30103eb4103c3eb13
:1009e800432303eb8343126856685a425149284609
:1009f800b047d4f8c80017f0e3fdd4f8c4301b683a
:100a0800b4f87e200292020e0192c0f307420092cf
:100a18005e68c0f30723c2b247492846b047d4f8f6
:100a2800c4301b68628a029294f84720019294f8b5
:100a3800462000925e6894f8453094f844203f4977
:100a48002846b047d4f8c4301b685f68d4f81880cb
:100a5800d4f884304ff47a7606fb03f616f016ffc6
:100a6800b6fbf0f3424636492846b847a36a013335
:100a7800a362d4f894300133c4f89430237c012b5a
:100a88000ed0022b8ed1b4f8d20017f0dbfa024652
:100a98000b46d4e90801fdf75efdc4e9080181e7ca
:100aa800e06818f007f902460b46d4e90801fdf79b
:100ab80052fdc4e9080175e700212046fcf786ffce
:100ac8007be7237c012b09d0022b2ad0002384f852
:100ad800d43016f0c7fec4f88c0072e794f8cc3016
:100ae8000133dbb284f8cc30092b15d8012b03d0a5
:100af8000a23c4f88430e9e716f0b4fec4f88c0081
:100b080001212046fcf762ffd4f8c4301b681b683b
:100b18000c4928469847ebe71221204612f08cfa38
:100b2800d4e70f21204612f087facfe7447a010074
:100b3800e0b20020607a0100847a0100b87a0100ee
:080b4800dc7a01000c7b0100c6
:020000040000fa
:020000040001f9
:100b50002de9f8436b4b1b78002b40f0ca8000292d
:100b600000f0ca800b78012b00f2c9800d46654c5d
:100b70004ff40d720021204618f09cfe012666708d
:100b80004ff4b4720021604818f094fe26702b7860
:100b9000a370002b00f0aa800027a0461ce05ffa9b
:100ba00087fc342202fb0c8c1c460cf5007c03f104
:100bb000300e664620686168a268e3680fc610348c
:100bc000b4467445f5d120683060013798f80220aa
:100bd000fbb29a4240f28a80fcb264016b681959f8
:100be00031b1f8b2582202fb0080043018f04af804
:100bf0006b682344596839b1f8b2582200fb0220cf
:100c00000430404418f03ef86b682344996831b1d1
:100c1000f8b2582202fb0080b43018f033f86b6849
:100c20002344d96839b1f8b2582202fb008000f59c
:100c3000867018f027f86b6823441b69bbb15ffa14
:100c400087fe342202fb0e8e1e460ef5b27e03f1a5
:100c50003009f44630687168b268f368ace80f0098
:100c60001036e6464e45f4d13068ccf800006b688b
:100c700023445b69bbb15ffa87fe342202fb0e8e10
:100c80001e460ef5cc7e03f13009f44630687168db
:100c9000b268f368ace80f001036e6464e45f4d172
:100ca0003068ccf800006b6823449b69bbb15ffae5
:100cb00087fe342202fb0e8e1e460ef5e67e03f101
:100cc0003009f44630687168b268f368ace80f0028
:100cd0001036e6464e45f4d13068ccf800006b681b
:100ce0001c44e369002b7ff45aaf6ee70548bde86a
:100cf000f8834ff0ff30fae74ff0ff30f7e74ff09f
:0c0d0000ff30f4e718ab002064af0020c7
:020000040000fa
:020000040001f9
:100d0c000b7b012b09d00b684968d0f8a420c2f8e2
:100d1c008030c2f8841000207047f0b58c684ff01a
:100d2c0000016379c3f30002c3f380156a4094f8a1
:100d3c0004c0ccf300156a40e778c7f380056a401d
:100d4c00a678c6f300056a40c6f380156a4065783c
:100d5c00c5f3001e82ea0e022478c4f3800e82eae8
:100d6c000e0262f30001c3f34002c3f3c01e82ea19
:100d7c000e02ccf3401e82ea0e02c7f3c00e82eaca
:100d8c000e02c6f3400e82ead61282ea0e02c5f3b8
:100d9c00401e82ea0e02c4f3c00e82ea0e0262f317
:100dac004101c3f38002ccf3000e82ea0e02ccf3b5
:100dbc00801e82ea0e02c7f3001e82ea0e02c6f300
:100dcc00800e82ea0e02c5f3000e82ea0e02c5f313
:100ddc00801e82ea0e02c4f3001e82ea0e0262f347
:100dec008201c3f3c002ccf3400e82eadc1282ea29
:100dfc000e02c7f3401e82ea0e02c6f3c00e82ea50
:100e0c000e02c5f3400e82ead51282ea0e02c4f33a
:100e1c00401e82ea0e0262f3c301c3f30012ccf34c
:100e2c00800e82ea0e02c7f3000e82ea0e02c7f3ae
:100e3c00801e82ea0e02c6f3001e82ea0e02c5f381
:100e4c00800e82ea0e02c4f3000e82ea0e02c4f394
:100e5c00801e82ea0e0262f30411c3f34013ccf33a
:100e6c00c00c83ea0c03c7f3400283ead713534048
:100e7c00c6f340167340c5f3c0056b40c4f3400283
:100e8c0083ead413534063f34511d0f8a430d3f85c
:100e9c008420d3f88060c9b201238b40dd17334323
:100eac0042ea0501d0f8a420c2f88030c2f88410c0
:040ebc000020f0bd65
:020000040000fa
:020000040001f9
:100ec00055736167653a206d6163696e666f200dc9
:100ed0000a00000045783a206d6163696e666f20f4
:100ee0000d0a0000496e746572666163653a2025db
:100ef00073204472697665722053746174697374e7
:100f00006963730d0a0000000d0a2052656365696c
:100f1000766520537461746973746963730d0a0094
:100f200009206e52784f6b5061636b6574733a2081
:100f300025640d0a09206e527850656e644275660c
:100f4000666572733a2025640d0a09206e52785343
:100f500063686564427566666572733a2025640d40
:100f60000a00000009206e52784572726f7250615b
:100f7000636b6574733a2025640d0a09206e5278fc
:100f8000467261676d656e744572726f72733a2056
:100f900025640d0a09206e5278427566664e6f749c
:100fa000417661696c61626c653a2025640d0a00c6
:100fb0000d0a205472616e736d69742053746174ec
:100fc0006973746963730d0a0000000009206e5490
:100fd000784f6b5061636b6574733a2025640d0a1a
:100fe00009206e547850656e64427566666572734a
:100ff0003a2025640d0a09206e54784572726f728a
:101000005061636b6574733a2025640d0a09206e84
:101010005478517565756546756c6c3a2025640d7c
:101020000a0d0a00096e6f7420737570706f727408
:1010300065640d0a00000000496e746572666163a4
:10104000653a202573204861726477617265205289
:1010500065676973746572205374617475730d0ae2
:1010600000000000092025733a20307825780d0a09
:04107000000000bfbd
:020000040000fa
:020000040001f9
:10107400684b834240f0b880002800f0b7802de927
:10108400f04387b091468846002305930493039365
:10109400604b1b6b13b105215f4898475d4c20469c
:1010a40018f0a8fa5d4b1870236b1bb1062104f1ec
:1010b4005c0098470127594d564c04f15c062b7887
:1010c400ff2b1ed0009304ab03aa05a92046f9f711
:1010d40089f80746002800f08f80236b13b105219f
:1010e400304698472978204614f0d2fc204618f060
:1010f40081fa2870236b002be1d0062130469847f3
:10110400dde7039b012b04dd059a136a43f0040316
:1011140013627b1edbb2012b1bd80123b8f1000f35
:1011240068d088f80030002b62d1059c2169394bc6
:1011340093f8d2204b6813448b608a890e3a92b29a
:101144008a810b68d3b1334890f8d200121a8a818d
:1011540009e0002f53d02f4a136f013313676ff048
:101164000a03dbe713465a689a601a68002af9d121
:10117400284a92f8d22099890a449a8123699b6863
:1011840063610e33a36116f06ffb6062059c236af2
:1011940023f0700343f0080222629df8132012f03a
:1011a400800f06d112f0400f17d043f0480323629a
:1011b40002e043f028032362b9f1000f02d0049b3c
:1011c400c9f80030154b1978124818f0d3ff84f889
:1011d4002f00059807b0bde8f08312f0200f1cbf64
:1011e40043f018032362e7e70020704700207047ac
:1011f4000020efe74046ede7039b012b84dc054a22
:10120400536e01335366b8f1000f8ed0002388f873
:1012140000308ae74cc00020a8c000204bc000204a
:020000040000fa
:020000040001f9
:1012240065746830000000006574683100000000d7
:1012340068656c70000000003a2073686f77205472
:101244006573742067726f757020636f6d6d616e66
:101254006473000074696d657374616d70000000df
:101264003a2073686f77206275696c642074696dc5
:10127400657374616d700000697064756d70000051
:101284003a2064756d7020727820697020706163f3
:101294006b6574732028303a6f666620313a657442
:1012a400683020323a6574683120333a626f74686a
:1012b4002900000073746174730000003a2073689d
:1012c4006f772054582f525820636f756e7465726f
:1012d4007320666f72206574683020616e642065c7
:1012e400746831006d656d696e666f003a206672d0
:1012f4006565206d656d6f7279206f6e2074686509
:1013040020432d72756e74696d6520686561702067
:10131400616e6420746865205443502f49502068de
:101324006561700064756d70000000003a2064759a
:101334006d70206d656d6f7279202864756d7020f5
:101344003c616464725f6865783e203c636f756ecf
:10135400743e29006c6f67636c6561720000000065
:101364003a20636c656172206465666572726564b7
:10137400207061636b6574206c6f672062756666ac
:10138400657200006c6f6773746174003a2073684f
:101394006f77206465666572726564206c6f672080
:1013a400737461746973746963732028746f7461ee
:1013b4006c2c2070656e64696e672c206f76657284
:0813c400666c6f7773290000cd
:020000040000fa
:020000040001f9
:1013cc0070b584b005460c460023adf80a30019385
:1013dc00836c03a920469847002820dbab6a01aa3e
:1013ec00002120469847bdf80c30072b00f2b08046
:1013fc00dfe803f0041734475972889a2b6d019a71
:10140c00002120469847002809db012807d0012637
:10141c00adf80c60eb6c039920469847304604b04d
:10142c0070bd6b6d0df10a01204698470028f6db64
:10143c000128f4d09df90b30002b06da0021039122
:10144c00eb6c204698470120e9e70223adf80c30fd
:10145c00eb6c0399204698470120e0e7ae6d019ba9
:10146c00228f00212046b0470028d8db0128d6d097
:10147c000323adf80c30eb6c039920469847012000
:10148c00cde72b6d019a0021204698470028c6db3a
:10149c000128c4d00423adf80c30eb6c0399204622
:1014ac0098470120bbe76b6d0df10a012046984768
:1014bc000028b4db0128b2d0bdf80a30228f9a4341
:1014cc0049d1adf80e300523adf80c30eb6c039917
:1014dc00204698470120a2e7bdf80e10228fae6d72
:1014ec00019b4a4000212046b047002897db012889
:1014fc0095d00623adf80c30eb6c03992046984739
:10150c0001208ce72b6d019a00212046984700287a
:10151c0085db012883d00723adf80c30eb6c0399e5
:10152c002046984701207ae76b6d0df10a012046a1
:10153c0098470028fff673af01283ff470afbdf851
:10154c000a20238f1a4214bf4ff0ff30002066e7a9
:0c155c006ff0080063e74ff0ff3060e71d
:020000040000fa
:020000040001f9
:101568006c616e68656c70003a206c6973742074e5
:101578006865204c414e3836357820646961676e5d
:101588006f737469637320636f6d6d616e6473004c
:101598006c616e5f72656164000000003a207265dc
:1015a8006164204c414e383635582072656769733e
:1015b80074657220286c616e5f72656164203c619d
:1015c8006464725f6865783e290000006c616e5f34
:1015d80077726974650000003a2077726974652033
:1015e8004c414e3836355820726567697374657298
:1015f80020286c616e5f7772697465203c61646451
:10160800725f6865783e203c76616c75655f6865d9
:10161800783e29006c616e5f726d77003a207265c2
:1016280061642d6d6f646966792d777269746520c0
:101638002b2076657269667920286c616e5f726d01
:1016480077203c616464723e203c6d61736b3e2080
:101658003c76616c75653e29000000007465737402
:101668006d6f6465000000003a20494545452074c7
:1016780072616e736d697474657220746573742019
:101688006d6f64652028746573746d6f6465205b85
:10169800302e2e345d205b7365636f6e64735d2c32
:1016a800206e6f20617267203d2073686f77290074
:1016b800706c63615f6e6f64650000003a20676557
:1016c800742f73657420504c4341206e6f646520fd
:1016d80049442028706c63615f6e6f6465205b69a4
:1016e800645d2c206e6f206172673a2073686f7793
:0c16f8002063757272656e74290000bfdb
:020000040000fa
:020000040001f9
:101704002de9f04f85b081464368029302295fdddd
:10171400144603394908083202ebc1074ff00008a8
:10172400cdf80c80cdf80480c346c24608e03046ac
:1017340012f0b9ff01904ff0010a0834a74229d0f2
:101744006568a6684849284617f009ff0028eed0c6
:101754004649284617f003ff70b14549284617f05b
:10176400fefe20b14349284617f0f9fe58b9304629
:1017740012f099ff8046e0e7304612f094ff0390a0
:101784004ff0010bd9e7d9f800301b683a490298a9
:101794009847d2e7b8f1000f23db384b1b68434569
:1017a4001fddbaf1000f34d0019b5a1e4ff6fe73b1
:1017b4009a4222d8bbf1000f2ed1314bd82404fb1e
:1017c4000834baf1000f3ad0019bc4f8b83036e0bf
:1017d4004ff00008cdf80c80cdf80480c346c24613
:1017e400dbe7264b1a68d9f800305b68013a2549d3
:1017f4000298984705b0bde8f08fd9f800301b680f
:10180400214902989847f5e71d4bd82404fb083476
:1018140015e0bbf1000ff7d0039b5a1e4ff6fe7381
:101824009a42ead8164bd82404fb0834baf1000fc4
:1018340002d0019bc4f8b830039bc4f8bc30d9f87b
:1018440000305d68d4f8b83042461049029e3046f4
:10185400a847d9f800305d68d4f8bc3042460c493a
:101864003046a847c6e700bf8c840100908401007d
:101874009484010098840100a08401006cbf0020be
:10188400e0b20020d4840100088501002485010011
:041894004c8501007e
:020000040000fa
:020000040001f9
:10189800f8b5002800f0af800446002900f0ae80bb
:1018a8000d46036f13f1020f0ad00b4600221146b2
:1018b8000ff089fe07466ff48773984240f09980cd
:1018c80004f12006236e5a1c22668022f254206ef0
:1018d800382822d9c0f140020021304417f0e6ff31
:1018e8004023236604f11c0104f15c0051f8042f25
:1018f800130a03f0ff13120202f0ff2213434fea08
:1019080033430b608142f1d131462046f9f712fe8c
:10191800074600286dd100232366206ec0f13802e7
:101928000021304417f0c2ff636ea16e5a0f02eb1c
:10193800c102a266db00636604f11c0104f15c00cd
:1019480051f8042f130a03f0ff13120202f0ff22ca
:1019580013434fea33430b608142f1d1a36ea36571
:10196800636ee36531462046f9f7e4fd0746002833
:101978003fd12646211f04f11c0000bf51f8042f57
:10198800130a03f0ff13120202f0ff2213434fea77
:1019980033430b608842f1d130687168b268f368ec
:1019a80028606960aa60eb6030697169b269f3699f
:1019b80028616961aa61eb61124b2360124b636075
:1019c800124ba360124be360124b2361124b63610d
:1019d800124ba36103f17453a3f52303a3f69243b7
:1019e800e361002323666366a366a36718f0bdfb63
:1019f80020673846f8bd6ff0ac07fae76ff0ac0720
:101a0800f7e700bf67e6096a85ae67bb72f36e3c0d
:101a18003af54fa57f520e518c68059babd9831fb1
:020000040000fa
:020000040001f9
:101a28002de9f8435f4b834240f0b580002800f071
:101a3800b58015460c46002a58d0084615f068f9b6
:101a48008146584bb3f84c30dbb9564bb3f84c10c1
:101a58000c43a3f84c40b3f8502049ea0202a3f81b
:101a68005020002c00f09c80b3f8522029ea02098b
:101a78001ffa89f993f89c3093b34ff00008494f47
:101a88001be000223f21474815f07efadde724f4e9
:101a9800806424f00604a4b23146384618f0a8fa47
:101aa80022463146384618f0a7fa08f1010897f897
:101ab8009c205ffa88f39a4212d95ffa88f606ebff
:101ac8008602d7f8983003eb82031a7c012a1abfe2
:101ad80029f0d004a4b24c465b7c012bd7d1dbe7bc
:101ae8003f21304815f07cfa284655e02d4b1b68fd
:101af8001a8841f250082c4b42450cbf98464ff0cb
:101b08000008284bb3f84c502c40204615f000f93b
:101b180007469dbbe44324b2224bb3f84c20224035
:101b2800a3f84c20fa4312b2b3f850101140a3f8ae
:101b38005010b3f84e100c40a3f84e40b3f85210b2
:101b48000a40a3f8522093f89c308bb10024154d1d
:101b5800e6b23a463146284618f052fa3146284647
:101b680018f046fa013495f89c20e3b29a42efd86f
:101b78000c4bb3f84c303bb901200de042463f21f5
:101b8800084815f001fac5e742463f21054816f016
:101b9800e3fd012000e00020bde8f8830020fbe71a
:0c1ba8002846f9e74cc0002038c000209f
:020000040000fa
:020000040001f9
:101bb4002de9f04383b0554b1f68002f40f0968009
:101bc4000b468468e4b1d9b10d88cdb1504a146094
:101bd400504a0868496803c21b891380a368182205
:101be4002946204698474c4b1860a8b1494b1b889e
:101bf400002b6fd000f11808464ddff83c9133e01c
:101c040018f086f808b9002075e018f07bf843490d
:101c14000ef066fd00206ee018f07af808b9002096
:101c240069e018f06ff83e490ef05afd002062e0ba
:101c340001220621304610f0c1fd30e00321304678
:101c440010f0bcfd70bb18f063f801282ad918f015
:101c540059f83a4633490ef043fd23e0013708f1c1
:101c640018082b88bb4235dd002401940094eb88ce
:101c7400224606212046fdf705fe064628f8180ce4
:101c840023464a464ff400710bf0cafcb6f1ff3ffd
:101c940034d0002832d02b8913f0010fc8d16a88c0
:101ca400002acbd1aa88002ad8d00221304610f0cd
:101cb40085fd0028d2d118f02bf80128ced918f0d0
:101cc40021f83a4618490ef00bfdc7e7174b0022de
:101cd4001a6016e0642216491a2012f03dfa154bd8
:101ce40018600028f2d0114b00221a60074a1368ca
:101cf40001331360012003b0bde8f0830b4b0022d5
:101d04001a600ef037f90020f5e700bf30bf00205d
:101d14002cbf0020dcbd002028bf002008ce01001d
:101d240038ce01005cce010084ce010024bf002027
:0c1d340019c7000034bf0020df9402003b
:020000040000fa
:020000040001f9
:101d40002de9f04784b004461e464568504b1b7889
:101d500023b90f4690464f4b1b683bb123681b6865
:101d60004d492846984704b0bde8f0874b4b1b68a7
:101d7000002bf3d1294613f05df80028f3d0a6f12b
:101d80000a03dbb2042b9dbfa6f10a03444a52f8b2
:101d90002390dff83091434b1f80a6f10a03042bf8
:101da00066d8dfe803f00322344554003e4b1b683d
:101db0000df10f020092d3f82c8000233b4a1288c9
:101dc000394636480068c047002854d0314b186067
:101dd0002f4b1e70364b1c60364b1d606422364bf9
:101de0001968202015f02afcbde72f4b1b680df168
:101df0000f02019200220092d3f830a01ffa88f35c
:101e00002a4a1288394625480068d047dce7264b25
:101e10001b68df6a294b1988224b19800df10f03cb
:101e200000930023214a12881c480068b847cbe77a
:101e30001d4b1b680df10f020092d3f84480022362
:101e40001a4a1288394615480068c047bce7164b45
:101e50001b680df10f02019202220092d3f840a0fc
:101e60004346124a128839460c480068d047abe70f
:101e7000fe238df80f30012012f04afd23685c68c4
:101e80009df90f304a460e492846a0476be700bf30
:101e900051bd0020dcbe002070270200d0be002013
:101ea0006097020022c00020d8be002052bd002052
:101eb000ecbe0020ccbe0020f0be0020e4be00201e
:081ec0009c27020068270200c4
:020000040000fa
:020000040001f9
:101ec8005d4b1b68002b00f0b68093f91b30002b8c
:101ed800c0f2b1802de9f041012b0dd0574b1b68a2
:101ee800002b73d014f054fe544b1a68002314f0de
:101ef800dffe534b18606fe0002108460bf05cfdd5
:101f080016f09afc002803db022806d0bde8f08111
:101f1800494b1b68ff22da76f8e7474b1f687b7e40
:101f2800002b00f0838007f136080025454e11e0ac
:101f3800008840f22e723146c0f3002015f0b8fe3a
:101f4800238823f4e06343f44073238001357b7ec8
:101f58009d426bda18f8010b16f0b6f9044640f208
:101f680019723146003018bf012015f0a1fe94f80f
:101f78006a0040f21a723146c0f3c00015f098feac
:101f880094f8730040f21b723146a84214bf002037
:101f9800012015f08dfe04f13c0194f83c3013f05b
:101fa800010f3ed138680ff03bfc0446002838d0ba
:101fb800037813f0020fbbd0038823f4e06343f4e3
:101fc800407303800023c0f81330bfe717f0a4fe66
:101fd8001a4b1860002885d1194b1f68164b1b68cf
:101fe8001b68dd68002d91dd0024134e02e00134ea
:101ff800a5428bd033682146186817f0a3fc0378f4
:1020080013f0010ff3d0038813f4807fefd14368f6
:10201800fb1a002bebdd33680146186817f098f8b7
:10202800e5e7054b1b68ff22da766fe7024b1b6872
:102038000222da7652e7704704bf002008bf00206a
:0820480000bf0020008a020025
:020000040000fa
:020000040001f9
:102050002de9f041044683695a48c3f307217422ed
:1020600002fb0101dbb203eb8303db00c9685f18ed
:102070005d5a02fb050300225a649a642269e368f0
:102080009a4251d3742101fb0501d31a4b644d4b85
:10209000742606fb053622464b49f06a17f0eefc23
:1020a00022464a49306b17f0e9fcbb69002b42d04d
:1020b000082b4dd8434b742606fb05364ff4807130
:1020c000306b17f039f94ff48071f06a17f034f97a
:1020d0002369002b4bd1dff8ec80742707fb0586c2
:1020e00000221146306b16f017fdb36c0022b2646b
:1020f00032464032b16b306b06f03cfae368002b9d
:1021000046d1304a742303fb052500221146e86ab4
:1021100016f002fd6b6c00226a646a6b2c49e86a57
:1021200006f028fabde8f0812648742101fb05017c
:102130009b1a8b64abe7234b742606fb0536002104
:10214000306b17f0f9f80021f06a17f0f5f8bfe7e7
:102150001c4b742606fb05364ff40071306b17f0ec
:10216000ebf84ff40071f06a17f0e6f8b0e7154ba2
:10217000742606fb05364ff400620021306b16f022
:10218000cbfc23696268b16b306b06f0f3f9b5e7fd
:102190000c4b742606fb053600224ff48061f06a72
:1021a00016f0bafcb36c53b12369064a742101fbe3
:1021b00005256a6ba168e86a06f0dcf9b2e7e36816
:1021c000f3e700bf60b70020b9350200213e0100ef
:0421d00070bd0020be
:020000040000fa
:020000040001f9
:1021d4002de9f04fa9b0ddf8c8b0002800f0b080b8
:1021e4000446002965d08360c0f814b0c0f804b078
:1021f4000023c36003749a4214bf242734279146f2
:1022040088468023029308ab019300200090034684
:1022140030224e4915f01af80146002840f08b8010
:102224000df11f05dff828a10df19f0650462a463f
:1022340012f8013f10f801cf83ea0c031943b242ac
:10224400f6d1002977d141496ff0010306930020ac
:1022540005908023049308ab0393029001902023fc
:1022640000930b46102220310af0c2fe02460028d9
:1022740061d100bf15f8013f1af8011f4b401a4302
:10228400b542f7d1002a56d184200ff063ffe060f5
:10229400d8b13a4608a920460ef05cfa38b30223b6
:1022a40023740125e06808b112f0dafb0023e3602f
:1022b4000fe0002a47d18360c0f814b0c0f804b01e
:1022c4000023c3600374342799e7022323746ff057
:1022d4007c0508ab1f441a460021134603f8011b72
:1022e4001a46bb42f9d1cdb9012323741fe0394604
:1022f40008a80ef029ff05460028d3d1cdf808b070
:10230400a3680193cdf8009043463a1f09a9e068f9
:102314000ef093fa05460028dbd0c3e7032d0ad05c
:10232400012d4ff00203237408bf6ff0c605284641
:1023340029b0bde8f08f032323746ff0d005f6e7ce
:102344006ff0ac05f3e76ff0ac05f0e7286c020022
:0423540043f501004c
:020000040000fa
:020000040001f9
:1023580055736167653a206c616e5f726d77203cda
:10236800616464725f6865783e203c6d61736b5f81
:102378006865783e203c76616c75655f6865783e77
:102388000a0d0000202020202020206e6577203da7
:1023980020286f6c642026207e6d61736b29207c59
:1023a8002076616c75650a0d000000004578616d46
:1023b800706c653a206c616e5f726d772030783092
:1023c80030303330384639203078303030303030a3
:1023d80030312030783030303030303031202020eb
:1023e80028736574204c4245290a0d004578616db3
:1023f800706c653a206c616e5f726d772030783052
:102408003030333038463920307830303030303062
:1024180030312030783030303030303030202020ab
:1024280028636c656172204c4245290a0d00000042
:102438006c616e5f726d773a206d61736b206973a2
:102448002030202d206e6f7468696e6720776f7555
:102458006c64206368616e67652c20757365206cf9
:10246800616e5f777269746520696e737465616403
:102478000a0d00006c616e5f726d773a2057415209
:102488004e494e472076616c7565206861732062fd
:10249800697473206f757473696465207468652046
:1024a8006d61736b2028307825303858293b2074ab
:1024b800686520647269766572204f52732074686b
:1024c800656d20696e207265676172646c657373ef
:0424d8000a0d0000e9
:020000040000fa
:020000040001f9
:1024dc002de9f84312f046fe002800f086800546f0
:1024ec00554edff8688100bfd5f88c40002c75d0b4
:1024fc002369586840f2ba323146a84214bf002012
:10250c00012015f079fbe07b40f2bb32314602280a
:10251c0014bf0020012015f06ffb237b013bdbb2c5
:10252c00042b40d8a37b012b39d0237b013b58f8db
:10253c002330214628469847a37b052b3bd8a37b09
:10254c00042b4bd92769786840f2bc423b49a8421e
:10255c0014bf0020012015f04ffb637b13f0010f1b
:10256c0012d1bb68002b42d0a27b531edbb2032bd3
:10257c0032d9062a27d8052a21d00022d7f808906c
:10258c00238921463846c847237b032b26d00223b8
:10259c0005f18c02214628460df070fca4e7e86892
:1025ac0017f0e9fcc1e740f2c7323146002015f0c4
:1025bc0023fb0723a373e86817f0e2fcbfe70423af
:1025cc00a3730022dae740f2f3421d49002015f014
:1025dc0013fb6ff01302d1e70122cfe717f062fd76
:1025ec002b7801332b7017f061fdbde8f883237b4a
:1025fc00032bf3d005f18c0016f0f2f8074648b126
:10260c00f87b4ff483720f49022814bf002001207d
:10261c0015f0f2fa40f256220b49bc4214bf0020ce
:10262c00012015f0e9fa394605f1980016f09ffbe8
:10263c000323fb7358e700bf4896020098960200ec
:10264c00ac960200f89002001c9a0200d49602008c
:020000040000fa
:020000040001f9
:10265c002de9f04fafb006464768012907dd0c465f
:10266c00904651684f4816f076ff054638b13368ee
:10267c001b684d49384698472fb0bde8f08f17f0ce
:10268c000dfb8146022c09dc834633685b684a46a5
:10269c004649384698475d450bdbede7d8f808000e
:1026ac0011f0fdff054600f1010beee70135ab45de
:1026bc00e2d019a928b205f02ffb0028f6d0336818
:1026cc00bdf8b2200392bdf8b0200292bdf8aa204a
:1026dc000192bdf8a82000925c689df864302a46ef
:1026ec0033493846a047dff8dca09df8b430c3f37b
:1026fc004003dff8d4905af823304a46502105a8fd
:10270c0016f0defb0446dff8c4809df8b43003f00d
:10271c00010358f82330274ac0f1500105a8204482
:10272c0016f0cefb04449df8b430c3f3c0035af842
:10273c0023304a46c4f1500105a8204416f0c0fbd2
:10274c0004449df8b430c3f3800358f823301a4a7c
:10275c00c4f1500105a8204416f0b2fb04449df8c6
:10276c00b430c3f340135af823304a46c4f1500135
:10277c0005a8204416f0a4fb20449df8b430c3f304
:10278c00001358f823300d4ac0f1500105ac204419
:10279c0016f096fb33685b6805aa094938469847da
:1027ac0084e700bf14b10100d0ab010028ab0100dd
:1027bc003cab0100a0ab0100acab0100b8ab01001d
:1027cc00c0ab010058a0020094ab010060a0020055
:020000040000fa
:020000040001f9
:1027dc002de9f04f85b0174601292edc022900f3b4
:1027ec0094804ff0050a0af1ff33632b38d84ff071
:1027fc0000094b4652464f4900200df06dff00205a
:10280c0015f060fd17f01afc4b4b4ff0ff321a60bd
:10281c009a8058b3484a0168c2f8061083885381dd
:10282c00454888230373b52343732a22aa21123007
:10283c0017f03af80027414e2ae00e460a220021f2
:10284c00786817f04ff88246022eccdd0a22002160
:10285c00b86817f047f881460af1ff33632b5cd94f
:10286c006422374900200df037ff60e0324a002324
:10287c00c2f806305381d3e7304c226831490df051
:10288c002bff2368013b236051e0013757454ed2a3
:10289c0033680133336028491a0e8a731a0cca73d1
:1028ac001a0a0a744b7400200190009003463c22d3
:1028bc0013f044fc0028dfd03268234900200df0cf
:1028cc000bff3c211c4816f0dbffb9f1000fdcd0ec
:1028dc0014f05cf980468b4617f01cfa4ff47a72b0
:1028ec000023a0fb090114f0e1f9cde9020100bfbe
:1028fc0014f04cf9b0eb080461eb0b05dde9022395
:10290c009d4208bf9442f3d3bfe70a220021b86866
:10291c0016f0e8ff81464ff0050ab9f57a7f7ff68d
:10292c0068af4ff47a72094900200df0d5fe05b05e
:10293c00bde8f08f90cf010098ba0020e4bf0020d2
:10294c0050cf0100b8cf0100dccf010070cf0100e7
:020000040000fa
:020000040001f9
:10295c002de9f04fadf6340d0646d0f80480012970
:10296c000dd003681b684e494046984733681b6876
:10297c004c49404698470df6340dbde8f08f17f0e2
:10298c0063f9b0f1000af6dd00271ae033681b6822
:10299c0045494046984733685b682a464349404658
:1029ac0098470dab32220ea9204614f019fe0028d0
:1029bc0057d133681b683c49404698470137ba45a4
:1029cc00d9d0384615f07efc044617f03bfb0128a5
:1029dc00f4d1204617f0d9fa054633685b680246f5
:1029ec003349404698470df608020df6180120466b
:1029fc0014f0e2fd0028c9d033685b682d494046cd
:102a0c0098473368ddf820280092d3f80490ddf85d
:102a1c001c38ddf8182828494046c8473368ddf8cb
:102a2c002c280092d3f80490ddf82838ddf82428ff
:102a3c0022494046c84733685b682149404698475d
:102a4c003368ddf814280192ddf810280092d3f8d1
:102a5c000490ddf80c38ddf808281a494046c847c0
:102a6c0099e700238df830300d9b002ba6dd002557
:102a7c000eacdff854902422214603a817f074f909
:102a8c003368d3f804b0636a03aa49464046d84772
:102a9c00013528340d9bab4290dd322debd18de707
:102aac00c00e0100d40e01002410010038100100ea
:102abc00e40e0100080f0100200f0100640f01005b
:0c2acc00b00f0100cc0f010064100100ed
:020000040000fa
:020000040001f9
:102ad80030b45c4c247f002c40f0ad80054604f0f7
:102ae800ff0000294cd0002d4ad0574c646804f0f0
:102af8000704012c61d053480560426000244461fa
:102b0800846104614f488160002a5cd04d4ad360db
:102b18004c4a012111774c4a127e12f0040f05d05d
:102b2800494a916a117e11f0040ffad1464a518b35
:102b380041f004015183117e41f080011176414931
:102b48008a68c968914203d93e48c168891a0161f7
:102b58003d49496811f0070f45d13a4989699142c1
:102b680035d2384a11680878374988629169013145
:102b78009161002b5bd0344b04229a7501205be0f5
:102b8800002b59d0002a57d02f4c646804f0070452
:102b9800012c0cd02b4805604260002444618461fc
:102ba8000461002daed1274900208860ace70029d8
:102bb80044d113f0010fedd03ee011f0010f3bd1ed
:102bc800002be7d0f5e71f4a0021d160a0e71d4a96
:102bd8001269002acdd01c4aff21916219490a695d
:102be800013a0a61c5e7174a916849089160116975
:102bf80049081161d1684908d160916892698a428f
:102c080008d2104a116808880f4988629169013111
:102c18009161aee70b4a1269002aaad00a4a4ff618
:102c2800ff71916207490a69013a0a61a1e7012027
:102c3800054b987500e0002030bc704711f0010f7b
:0c2c4800b7d0f9e7b8bb00200030004016
:020000040000fa
:020000040001f9
:102c54002de9f04f83b004460f4691461e460d9869
:102c640016f0d2fe002800f087808046002f00f086
:102c740086800025444f03e001212046f7f7a8ff92
:102c840001950097012332464946204615f0eefa95
:102c940083460028f0d00024a146dff828a13de0b7
:102ca4003a480bf0e1fd38e039480bf0ddfd34e043
:102cb40038480bf0d9fd30e037480bf0d5fd2ce057
:102cc40036480bf0d1fdd94627e035480bf0ccfd52
:102cd40023e034480bf0c8fd1fe033480bf0c4fd7b
:102ce4001be032480bf0c0fd17e031480bf0bcfd8f
:102cf40013e030480bf0b8fd0fe02f480bf0b4fda3
:102d04000be050460bf0b0fd07e032462b480bf0c9
:102d1400abfd0135edb21f2d26d80134e5b22146b5
:102d24000123a3403342f4d00c2deed801a353f871
:102d340025f000bfa52c0100ad2c0100b52c01002d
:102d4400bd2c0100c52c0100cf2c0100d72c0100a3
:102d5400df2c0100e72c0100ef2c0100f72c01000f
:102d6400ff2c0100072d0100b9f1000f04d000234e
:102d740088f8d43088f8903003b0bde8f08f10485c
:102d84000bf072fdf8e700bf19670200d0e0000005
:102d9400f4e0000020e100004ce1000074e10000d8
:102da40094e10000ace10000c8e10000e0e10000b3
:102db40014e2000048e200007ce20000d4e20000db
:082dc400fce20000ace200009b
:020000040000fa
:020000040001f9
:102dcc002de9f84f9946574b1b68002b00f0a48057
:102ddc0006460d46904611f0020306bf174698466c
:102dec00002717f05ff9504b1b78002b66d117f0ba
:102dfc005df9002f68d04d4b196800296add494bed
:102e0c001b681a68002a00f08a80002401348c4266
:102e1c005fd053f8042f002af8d1454b186883680b
:102e2c006422012198478246002853d00ffa84fb74
:102e3c00a0f812b03b4b1b6843f8240017f032f992
:102e4c00394a13780133137017f030f9aaf82a7045
:102e5c00aaf828808af83c6003238af83d308af867
:102e6c0062309af8413066f305138af8413015f058
:102e7c00800f3cd00023aaf810309af8413043f070
:102e8c0002038af8413015f4807f05d09af841305e
:102e9c0043f008038af8413015f0010f2cd09af852
:102eac00403043f01c038af840309af8483043f025
:102ebc0004038af848305846bde8f88f013b1a4a9b
:102ecc00137017f0f3f894e712f02eff074608b1d1
:102edc0091e752b117f0e6f8134a137801331370e7
:102eec0017f0e4f84ff0ff3be5e70c4695e7114b84
:102efc001b88aaf81030c6e7012edcd1b9f1000fff
:102f0c00d9d0d9f80030caf814309af8413043f0cf
:102f1c0001038af84130cee74ff0ff3bcbe70024aa
:102f2c007be700bf38bf002021c000203cbf002041
:082f3c0048bf00202ac000205c
:020000040000fa
:020000040001f9
:102f44002de9f843002a00f09d800f46154600291c
:102f540000f09c8014f010fc0446002800f09880d7
:102f6400c36c002b00f0968013f0f4fc0646002896
:102f740000f09280854228bf0546adb2a068636820
:102f84004219934230d9a8464ff0000942463946c7
:102f9400a06812f041fea3684344a36022699342ef
:102fa40019d094f8757017f0800f2dd1934242d93f
:102fb4009b1a9bb2b4f864000146984228bf194694
:102fc400b4f86a508d4247d9b4f86e50b1eb550f3e
:102fd40042d2984236d294f83e3013f0040f3fd0d8
:102fe40008eb0906b6b24ee0a3eb00091ffa89f913
:102ff4004a46394612f010fe4f44a5eb09081ffa61
:1030040088f82368a360c1e794f83e1011f0200ffc
:10301400ccd1751badb261682068091ab5eb610f9c
:10302400c4dc204614f0bcfb94f83e3043f020038b
:1030340084f83e30d4e76168891a20681b1a0b446f
:103044009bb2b7e717f0080f06d194f93f30002b75
:10305400c1dbe3689a42bed1204614f0a1fbbfe76e
:1030640043f0040384f83e3014f0fefb0e4b1b685f
:1030740003eb8303db000d4aa2fb032300eb931055
:10308400a062ade716463046bde8f8830026fae7ad
:103094000026f8e70026f6e794f87730012bf2d102
:1030a400204614f07dfbeee754bf0020d34d6210a0
:020000040000fa
:020000040001f9
:1030b40073686f77656e76003a2073686f77207453
:1030c40068652063757272656e74206e6574776fbf
:1030d400726b20636f6e666967202852414d2073be
:1030e4006861646f77290000736574656e7600000b
:1030f4003a20736574656e76203c6b65793e203c9e
:1031040076616c3e2020286970302e2e2f646e73f9
:10311400312c206d6163302f6d6163312c20706c14
:1031240063615f69642c20706c63615f636e742cef
:10313400207074705f6175746f2c207074705f6997
:1031440076616c290000000073617665656e760017
:103154003a207065727369737420636f6e66696771
:1031640020746f20454550524f4d20616e6420619c
:1031740070706c79206974206c69766500000000b9
:1031840072656164656e76003a2072656c6f616485
:1031940020636f6e6669672066726f6d20454550c7
:1031a400524f4d20616e64206170706c79202864e8
:1031b4006973636172647320756e736176656420ec
:1031c40065646974732900007265736574656e764d
:1031d400000000003a20726573657420746f2063e8
:1031e4006f6d70696c65642064656661756c747379
:1031f4002c207065727369737420616e6420617031
:10320400706c790065746830000000006574683182
:04321400000000bff7
:020000040000fa
:020000040001f9
:1032180075736167653a2070747020737461727495
:10322800207c2073746f70207c20696e74657276c0
:10323800616c205b6d735d207c20737461747573a1
:103248000d0a000073746172740000005b505450e2
:103258005d20616c72656164792073656e64696e66
:10326800672028696e74657276616c202575206dfb
:1032780073290d0a000000005b5054505d207374e0
:103288006172743a20696e74657276616c20257576
:10329800206d730d0a0000005b5054505d2073745c
:1032a800617274206661696c65640d0a0000000033
:1032b80073746f70000000005b5054505d206e6f97
:1032c800742073656e64696e670d0a005b50545014
:1032d8005d2073746f700d0a00000000696e7465dc
:1032e8007276616c000000005b5054505d20696e7e
:1032f80074657276616c202575206d730d0a000067
:103308005b5054505d20696e74657276616c206df7
:103318007573742062652025752e2e2575206d73b2
:103328000d0a00005b5054505d20696e746572761a
:10333800616c202575206d73202866726f6d20746e
:103348006865206e657874206379636c653b2073cb
:10335800657175656e636520636f6e74696e7565fa
:1033680073290d0a000000007374617475730000fe
:020000040000fa
:020000040001f9
:1033780038b50d46144614f0c1f9002800f0a080b5
:103388000346002c00f09e800f2d00f29d80dfe8a0
:1033980005f008111a232a31353a3f464b727980d5
:1033a800878e90f8403083f00403c3f380032370c2
:1033b800012086e090f8403083f00803c3f3c0038f
:1033c800237001207de090f8403083f01003c3f3b0
:1033d80000132370012074e090f84030c3f3010318
:1033e800237001206de090f84130c3f3800323700f
:1033f800012066e0038a2380012062e090f83d30d6
:10340800237001205de090f862302370012058e0bd
:1034180090f8423003f001032370012051e090f846
:103428006330237001204ce090f8402002f01c0229
:103438001c2a14bf00220122416c09b142f0020289
:1034480093f8481011f0010f18bf42f0040211f070
:10345800020f18bf42f0080293f8423013f0040f2d
:1034680018bf42f0100213f0080f18bf42f02002f4
:103478002270012025e0b0f84830c3f3c50323705b
:1034880001201ee090f84930c3f340032370012067
:1034980017e0436c003318bf01232370012010e0ac
:1034a80090f8483003f001032370012009e090f8f8
:1034b800493083f00403c3f380032370012000e044
:0c34c800002038bd0020fce70020fae7df
:020000040000fa
:020000040001f9
:1034d400f0b587b0a0f58854103c4f4a4ff486737a
:1034e40003fb042393f80531002b00f08e804ff486
:1034f400867303fb04f3d35c012b24d011f008067c
:1035040028d0454a4ff4867303fb042393f8ff3015
:10351400003318bf01234ff0ff305bb13f4b1a68f3
:103524003f4b9a4222d13d4b9a683d4b9a421bd164
:103534004ff0ff304ff4867303fb04f4364b012243
:103544001a5507b0f0bd4ff4867303fb04f3002053
:10355400d054d3e7304a4ff4867303fb042393f823
:10356400013183f00103d6e7012700e000272a4b4d
:103574004ff4867505fb04350321a88801f0e6f9ac
:10358400c5f88800b0f1ff3f42d0234b4ff4867555
:1035940005fb043595f8002122490ef0fbfbeb688e
:1035a400019301230293002303930493aa798df8d2
:1035b40014208df8153001a9d5f8880013f01fffe9
:1035c400284606f0e9fac5f8ec0008b3134b144a90
:1035d40043f8372003ebc7077d600f4b4ff4867524
:1035e40005fb0435002385f8903095f8ff3001334e
:1035f40085f8ff3016f0a0fa85f8fd00311c18bfdd
:10360400012185f80111384694e74ff0ff3098e71f
:103614004ff0ff308ee700bfccb0002054bd002037
:0836240023342123b54c020000
:020000040000fa
:020000040001f9
:10362c00524b586a524b9b7d002b00f09d8070b51d
:10363c004f494c6804f007044c4b5a699d699e68cd
:10364c000b7e13f0040f56d0896a484bdb6893420b
:10365c0051d9002c41d1454b5b6899540132444bf4
:10366c001b7e13f0010f15d0414b012119753f4bf7
:10367c009b68ab4255d93d4b1b68595d3c4b9962dd
:10368c0001353a4b1b690bb9b54263d0374bdb683c
:10369c00934263d0354b5a619d61354b1b7e13f0c1
:1036ac00020f13d0334b1b78b3b1304bdb68934212
:1036bc000fd12e4b00221a772d4907240c752d495a
:1036cc000a701b6a43b1294b1b6a9847294b1b781c
:1036dc0013b1274b02229a7570bd244b5b6823f8fb
:1036ec0012100132224b1b7e13f0010fd2d0204b53
:1036fc000121197509e01e4b1b7e13f0010fc9d077
:10370c001b4b01211975002cb1d0184b9b68ab4297
:10371c0013d9164b1b6833f81510154b99620135ec
:10372c00afe7124b1b69002babd0114bff219962f9
:10373c000e490b69013b0b61a3e70c4b1b69002b7a
:10374c009fd00b4b4ff6ff71996208490b69013bf7
:10375c000b6196e7074b012119709be7044b012184
:10376c0099750421197595e7704700bfb8bb002007
:08377c000030004033c00020c2
:020000040000fa
:020000040001f9
:103784006f6e00006f6666000000000020203c2d74
:10379400206669656c6420616e6420696e7465726c
:1037a40076616c206469666665722c206279206497
:1037b400657369676e0000005b5054505d2073654b
:1037c4006e64696e673a202573202020696e7465e3
:1037d4007276616c3a202575206d73202020736504
:1037e400713a2025750d0a005b5054505d206c6fb2
:1037f400674d657373616765496e74657276616c54
:103804003a20256420282575206d732925730d0a17
:10381400000000005b5054505d2074782073796e72
:10382400633a202575202020666f6c6c6f775f7576
:10383400703a20257520202074732074696d656f9b
:103844007574733a20257520202073656e64206694
:1038540061696c733a2025752020207265672065a4
:1038640072726f72733a2025750d0a005b505450c2
:103874005d206c61737420636170747572653a20a5
:1038840025752073202575206e730d0a0000000035
:103894005b5054505d206c61737420636170747567
:1038a40072653a206e6f6e65207965740d0a0000aa
:1038b4005b5054505d206175746f73746172742031
:1038c40028656e76207074705f6175746f293a2074
:0838d40025730d0a000000bf7e
:020000040000fa
:020000040001f9
:1038dc002de9f04194b00446002300930193029328
:1038ec00039304930593456803290cd003681b6864
:1038fc0040492846984723681b683f492846984703
:10390c0014b0bde8f0811646506811f05dfd074615
:10391c00b0b116f014f98046b66802223749304629
:10392c0015f09cf990b104223549304615f096f902
:10393c00002844d023681b68324928469847dfe7a3
:10394c0023681b68304928469847d9e7384614f055
:10395c00a9ff28b123681b682c4928469847cfe754
:10396c00002108460af026f8694612f017ff019e5e
:10397c00feb11ffa88f8c8ebc80806ebc8060df1b3
:10398c00180e06f13008f44630687168b268f368b6
:10399c00ace80f001036e6464645f4d13068716845
:1039ac00aee803001a4b0e9306a9384608f02efb1e
:1039bc0012e023681b68174928469847a0e7384649
:1039cc0014f070ff28b923681b68134928469847e0
:1039dc0096e7384612f000fc28b123681b680f49a3
:1039ec00284698478ce723681b680d49284698475a
:1039fc0086e700bfb4640100d8640100346601009e
:103a0c00986601007c650100f064010010650100fe
:103a1c00546501002c6501005c6501009c6501008a
:043a2c00b46501007c
:020000040000fa
:020000040001f9
:103a30002de9f04104464568012904d09046494edd
:103a400006f1c00754e00022464e06f1c00717e019
:103a500023681b6844492846984723681b68b16857
:103a60002846984723681b68f168284698472368ca
:103a70001b683e492846984701221836be420ad0a4
:103a80007368002bf9d0002ae2d123681b683849fb
:103a900028469847dce723681b683649284698473c
:103aa000354f07f10c063037dff8bc8023681b6800
:103ab00041462846984723681b6856f80c1c284640
:103ac000984723681b6856f8041c284698472368c3
:103ad0001b682649284698470c36b742e6d123682a
:103ae0001b6826492846984733e01836be4232d034
:103af0007368002bf9d0d8f80410b06815f031fdc8
:103b00000028f2d177683368f3b10c374ff0000822
:103b100023681b6814492846984723681b6857f890
:103b20000c1c2846984723681b6857f8041c284635
:103b3000984723681b680d492846984708f10108f3
:103b40000c3733684345e3d823681b680b49284684
:103b50009847bde8f08123681b68094928469847c3
:103b6000f7e700bfb8b300209ce20100a4e2010027
:103b700070e20100ace20100fc7d0200d8e201002d
:043b8000dce2010082
:020000040000fa
:020000040001f9
:103b84002de9f84f044601eb011a4fea8a0ad046a0
:103b9400d0f88c3053445d6901eb81018f004ff004
:103ba400010931e0036a23f008030362e36a41f286
:103bb400500201219847e36f0133e36705ebc90223
:103bc400536823f400435360d4f88c304344a3f87f
:103bd4004090bff35f8f00233381f380b380236b66
:103be4001bb1032104f160009847d4f88c004044d1
:103bf4003146303015f0a5f8236b4ff000091bb1a6
:103c0400042104f160009847236b1bb1032104f1e4
:103c140060009847d4f88c004044243014f090fda0
:103c24000646236b1bb1042104f160009847002e63
:103c340049d0b388d9006a185268002a2fda55f897
:103c4400332062b33289b6f806906958d4f8cc00b0
:103c54000140b4f9c80008584ff6ff7cdff86ce067
:103c6400013a92b262459dd005ebc301d1f804b08c
:103c74004bf0004bc1f804b0d1f804b00bea0e0bc2
:103c8400c1f804b0002145f8331001339bb2d4f8d5
:103c9400981039444989994298bf0023e0e7236b7f
:103ca4001bb1032104f160009847d4f88c305344cd
:103cb400314603f1240015f0d5f9236b1bb104211f
:103cc40004f1600098474846bde8f88f008000c0c2
:020000040000fa
:020000040001f9
:103cd4002de9f04f85b0d0f8a430039390f89c30d0
:103ce400002b00f092800446002301931d460fe050
:103cf400d4f88c304b445b6823f00303039a93613c
:103d0400019b0133019394f89c20dbb29a427ad947
:103d14009df8048008eb081b4fea8b094e46d4f843
:103d24008c304b44dd609d601d6108eb880a4feace
:103d34008a0302931f46d4f89810e369042231f8e9
:103d44002a10a0699847002861d0d4f88c2042f842
:103d54002b00d4f8983033f82a30f3b12b4600bf47
:103d6400d4f88c2032449587d4f88c20925942f8a8
:103d74002350d4f88c203244526842f83350d4f89b
:103d84008c203244526802ebc302556001339bb26b
:103d9400d4f89820d25b9a42e2d8d4f88c204a44d2
:103da40003f10053013b516851f8332042f0020201
:103db40041f83320d4f89810029b19444b7c012b12
:103dc40096d14246498820460af082fc034600bb4d
:103dd400d4f89830029a1a4411462b4642468988f0
:103de40020460af075fc034698b9d4f8983033f8a5
:103df4002a302a464146204600f0dafb03460028d2
:103e04003ff476af05e0002303e0002301e04ff028
:0c3e1400ff33184605b0bde8f08f00bf7a
:020000040000fa
:020000040001f9
:103e20002de9f04105460c468b694e48c3f3072146
:103e3000742202fb0101dbb203eb8303db00c968e0
:103e40005f1833f8018002fb0802936c002b46d107
:103e5000742202fb080673699b6898470028fad110
:103e600097f91c30b3f1ff3f0fd07a7f002a51d170
:103e700003f01f02c3f34a1303f5020000f580703c
:103e800001219140c00116f08df9364b742000fbe2
:103e900008307a6aa3699a424dd1012d48d0022d8b
:103ea00004bfff23237594f91450e66915f045fd0e
:103eb0007b68002b41d02b4b742404fb083494f80e
:103ec0002630013384f826307b68ba6831462846ac
:103ed000984794f82630013b84f826302de0214f96
:103ee000742606fb087500221146286b14f014fe98
:103ef0002a46ab6c4032a96b286b04f03bfba068f0
:103f00002169ab6c6a6b0144e86a04f033fb00235f
:103f1000ab641ce003f01f02c3f34a1303f5020075
:103f200000f5807001219140c00116f03df9ace729
:103f300001232375b7e715f000fd0a4a742303fb3c
:103f40000828d8f8204014b1637d012b01d0bde8ca
:103f5000f081204605f0b4fb022363752046fef78e
:083f600077f8f4e760b70020d8
:020000040000fa
:020000040001f9
:103f6800002800f09a802de9f0410d4616460446d7
:103f780001b3036f13f1020f07d000230df023fbe9
:103f880003466ff48772904219d1206e3f2800f2e1
:103f98008880626eb31863669a4202d9a36e0133b1
:103fa800a36604f1200768b93f2e42d8002e6cd1d1
:103fb800002304e0002a14bf6ff0ac030023184666
:103fc800bde8f081c0f14008b04528bfb046424680
:103fd8002946384414f052fe236e43442366454470
:103fe800a6eb0806402bdfd104f11c0104f15c00ac
:103ff80051f8042f130a03f0ff13120202f0ff22f4
:1040080013434fea33430b608142f1d139462046ce
:10401800f7f790fa03460028d1d100232366c3e7b7
:1040280039462046f7f786fa03460028c7d13f2ebf
:10403800bcd92b463a4605f1400100bfd3f80080b1
:10404800d3f804e0d3f808c0d868c2f80080c2f8f2
:1040580004e0c2f808c0d060103310328b42edd1b2
:104068004035403e04f11c0104f15c0051f8042f76
:10407800130a03f0ff13120202f0ff2213434fea60
:1040880033430b608842f1d1cae7324629463846a5
:1040980014f0f4fd2666002391e76ff0ac03184690
:0840a80070476ff083038ae703
:020000040000fa
:020000040001f9
:1040b00055500000444f574e0000000052656164a7
:1040c000790000004e6f7420526561647900000031
:1040d00055736167653a206e6574696e666f0d0a87
:1040e0000000000045783a206e6574696e666f0db9
:1040f0000a0000002d2d2d2d2d2d2d2d2d2d20498b
:104100006e74657266616365203c25732f25733e6e
:10411000202d2d2d2d2d2d2d2d2d2d200d0a000086
:10412000496e7465726661636520697320646f7798
:104130006e0d0a00486f7374204e616d653a20253c
:1041400073202d204e424e532064697361626c656a
:1041500064200d0a00000000495076342041646458
:10416000726573733a2025730d0a00004d61736bfd
:104170003a2025730d0a0000476174657761793a2a
:104180002025730d0a000000444e53313a20257358
:104190000d0a0000444e53323a2025730d0a0000e8
:1041a0004d414320416464726573733a2025730d59
:1041b0000a00000064656661756c742049502061d6
:1041c00064647265737300002573206973204f4e19
:1041d0000d0a00004c696e6b2069732025730d0a6f
:1041e000000000005374617475733a2025730d0a42
:0441f000000000bf0c
:020000040000fa
:020000040001f9
:1041f4002de9f04704460d4690f83e3013f0010fc8
:1042040019d090f8753013f0040f29d190f8743058
:1042140013f0030f0cbf012300234ff0000a0ce03e
:104224008bb1036a13f0080f40f081800023e3642c
:1042340011f046f907e001239a46e06c18b194f8ae
:104244007720012aecd0e76fd4f88090b4f87a3064
:104254001d4008d0bfb1b4f93c60d4f8488004e0f4
:1042640001239a46e9e70026b046baf1000f0ed0c2
:10427400204611f061f925b14b462a4641463046a5
:10428400b847bde8f0870026b0463546ede7b4f8f8
:104294006230a4f872302368a360e3602361636929
:1042a400e361236294f83e3003f081036ff3c71394
:1042b40084f83e3094f83f3003f0fe0343f00203e9
:1042c4006ff3820384f83f3094f8743094f87520c7
:1042d4006ff3410284f8752003f0fb036ff3c3030b
:1042e40084f874300021a163616361654ff0ff308d
:1042f400e0650120a4f86400a4f86e00a4f860103e
:10430400216484f8791003f0030384f87730d2b27f
:1043140012f0200f08bfa16412f0400f04bf002365
:104324006364002384f8873084f87630a3e700239d
:04433400e36488e7cf
:020000040000fa
:020000040001f9
:104338002de9f04fadb09046ddf8e0a0ddf8e4b02f
:104348008df80730c2f3571303f0ff13d20202f0bf
:10435800ff2213434fea33432a9318f01f0918bf6b
:104368004ff0010901238df8af3019eb58196fd0c0
:1043780007460d4600263ee09df8af3001338df824
:10438800af3004222aa90ba8fff7eafd044600284b
:1043980041d19df80730042b41d1379a36990ba8a3
:1043a800fff7defd0446002835d1baf1000f02d030
:1043b800bbf1000f3dd103a90ba8fdf769fa04462c
:1043c8000ba80df0b4fc9cb9b8f1200f3ad90df147
:1043d8000c0cbce80f0028606960aa60eb60bce8c0
:1043e8000f0028616961aa61eb61a8f120082035f6
:1043f8000136b1452dd0fa6fb96f0ba80cf0a6fbaa
:10440800044630bb01220df1af010ba8fff7a8fd50
:1044180004460028b0d00ba80df089fce8e701227b
:104428000df107010ba8fff79bfd04460028f2d108
:10443800b3e75a4651460ba8fff792fd04460028f9
:10444800e9d1b8e7424603a9284614f017fccfe79c
:10445800012403aa00200ba9134603f8010b1a46ee
:104468008b42f9d1201c18bf01202db0bde8f08f78
:020000040000fa
:020000040001f9
:10447800656e76202852414d20736861646f7729f4
:104488003a0d0a0020206574682564202000000089
:104498006970200020206d61736b200020206777f1
:1044a800200000002020646e732000000d0a000028
:1044b80020206574683020206d61632025730d0a03
:1044c8000000000020206574683120206d616320a1
:1044d80025732020286170706c69656420617420e0
:1044e800626f6f74290d0a002020706c63612020b0
:1044f800696420256c752020636f756e7420256ca7
:1045080075202028657468302f543153290d0a000e
:1045180020207074702020206175746f20256c75c0
:104528002020696e74657276616c20256c75206d2b
:10453800732020286772616e646d617374657220e0
:104548006f6e20657468303b206175746f206170f0
:10455800706c69657320617420626f6f74290d0a2d
:104568000000000020202873617665656e76203d86
:1045780020706572736973742b6170706c792c206c
:1045880072656164656e76203d2072656c6f61644a
:104598002c207265736574656e76203d20646566af
:0c45a80061756c7473290d0a000000bfdf
:020000040000fa
:020000040001f9
:1045b4002de9f04f87b00446039116461d4601ebe2
:1045c40081039b009b46d0f89820d35a059301ebb6
:1045d40001134fea830a002301930be0b1464fea2b
:1045e4008608d4f88c3053f80a3053f82630ebb1ef
:1045f400013dadb2b5b1d4f898105944d4f88c301b
:104604005344ca881b699342e8da0023039a098950
:1046140020460af05df80190b0f1ff3fded1a36fb0
:104624000133a367019807b0bde8f08f236b1bb17a
:10463400052104f15c009847d4f88c0050440830fc
:1046440014f07ef80746236b002b42d004f15c0281
:104654000621049210469847002fc9d03b695b6835
:1046640023f003030293236b13b1052104989847a5
:10467400d4f88c3053445b6803ebc90300225a60be
:10468400d4f8983033f80b30013b9e42d4f88c3088
:1046940053445b68029a08bf42f0020243f839208f
:1046a400236b1bb1062104f15c0098470d4bbb60e2
:1046b400fc6000233b62d4f88c2052f80a2042f8b4
:1046c40008703b600136b6b2059bb34298bf002622
:1046d4008ee700288cd03b695b6823f003030293c8
:0846e400c6e700bf1dfd010047
:020000040000fa
:020000040001f9
:1046ec002de9f84f8046d0f8a4a002eb02194fea4e
:1046fc008909d0f88c0048444569c78fd8f89830a0
:10470c0002eb820203eb82025689b0f84030bb42c6
:10471c0034d9db1b98b2002934d00a46002301336c
:10472c009bb21268002afad198426fd305ebc702ec
:10473c0055f837300320002b69d13b4600245068d4
:10474c0000f04040506088681060d2f804c088893e
:10475c00c0f30d0040ea0c00506001339bb29e4246
:10476c0098bf002309680134a4b269b105ebc302f8
:10477c0055f833000028e2d0032048e09819c01bfc
:10478c0080b2c8e73b460024d8f88c204a44d38733
:10479c00c3b906f1ff3b1ffa8bfb05ebcb02536849
:1047ac0043f400435360d8f88c004844303013f085
:1047bc00c3ff01460481a0f806b08780c4b1013e56
:1047cc00b6b20ae0013b1ffa83fbe6e70bf1ff3bb5
:1047dc001ffa8bfb013ca4b254b105ebcb0253681e
:1047ec0023f000435360bbf1000fefd1b346f1e768
:1047fc00d8f88c004844243014f09ffadaf80030d2
:10480c0043f40073caf80030002000e00320bde838
:02481c00f88f13
:020000040000fa
:020000040001f9
:02481e007047e1
:020000040000fa
:020000040001f9
:10482000002840f0918038b5484a41f288130120b1
:10483000d054b1b1454a41f27013d35cdbb2012bc5
:1048400022d0022b5ad04148002341f270128354e7
:1048500041f28812835400f58b53196815f064f8ff
:1048600038bd104641f28c130122c254002341f29c
:104870008b12835441f27c12835200f58b531a68d9
:10488000082108f01dfad5e7304b41f2da02995cb5
:1048900041f2d8029a5c41f2d9001b5c013b5b1ae1
:1048a000dbb29342cfd2531e0b40284841f2d402d0
:1048b000825841f27a0000fb032303f63c0241f2e6
:1048c00078001b5a043bd418d05c10f0400f0fd175
:1048d00010f0200f0cd01d4de078c0f3440041f2e1
:1048e00083142855d35c03f01f0341f28412ab54a8
:1048f0000131164a41f2da03d154a4e7134b41f2d5
:104900005b129a5c41f25811595c41f25a101b5cdf
:10491000013b9b1adbb28b4204d201320b4841f2bd
:104920005b13c254094b41f25e129a5c41f25d1076
:104930001b5c013b9b1adbb2994284d901320349cb
:1049400041f25e13ca547ee7704700bfe85e002064
:020000040000fa
:020000040001f9
:1049500038b538b9474b93f87030012b10d04ff071
:10496000ff3038bd15f0d6f910b94ff0ff30f8e739
:1049700015f0caf9404912f0dff84ff0ff30f0e7c8
:104980003c4b002283f8702093f91030022b48d161
:10499000384b1b78002b44d0364b5b78002b50d122
:1049a000344b5b68002b53d1324b9d68002d59d09e
:1049b000da681046d3784bb1283200230133ab427a
:1049c00050d010462832c478002cf7d10122c27092
:1049d00011f0080f02d0274a01245470254a546868
:1049e00001345460948cdbb243ea04434362938cf9
:1049f00001339bb24ff6ff72934208bf01231d4a59
:104a00009384012382f8703041f004018170002307
:104a100043608360ff22027780f820300380406a81
:104a20009fe715f077f930b9124b012283f8702017
:104a30004ff0ff3095e715f067f9104912f07cf858
:104a4000f2e70c4b012283f870204ff0ff3088e72b
:104a500011f0080fa8d0074b012283f870204ff007
:104a6000ff307ee7034b012283f870204ff0ff30c8
:104a700077e700bf60b70020b0610200c8610200a4
:020000040000fa
:020000040001f9
:104a80002de9f0410546846990f844601436207899
:104a9000042767f30710b70867f303002070b5f821
:104aa000460010f0010f1fd004f1140795f845e0ff
:104ab00007eb8e0c17f82e0060f07f0000f09f00cf
:104ac0004ff0140868f3040007f82e0004208cf857
:104ad00001000020acf802000cf10407a019874285
:104ae0003cbf00208cf8040000206070fbb11878f7
:104af00010f0200f03d0607840f004006070187848
:104b000010f0100f03d0607840f008006070187843
:104b100010f0080f03d0607840f010006070187833
:104b200010f0070f03d0677860f3471767703244bf
:104b300092b2100a40ea022262801c4802880132c6
:104b400092b20280100a40ea0222a2800022e28091
:104b500013b39a781ab1e27942f04002e2715b78bd
:104b6000002b08bf64232372617200236381ab6b47
:104b7000e360eb6b23612b6c93f8683013f0040f48
:104b80000cd02a69938933449381ab691e44ee614a
:104b90002b6cab62bde8f0816423e4e70022314670
:104ba00020460bf02fff6081ebe700bf26c00020fe
:020000040000fa
:020000040001f9
:104bb000f0b540f2ff7681ea030c16ea115e1ebfe3
:104bc000b64516ea1355b54252d021ea465141f492
:104bd0008011a1fb024723ea465343f48013ae44fd
:104be000a0fb03650cf0004c36197d41a1fb034787
:104bf00047f10003a0fb0217f619654153f10003ca
:104c0000094218bf46f0010640f2fe74b3f5007f7a
:104c100013d2aef5806ea64523d24cea03312803a9
:104c200041ea155140ea16503203450872f100423c
:104c300050f1000051eb0e51f0bdaef2ff3ea64523
:104c40000fd24ceac321e80241ea555140ea5650de
:104c5000f202450872f1004250f1000051eb0e5192
:104c6000f0bd1eea0e0f2dd50cf000410020f0bd66
:104c700016ea115f04bf01f000410020004218bf96
:104c800041f0010116ea135f04bf03f00043002264
:104c9000124218bf43f0010306ea1354b44218bf8e
:104ca000b64503d00cf000410020f0bd21f00041da
:104cb00023f00043b1eb065f0cd8b3eb065f09d8d5
:104cc00041b13bb10cf0004141f0fe4141f47001b3
:104cd0000020f0bd40f20001c7f6f8710020f0bde1
:020000040000fa
:020000040001f9
:104ce000002800f09080f8b50446002900f08d807f
:104cf0000e46a1f1100515f0dbf994f84430e3b944
:104d000015f0daf956f80c7c636ae3b1ab422dd9a1
:104d100005eb071293421bd046f8103c6562236beb
:104d2000db1b236315f0c4f994f84430013384f895
:104d3000443015f0c1f93801f8bd013b84f8443026
:104d400015f0baf9dee746f8103ca5626562e6e7c1
:104d50005b683b4446f80c3c636a1b6846f8103cb1
:104d6000a26a636a9a42d9d1a562d7e7a26aaa4227
:104d700029d2536802eb03118d4205d01560002340
:104d800046f8103ca562cae73b445360c7e7526847
:104d90003a4446f80c2c1a68126846f8102ca16a9e
:104da0001a6891421ad1a56218e056f80c1c0a4400
:104db0005a6056f8102c1a60a26aaa42afd1a362b8
:104dc000ade71b688bb19d42fbd91a68aa42f8d99e
:104dd00005eb07118a42dad046f8102c5a6803eb2b
:104de00002118d42e1d01d6099e7f82384f8383034
:104df00015f05ef994f84430013384f8443015f02e
:0e4e00005bf9002098e700207047002094e73f
:020000040000fa
:020000040001f9
:024e0e007047eb
:020000040000fa
:020000040001f9
:104e10002de9f84f434b1b680bb9bde8f88f0646e8
:104e200015f046f9404b1b7873b915f045f97369d5
:104e300001279f403d4b1b68002b38dd0024dff825
:104e4000f0a0dff8e8900ae0013b374a137015f054
:104e500033f9ece70134d9f800309c4227dadaf86c
:104e6000003053f82450002df4d0d5f8248040466b
:104e700014f072fe0028eddb012383403b42e9d0b1
:104e80000121b5f9120007f079fdd5f858b0bbf152
:104e9000000fdfd0b5f8603013f4005fdad0eb6daf
:104ea0004ff400524146b5f91200d847d2e7337e9d
:104eb000022b2dd11b4b1c68013c1c6044bb1b4bbf
:104ec0001b68002b0edd1a4e184d05e00ef03afe61
:104ed00001342b68a34205dd336853f82400002811
:104ee000f4d1f5e7134b1868114cc3682168984753
:104ef00000232360104b186820b114f034fe0e4bd1
:104f000000221a6000230b4a1360084a136084e7ea
:104f100015f0cef8044a13780133137015f0ccf86d
:104f20007be700bf44bf002021c000203cbf002021
:0c4f300038bf002048bf002040bf002018
:020000040000fa
:020000040001f9
:104f3c0038b53d4b1b68bbb93c4b1b68002b6bd188
:104f4c00037e002b6ad10c460546374b02221a60b1
:104f5c00836813b109b10b68e3b914f0d5fe98b9a5
:104f6c000020314b186002e0012b01d0002038bd2d
:104f7c002e4b1b68002b53dd027e002a52d10133cd
:104f8c002a4a13600120f2e714f0b8fe28490bf00e
:104f9c00a3fbe5e712f078fc264b1860a868264bbb
:104fac0018602568a288254b1a80e288244b1a8049
:104fbc008368042229469847224b1860c8b1224bbb
:104fcc001d60052221490a200ff0c2f8204b186001
:104fdc00e0b1164d2b6801332b6015f063f80124fa
:104fec001c4b1c7015f062f82c600f4b1c6020469b
:104ffc00bde714f089fe18b900200b4b1860b6e71a
:10500c0014f07cfe14490bf067fbf5e70cf03efa4c
:10501c000020054b1860aae70020a8e70020a6e7af
:10502c000020a4e70120a2e760bf00205cbf0020a5
:10503c004837020054bf002058bf00202ec000206b
:10504c002cc000204cbf002050bf00208d0200005f
:0c505c0064bf002025c00020783702004f
:020000040000fa
:020000040001f9
:105068002de9f04182b005460c461746002a3bd18f
:105078000026b04674220021204614f017fca868c8
:1050880000283ad004f13c0108f0e2fc04f11801d0
:10509800e86800f0a1fd04f11c01286900f09cfdfe
:1050a80004f12001686900f097fd04f12401a86962
:1050b80000f092fd04f12801e86900f08dfdab6a6b
:1050c8006364002b51d01a8862809b7884f86b3017
:1050d800013bdbb2032b15d90123002f47d183f005
:1050e800010002b0bde8f08107226c31684614f077
:1050f8003dfe666db4f86080bce70022e263a4f868
:105108004020c3e704f12c006b68d3f800c059684d
:105118009a68db68c4f82cc041608260c3600ff0f5
:10512800d1fbab8ca4f8483094f8433043f010031b
:1051380084f84330b4f8423023f00703a4f842302f
:10514800204611f0bbff636a2361a36a636194f888
:10515800423043f0200384f84230b4f8423023f060
:105168001803a4f842300023b7e70123b5e70098f5
:10517800e066bdf804009df80610a4f8700084f8f5
:0a51880072106665a4f86080a9e7c4
:020000040000fa
:020000040001f9
:02519200704764
:020000040000fa
:020000040001f9
:105194002de9f0470d4616461f4612f0b1fa0028d5
:1051a4007fd0044690f83c80002d32d1b8f1000f36
:1051b40079d10027b94614f079ff3e4b1b78002bb8
:1051c40046d114f077ff002e50d1668d002e45d0c5
:1051d40014f06cff374a13780133137014f06aff2c
:1051e40094f842306ff3410384f8423084f83c5021
:1051f4003a46494620460ef0e3fb0fb100284dd055
:105204006685012094f8423043f0020384f842306a
:1052140042e06b1edbb2012b47d8b8f1000f01d07e
:10522400a84544d197b1012d02d04ff00009c2e73f
:105234003b6813b94ff00009bde70021384612f06e
:1052440015fd81460028b6d1002025e0b946b2e715
:10525400013b184a137014f02dffb4e710f068fdf9
:105264000646b0fa80fa4fea5a1a09e0638db3424f
:10527400aed030460ff0fcfd80f001005ffa80fafa
:1052840014f014ff0b4a13780133137014f012ff57
:105294000020baf1000fa3d0bde8f08784f83c8069
:1052a400b0e70020f8e70020f6e70020f4e700204c
:0852b400f2e700bf21c0002059
:020000040000fa
:020000040001f9
:1052bc004661696c656420746f2063726561746506
:1052cc002074686520436f6e736f6c652041504984
:1052dc000d0a0000202a2a2a20436f6d6d616e642e
:1052ec002050726f636573736f723a20506c6561f6
:1052fc007365207479706520696e206120636f6d11
:10530c006d616e642a2a2a0d0a0000000a0d2054d1
:10531c006f6f206d616e7920617267756d656e744b
:10532c00732e204d6178696d756d206172677320e5
:10533c00737570706f727465643a202564210d0a60
:10534c0000000000202a2a2a20436f6d6d616e64d4
:10535c002050726f636573736f723a20756e6b6e4b
:10536c006f776e20636f6d6d616e642e202a2a2a12
:10537c000d0a00003e000000081b5b4b25731b5bf5
:10538c0025644400081b5b4b000000001b5b4b2595
:10539c00731b5b256444000025731b5b2564440070
:1053ac00202a2a2a20436f6d6d616e642050726f23
:1053bc00636573736f7220627566666572206578bb
:1053cc006365656465642e2052657472792e202a9b
:0853dc002a2a0d0a000000bf9f
:020000040000fa
:020000040001f9
:1053e40050696e672055736167653a2070696e670e
:1053f400203c73746f703e2f3c6e616d652f616449
:1054040064726573733e203c6920696e74657266cc
:105414006163653e203c6e206e50696e67733e206a
:105424003c74206d73506572696f643e203c732038
:1054340073697a653e0d0a0073746f700000000092
:1054440050696e673a20636f6d6d616e6420696e9a
:105454002070726f67726573732e2052657472794f
:10546400206c617465722e0d0a00000050696e672d
:105474003a20486f7374206e616d6520746f6f20dd
:105484006c6f6e672e2052657472792e0d0a0000bf
:10549400690000006e00000074000000730000004a
:1054a40050696e673a20446174612073697a65209b
:1054b400746f6f206269672e204d61783a202564ed
:1054c4002e2052657472790d0a00000050696e67cf
:1054d4003a20556e6b6e6f776e20706172616d65e8
:1054e4007465720d0a00000050696e673a20726597
:1054f400736f6c76696e6720686f73743a202573d6
:045504000d0a00008c
:020000040000fa
:020000040001f9
:105508005365742069702061646472657373204ff9
:105518004b0d0a00536574206970206164647265dc
:105528007373206661696c65640d0a005573616761
:10553800653a207365746970203c696e746572669b
:105548006163653e203c697076342f36206164645f
:10555800726573733e203c697076346d61736b2f8e
:105568006970763620707265666978206c656e3e63
:105578000d0a000045783a20736574697020504917
:10558800433332494e54203139322e3136382e3099
:105598002e38203235352e3235352e3235352e30ef
:1055a800200d0a004e6f207375636820696e74655c
:1055b80072666163652069732075700d0a000000ca
:1055c800416e2061646472657373207365727669d5
:1055d800636520697320616c7265616479207275f6
:1055e8006e6e696e672e2053746f70204448435066
:1055f8002c205a434c4c2c206574632e206669720b
:1056080073740d0a00000000496e76616c696420ad
:105618004950206d61736b20737472696e67200d39
:045628000a0000bfb5
:020000040000fa
:020000040001f9
:10562c00f8b5037e032b74d03b4b1b882bb13a4a45
:10563c001388013313800120f8bd0c468268374b68
:10564c001a600023364a1360364a1360364a1360d8
:10565c0053609360d360354a136053609360344a4f
:10566c001360344a136053609360d360324a136002
:10567c0000293bd00b684bb94ff0ff3414f044fbbe
:10568c0000283fd10bf0f0f90020d5e700222b4980
:10569c0003200ef05dfd234b186050b3224812f02e
:1056ac00abff10b96ff00204e8e7224814f0d6fc07
:1056bc0010b31a4b186883681022216898471c4b4a
:1056cc001860e0b1194814f06afc194b1d68236886
:1056dc00002bacd00026154f2946384613f088fb1a
:1056ec00013610352368b342f6d8a0e74ff0ff34eb
:1056fc00c4e76ff00104c1e76ff00304bee76ff07d
:10570c000404bbe714f0fafa22460d490af0e4ff50
:10571c00b8e7012090e700bf28c0002018bf002088
:10572c0014bf00201cbf002080bd0020a0bd0020a5
:10573c0010bf002090bd00200cbf0020ddd4000065
:04574c00b47602002d
:020000040000fa
:020000040001f9
:105750002de9f04f85b08246d0f804b000230393c2
:10576000022953dd1446a1f1030828f0010808f1cd
:10577000030801260193994614e003a9384600f076
:105780002ffa019050b9daf800301b682e495846bc
:10579000984741e038460ef088ff814602360834cb
:1057a000b0451ad06568a7682849284613f0d9fe85
:1057b0000028e2d02649284613f0d3fe0028e9d07d
:1057c0002449284613f0cdfe0028e3d0daf8003053
:1057d0001b68214958469847e0e7019bb3b1b9f1ee
:1057e000000f1cdb1d4b1b684b4518dd1c4ad823e2
:1057f00003fb092393f8ce20012a1ad0daf80030ef
:105800005b684a4617495846984705e0daf8003081
:105810001b6815495846984705b0bde8f08f0f4bf7
:105820001a68daf800305b68013a10495846984720
:10583000f2e7039ac3f88020daf800305b684a4642
:105840000b4958469847e7e7f0890100ec890100c9
:105850009484010098840100148a01006cbf002028
:10586000e0b20020588a0100308a0100d48401008f
:045870009c8a01000d
:020000040000fa
:020000040001f9
:105874002de9f047441ea4b2092c7cd824b204ebd1
:10588400c400434b13f82030002b78d00346404823
:1058940000eb83039b681f6d002f4bd015460e460b
:1058a40004ebc4033a4a02eb83039b8813f02008f9
:1058b40051d004ebc40302eb83039b78042b41d146
:1058c40004ebc40302eb8303db68d3f81890b9f14b
:1058d400000f37d0d3f82c80b8f1000f32d0dff8a6
:1058e400b0a004ebc4030aeb8303b3f90600b84782
:1058f400074604ebc4040aeb84041c34002231463a
:105904002046c84728b131462046c04780b2874266
:1059140037d2002d37d0002229462046c8470346f7
:1059240050b329462046c04780b287422cbf2b463d
:10593400002321e004ebc40400eb8404ff23e370a0
:10594400002319e004ebc404114b03eb8404ff238c
:10595400e370002310e004ebc4040d4b03eb840458
:10596400b4f90600b8470346864205d96db18542ad
:1059740088bf434600e000231846bde8f0870023b3
:10598400fae73346f8e72b46f6e72b46f4e700bf81
:0459940064af0020dc
:020000040000fa
:020000040001f9
:105998004f4e00004f4646006f6e00003100000079
:1059a8006f6666003000000075736167653a206da8
:1059b8006972726f72205b6f6e7c6f66665d202005
:1059c80020283120616e64203020616c736f206163
:1059d80063636570746564290a0d00006574683036
:1059e80028543153292d3e65746831206d697272cf
:1059f8006f723a202573202028756e6368616e6780
:105a08006564290a0d000000657468302854315314
:105a1800292d3e65746831206d6972726f723a2063
:105a280025730a0d00000000202043617074757210
:105a380065206f6e2074686520504320286574685f
:105a4800312920696e2057697265736861726b200d
:105a5800746f207365652074686520543153206223
:105a6800757320747261666669633a0a0d000000f6
:105a7800202052582028656e64706f696e74202d3e
:105a88003e206272696467653a207265706c696568
:105a9800732f4152502920414e442074686520627a
:105aa80072696467652773206f776e2054582e0ad1
:045ab8000d0000bf1e
:020000040000fa
:020000040001f9
:105abc002de9f04f0e4649683568d6f80890f7681e
:105acc008bb0cde903230029acbf25f002050121e1
:105adc0015f010030593039b8346d3e900232fd0c5
:105aec0052ea03002cd0a9f10208346915f0080021
:105afc0004f1ff3408904ff00000385518bf08f13e
:105b0c00ff388a46012c1ddc059b002b54d1089bc9
:105b1c0013b1013c20233b5532690095013a4b46a9
:105b2c00121b3919584609f043fadbf80430db052f
:105b3c0003d573689842b8bf18460bb0bde8f08f18
:105b4c00c846d2e752ea030009d1baf1000f06dccd
:105b5c00a8eb010050440028d6dda807d4d502f0ec
:105b6c000f000928d4bf00f1300e00f1570e049835
:105b7c00a0f1410cbcf1190f04f1ff3410d84ef018
:105b8c00200cacf1610cbcf1190f09d870460991cd
:105b9c00cde9062314f020f8dde9062309998646a1
:105bac00100940ea03704fea131c07f804e00af1ed
:105bbc00ff3a02466346a5e7039bd3e9000150ea8e
:105bcc000103a4d03a19049b02f8013c023c302397
:045bdc003b559ce7b2
:020000040000fa
:020000040001f9
:105be000f0b482b00d4609b100230b60002871d0db
:105bf0000378002b70d0002101300c460a463f4e3e
:105c000010e0032a16d0fe2b31d0092b6cd80132bc
:105c1000d2b2090263f3070110f8013b002b69d0ef
:105c2000032c5dd8303bdbb2002aead1092beed938
:105c3000002052e0fe2b55d1b14201d900204ce0aa
:105c4000621c02ab1c44c1f3074303eb830303eb69
:105c50008307c1f3072303eb83035b0003eb870395
:105c6000194404f8041c0021d4b20a46d4e7b14216
:105c700001d9002031e0621c02ab1c44c1f3074390
:105c800003eb830303eb8307c1f3072303eb8303d6
:105c90005b0003eb8703194404f8041c0021d4b211
:105ca0000a46b9e7154b994220d8c1f3074303ebe5
:105cb000830303eb8302c1f3072303eb83035b003e
:105cc00003eb820319448df807108db1019b2b6003
:105cd000012002e0012000e0012002b0f0bc70478a
:105ce0000020fae70020f8e70020f6e70020f4e7bc
:105cf0000120f2e7032cd5d00020eee705050200d5
:020000040000fa
:020000040001f9
:105d00002de9f047894609b100230b60002863d0d4
:105d100004463f4812f012fe824600285fd0268ad1
:105d20000836b6b2022300223146482011f0f6f9b7
:105d30000546002864d0374b83604ff00008c0f858
:105d40000c80c76908233b7087f80180a7f80280a0
:105d50006389bb802389fb80228ae16807f1080000
:105d600012f090ff4246314638460af04bfe7880ea
:105d70006368eb63434605f1380205f13c01206896
:105d80000ef05bf8286478b30af108070fcc0fc750
:105d900094e8070087e807002a69938933449381d0
:105da0004346324601212846fef76afe284613f094
:105db00075ff10b96ff0020418e011f057fdcaf832
:105dc00004005146144813f019f8b9f1000f09d036
:105dd000c9f800a0444610e06ff003040de06ff036
:105de00004040ae0002408e06ff00104514608486a
:105df00013f004f828460ff065fb2046bde8f08755
:105e00005146034812f0faff4ff0ff34f5e700bfa8
:0c5e1000b8bd002089a00200acbd00203d
:020000040000fa
:020000040001f9
:105e1c00002874d0f0b5a5b00646002973d0002a2e
:105e2c0074d015460c46436913f1020f16d1b5f523
:105e3c00803f6fd8337c012b6fd12a462146f06806
:105e4c00f6f7d2fd0346022810d0002b5fd0032baf
:105e5c0050d0022333746ff0c60358e00cf0bcfa38
:105e6c0003466ff48772904251d1e0e7802302938e
:105e7c0004ab019320230093294b302229490120a4
:105e8c0011f0e0f90146002834d10df10f0226483b
:105e9c000df18f0c12f8013f10f8017f7b40194374
:105eac006245f7d131bb242204a930460af04efcde
:105ebc0050b1012304a900240da80a4602f8014b95
:105ecc0011468242f9d1c0e7242104a80bf038f91d
:105edc0003460028eed1202205a9f06805f0e4ff66
:105eec0003460028e6d12a462146f068f6f77cfde9
:105efc000346dfe7032333746ff0d00307e06ff042
:105f0c00ac03184670476ff0ac0300e00023184652
:105f1c0025b0f0bd6ff0ac03f9e76ff0c603f6e700
:0c5f2c00d0840200f86b0200c3f40100f6
:020000040000fa
:020000040001f9
:105f38002de9f04383b0044640220021083013f0d5
:105f4800b5fc3b4b236004266660002501950debec
:105f580006013848fff740fe019ba3600195dff872
:105f6800e4900deb06014846fff736fe019b2361de
:105f78000195dff8d4800deb06014046fff72cfeb3
:105f8800019ba36101952c4f0deb06013846fff7e5
:105f980023fe019b236201950deb06012748fff7bd
:105fa8001bfe019be36001950deb06014846fff7d8
:105fb80013fe019b636101950deb06014046fff757
:105fc8000bfe019be36101950deb06013846fff7d7
:105fd80003fe019b63621a4b1b6884f8285084f8ff
:105fe8002960252284f82a201a0c84f82b201a0a02
:105ff80084f82c20dbb284f82d30224652f8281f72
:10600800c4f82e1092886286013384f8333007234f
:1060180063630823a363e5634ff47a73236444211d
:1060280020460ef0c3ff606403b0bde8f08300bff4
:10603800454e414c204a02004c4a0200544a020094
:0c604800fc618000304a0200404a020067
:020000040000fa
:020000040001f9
:1060540070b501291edd0d461646546834492046a4
:1060640013f07dfae8b13349204613f078fa00289a
:106074002fd03149204613f072fa002837d02f4927
:10608400204613f06cfa00284fd02d4900200af066
:1060940027fb70bd01f058f8294900200af020fbc5
:1060a400f7e7284b1b782bb1274b1a6827490af0ce
:1060b40017fbeee709f076fd30b1234b1a6824494b
:1060c40000200af00dfbe4e7224900200af008fb57
:1060d400dfe71c4b1b781bb91f490af001fbd8e70b
:1060e40011f0e4fe1d4900200af0fafad1e7022d6e
:1060f40005dc154b1a681a490af0f2fac9e70a22b4
:106104000021b06813f0f2fb044612f09dfd30b993
:1061140042f21073322213490af0e2fab9e7224636
:10612400114900200af0dcfab3e701f00df8b0e7fa
:106134004c320100b8320100e43201007033010036
:106144001832010048c00020b0c1002054320100c0
:1061540080320100a0320100c0320100d4320100bb
:0c616400f0320100083301002c33010070
:020000040000fa
:020000040001f9
:1061700070b506460c46154611f000fb00287ad093
:1061800003460b2c79d8dfe804f0061b38447878f6
:1061900050785b636e72002d71d02a7882f0010214
:1061a00090f8741062f3861180f874106a7882f0a7
:1061b0000102c9b262f3c71180f8741001205be0dc
:1061c000002d5ed0287893f83f2060f3861283f884
:1061d0003f20002857d0002283f879206a8842f2b5
:1061e0001071002a08bf0a46a3f870202a79002af5
:1061f00008bf062283f884203ee0b5f5803f01d336
:10620000002039e024230022a9b23046f5f7a4fc8f
:1062100032e0b5f5803f01d300202de01823aab26b
:1062200000213046f5f798fc26e0003518bf01251f
:1062300090f8752065f3c30280f8752001201be0fb
:1062400090f83f2065f3051280f83f20012013e00d
:10625000003518bf012590f83f2065f3c71280f87c
:106260003f20012008e080f88550012004e080f8fc
:106270008650012000e0002070bd0020fce70020d7
:0a628000fae70020f8e70120f6e736
:020000040000fa
:020000040001f9
:02628a0070475b
:020000040000fa
:020000040001f9
:10628c002de9f84f0446924601eb01139b0098460a
:10629c00d0f88c2013445d6901eb81018f0031e053
:1062ac00036a23f008030362e36a41f25002514689
:1062bc009847d4f884300133c4f8843005ebc90214
:1062cc00536823f400435360d4f88c304344a3f850
:1062dc004090bff35f8f00233381f380b380236b37
:1062ec001bb1032104f160009847d4f88c004044a2
:1062fc003146303012f021fd236b1bb1042104f127
:10630c0060009847236b1bb1032104f16000984790
:10631c00d4f88c004044243012f00efa0646236b5d
:10632c001bb1042104f16000984776b33289b3881d
:10633c00b6f8069055f83310d4f8cc000140b4f9f7
:10634c00c80008584ff6ff7cdff844e0013a92b2df
:10635c006245a5d005ebc301d1f804b04bf0004b5e
:10636c00c1f804b0d1f804b00bea0e0bc1f804b0bc
:10637c00002145f8331001339bb2d4f898103944fe
:10638c004989994298bf0023e0e7bde8f88f00bf28
:04639c00008000c0bd
:020000040000fa
:020000040001f9
:1063a000f0b587b00446456801290fdd5668022222
:1063b0003349304612f058fc98b104223149304636
:1063c00012f052fc00283dd007b0f0bd03681b68f6
:1063d0002d492846984723681b682c49284698472a
:1063e000f2e70021084607f0ebfab0f1ff3f05d0d5
:1063f00023681b68264928469847e5e7254b1e6811
:10640000d6b16f460fce0fc796e8030087e80300aa
:1064100023685b682049284698476946002007f0b2
:10642000cffa23681b681d491d4ab0f1ff3f18bf12
:10643000114628469847c7e723681b68194928462c
:106440009847c1e70021084607f0bafa0646b0f1be
:10645000ff3f05d123681b68134928469847b3e7d7
:10646000124f394610f0a0f90a4b1f60304612f067
:1064700049fa23681b680e4928469847a4e700bfdd
:106480003466010098660100f46501001866010099
:1064900038660100e8be00206c660100c865010096
:1064a000dc6501004c660100a066010028bd0020eb
:0464b000c8660100b9
:020000040000fa
:020000040001f9
:1064b40055736167653a206966203c696e7465723c
:1064c400666163653e203c646f776e2f75703e2075
:1064d4000d0a000045783a2069662050494333325a
:1064e400494e5420646f776e200d0a00556e6b6e12
:1064f4006f776e20696e7465726661636520737070
:1065040065636966696564200d0a000054686973ef
:1065140020696e7465726661636520616c72656181
:1065240064792075700d0a004f7065726174696f2b
:106534006e206661696c65642e204e6f20636f6ef9
:1065440066696775726174696f6e0d0a00000000f8
:1065540066756c6c000000005468697320696e7481
:1065640065726661636520616c726561647920643b
:106574006f776e0d0a00000057726f6e67207061ae
:1065840072616d65746572207370656369666965af
:1065940064200d0a000000004f7065726174696f19
:1065a4006e207375636365737366756c210d0a00e1
:1065b4004f7065726174696f6e206661696c6564a1
:0465c400210d0a009b
:020000040000fa
:020000040001f9
:1065c800537461636b207570206661696c65640d36
:1065d8000a000000537461636b2075702073756343
:1065e8006365656465640d0a0000000055736167a2
:1065f800653a20737461636b203c75702f646f7704
:106608006e3e203c70726573657276653e0d0a00b9
:1066180045783a20737461636b20646f776e2070dd
:10662800726573657276650d0a000000757000006a
:10663800537461636b20616c726561647920757055
:10664800210d0a005475726e20537461636b2064c7
:106658006f776e20616e64207468656e2075702196
:106668000d0a000052657374617274696e67207454
:10667800686520737461636b20776974682025648a
:1066880020696e746572666163652873290d0a0056
:10669800646f776e00000000537461636b20646f51
:1066a800776e3a2063616e6e6f742067657420613f
:1066b80020737461636b2068616e646c650d0a00f9
:1066c800537461636b20646f776e20646f6e650d21
:0466d8000a0000bff5
:020000040000fa
:020000040001f9
:1066dc002de9f04180460df0bdf970b105460488f6
:1066ec003a4a742303fb042393f87030012b0ed029
:1066fc0013f00afb20bbbde8f08113f005fb00286a
:10670c00f9d013f0fbfa324910f010faf3e77423c6
:10671c0003fb04f62d4a9719002287f8702038469f
:10672c0003f068f990b1294a742303fb04231b6e10
:10673c00434515d0274a324400264ff0010c1fe088
:10674c0013f0dcfa244910f0f1f9d4e713f0dcfa79
:10675c000028d0d013f0d2fa204910f0e7f9cae79c
:10676c00742303fb0423002283f864209a664ff001
:10677c00ff321a66012283f87220dbe703f1200254
:10678c00136873b19869696a8842f7d1597d0129f8
:10679c00f4d1196a11605e7583f814c01e621e7004
:1067ac00eee7384604f0defe084b742202fb04349c
:1067bc006368013b6360002363704ff0ff326a62d1
:1067cc00eb70012384f8703095e700bf60b70020b0
:1067dc00f02e020080b70020082f0200282f0200a4
:020000040000fa
:020000040001f9
:1067ec00002a68d12de9f04188b04389344a1288d7
:1067fc009a1a18bf01220189324b1b88994218bf83
:10680c0042f002028046038a2f490f68bb4228d00f
:10681c0042f008029f42a8bf1f46c168002f12dd3c
:10682c002a4b187811f8013b98420ad1284c0023c6
:10683c000133bb4218da14f8016b11f8015bae425c
:10684c00f6d042f01002234b1b681b685b68224990
:10685c00224800689847224b00221a6008b0bde815
:10686c00f081c168002fdbdc002aecd110f0f8ffbe
:10687c001c4b1c68001b4ff47a7404fb00f411f0e1
:10688c0003f8b4fbf0f4002c08bf0124142203a974
:10689c0008f104000df02af90e4b1b681b685d68ab
:1068ac00114b1a6801321a60009403ab0f490b4864
:1068bc000068a847cfe70a4b00221a60704700bf58
:1068cc005ebe002066be0020acc10020889a00206d
:1068dc00899a0020ecbe0020982f0200a8be002050
:1068ec00b8be0020c0be0020a4be0020c42f0200f1
:020000040000fa
:020000040001f9
:1068fc00556e6b6e6f776e20686561702074797061
:10690c00652e205573653a205b312c2025645d0d76
:10691c000a0000004e6f206865617020696e666f1a
:10692c002065786973747320666f72207479706552
:10693c003a202573210d0a00486561702074797026
:10694c00653a2025732e20496e697469616c206349
:10695c0072656174656420686561702073697a651d
:10696c003a2025642042797465730d0a00000000fa
:10697c00416c6c6f6361626c6520626c6f636b2041
:10698c00686561702073697a653a202564204279c4
:10699c007465730d0a000000416c6c2061766169ae
:1069ac006c61626c6520686561702073697a653a08
:1069bc002025642042797465732c206869676820ef
:1069cc0077617465726d61726b3a2025640d0a00f3
:1069dc004c6173742068656170206572726f723ad5
:1069ec0020307825780d0a004e6f20547261636553
:1069fc0020696e666f206578697374732e0d0a00ba
:020000040000fa
:020000040001f9
:106a0c002de9f0479ab0441ea4b2092c77d824b2d1
:106a1c0004ebc4003c4b13f82030002b71d0034620
:106a2c00394800eb83039d8815f020054bd004eb0f
:106a3c00c40300eb8303db68df694fb181b104eb66
:106a4c00c404314800eb84001c30b84785b24be0dd
:106a5c0004ebc40400eb8404ff23e370002543e043
:106a6c002a4ba3fb02384fea58184ff0640a0afb72
:106a7c0018221ffa82fa1ffa88f8b8f1000f20d0fa
:106a8c0004ebc409204b03eb890909f11c0900250f
:106a9c002e46642201a94846b8470544adb20136da
:106aac004645f6d1baf1000f1ed004ebc4041648cb
:106abc0000eb8400524601a91c30b8470544adb226
:106acc0012e00025eee704ebc4030f4800eb830350
:106adc009b685e6c66b104ebc4040b4b03eb840443
:106aec00b4f90600b047054628461ab0bde8f08751
:106afc0004ebc40400eb8404ff23e370f4e70025eb
:106b0c00f2e70025f0e700bf64af00201f85eb51d2
:020000040000fa
:020000040001f9
:106b1c00404b93f81432012b02d0042318467047d3
:106b2c002de9f047adf5007d904689460446830873
:106b3c00394aa2fb03235b099fb2364a002182f833
:106b4c001412c3ebc313a0eb83039bb2dbb9b8f5f0
:106b5c00fe7f53d399f800308df80430651cadb22c
:106b6c002e46a246a044454527db01a93846f9f735
:106b7c001ffe0346274a012182f8141218460df510
:106b8c00007dbde8f08701a938460af05ff903469d
:106b9c0000283ad12646a246a0444445eada2546c6
:106bac000be000bfa6eb0a0619f8062001ab1a553c
:106bbc000135adb22e464545d7daab08164aa2fbd5
:106bcc0003235b09c3ebc313a5eb8304a4b2002c12
:106bdc00e8d101a93846f9f7ebfd03460028c9d1e5
:106bec000137bfb201a938460af030f90346002834
:106bfc00d8d0084a012182f81412bfe701a93846ff
:106c0c000af024f903460028a4d0024a012182f894
:0c6c1c001412b3e74cad002005028140cb
:020000040000fa
:020000040001f9
:106c2800ffffffffffffffffffffffffffffffff6c
:106c3800ffffffffffffffffffffffffffffffff5c
:106c4800ffffffffffffffffffffffffffffffff4c
:106c5800ff00010203040506070809ffffffffff05
:106c6800ffff0a0b0c0d0e0f101112131415161737
:106c780018191a1b1c1d1e1f20212223ffffffffae
:106c8800ffff0a0b0c0d0e0f101112131415161717
:106c980018191a1b1c1d1e1f20212223ffffffff8e
:106ca800ffffffffffffffffffffffffffffffffec
:106cb800ffffffffffffffffffffffffffffffffdc
:106cc800ffffffffffffffffffffffffffffffffcc
:106cd800ffffffffffffffffffffffffffffffffbc
:106ce800ffffffffffffffffffffffffffffffffac
:106cf800ffffffffffffffffffffffffffffffff9c
:106d0800ffffffffffffffffffffffffffffffff8b
:106d1800ffffffffffffffffffffffffffffffff7b
:0a6d2800ff00010204070306050046
:020000040000fa
:020000040001f9
:026d32007047a8
:020000040000fa
:020000040001f9
:106d34002de9f0418ab0044645680023029301938b
:106d4400039305930493069308930793099305f11a
:106d54008c08384f15e0314601a812f00cf810e009
:106d6400c07b4ff483723946022814bf00200120ef
:106d740010f046ff33699c42edd0314604a811f06f
:106d8400faff404611f030fd06460028e8d105f12f
:106d94008c0304aa07ca83e80700019941b10226bb
:106da400334601aa284609f06df801990029f7d164
:106db40005f198081f4f15e0314601a811f0dbffdb
:106dc40010e0c07b4ff483723946032814bf0020bf
:106dd400012010f015ff33699c42edd0314607a81d
:106de40011f0c9ff404611f0fffc06460028e8d127
:106df40005f198030aaa12e9070083e8070001993c
:106e040041b10326334601aa284609f03bf801990b
:106e14000029f7d100232380ff232373626893881a
:106e2400013b93806268538823f0040353800ab0c3
:086e3400bde8f081f8900200b6
:020000040000fa
:020000040001f9
:106e3c001b5b324a1b5b33316d1b5b316d4d6963e0
:106e4c00726f636869702054656c6e65742053654d
:106e5c007276657220312e311b5b306d0d0a4c6fd2
:106e6c0067696e3a20000000546f6f206d7563687f
:106e7c0020646174612e2041626f727465640d0a26
:106e8c00000000000d0a4163636573732064656e36
:106e9c006965640d0a0d0a000d0a000050617373d8
:106eac00776f72643a20fffd2d0000000d0a4c6fc5
:106ebc006767656420696e207375636365737366b9
:106ecc00756c6c790d0a0d0a000000000d0a2d2d51
:106edc002d2054656c6e657420436f6e736f6c65fa
:106eec00202d2d2d0d0a547970652068656c70204d
:106efc00666f7220636f6d6d616e64730d0a3e0078
:106f0c004661696c656420746f20636f6e6e656397
:106f1c007420746f2074686520636f6d6d616e648e
:106f2c002070726f636573736f722e2041626f7283
:086f3c0074696e67210d0a0063
:020000040000fa
:020000040001f9
:106f44002de9f84fd0f8a4a090f89c30002b75d010
:106f540004464ff000094f461de000bfd4f88c30c2
:106f6400434405f10055013d5b6903ebc5056b68be
:106f740043f080436b60d4f88c3043445b6923f066
:106f84000303caf81c3009f1010994f89c205ffa44
:106f940089f39a4252d95ffa89f303eb03184fea53
:106fa40088084646d4f88c204244d761976117621a
:106fb400d4f88c204244576317639763d4f88c2029
:106fc400424497625762d76203eb83039b009b465c
:106fd400d4f8982013445d89002dbfd03d4600bfee
:106fe400d4f88c303344df87d4f88c303344a3f89e
:106ff4004070d4f88c3033445b6943f83570d4f86e
:107004008c3033445b6903ebc5034ff080225a6034
:10701400e3690c220121a0699847d4f88c303344e9
:10702400014603f1300011f08cfe0135adb2d4f805
:1070340098305b445b89ab42d2d88fe70020bde82f
:04704400f88f00bf02
:020000040000fa
:020000040001f9
:107048002de9f04100296dd01e460025dff8f080bb
:10705800364f1ce0364807f005fc17e0354807f0c6
:1070680001fc13e0344807f0fdfb0fe0384607f059
:10707800f9fb0be0314807f0f5fbbde8f08140462d
:1070880007f0f0fb0134e4b21f2cf6d80135ecb25e
:107098000123ab403342f5d01f2cf0d801a353f89d
:1070a80024f000bf5d700100657001006d70010083
:1070b80075700100877001008770010087700100fa
:1070c80087700100877001008770010087700100d8
:1070d80087700100877001008770010087700100c8
:1070e80087700100877001008770010087700100b8
:1070f80087700100877001008770010087700100a8
:107108008770010087700100877001008770010097
:107118008770010087700100877001008770010087
:107128007d700100064807f09dfba6e738e90100dd
:10713800f4e801000ce9010024e901004ce9010030
:0471480064e90100f5
:020000040000fa
:020000040001f9
:10714c0030b587b000230593294b1c6805a9204650
:10715c000df08af90546274b1878274b1b880093ae
:10716c002346264a2649002808bf0a4625490020fe
:10717c0009f0b2fa059b1e4a1068234a2349834240
:10718c0018bf0a4600922a462149002009f0a4faa9
:10719c00204b1b680293204b1b6801931f4b1b68f1
:1071ac0000931f4b1b681f4a12681f49002009f0ef
:1071bc0093fa1e4b1b78abb11d4a136823f0404366
:1071cc0052681c49002009f087fa1b4b19780b4aae
:1071dc000b4b002908bf1a461849002009f07cfa0d
:1071ec0007b030bd1649002009f076faede700bf74
:1071fc00b0c1002048c00020e6bd0020843701004b
:10720c0088370100bc3701008c3701009037010032
:10721c00ec370100ecbf0020f0bf0020f8bf0020cd
:10722c00e8bf0020f4bf0020183801004ac000203d
:10723c0050be00207038010043c00020b43801005b
:04724c009438010071
:020000040000fa
:020000040001f9
:1072500038b53c4b834227d130b39b7d13f0010fef
:1072600022d0384cd4f8a8502b69e068984794f99c
:107270001430012b19d0334bb3f8d03013f0040f76
:1072800004d1304b9b7d13f0100f04d02d4b93f89d
:10729000d330012b08d12b4c4ff0ff31204607f0a3
:1072a0008ff9002384f8d33038bd2469eb69204678
:1072b00098470128f8d02b6a20469847044628bbf7
:1072c000204b9a7d42f004029a75b3f8a03013f077
:1072d000010f2cd01b4a937d43f00803937510f0e7
:1072e000c5fa184ca06310f0d5fab4f89e3000fb34
:1072f00003f303f2e733144aa2fb03239b09e3637e
:10730000002384f8463002232375cde70d4d28462f
:10731000f8f78cffff232b7512f0fcfc0028c3d07c
:1073200012f0f2fc2246094909f0dcf9bce703f04f
:107330000203002b034814bf0f220022818e07f0a6
:107340006ffccce74cc00020d34d621028870200b0
:020000040000fa
:020000040001f9
:107350002de9f04710240026dff8f0804ff6ff7784
:107360001de0911901f580531888935b834268d022
:107370000b4601f5606100bfb3f80022824260d085
:1073800003f500738b42f7d1c5f30f1010f05efccc
:107390001ce01f2c42d806f500561034a4b2a4f10c
:1073a00010039bb2d8f8041031f80690b945f0d01c
:1073b0001f2c10d84fea131a254600bfd8f8042016
:1073c0006b02d35abb4201d09945cad01035adb239
:1073d0001f2df3d9dfe700231c485a028a5a072ad7
:1073e0009cbf121813720133202bf6d1174b4ff6a6
:1073f000ff721a820b4601f5005501224ff6ff7409
:107400001888a04218bf002203f500739d42f7d1ef
:1074100032b100230d4a1382bde8f0870023dbe779
:10742000102301204ff6ff755c020c5bac4218bfc5
:10743000104601339bb2202bf6d10028ecd001235b
:10744000e8e7504610f002fcc0e700bf4cad00205a
:020000040000fa
:020000040001f9
:10745000982f8a4291443771cffbc0b5a5dbb5e9bf
:107460005bc25639f111f159a4823f92d55e1cab33
:1074700098aa07d8015b8312be853124c37d0c55c1
:10748000745dbe72feb1de80a706dc9b74f19bc109
:10749000c1699be48647beefc69dc10fcca10c24f9
:1074a0006f2ce92daa84744adca9b05cda88f976dd
:1074b00052513e986dc631a8c82703b0c77f59bf47
:1074c000f30be0c64791a7d55163ca066729291473
:1074d000850ab72738211b2efc6d2c4d130d385310
:1074e00054730a65bb0a6a762ec9c281852c7292d2
:1074f000a1e8bfa24b661aa8708b4bc2a3516cc700
:1075000019e892d1240699d685350ef470a06a1038
:1075100016c1a419086c371e4c774827b5bcb03487
:10752000b30c1c394aaad84e4fca9c5bf36f2e6825
:10753000ee828f746f63a5781478c8840802c78cb4
:10754000faffbe90eb6c50a4f7a3f9bef27871c6b7
:020000040000fa
:020000040001f9
:107550002de9f843002872d00c46904606460029d3
:107560003cd000683f2870d8726808eb0203736053
:107570009a4202d9b3680133b36006f10c05b0bb7f
:10758000b8f13f0f4fd9a8f1400727f03f07403728
:10759000274423462a4604f1400900bfd3f800e0ff
:1075a000d3f804c09868d968c2f800e0c2f804c0f3
:1075b0009060d160103310324b45efd140342946f2
:1075c0003046ecf779f98146bc42e2d108f03f0839
:1075d000b8f1000f2bd14846bde8f88392bb036891
:1075e000402b34bf4ff000096ff08309f3e7c0f17f
:1075f0004007474528bf47463a462146284411f0f0
:1076000041fb33683b4433603c44a8eb0708402b04
:10761000b6d129463046ecf74ff981460028dad139
:1076200000233360ace727464ff00009d0e742461d
:107630003946284611f026fbc6f80080cbe76ff0ec
:10764000ac09c8e76ff0ac09c5e76ff08309c2e782
:020000040000fa
:020000040001f9
:107650002de9f8433c4bd3f8006a013606f03f06ab
:10766000d3f8043ab34228d0054640f2ee5494428f
:1076700028bf1446354845f6e063c758002939d07d
:10768000002a3ad0c7f5bd436033a1469c421bd9be
:107690002d4ad2f8040ad2f8002a90424bd02a4a46
:1076a000d2f8040a00eb800002ebc0025269944257
:1076b00041d99cb24ff0010808e0234ad2f8083ab9
:1076c0000133c2f8083a34e04ff00008bcb122465a
:1076d0001e48384411f0d6fa04eb070945f6df637b
:1076e000994588bf4ff00009184a45f6e06342f813
:1076f000039004e04ff0000801e04ff000086f61d4
:107700002c8385f81b80104fd7f8004a04eb8404c3
:1077100007ebc4040fcd0fc40fcd0fc495e80300d1
:1077200084e80300d7f80c3a0133c7f80c3ac7f8dd
:10773000006abde8f8834a46044811f0a3fa4ff006
:1077400000084746d0e700bf787000200000002006
:020000040000fa
:020000040001f9
:107750002de9f04f83b005464768012949dc002335
:1077600001934ff0040a0126304b03eb860800bf5b
:1077700058f8049b0021f0b211f0caff044600281b
:107780004ad0036998472b68d3f804b003464a46a9
:1077900027493846d8472b68d3f8049063692046b8
:1077a0009847024623493846c8472b68d3f80490c7
:1077b000a369204698478346e369204698470346d5
:1077c0005a461d493846c8472b68d3f80490236aa7
:1077d00020469847024619493846c8472b681b6817
:1077e0001749384698470136b245c1d803b0bde8bd
:1077f000f08f50680cf059ff0646431e022b04d848
:1078000000f1010a01230193aee72b685b680322b4
:107810000c4938469847e9e7019b002be3d02b68d9
:107820005b684a46084938469847dce72c9a0200cc
:10783000446901007c690100a4690100dc69010060
:0c784000f4690100fc68010020690100ef
:020000040000fa
:020000040001f9
:10784c00374b00221a7403f50063364a9a621a46c3
:10785c00536813f0100ffbd1334b4222c3f8842032
:10786c001a4600bfd2f8843013f0400ffad02f4bd9
:10787c0000229a6377225a631a46d36b13f0040fd3
:10788c00fbd12a4b022283f830201a46d36b13f01b
:10789c00020ffbd1254a136c03f00303032bfad11f
:1078ac00234b01225a711a46d37813f0010ffbd0e7
:1078bc001d4b204a1a621a46536813f0040ffbd171
:1078cc00194b1d4a5a621a46536813f0080ffbd124
:1078dc00154b4122c3f89c201a4600bfd2f89c30ad
:1078ec0013f0400ffad0104b4122c3f8a0201a46d7
:1078fc00d2f8a03013f0400ffad00b4b4122c3f852
:10790c00a4201a46d2f8a43013f0400ffad0084b3a
:10791c006ff07f421a6147f2ff725a61704700bfe5
:10792c000014004006013000001c00400010004014
:0c793c00000800400701010007010200e4
:020000040000fa
:020000040001f9
:107948002de9f04387b005939df8385000f58a5328
:1079580093f819e01c7e1433db7aaeeb0303dbb239
:10796800a34264d24b1e032b65d8dfe803f002055f
:1079780005024ff0010c01e04ff0000c90460f4655
:107988000646013c04ea0e04c4eb0414a40041f2c8
:107998005413c25802eb040900231351c9f80430e8
:1079a800c9f80830c9f80c306db310230293cdf82c
:1079b800049005ab0093012342460021604601f084
:1079c80013fe68b3c9f83480a9f8380089f828701c
:1079d80089f83a50109bc9f82030119bc9f8243017
:1079e800059bc9f82c300f9bc9f8303006f58a532f
:1079f8005a7e01325a7606f58b531968304611f0d3
:107a08008fff012014e010230293cdf8049005abfa
:107a18000093012342460021604603f05dfad0e757
:107a280006f58b531a680921304605f045f9002000
:0a7a380007b0bde8f0830020fae774
:020000040000fa
:020000040001f9
:027a420070478b
:020000040000fa
:020000040001f9
:107a440069706572663a20536f636b657420736561
:107a54006e64206661696c65640d0a000d0a6970c4
:107a64006572663a20696e7374616e63652025647d
:107a74002073746172746564202e2e2e0d0a00002a
:107a8400202020202d204c6f63616c202025752e32
:107a940025752e25752e257520706f727420257519
:107aa40020636f6e6e656374656420776974680d16
:107ab4000a000000202020202d2052656d6f74657f
:107ac4002025752e25752e25752e257520706f722f
:107ad400742025750d0a0000202020202d205461db
:107ae400726765742072617465203d20256c642082
:107af4006270732c20706572696f64203d20256c60
:107b040064206d730d0a0000202020202d2d2d2dc2
:107b14002d2d2d2d2d2d2d2d2d2d2d2d2d2d2d2d91
:107b24002d2d2d2d2d2d2d2d2d2d2d2d2d2d2d2d81
:087b34002d2d2d2d2d0d0a0051
:020000040000fa
:020000040001f9
:107b3c002de9f04104469df8180000284ad011f0b8
:107b4c0007006bd10f292dd9c9084f1ebfb2b7eb57
:107b5c00930f27d8264604f1080ca1f1020e1ffa48
:107b6c008efe0cebce0e02e0083474451cd0257b47
:107b7c00637b1b0443ea0563e57b2b43a57b43ea4c
:107b8c000523db4394f80880657a2d0445ea0865e3
:107b9c0094f80b8045ea080594f80a8045ea082514
:107bac00ab42e1d0bde8f081043a023989b20ceb6a
:107bbc00c10c317a737a1b0443ea0163f17a0b43eb
:107bcc00b17a43ea012342f8043f0836b445f0d1b8
:107bdc003846e7e70839c1f38f00b0eb930f1fd895
:107bec000028dfd004f10c01043a431e9bb2103480
:107bfc0004eb830411f8045c11f8033c1b0443ea06
:107c0c00056311f8015c2b4311f8025c43ea052370
:107c1c0042f8043f0431a142ecd1c3e70020c1e794
:047c2c000020bfe78e
:020000040000fa
:020000040001f9
:107c30005443364572726f725f5375636365656452
:107c400065640d0a000000005443364572726f727d
:107c50005f4e6f48617264776172650d0a000000c3
:107c60005443364572726f725f556e657870656306
:107c700074656453760d0a005443364572726f7210
:107c80005f556e6578706563746564447645760dfe
:107c90000a0000005443364572726f725f4261649d
:107ca000436865636b73756d0d0a00005443364578
:107cb00072726f725f556e65787065637465644348
:107cc00074726c0d0a0000005443364572726f7274
:107cd0005f4261645478446174610d0a00000000e1
:107ce0005443364572726f725f53796e634c6f7393
:107cf000740d0a005443364572726f725f53706997
:107d00004572726f720d0a005443365f4572726f8e
:107d10007220756e6b6e6f776e5f666c61673d2566
:047d2000640d0a00e4
:020000040000fa
:020000040001f9
:107d240038b50c460ff0ecfc00286cd00546002c4e
:107d34006bd054220021204611f0bafd95f83c3056
:107d4400012b55d0002323702b8da4f844306b8d68
:107d5400a4f846306b6aa3646b6da4f84c306b686e
:107d64002a689b1aa4f84e30002384f8503095f802
:107d7400403013f0040f04bf012384f8503095f809
:107d84003f3013f0010f05d094f8503043f0020354
:107d940084f8503095f8403013f0080f05d194f86a
:107da400503043f0040384f8503095f83f3013f01a
:107db400020f05d094f8503043f0080384f8503093
:107dc40095f8403013f0100f05d194f8503043f07b
:107dd400100384f8503095f83f3013f0040f16d098
:107de40094f8503043f0200384f85030012038bd1b
:107df4006b696360ab696361eb6963622b6a63639c
:107e040001232370a0e70020f1e70020efe7012021
:027e1400ede798
:020000040000fa
:020000040001f9
:027e16007047b3
:020000040000fa
:020000040001f9
:107e180038b5037e032b59d02f4b1b68002b35d167
:107e28000d4604468368002b35d0002950d012f047
:107e38003bf92a4b01221a7012f03af9002228491c
:107e480009200cf087f9274b1860002842d0a06859
:107e5800836804222988984748b3a168224a116098
:107e68002988224a11606988214a1180214a1060b4
:107e7800194a13680133136012f016f9174a137878
:107e88000133137012f014f9012003e00133124a90
:107e98001360012038bd11f039ff08b90020f9e757
:107ea80011f02eff144908f019fc0020f2e711f038
:107eb8002dff28b90b4b186811f051fe0020e9e797
:107ec80011f01eff0d4908f009fcf3e70120e1e776
:107ed8000020dfe70020dde744bf002021c00020ac
:107ee80075f2000040bf002048bf00203cbf0020c2
:107ef8002ac0002038bf00205449020078490200f7
:020000040000fa
:020000040001f9
:107f08002de9f84f0b9f9df83080a8f10404e4b2e6
:107f1800012c03d91f295cd81f2a5ed8994616461a
:107f28000d4601210bf0fcfc8346002858d0d0f800
:107f380004a0baf8023013f0020f40d013f0080f73
:107f480041d10af1800010f04dfc044600283ed0d3
:107f5800c07b4ff483722449012814bf00200120fc
:107f68000ff04cfe84f80c80a580e6809df8283040
:107f78006373c4f808900123a373c4f810b0b8f170
:107f8800030f15d021460af18c0010f0f2fe0223ef
:107f9800e373002512f088f89af8003001338af864
:107fa800003012f085f807b13d702046bde8f88f23
:107fb800baf8023043f00803aaf80230e2e70024d6
:107fc8006ff00305e6e700246ff00705e2e70225f6
:107fd800e0e76ff004050024e5e76ff00505fae730
:0c7fe8004ff0ff35f7e700bff8900200f3
:020000040000fa
:020000040001f9
:107ff40070b500284bd1344b1b78002b55d1324b34
:10800400012083f8700083f8710083f872001870ff
:108014000d685d61ca6a9a618a6ada6100221a622d
:108024004c69dc608c699c605a6098844ff0ff3026
:10803400986283f826205a704868d8628c681c635a
:10804400ce685e630e699e63ce69de640e6a1e6549
:108054004e6a5e65096bd96583f864209a66da66b0
:108064001a4a531e0f32ff2103f8011f9342fbd11a
:10807400b0f1ff3f02d0b4f1ff3f03d1eb681249e6
:1080840013489847104b02221a74002070bd11f057
:108094003ffe10b94ff0ff30f8e711f033fe0d4901
:1080a4000ef048fd4ff0ff30f0e711f031fe10b94b
:1080b4004ff0ff30eae711f025fe07490ef03afdd4
:1080c4004ff0ff30e2e700bf60b7002070bd002032
:0c80d400b58b01004867020060670200e5
:020000040000fa
:020000040001f9
:1080e0002de9f0410646884610f0030f4ff4cd729b
:1080f00033490cbf012000200ff0defd746b378e7a
:10810000304b1d68304b1b68e2689b1aea6893424b
:1081100024d82269b2b921e00023d3f11f031dd472
:108120000121994022ea010222612b4493f8360092
:1081300010f0cef820b190f8422012f0400f1fd17d
:1081400022695ab1002ae7db4ff080410123114236
:10815000e3d101339bb24908202bf8d117f0010f6e
:1081600022d017f0020f1bd0314605f11c0010f091
:1081700045fe214605f1280010f040febde8f081e3
:108180000022326031460ef047f80028d8dbb8f103
:10819000000ff3d0d8f808300133c8f80830ede705
:1081a00030460df08ff9e4e76368f360a368b360cd
:1081b00027226ff0150130460ef056fbd9e700bfbd
:0c81c000e489020004bf002000bf002082
:020000040000fa
:020000040001f9
:1081cc002de9f04383b01c4613f4804f1cd10646b6
:1081dc000d469046334b5f6811f0b8fcc0eb0010b5
:1081ec00800007eb00092946385809f017fb0546b3
:1081fc00002853d0037813f0020f17d1038803f033
:10820c00c00373bb03200ee000230193264b0093a5
:10821c000b68126804f00f0103f092fd002814bfe4
:10822c0006206ff0080003b0bde8f083211101f4c3
:10823c00807114f4005f18bf41f4007109f124033c
:10824c0000220ef017f8ab6800220192164a009239
:10825c00d8f8002004f00f01304603f071fd012026
:10826c00e1e70a9b23b100691860ab8a0a9a9380f4
:10827c002b8813f0800f01d10220d4e709f11409e7
:10828c002c1d214648460cf0affd064b5b69eb609c
:10829c00214648460df0a2fb0220c4e76ff0010016
:0c82ac00c1e700bf40b90020a0c10020c5
:020000040000fa
:020000040001f9
:1082b8002a4b1b78002b4fd1042801d90020704786
:1082c800f0b583b00e460446254b264a1a6047038c
:1082d800254b1f60254b1f60254b4ff460421a60e9
:1082e800244b01221a700025234b1d70234b1d704f
:1082f800234b1d70194b02221a700cf097fe009741
:10830800034622461f49284608f0e8f924b91e4bbf
:108318001d70012003b0f0bd1c49002008f0def9f3
:10832800a6b10ef035fc04460d4611f0f5fce0fb55
:108338000645174bc3e900450124134b1c70324610
:108348001449002008f0caf92046e3e71249002042
:1083580008f0c4f90120dde7002070473ec0002086
:10836800c4bf0020fb080300d4bf0020d8bf0020f2
:10837800dcbf00203fc0002040c000203ac00020e1
:108388003bc000201c9501003dc000205095010015
:0c83980010be00208c950100b49501007f
:020000040000fa
:020000040001f9
:1083a400f8b504460ff0a6fd002868d0a38e678cac
:1083b400b4f824c0e58ca268517894f8200010f039
:1083c400010f31d03a0a02f0200000280cbf012628
:1083d400052612f0040f1abf46f0100601200020f3
:1083e40012f0080f27d046f02006012215f4006f82
:1083f40002d01cf4007f24d115f4806f02d01cf449
:10840400807f31d13b4013f4807f1cd113f0800f67
:1084140036d113f0400f25d113f0200332d126f0ca
:10842400010646f4005620e010f0100f05d00b268c
:1084340000221046dae70022d8e70326002210467d
:10844400d4e70a2300e0122301f0010502ea6101e6
:1084540045ea0102024092000143294206d042f05b
:10846400080203e02223efe70c230022a16a11b1e2
:108474000e804b800a71002120460ff029f8f8bdc8
:088484001423f2e72423f0e7c2
:020000040000fa
:020000040001f9
:10848c002d7478002d7278002d6900002d2d696ee9
:10849c006465780055736167653a2069706572662a
:1084ac0073203c2d74782073697a653e203c2d72c4
:1084bc00782073697a653e203c2d6920696e64656d
:1084cc00783e0d0a000000000d0a69706572663a6c
:1084dc0020496e76616c69642073657373696f6e85
:1084ec00206e756d6265722e204d696e3a20302caf
:1084fc00204d61783a2025640d0a00006970657280
:10850c0066733a2030203c2073697a65203c203613
:10851c00353533360d0a00006970657266733a2082
:10852c004f4b2c20696e7374616e6365202564203b
:10853c0074782073697a652069732025640d0a00ac
:10854c006970657266733a204f4b2c20696e737498
:10855c00616e63652025642072782073697a6520ca
:08856c0069732025640d0a006b
:020000040000fa
:020000040001f9
:1085740070b40401354d25442d7b04f1824404f587
:10858400204494f84e4014f0030f02d1edb2002db4
:1085940055d1040104f1824505f52045032685f8eb
:1085a4004e602a4d254401262e73294d2c5b14f46c
:1085b400806f19bfc91805eb0014254c04eb001497
:1085c40061600101224c615a11f4006f27d01a44f2
:1085d40004eb00118a601e4902018c18895a9bb26f
:1085e400c1f301210b419bb2638002f1824303f585
:1085f40020431a6c42f002021a641a6c12f4fe4f01
:108604001fd193f8463013f0400f1dd111490c6966
:10861400012202fa00f323430b61104612e00d49d4
:10862400498811f4404f04d1094901eb00118a60d3
:10863400d1e71168064a02eb00129160cbe70020f3
:1086440000e0012070bc70470120fbe778bc0020eb
:0886540058bc002000a0004109
:020000040000fa
:020000040001f9
:10865c0038b504460ff04afc002850d0a18e638f29
:10866c001943a068028a12f0060f08bf42f00402f8
:10867c0012f0380f08bf42f0200212f0010f1ed08a
:10868c0012f0100f0cd002f00203002b44f208037e
:10869c0008bf082312f0040f03d043f4005300e08a
:1086ac00082312f0200f15d012f0020f18bf43f45c
:1086bc00805312f0040f0dd043f400630ae012f063
:1086cc00100f1dd002f00203002b14bf4ff4804397
:1086dc004ff4005343f4807343f001030b4001f457
:1086ec0080751d4315d0026123840023e36340f29f
:1086fc0001138b4313d0042363830323a38338bd5b
:10870c0002f00203002b14bf4ff480534ff40063ac
:10871c00e0e76ff0020120460ef0d6feefe70f21e6
:10872c0020460df051fc0028e9d00423638302237a
:04873c00a383e4e748
:020000040000fa
:020000040001f9
:108740005443502f495020537461636b3a2054694d
:10875000636b20726567697374726174696f6e20f0
:108760006661696c65643a2025640d0a00000000aa
:108770005443502f495020537461636b3a20496e23
:10878000697469616c697a6174696f6e20535953b9
:1087900020544d52206661696c65643a202564203e
:1087a0002d2041626f7274696e6721200d0a0000ee
:1087b0005443502f495020537461636b3a20496ee3
:1087c000697469616c697a6174696f6e20456e6461
:1087d0006564202d2073756363657373200d0a0033
:1087e0005443502f495020537461636b3a20496eb3
:1087f0007465726661636520496e697469616c694c
:108800007a6174696f6e206661696c65643a2030c4
:10881000782578202d2041626f7274696e6721205f
:048820000d0a00003d
:020000040000fa
:020000040001f9
:108824002de9f04182b00446456802290cdc036856
:108834001b682b492846984723681b682949284602
:10884400984702b0bde8f0810e46174650680cf018
:10885400bffd804650b190f8423013f0400f0bd169
:1088640023681b68204928469847eae723681b6861
:108874001e4928469847e4e701a9b868fdf7aef910
:1088840028b923681b681a4928469847d9e74046ff
:1088940011f084fb40b9032e12dd6946f868fdf738
:1088a4009df938b16a460ce023681b6811492846d3
:1088b4009847c6e723681b680f4928469847c0e7ce
:1088c4000022012301a9404608f0deff23681b684b
:1088d4000a490b4a002808bf114628469847b0e7c2
:1088e400345501007c550100ac550100f0640100d1
:1088f400f4b00100c85501001056010008550100ec
:048904001c550100fd
:020000040000fa
:020000040001f9
:10890800b0d7000049000100b8d70000d4d7000054
:1089180069aa0100dcd70000f8d70000a9e401002b
:1089280000d8000014d80000a9a901001cd8000034
:1089380030d800002588010038d8000054d800003d
:1089480005ea01005cd8000074d80000b9190200db
:108958007cd8000098d8000031e00100a0d80000c1
:10896800b4d80000dd380100b8d80000d8d800001d
:10897800a1630100e0d80000f4d80000517701009d
:1089880000d9000014d9000081de00001cd90000c5
:1089980034d900005d2901003cd9000054d90000f9
:1089a80051be00005cd900006cd900005d260100b2
:1089b80070d9000080d90000699c010084d90000aa
:1089c80094d90000a5ec0100a0d90000b4d900009a
:1089d80029c20100b8d90000c0d9000021970000c1
:0489e800c8d90000ea
:020000040000fa
:020000040001f9
:1089ec002d6100006970657266693a2075736520a7
:1089fc00612076616c696420495020616464726501
:108a0c007373210d0a0000006970657266693a2063
:108a1c00556e6b6e6f776e20706172616d657465eb
:108a2c00720d0a0055736167653a2069706572664c
:108a3c0069202d612061646472657373203c2d691b
:108a4c0020696e6465783e0d0a0000000d0a69709d
:108a5c00657266693a2063616e6e6f74206368613b
:108a6c006e67652074686520697020616464726546
:108a7c007373207768696c652073657373696f6ea7
:108a8c003a2025642072756e6e696e67210d0a009e
:108a9c006970657266693a204f4b2c20736574209f
:108aac007468652049502061646472657373207426
:108abc006f20696e7374616e63653a2025640d0acc
:048acc00000000bfe7
:020000040000fa
:020000040001f9
:108ad000f0b58bb00c461546344a13680133136069
:108ae00008460df0cff9284611f067f8064640b960
:108af0002f4b1b6823f00203012b31d030460bb003
:108b0000f0bd676928220021684610f0d3fe0ef000
:108b100043f8cde9000110f0f1ff029038460ff064
:108b2000adfd0390adf8105023699a89adf812207d
:108b300000228df81a208df81c20384650f8062f98
:108b4000cdf81d208288adf821209a896169684698
:108b5000fef77efd0122022120460df085fecde7c5
:108b600028220021684610f0a5fe0ef015f8cde988
:108b700000010e4b1b680293adf8105022699389d7
:108b8000adf8123000238df81a3002238df81c3016
:108b900061690b4653f8060fcdf81d009b88adf8b0
:108ba000213092896846fef753fda7e7b8bf002041
:048bb000b0bf002032
:020000040000fa
:020000040001f9
:108bb4000378002b68d090f91030022b64d170b583
:108bc4000446056aab69c3f307223049742000fbed
:108bd4000212dbb203eb8303d66806ebc30696f9f5
:108be4001c00b0f1ff3f0ed0737fcbb900f01f0320
:108bf400c0f34a1000f5020000f58070012199408d
:108c0400c00111f0cdfa726aab699a4216d02046bf
:108c140010f091fe256a15b16b7d012b27d070bd34
:108c240000f01f03c0f34a1000f5020000f5807045
:108c340001219940c00111f0b5fae4e701232b7535
:108c4400ed69204610f077fe7368002be2d094f8ab
:108c54002630013384f826307368b268294601202f
:108c6400984794f82630013b84f82630d2e728460a
:108c740000f024fd02236b7563695c682b696a68e4
:108c8400e968a868a047cae7704700bf60b700203a
:020000040000fa
:020000040001f9
:108c94002de9f04fadf5017d334b93f81432012be0
:108ca40006d04ff0040948460df5017dbde8f08f6c
:108cb40093468846074686082c4ba3fb063676095e
:108cc400294b002283f8142201a9304608f0c2f887
:108cd4008146d0b9bb08254aa2fb03235b09c3eb39
:108ce400c313a7eb83039bb2a3b99df8043088f8a0
:108cf40000307c1ca4b22546ba465f44bc4217db54
:108d0400194b012283f81422cde7174b012283f873
:108d14001422c8e73c46eee7a5eb0a0501ab13f8bd
:108d24000b3008f805300134a4b22546bc42e7da1a
:108d3400a3080e4aa2fb03235b09c3ebc313a4ebf2
:108d4400830b1ffa8bfbbbf1000fe5d10136b6b2e2
:108d540001a9304608f07ef80028ddd0024a01213e
:108d640082f8141281469ee74cad00200502814032
:020000040000fa
:020000040001f9
:108d74002de9f8430f46002850d005464368002be0
:108d840050d08268002a51d0c468002c52d02046aa
:108d940098478046002851d00f3020f00f00a0ebf8
:108da4000801611a21f00f01a1f15009b9f5806f92
:108db40048d34fea1919fef742fe044600f1500e5b
:108dc4000646dff888c0bce80f000fc6bce80f00f9
:108dd4000fc6dcf800303360c4f824e0c4f85490c3
:108de40000262665c4f828e0c4f82c902663666340
:108df40084f838606b7884f83930c4f83c80ab6808
:108e0400236411f053f9012384f8443011f052f92a
:108e1400334607b13b702046bde8f88304464ff063
:108e2400ff33f6e74ff0ff330024f2e74ff0ff3350
:108e34000024eee74ff0ff330024eae704466ff026
:108e44000103e6e76ff003030024e2e7947c0200e9
:020000040000fa
:020000040001f9
:108e54002de9f843002a63d0894616460ef050fceb
:108e64000446002860d0036b33b1076be58ea84637
:108e7400c5b14ff0000826e090f8423013f0010f1e
:108e840002d14ff000080ae010f086fc276b4ff087
:108e94000008002fead102e00023a386a363e38e37
:108ea400002b3ed194f8423013f0010f39d0204604
:108eb40010f072fc35e0002ef1d0276b002feed0bd
:108ec400e58e002deed0a38eb34228bf33469d42db
:108ed40028bf1d46b5b1b9f1000f05d02a46a16bd4
:108ee40048460cf099fea944761bb6b2a8441ffa72
:108ef40088f8e38e5b1be386a38e5b1ba386a36bc0
:108f04001d44a563a38e002bd5d13f682763002f92
:108f1400c2d0bb89a386bb68a363002ed0d1bee7b1
:0e8f240090464046bde8f8834ff00008f9e79c
:020000040000fa
:020000040001f9
:028f3200704786
:020000040000fa
:020000040001f9
:108f3400f8b5344c656b63689b69984760616069f8
:108f440010f004fad4e90a67321847f10003c4e9bf
:108f54000a23002d4cd094f83030013384f830309b
:108f64000df000fe646b2cb1a3681bb9012500272a
:108f7400244e10e0244d00242e461fe0e0690cf03e
:108f840071fbe3680bb120699847746b002cf1d036
:108f9400a368002beed125756575a37813b9e36832
:108fa400002bebd1204609f0bff9a378002be8d1c0
:108fb4006770e6e701342035052c13d006eb441323
:108fc4005b7d002bf6d006eb441300225a75ab7878
:108fd400012befd16b6806eb44118b60284605f03a
:108fe4008df9e7e7074a92f83030013b82f83030d8
:108ff40011f05cf8044602f001ff204611f05af823
:0c900400f8bd00bf58ba00201cb50020c9
:020000040000fa
:020000040001f9
:109010002de9f74f984604468b46d2f80890d2e9de
:10902000037a0cf02ffcd8f800301844c8f8000080
:10903000b9f1000f01d10af1ff3900254d452ddab4
:109040000af1ff33ab4229dde36be26c934235d288
:109050005a1ce2631e7830460ff03efe00283dd1d8
:10906000012d16d1304610f0b6fd782811d13b788d
:10907000302b0ed1e36be26c93422bd25a1ce2638d
:109080001878e36c13b1e36b013be3630ff024fe4c
:1090900020bbe36c13b1e36b013be36300237b551f
:1090a000102201a9384610f072fa019bbb42cbe9ad
:1090b00000010cbf6ff00106012607e0204609f011
:1090c0003ffe06460130c6d1002de7d1304603b041
:1090d000bde8f08f204609f033fed2e77e55d8f880
:0c90e000003001330135c8f80030a7e76c
:020000040000fa
:020000040001f9
:1090ec002de9f0410d46002945d0b1f93c70304bcb
:1090fc001c68002c4dd0002f4fdb2e4b1b689f4261
:10910c0050d254f827308b4204d000242646a04677
:10911c00254634e003691b8a03f00803002b14bfb7
:10912c004ff003084ff00108b1f87a3018ea030841
:10913c0008d0ce6fd1f88040826aeb6c834205d0a8
:10914c0015461ce0002426462246f6e70025a3f827
:10915c005650a3f854509d64a3f86e50a3f86c506d
:10916c001d6619690d601b699d81036a23f0080354
:10917c000362154605e00c4600263746b0460cf057
:10918c009bf926b12346424629463846b047bde8ee
:10919c00f08125460026b046f1e700242646a0467d
:1091ac002546ece700242646a0462546e7e700bf07
:0891bc004cbf002050bf002051
:020000040000fa
:020000040001f9
:1091c4002de9f84300295ed00f4600242f4e304b82
:1091d40000f1010edff8bcc006e00cf801809a60d3
:1091e400621c0134974244d9726802f00702012ad2
:1091f40018d09968dd684a1cd3f81080424528bf0e
:109204000022954236d010f80480756805f00705f1
:10921400012de2d14d000cf81180691c00250cf8d9
:109224000150dce7d3f80880d96808f101021d6910
:10923400aa4228bf002291421cd01ef8145010f8f4
:10924400141041ea0521756805f00705012d05d0c4
:10925400c9b20cf808109a60621cc2e74fea4805cc
:109264005ffa81f90cf818900135090a0cf8051019
:10927400f1e7144610f016f810b1044b01229a7568
:109284002046bde8f8830c46f4e700bf00340040f4
:0892940014ba002088820020ba
:020000040000fa
:020000040001f9
:10929c002de9f04186b02649002007f01dfa254c37
:1092ac000025dff8c0802e46234f2a464146304623
:1092bc0007f012fa54f8041b38460ef035fb6168bf
:1092cc001e480ef031fbe1681d480ef02dfb616964
:1092dc001c480ef029fb1c49304607f0fdf90135fe
:1092ec00022de2d101a900200bf02ef801aa17499a
:1092fc00002007f0f1f901a901200bf025f801aad3
:10930c001349002007f0e8f9124ca36b626b124969
:10931c00002007f0e1f9236ce26b1049002007f004
:10932c00dbf90f49002007f0d7f906b0bde8f08152
:10933c007844010090b90020984401009c4401003d
:10934c00a4440100ac440100b4440100b844010041
:10935c00cc44010088b90020f044010018450100fc
:08936c006c4501008c44010076
:020000040000fa
:020000040001f9
:10937400f0b585b005460c4617460023adf80a3013
:109384000193836c03a92046984700280edbbdf89f
:109394000c60ab6a01aa002120469847012e16d022
:1093a40033b22bb1022e3dd06ff0080005b0f0bdf2
:1093b4002b6d019a1b21204698470028f6db0128d3
:1093c400f4d0eb6c0121204698470120eee76b6d49
:1093d4000df10a01204698470028e7db0128e5d073
:1093e400bdf80a3003f0100317f4007f0ed0adf877
:1093f4000a300223adf80c30bdf80a30adf80e3057
:10940400eb6c0399204698470120cfe717f4006fcf
:1094140006bf6fea43436fea534343f42043adf876
:109424000a30e6e7bdf80e20adf80a20ad6d019bc9
:109434001b212046a8470028b8db012814bf0020c0
:049444000120b3e769
:020000040000fa
:020000040001f9
:1094480070b584b0002851d12e4b1b78002b52d018
:109458002c4b93f82430002b50d12a4bda695269ef
:109468000021d88890470546b0f1ff3f29d0264b08
:109478000193244e06f1240473699b68214623480e
:109488009847029000238df80c30f3699b6901a975
:109498002846984700281cdb1a4bda691a635d6373
:1094a80000229a63012183f82410db62d96899624b
:1094b8009a8783f85420da87a3f840200222da84b6
:1094c80016e040f22732124900200ef03dfb2c46f0
:1094d8000ee0f369db69284698474ff44e720c4951
:1094e80000200ef031fb4ff0ff3401e04ff0ff3465
:1094f800204604b070bd4ff0ff34f9e74ff0ff3459
:10950800f6e700bfd4b70020000e27079816020020
:04951800fc990200b8
:020000040000fa
:020000040001f9
:10951c005b544553544d4f44455d207265717565e0
:10952c007374696e67202575202d202573202854af
:10953c00315354535443544c3d30782530385829ca
:10954c000a0d00005b544553544d4f44455d207447
:10955c00686520543153206c696e6b2069732064ec
:10956c006f776e207768696c652074686973206dfd
:10957c006f6465206973206163746976650a0d00f8
:10958c005b544553544d4f44455d206175746f2dac
:10959c007265766572742061726d656420696e20e7
:1095ac00257520730a0d00005b544553544d4f44f0
:1095bc00455d206e6f2074696d656f7574206769e9
:1095cc0076656e202d2072657665727420776974cd
:1095dc00682027746573746d6f64652030270a0ddd
:0495ec00000000bfbc
:020000040000fa
:020000040001f9
:1095f0002de9f843099f03f1ff3c5ffa8cfc1cf056
:10960000800f58d103f10108bdf82840a408b4eb3d
:10961000480f52d318bb00233b60c2f3034343ea15
:1096200001113b78194341ea401038707b7843ead6
:1096300012237b70bb781a43ba700cf07f0cfc7855
:1096400044ea4c0464b2fc7038460cf0b8ff00f0f9
:1096500001000443fc704feac800bde8f88307eb43
:10966000c30e9eb2002ed6d0aef10804089d05ebc5
:109670008303aef1100e013eb6b2aeebc60e00bfd4
:1096800053f8045dee434fea166984f808904feaf8
:10969000164984f809904fea162984f80a90e67270
:1096a0002e0e26712e0c66712e0aa671e571083ced
:1096b0007445e5d1afe70020cfe70020cde700bf3c
:020000040000fa
:020000040001f9
:1096c0002de9f04186b080468169304ec1f3072014
:1096d000742202fb0060cbb203eb8303db00c068a3
:1096e0001d181c5a02fb0462936a99423bd001aeda
:1096f00005f10c070fcf0fc63b683360234b742274
:1097000002fb04346a69236d53f8223003932a69fb
:10971000636d53f822300293aa69e36c53f8223048
:10972000049363691b68002101a89847d8f8183092
:10973000a362002385f8203095f91c00b0f1ff3fab
:109740000ed06b7fa3b900f01f03c0f34a1000f5e1
:10975000020000f5807001219940c00110f024fd45
:1097600006b0bde8f08195f82030002be4d0bee7cc
:1097700000f01f03c0f34a1000f5020000f58070ee
:1097800001219940c00110f00dfde9e760b700200c
:020000040000fa
:020000040001f9
:1097900010b5037e032b41d0214b1b6833b1204a07
:1097a0001368013313600124204610bd02881d4b4d
:1097b0001a601d4b1d4a13211d4804f0a5fb0446e9
:1097c000b0b100221b4b1a601b4920200af0c6fcd6
:1097d0001a4b1860b0b10023194a1370194a1a497c
:1097e00011601a4a13801a4a13601a4a1360d6e7a6
:1097f00010f090fa0028d7d010f086fa164906f03b
:1098000071ffd1e710f086fa08b90024cce710f018
:109810007bfa124906f066ff0024c5e70124c3e77e
:10982000a0be0020c8be00207410020088100200f4
:1098300008890100a4be002099a80000f0be002005
:1098400051bd0020d8be0020844002001ec0002070
:10985000d0be0020dcbe002090100200b410020038
:020000040000fa
:020000040001f9
:10986000002864d070b50646002952d001f10f05da
:109870002d09013510f01cfc96f8443073b910f036
:109880001bfc736a002b36d05a68954243d91c687a
:109890008cb36268aa4207d22346f8e7013b86f8f8
:1098a000443010f009fcece7511b022919d995420c
:1098b00016d0616004eb01146560336b1d443563a1
:1098c000736b9d4288bf756310f0f2fb96f84430cd
:1098d000013386f8443010f0effb04f1100017e07c
:1098e0003bb1216819601546b26aa242e5d1b36264
:1098f000e3e7234612e0fa2386f8383010f0d8fb6d
:1099000096f84430013386f8443010f0d5fb00203f
:1099100070bd0020fce7511b022905d8196871624f
:1099200015461c460b46dfe71c460023bfe7704781
:020000040000fa
:020000040001f9
:109930002de9f04f91b0002952d08146884600278a
:109940003e46ba463c4621e000208df810006a46ab
:10995000254906f0c7fe2e461fe055469bf800201d
:109960002249002006f0befe01369bf80020a2f13d
:109970002003dbb25e2b05f1010a88bf2e2210ab5b
:109980001d4405f8402c0134a0450dd009eb040b13
:1099900014f00f05e1d1002fd6d15a46144900200a
:1099a00006f0a0fe0127d9e70f2e08d8114d00249c
:1099b0002946204606f096fe01360f2ef8d910ab48
:1099c0009a4400240af8404c6a460b49204606f0a7
:1099d00089fe0a49204606f085fe11b0bde8f08fe9
:1099e0008a460e46e2e700bf0c7902001c790200ad
:1099f00014790200247902002879020030790200eb
:020000040000fa
:020000040001f9
:109a000070b590f82630002b5ed190f87130012ba4
:109a100001d0002559e00446002380f87130c66d5e
:109a2000c36ab3f1ff3f20d0036bb3f1ff3f1cd0fb
:109a3000357835b1b6f904000af0aeff84f83e007f
:109a400043e010f035fb0546b6f910000af0a4ff1c
:109a500084f83d00b6f914000af09eff84f83c003b
:109a6000284610f029fb01252fe0357835b1b6f9ed
:109a700004000af091ff84f85b0026e010f018fb68
:109a800005467068b0f1ff3f0cd1b068b0f1ff3f00
:109a90000ed1f068b0f1ff3f10d1284610f00cfb5a
:109aa000012512e000b20af077ff84f85800ece7d5
:109ab00000b20af071ff84f85900eae700b20af038
:0e9ac0006bff84f85a00e8e70125284670bdc8
:020000040000fa
:020000040001f9
:029ace007047df
:020000040000fa
:020000040001f9
:109ad0002d4b83424fd1002850d070b515460c460f
:109ae000c9b11b6b13b1052128489847264e06f1d2
:109af0006c0206f16801304605f050f8336b1bb17b
:109b0000062106f15c009847214e0fce0fc496e85f
:109b1000030084e80300002d33d01b4b1b6b13b1f3
:109b200003211c489847184b0022c3f8802093f863
:109b30009c40a4b1d3f88c30013ca4b204eb0412d5
:109b400003f1440404eb82040f4800bfd0f88010f6
:109b50001a6a1144c0f880104433a342f6d10a4b6c
:109b60001b6b13b104210b4898470b4b0fcb85e8b7
:109b70000f00002070bd6ff0050070476ff005000a
:109b800070470020f6e700bf4cc00020a8c00020ae
:0c9b9000b0c00020acc00020c8c0002005
:020000040000fa
:020000040001f9
:109b9c002e4b1b780bb10020704770b50546012683
:109bac002a4b1e702a4c41f29012002120460ff0d5
:109bbc007bfe002341f28112a35441f27412254919
:109bcc00a15041f283121821a15404f58b52156057
:109bdc0041f2cc02a45041f2d0020421a15441f232
:109bec00d102a35441f2d202a35404f1500141f228
:109bfc00d402a15041f2d802a65441f2d902a35486
:109c0c0041f2da02a35441f2db02a35441f25412a2
:109c1c001149a15041f258120221a15441f259129a
:109c2c00a35441f25a12a35441f25b12a35441f2d1
:109c3c005c12a35441f25d12a35441f25e12a35480
:109c4c0041f25f12a354204670bd00bf34c0002007
:0c9c5c00e85e002078354248c46f00200c
:020000040000fa
:020000040001f9
:109c68002de9f04393b005464668012907dd0f4604
:109c78009046516828480ff070fc044638b12b68ac
:109c88001b6826493046984713b0bde8f08310f0aa
:109c980013f88146022f09dc07462b685b684a46a1
:109ca8001f4930469847bc420adbede7d8f8080060
:109cb8000af0f7fc0446471cefe70134a742e3d05b
:109cc80004a920b206f063f80028f6d02b689df8a6
:109cd80046200292bdf836200192bdf83420009249
:109ce800d3f804809df8103022460e493046c0470c
:109cf8002b68bdf844200292bdf8422001929df8dd
:109d08003c200092d3f80480bdf84030bdf83e20d6
:109d180005493046c047d0e714b10100b8b1010089
:0c9d28001cb1010030b1010078b1010055
:020000040000fa
:020000040001f9
:109d34002de9f0411446002a59d088460df01cfd47
:109d44000546002850d00ef079fc074600284dd077
:109d5400844228bf0446a4b2296aae690b199e4204
:109d640029d2761a0136b6b2b8f1000f04d03246c1
:109d740040460bf051ffb044a41ba4b26b692b62a4
:109d8400b8f1000f04d02246296a40460bf044ff84
:109d94002b6a23442b623444a4b228460af048fabe
:109da40028bb3f1bbc4208db95f83e3043f08003e0
:109db40085f83e301be00026e2e795f83e3013f0cc
:109dc400040f14d143f0040385f83e300df04cfd2c
:109dd400084b1a68c82303fb02f3074aa2fb0323b8
:109de40000eb9310a86202e0002400e00446204641
:0c9df400bde8f08154bf0020d34d621088
:020000040000fa
:020000040001f9
:109e0000002951d0f8b50e46002850d12c4c012322
:109e100084f838300b686360db689847e060074679
:109e20000021c300420f1b1a62eb0102550145eaf3
:109e3000d3655801181842eb05051fa3d3e9002389
:109e4000c01945eb01010cf037ff02302062b6f972
:109e500004302381002121614ff6ff73a36147f68f
:109e6000ff73e36100220023c4e90a23616384f8dd
:109e7000301063681b681348984763681b690bb10f
:109e8000208b98470e4ce06963685b6980b2984705
:109e900063685b689847a02200210b480ff00afd19
:109ea000022323702046f8bd4ff0ff3070474ff07b
:109eb000ff30f8e7aff30080000e27070000000036
:0c9ec00058ba0020358f01001cb50020ae
:020000040000fa
:020000040001f9
:109ecc002de9f84f04468b4691469a46bdf82880fa
:109edc000b9f0c9e851d3622002128460ff0e4fcba
:109eec004ff0ff332360a380254b1868c4f806009d
:109efc009b88638188232373f723637384f80eb0e4
:109f0c000223e373002525742c236374a57484f851
:109f1c0014a01c4b03cbc4f82200c4f8261084f800
:109f2c002a50012384f82b304fea182384f82c3064
:109f3c0084f82d8084f82e902946134b18680af06b
:109f4c0093fa84f82f0084f8305084f831503b0e8b
:109f5c0084f832303b0c84f833303b0a84f83430cc
:109f6c0084f83570330e84f83630330c84f837307f
:109f7c00330a84f8383084f83960bde8f88f00bfb4
:0c9f8c0060be002020be0020b0c10020fc
:020000040000fa
:020000040001f9
:109f980053ec102bc3f30a512de9f04140f2fd7048
:109fa8004e1e86421d4645d8a1f2ff30002835dbfb
:109fb800332831dc284bc0f120084ff0ff3c03fa6e
:109fc80008f2a1f21f412cfa00fc10ee104a4ceaec
:109fd800020c23fa01f24cea020c23fa00fe04ea0e
:109fe8000c0605ea0e0724ea0c0256ea070425eadd
:109ff8000e030fd0002a73f100040bda4ff480151a
:10a0080005fa08f425fa01f10c43121925fa00f0b3
:10a0180040eb030343ec102bbde8f081002a73f1f9
:10a02800000303db9fed080bbde8f0819fed080bf3
:10a03800bde8f0810029efd10a4603f0004343ec64
:10a04800102be9e7aff300800000000000000000db
:0ca05800000000000000f0bfffff0f0040
:020000040000fa
:020000040001f9
:10a064002de9f84381460d4690461f460df048fb06
:10a07400002852d0044690f83c600dbb002e4ed10f
:10a0840090f842306ff3410380f84230002380f8a7
:10a094003c30a4f8288094f83f3013f0010f05d128
:10a0a40094f840306ff3820384f8403094f84230df
:10a0b40043f0020384f8423001231846bde8f883d4
:10a0c4006b1edbb2012b2cd80eb1ae422bd194f80f
:10a0d40042306ff3410384f8423084f83c50002f3f
:10a0e400d7d03a462946484609f0effe034658b110
:10a0f40094f83f3013f0040fcbd194f840306ff351
:10a10400041384f84030c4e784f83c6094f8422097
:10a1140042f0020284f84220cfe70023cde7002377
:0aa12400cbe70023c9e70023c7e7db
:020000040000fa
:020000040001f9
:02a12e00fee74a
:020000040000fa
:020000040001f9
:10a13000f0b587b00f4600230593466808460bf03c
:10a14000bdfe3378012b04bf0023337005a9d6f878
:10a15000ec000af0effa8446f8b1396929b300221d
:10a16000134614468d68059805518889059d254438
:10a17000a880184483b20132d2b209680834b1b160
:10a180009445efd1d6f880300133c6f880306ff0b7
:10a1900005000123337007b0f0bdd6f884300133d9
:10a1a000c6f884306ff00b00f3e700221346f16f1e
:10a1b0000131f167396a41f008013962d6f8ec00e3
:10a1c00002970c49019100210091059909f0a4f929
:10a1d00008b10020dde7f36f013bf3673b6a23f032
:10a1e00008033b62d6f884300133c6f884306ff040
:08a1f0000b00cee7af73020083
:020000040000fa
:020000040001f9
:10a1f80010b50ff047fc02f015f9fdf723fb0af044
:10a2080095fe05f05bf80bf0d1f9fdf700fe05f0bf
:10a21800ebfe1e490020fdf7e9fe1d4c20611d4b99
:10a228001b681d490020984760610021084607f017
:10a23800dffd206208f0a8ff184900200af086f820
:10a24800174901200af082f816490020fff7d4fdcb
:10a2580060601549002008f043ffa06013480cf027
:10a26800effb134900200ef045fca06111490020c6
:10a27800f6f76afce0610cf0bbffe0600ff0e4fa6f
:10a2880007f076fe00f0cafa10bd00bf886402002d
:10a2980030bc002084400200c8a002005cc100203d
:10a2a80070c10020e8a00200389d0200a0bf002075
:08a2b8002c9d0200e0a0020051
:020000040000fa
:020000040001f9
:10a2c0007265736572766564000000006e6f726d72
:10a2d000616c206f7065726174696f6e00000000c0
:10a2e00074657374206d6f6465203220286f7574f7
:10a2f0007075742064726f6f7029000074657374d8
:10a30000206d6f646520332028505344206d6173a5
:10a310006b202f207472616e736d69747465722086
:10a32000646973746f7274696f6e290074657374f5
:10a33000206d6f6465203420287472616e736d69be
:10a3400074746572206869676820696d70656461fe
:10a350006e6365290000000074657374206d6f647e
:10a3600065203120286f757470757420766f6c7459
:10a37000616765202f2074696d696e67206a697452
:08a3800074657229000000bfa2
:020000040000fa
:020000040001f9
:10a3880010b501290fdc244b1978244a244b0029e5
:10a3980008bf1a462349002006f0a0f91e4b1b7877
:10a3a800002b2fd110bd54681f49204607f0fafb37
:10a3b80020b91e4920460ff0d0f820b9164b0122cb
:10a3c8001a70164ae6e71a49204607f0ebfb20b94f
:10a3d800184920460ff0c1f820b90f4b00221a7017
:10a3e8000f4ad7e71449002006f078f90a4b197884
:10a3f8000a4a0b4b002908bf1a461049002006f0ec
:10a408006df9cfe70e49002006f068f90d490020e4
:10a4180006f064f9c6e700bf41c000209859010062
:10a428009c590100105a0100a0590100a4590100cb
:10a43800a8590100ac590100b0590100e4590100c4
:08a44800305a0100785a0100ae
:020000040000fa
:020000040001f9
:10a450002f4b834249d12de9f0410c46002847d0cb
:10a4600091f82f302a4a92f89c20934243d22849ef
:10a47000d1f8b41011f80380b8f1ff0f26d042458f
:10a480003cd92369002b3fd008eb0817bf00204db3
:10a4900005f1600607e0236a43f00803236224689d
:10a4a000bcb123696bb32b6b13b1032130469847c2
:10a4b000d5f88c003844214618300ef044fc2b6b44
:10a4c000002be8d0042130469847e4e74ff000081d
:10a4d000d7e70f4c4146204602f0defd41462046bc
:10a4e0000ef045f80020bde8f0816ff005007047e0
:10a4f0006ff00500f7e76ff00a00f4e76ff00a006d
:10a50000f1e76ff00a00eee76ff00a00ebe700bf3b
:04a510004cc000201b
:020000040000fa
:020000040001f9
:10a514005443502f495020537461636b3a20257380
:10a52400204d414320696e697469616c697a617474
:10a53400696f6e206661696c65640d0a0000000035
:10a544005443502f495020537461636b3a20257350
:10a55400204d4143204f70656e206661696c6564cf
:10a564000d0a00005443502f495020537461636b0b
:10a574003a204d6f64756c65206e6f3a2025642017
:10a58400496e697469616c697a6174696f6e206679
:10a5940061696c65640d0a005443502f495020537f
:10a5a4007461636b3a202573204d414320657665c1
:10a5b4006e74206e6f74696669636174696f6e206e
:10a5c40073657474696e67206661696c65640d0aed
:04a5d400000000bfc4
:020000040000fa
:020000040001f9
:10a5d8002de9f0410d4616461f460df0cbf8002830
:10a5e8004ed0044690f87620d31edbb2022b49d910
:10a5f800082a4bd090f877300bb1ab4248d15fb105
:10a60800012d01d000233ee0002138460df02cfb3f
:10a61800804618b9002336e0d4f84880e6b1b4f88b
:10a628006230b34204d030460af040fc034650b3cf
:10a6380084f87750c4f848803a46294620460bf0fb
:10a6480016fda4f8626094f83e3013f0010f0ad0aa
:10a65800a4f87260012316e00bf084fb064600287c
:10a66800e6d100230fe0b4f84230b4f84020134498
:10a67800b4f8602013445e40a4f87260012302e03d
:10a68800002300e000231846bde8f0810023fae724
:04a698000023f8e7bc
:020000040000fa
:020000040001f9
:10a69c0038b50d4614460df06bf8002854d0002c3c
:10a6ac0054d00b2d54d8dfe805f00617242a535349
:10a6bc003153383f454a90f8742082f04002c2f37f
:10a6cc008012227090f87430db43c3f3c0136370b4
:10a6dc0000236380012038e090f83f20c2f3801201
:10a6ec002270b0f87020628090f8843023710120c1
:10a6fc002be082694369d31a2380012025e042684c
:10a70c000368d31a0133238001201ee090f87530c2
:10a71c00c3f3c0032370012017e090f83f30c3f35c
:10a72c0001132370012010e090f83f30db092370f7
:10a73c0001200ae090f885302370012005e090f8a4
:10a74c0086302370012000e0002038bd0020fce79b
:04a75c000020fae7f8
:020000040000fa
:020000040001f9
:10a7600070b5441ea4b2092c54d824b204ebc40220
:10a770002b4b13f82230002b4fd01346284a02eb04
:10a7800083039b68196a00293cd004ebc403244a64
:10a7900002eb8303b3f906008847054600283ad048
:10a7a00004ebc4031e4a02eb83039b8813f0200fc3
:10a7b00031d004ebc40302eb83039b78012b2ad92d
:10a7c00004ebc40302eb83035b789bb104ebc4038b
:10a7d00002eb8303db681b6963b1164604ebc4001c
:10a7e00002eb80001c30984704ebc40306eb8306a1
:10a7f0000023737004ebc404094b03eb84040123ae
:10a80000a37008e004ebc40402eb8404ff23e370ac
:10a81000002500e00025284670bd0025fbe700bfad
:04a8200064af002001
:020000040000fa
:020000040001f9
:10a8240010b42e49cb6823f4e0631b041b0c43f0e3
:10a83400bf6343f40033cb60bff35f8f62b6284b32
:10a84400e02283f81f234ff00040186083f8202390
:10a854000120586083f82e234ff48040586083f819
:10a864002f234ff40040586083f830234ff4803096
:10a87400586083f831234ff40030586083f8322352
:10a884004ff48020586083f833234ff4002058603d
:10a8940083f834234ff48010586083f835234ff441
:10a8a40000145c6083f85423986083f86b234ff49e
:10a8b4000062da604b6a43f480234b624b6943f0d5
:10a8c40010034b614b6a43f400334b624b6a43f40d
:10a8d40080334b625df8044b704700bf00ed00e02d
:04a8e40000e100e0af
:020000040000fa
:020000040001f9
:10a8e8004369002b46d130b585b0044690f8313025
:10a8f800032b22d05a1ed2b2012a32d8012b3bd0c8
:10a90800c3680df10f020192002200921d6b838e25
:10a91800c28e418e0069a8470346d8b99df90f3009
:10a92800022b08bf03201ad040f247121b4900200f
:10a938000df00af96ff0010011e0c3680df10f0284
:10a948000092dd6a0023c28e418e0069a847034643
:10a958000028e3d063610223012084f8303005b079
:10a9680030bd40f23b120d4900200df023f94ff0a5
:10a97800ff30f4e703207047c3680df10f0201921e
:10a98800012200921d6b838ec28e418e0069a847fa
:10a998000028c3d000231846dfe700bff086020076
:020000040000fa
:020000040001f9
:10a9a8002de9f04182b00446456804290cd00368bb
:10a9b8001b6823492846984723681b68214928466d
:10a9c800984702b0bde8f0811646506809f069fe64
:10a9d8000746431e012b05d923681b681a492846d8
:10a9e8009847eee7b0680af0f1fc8046b0b101a9db
:10a9f800f068fbf7f1f8b8b1012f1bd001a9404668
:10aa08000df044ff22685468104b114a002808bf13
:10aa180013463a460f492846a047d2e723681b68e1
:10aa28000d4928469847cce723681b680b492846f8
:10aa38009847c6e701a940460df01affe2e700bfb4
:10aa48003cf9010068f901008cf90100c4af01006c
:10aa5800a8360200a0f90100f0640100f4b001007a
:020000040000fa
:020000040001f9
:10aa68002de9f04186b00446456801290add0e4605
:10aa78001746d2f80480204940460ef06efd28bbe8
:10aa8800022e0cdc23681b681c492846984723685b
:10aa98001b681b492846984706b0bde8f081b8688e
:10aaa8000af094fc60b10df0fffb23685b68154a5f
:10aab8001549002808bf0a46144928469847ebe775
:10aac80023681b68124928469847e5e7114940461c
:10aad8000ef043fd0028d5d10ff0b2f8142201a9d9
:10aae8000af061ff23685b6820b90b4a0b492846c6
:10aaf8009847d1e701aaf9e70cdb01004cdb01001c
:10ab080070db0100f0da0100fcda010014db01005f
:10ab1800f064010010db010004db010030db010000
:020000040000fa
:020000040001f9
:10ab280055445020736f636b6574733a2025642015
:10ab38000d0a000009736b7449783a2025642c20ab
:10ab4800616464547970653a2025642c2072656dbf
:10ab58006f7465506f72743a2025642c206c6f6393
:10ab6800616c506f72743a2025642c20727851758c
:10ab780065756553697a653a2025642c2074785385
:10ab8800697a653a2025640d0a0000002725735369
:10ab98007469636b79200000257320506f727427e5
:10aba8002c2000002573204e6574272c000000001f
:10abb80025732041646427000920666c6167733a35
:10abc8002025730d0a00000075736167653a2075ca
:10abd800647020696e666f203c6e3e0d0a0000bfef
:020000040000fa
:020000040001f9
:10abe80070b5fab004460023089309930a930b93af
:10abf80001930293039304930593069307931021fb
:10ac080008a80af04bfd0ca80ef078fe94f87730ef
:10ac1800012b33d0002201a90ca80ef06df901a96f
:10ac28000ca80ef075f90bf0b3ff04460d460ff0b3
:10ac380073f86a01630142ead4611b1b61eb0501e9
:10ac48004a0242ead3525e021146331945eb01012a
:10ac58008e0146ea93669a01d31a66eb01011b1925
:10ac680045eb01019c090246002344ea81608909f9
:10ac78000cf01ef8019b18447ab070bd636c019308
:10ac8800236c0293b4f86220b4f8603003eb0243fb
:10ac9800039308ab04ac0fcb84e80f001c22bae77f
:020000040000fa
:020000040001f9
:10aca8002b4b1b68012b00d070472a4b1b68002bcd
:10acb800fadd2de9f0470646254b02221a60436962
:10acc80001279f40244b1b6873b30024dff88c9046
:10acd800dff8848018e095f83e3003f0010a43f06d
:10ace800010385f83e304ff400520021284608f051
:10acf8001bfb95f83e306af3000385f83e300134bb
:10ad0800d8f80030a3420fd9d9f8003053f82450ae
:10ad1800002df4d0a86c0ef01bff0028efdb0123f8
:10ad280083403b42ebd0d6e7337e022b04d0084b5e
:10ad380001221a60bde8f087064a1368013b1360d8
:10ad4800002bf4d106f0a4fb014b00221a60f1e7b6
:10ad580060bf00205cbf002050bf00204cbf002017
:020000040000fa
:020000040001f9
:10ad6800f0b585b005460c4617460023adf80a3005
:10ad78000193836c03a92046984700280edbbdf891
:10ad88000c60ab6a01aa002120469847012e16d014
:10ad980033b22bb1022e31d06ff0080005b0f0bdf0
:10ada8002b6d019a1221204698470028f6db0128ce
:10adb800f4d0eb6c0121204698470120eee76b6d3b
:10adc8000df10a01204698470028e7db0128e5d065
:10add8009df80a3017f0010f18bf43f48043adf80f
:10ade8000a300223adf80c30bdf80a30adf80e3049
:10adf800eb6c0399204698470120cfe7bdf80e2059
:10ae0800adf80a20ad6d019b12212046a847002805
:0cae1800c4db012814bf00200120bfe7ac
:020000040000fa
:020000040001f9
:10ae240030b583b0044600238df80730d0f8a8501d
:10ae3400eb6900699847012826d02b6a2069984756
:10ae440020bbb4f8403013f0010f43d06b6b0df10d
:10ae54000701206998479df8073013f0080f19d0af
:10ae6400b4f8423043f40053a4f8423094f8442038
:10ae7400b4f84210204603f0d1fea37d43f0100342
:10ae8400a375002384f8463003b030bd20460df08e
:10ae94005dfbf9e713f0040f06d0b4f8423043f435
:10aea4008053a4f84230e1e713f0020f08d0b4f85d
:10aeb40042306fea43436fea5343a4f84230d5e784
:10aec40013f0010fd2d0b4f8423043f48043a4f815
:0caed4004230cbe720460df039fbd5e7fb
:020000040000fa
:020000040001f9
:10aee0002de9f041079d9e1cbdf82040b6eb940f64
:10aef0004fd85f1effb217f0800f4cd130b34fea2e
:10af0000830c05eb0c081ffa83febef1000f1dd069
:10af1000a8f10404069b9c44a8f108080ef1ff3335
:10af20009bb2a8eb830800bf5cf8043d4fea136ea8
:10af300084f804e04fea134e84f805e04fea132e3c
:10af400084f806e0e371043c4445edd100232b6016
:10af5000c2f3034343ea01112b78194341ea40103d
:10af600028706b7843ea12236b70ab781a43aa708f
:10af700007f07f07ec7844ea470464b2ec70284697
:10af80000bf01dfb00f001000443ec70b000bde8c5
:0caf9000f0810020fbe70020f9e700bf83
:020000040000fa
:020000040001f9
:10af9c006172700055736167653a20697034206185
:10afac0072702f6677642f7461626c6520697820eb
:10afbc00636c720d0a000000737563636573730034
:10afcc00495076342041525020537461743a2025f4
:10afdc00730d0a00706f6f6c3a2025642c2070651d
:10afec006e643a2025642c2074785375626d6974f4
:10affc003a2025642c206677645375626d69743a27
:10b00c002025640d0a0000007478536f6c7665641b
:10b01c003a2025642c20667764536f6c7665643a0d
:10b02c002025642c20746f74536f6c7665643a2001
:10b03c0025642c20746f744661696c65643a202514
:0cb04c00640d0a004661696c6564000038
:020000040000fa
:020000040001f9
:10b0580053657420676174657761792061646472ef
:10b06800657373204f4b0d0a000000005365742070
:10b0780067617465776179206164647265737320b0
:10b088006661696c65640d0a0000000055736167ac
:10b09800653a207365746777203c696e74657266db
:10b0a8006163653e203c697076342f3620616464a4
:10b0b800726573733e203c76616c696454696d6592
:10b0c8003e200d0a0000000045783a207365746739
:10b0d80077205049433332494e54203139322e318a
:10b0e80036382e302e31200d0a000000496e766168
:10b0f8006c696420495020616464726573732073bd
:0cb108007472696e67200d0a000000bf21
:020000040000fa
:020000040001f9
:10b11400696e666f0000000054435020736f636bc8
:10b124006574733a202564200d0a000009736b745a
:10b1340049783a2025642c20616464547970653a16
:10b144002025642c2072656d6f7465506f72743a9b
:10b154002025642c206c6f63616c506f72743a20ec
:10b1640025642c20666c6167733a20307825303270
:10b17400780d0a0009727853697a653a2025642c9f
:10b1840020747853697a653a2025642c207374619d
:10b1940074653a2025642c20727850656e643a20d8
:10b1a40025642c20747850656e643a2025640d0a59
:10b1b4000000000075736167653a2074637020694c
:0cb1c4006e666f203c6e3e0d0a0000bf5e
:020000040000fa
:020000040001f9
:10b1d00055736167653a20746573746d6f6465209b
:10b1e0005b302e2e25755d205b7365636f6e647317
:10b1f0005d0a0d00202030203d206e6f726d616c65
:10b200002c2031203d20766f6c746167652f6a6950
:10b21000747465722c2032203d2064726f6f702c24
:10b220002033203d20505344206d61736b2c20341b
:10b23000203d20545820686967682d5a0a0d000087
:10b2400020206e6f20617267756d656e74203d20e1
:10b2500073686f77207468652063757272656e74a9
:10b26000206d6f64650a0d00746573746d6f64659d
:10b270003a207365636f6e6473206d75737420621a
:0cb280006520312e2e3630300a0d000003
:020000040000fa
:020000040001f9
:10b28c00037bc3f303139b00143b13f0ff0343d066
:10b29c0070b483b01430c6181fe0022b42d90023bf
:10b2ac00adf806305378042b0cd0bdf8060040f2f4
:10b2bc00b453984228bf1846b0f5067f38bf4ff4f8
:10b2cc00067037e093788df80730d3788df8063018
:10b2dc00ebe7881c10445b1adbb2c5180246013b35
:10b2ec001844831adbb2aa4222d0b24211d21446bd
:10b2fc0014f8011b99b1012909d00229cdd0012bd9
:10b30c0013d951789942e4d94ff4067012e02246d1
:10b31c00e7e74ff406700de04ff4067070474ff4fa
:10b32c00067007e04ff4067004e04ff4067001e07d
:0ab33c004ff4067003b070bc7047b8
:020000040000fa
:020000040001f9
:02b34600fee720
:020000040000fa
:020000040001f9
:10b3480070b5044685682a4b9d420cbf1d460025f2
:10b35800838b012b14d01ab232b1022b2bd04ff0b1
:10b36800ff310cf0b3f870bd4ff4004200210af031
:10b3780048fe0028f7d0032363830123a383f2e761
:10b3880000210af023fe0028edd00cf06bfa0646e7
:10b398002b6a1d680cf07afa00fb05f000f2e73022
:10b3a800144da5fb003006eb9010e0620323638385
:10b3b8000223a383d7e70cf09bfd0028d3d094f990
:10b3c8003530002b04db042363830023a383cae7ff
:10b3d8000cf048fae36a984204d2032363830123fa
:10b3e800a383c0e74ff0ff3120460cf06ff8bae7af
:08b3f800d4b70020d34d621010
:020000040000fa
:020000040001f9
:10b4000030b583b005469df81840d0f8ec00042c08
:10b410003ed8dfe804f003152642360000230193ee
:10b420000093012301f00f021f490cf021ff034696
:10b43000a0b395f8fc30013385f8fc3000232de0f3
:10b440000023019300930123022218490cf010fffe
:10b45000034618b395f8fc30013385f8fc3000231f
:10b460001ce000230093124b012212490df0a2f9b7
:10b47000034698b195f8fc30013385f8fc30002381
:10b480000ce072b1d5f8e4100b401360012305e025
:10b49000ff2385f89030002300e00023184603b016
:10b4a00030bd0023fae700bfd8000400da00040032
:08b4b00041700200d900040004
:020000040000fa
:020000040001f9
:10b4b80010b40b684a68b3fbf2f3082b0cd9102bb5
:10b4c8002ed9202b2ed9302b2ed9402b2ed9612bbb
:10b4d80034bf0524062400e00024026812f00802a4
:10b4e80031d0016821f008010160036813f0040fee
:10b4f8002dd0036823f004030360436823f4e013aa
:10b5080043ea844343601ab1036843f008030360c5
:10b51800036843f00403036000205df8044b7047a0
:10b528000124dae70224d8e70324d6e70424d4e781
:10b53800036823f004030360436823f4e01343ea39
:10b5480084434360e4e7036813f0040ff0d14368d1
:10b5580023f4e01343ea84434360002adcd0036801
:08b5680043f008030360d7e77c
:020000040000fa
:020000040001f9
:10b5700090f8263003b1704770b50446c56dc36ab4
:10b58000b3f1ff3f1fd0036bb3f1ff3f1bd02b780c
:10b5900033b190f83e10b5f904000cf069ff1ae0e1
:10b5a0000ef086fd064694f83d10b5f910000cf03b
:10b5b0005fff94f83c10b5f914000cf059ff3046c9
:10b5c0000ef07afd07e02b784bb194f85b10b5f9db
:10b5d00004000cf04dff012384f8713070bd0ef0b3
:10b5e00067fd06466868b0f1ff3f0bd1a868b0f16f
:10b5f000ff3f0dd1e868b0f1ff3f0fd130460ef0ac
:10b600005bfde8e794f8581000b20cf031ffede76d
:10b6100094f8591000b20cf02bffebe794f85a1095
:08b6200000b20cf025ffe9e780
:020000040000fa
:020000040001f9
:10b628002a4b1b8803b970472de9f04385b00746bc
:10b63800066901a80ef0b5fc25480cf039fadff8c8
:10b648009090dff890800ae0a56813e02379013b29
:10b65800dbb2012b1ad9214640460df0cbfb4846f8
:10b668000df068f90446c0b12379012becd0022b08
:10b678001cd1a56860790cf027fe002ee6d0864222
:10b68800e4d0214601a80df0b5fbe8e703226ff0ee
:10b69800040128460bf0e4f8dde70d4b04aa12e993
:10b6a800070083e8070018460df052f93b7e022b8d
:10b6b80002d005b0bde8f083044a1388013b9bb271
:10b6c8001380002bf5d105f0d1f9f2e728c000204e
:08b6d80080bd0020a0bd002090
:020000040000fa
:020000040001f9
:10b6e000f8b504464568012908d01646032920d03c
:10b6f00023681b681f4928469847f8bd03681b68e4
:10b700001d492846984700221c4b1b68934221dda7
:10b710001b49d82303fb021393f8ce10012922d032
:10b72000012183f8cf1023685b68164928469847a3
:10b73000e3e75768144938460df013ff28b1134961
:10b7400038460df00eff0028d2d1b06808f0adffea
:10b75000021ed9da094b1a6823685b68013a0c4962
:10b7600028469847c9e723681b680a49284698472e
:10b77000c3e700bf14ee0100aced01006cbf002078
:10b78000e0b20020e4ed01009484010098840100ff
:08b79000d4840100c4ed0100a6
:020000040000fa
:020000040001f9
:10b79800037e032b45d02de9f041244b1e68002e73
:10b7a80037d1234b01221a60224c4ff0d8080025cc
:10b7b800214f4246294620460ef078f8012384f8a6
:10b7c800ce3084f8cf504ff6ff7363872387a38763
:10b7d8004ff48052c4f8b820c4f8bc2084f8d5507f
:10b7e80084f8d45023752a463946212008f0b2fc43
:10b7f800c4f8c000c0b10136d8340d4b1b68b34241
:10b80800d7dc0e4b0e4a04210e4802f079fb0346a2
:10b8180020b1064a13680133136001231846bde8b6
:10b82800f0810123184670470023f7e768bf00201e
:10b838006cbf0020e0b2002015110000708a0200e1
:08b84800848a020088690200f5
:020000040000fa
:020000040001f9
:10b85000f8b52b4e06f11c0406f5c276294f0ce014
:10b8600054f8143c5b6934f9160c984710b17b7896
:10b87000012b1dd02434b44240d0254614f81c3c82
:10b88000002bf7d034f8183c13f0200ff2d014f846
:10b890001a3c012be4d05ab2002aebd0032be9d892
:10b8a00055f8103cdb682846984705f81a0ce1e784
:10b8b00000237b7054f8103c9b6a984730b954f8c9
:10b8c000103c1b6854f8140c984768b101237b7036
:10b8d00055f8103c9b68294635f9160c984748b135
:10b8e000012305f81b3cdbe7052304f81a3c012380
:10b8f0007b70bfe7052305f81a3cbbe7f8bd00bf26
:08b9000064af002018ab002029
:020000040000fa
:020000040001f9
:10b908002de9f041294e2a4c4ff00108294f13e048
:10b91800226afab1616a236a40469847a36a0133ea
:10b92800226b934228bf002314e0a26aedb2bd54f3
:10b93800a36294f83430fbb9337e13f0040f32d08d
:10b94800b56aa36a0133226b934228bf0023e26ad7
:10b958009a42ddd0e26a9a42eed0726802f007029b
:10b96800012ae2d1a16a4a00e8b207f811000132bf
:10b97800c5f30725bd54dbe70df09efc236a002bb9
:10b98800dad0616a94f83c3033b1a36b9842d3d3d0
:10b99800236a00209847cfe7a36b9842ccd1236a4b
:10b9a80000209847c8e7bde8f08100bf0034004098
:08b9b80014ba0020887a002077
:020000040000fa
:020000040001f9
:10b9c000002851d070b50446002950d00d460646d7
:10b9d00056f80c3b5a1c02608022f254006838284a
:10b9e00033d82068c0f13802002130440df062ffe6
:10b9f0006368a1685a0f02ebc102a260db006360ba
:10ba00006364a26431462046e7f756ff234653f8a5
:10ba10004c0f59689a68db6828606960aa60eb601f
:10ba2000144be36403f18833236503f12943a3f541
:10ba30009613a3f68b636365a3f18833a365002097
:10ba400020606060a060206670bdc0f140020021ef
:10ba500030440df02fff4023236031462046e7f7a6
:10ba60002bff00232360bce76ff0ac0070476ff042
:08ba7000ac00e9e70123456782
:020000040000fa
:020000040001f9
:10ba7800432d72756e74696d6520686561703a2032
:10ba8800746f74616c3d257520206c6172676573f5
:10ba980074206672656520626c6f636b3d25752046
:10baa80020286e616e6f2d6d616c6c6f633b206e2c
:10bab8006f206578616374206672656520636f75b1
:10bac8006e74290d0a0000005443502f4950206815
:10bad8006561703a2020202073697a653d257520bc
:10bae80020667265653d257520206d6178626c6ff2
:10baf800636b3d2575202068696768776174657296
:10bb08003d25750d0a0000005443502f4950206808
:10bb18006561703a20202020286e6f2068616e646d
:08bb28006c65290d0a0000bf45
:020000040000fa
:020000040001f9
:10bb3000436869702d5265766973696f6e00000005
:10bb4000504c43412d456e61626c656400000000fd
:10bb5000504c43412d53746174757300504c4341f4
:10bb60002d4e6f6465496400504c43412d4e6f6407
:10bb700065436f756e740000504c43412d427572e1
:10bb80007374436f756e7400504c43412d4275724f
:10bb9000737454696d6572005443362d4368756e35
:10bba0006b53697a6500000054582d4375745468ce
:10bbb000726f75676800000052582d4375745468a1
:10bbc000726f75676800000050726f6d69736375fe
:10bbd0006f757300535049204672657175656e63c9
:04bbe000790000bf29
:020000040000fa
:020000040001f9
:10bbe4002de9f04385b00f469046994601a80ef022
:10bbf400daf926480bf05eff244e0be0a56814e04a
:10bc04006ff00301032228460af02cfe2146204847
:10bc14000df0f2f830460cf08ffe044648b3237959
:10bc2400012bebd0022b2dd1a56860790cf04efbd3
:10bc3400e2683b689a4217d1b9f1000fe0db6b6907
:10bc4400d8f800201a60b8f804209a8000232b60ea
:10bc540038b129460af0defa0028d7da6ff0040179
:10bc6400d0e76ff00401cde7214601a80df0c4f838
:10bc7400d0e7064b04aa12e9070083e80700184638
:10bc84000cf068fe05b0bde8f08300bf80bd002065
:04bc9400a0bd00202f
:020000040000fa
:020000040001f9
:10bc9800f8b500294cd00b46b1f91240274a126872
:10bca800002a46d0002c44db254909688c4240da3a
:10bcb80052f824209a423cd1828e5ab100238386be
:10bcc800036a43f04003036201220146806a05f0db
:10bcd8003dfe17e0b3f8602012f0010f13d09d6d00
:10bce800de6d876ada68824211d093f83e20013a05
:10bcf80083f83e2009f0e2fb25b13346012239469c
:10bd08002046a847f8bd002635463746eae70269c7
:10bd18000021918193f8412012f0020f12bfa0f880
:10bd280054101a689a60036a23f008030362e3e771
:10bd38000024002635463746dce700bf38bf002020
:04bd48003cbf0020dc
:020000040000fa
:020000040001f9
:10bd4c002de9f04707468a4691469846089d099e7c
:10bd5c00274b5c6c1cb1236a13f0080f06d00bf058
:10bd6c00ffff0446002841d0214b5864a3690122ef
:10bd7c001a804ff400625a8006221a7104225a71fa
:10bd8c00a3f806a00eb332689a60b2889a81c3f801
:10bd9c000e902a68c3f81220aa88da82c3f8188099
:10bdac0018460cf01ffb23691c229a8138460df0b3
:10bdbc009ffc40f6060302462946204609f07cff0c
:10bdcc00034640b91846bde8f087f86b9860b7f8a1
:10bddc0040209a81dbe700232360a7622146384686
:10bdec000af014fac043c0f3c013ebe70023e9e7f1
:04bdfc0040b900202a
:020000040000fa
:020000040001f9
:10be00002de9f8432a4b5a6b59691961002a40d031
:10be10009368b3f5004f33d3254b5b6947f6ff7446
:10be2000002514eb030845f10009214e73689b6956
:10be3000984782b200233169814206d94ff6ff71db
:10be400052184ff0000141eb03031949096a5618d3
:10be500043f10007b94508bfb04524d20a44144b4a
:10be6000da61134bdb699bb213b9114b0122da6122
:10be70000f4bd8695b685b6980b29847bde8f8836f
:10be800094680b4b5b69002514eb030845f100092e
:10be9000cbe7074b5b6947f6ff74002514eb0308fb
:10bea00045f10009c1e7024bc3f81c80d9e700bf88
:04beb00058ba00205c
:020000040000fa
:020000040001f9
:10beb400002850d02de9f04192b0074615460c46b3
:10bec40037263246002104a80df0f2fc07f10808d9
:10bed400039502940196cdf800800123324604a90b
:10bee4003846f8f727fa002838d104ae44460df155
:10bef400400c35460fcd20606160a260e3602e46a1
:10bf040010346545f5d128682060aa88ab79a280f1
:10bf1400a37104aa00200df14701134603f8010b95
:10bf24001a468b42f9d100230393029337220192dc
:10bf3400cdf8008007f13f013846f8f7fbf90346d6
:10bf440070b901223a6000227a6087f8802018468e
:10bf540012b0bde8f0810123184670470123f6e7cb
:04bf64000123f4e7da
:020000040000fa
:020000040001f9
:10bf68002de9f04f85b0ddf838a0002a4ed0934671
:10bf780099460e46804600273d4614e0cdf80ca0b1
:10bf8800cdf8089000230193537b009353687258af
:10bf980001214046fbf7d4fc78b10137bfb2013527
:10bfa800adb2ab4509d929017218147b012c08d010
:10bfb80063b2002be2d0022c16d0384605b0bde89b
:10bfc800f08fcdf80ca0cdf8089093680193537bbf
:10bfd80000935368725803214046fbf7b1fc0028d0
:10bfe800ebd00137bfb2dae7cdf80ca0cdf8089056
:10bff80000230193527b0092725802214046fbf7be
:10c008009ffc0028d9d00137bfb2c8e71746d4e74c
:020000040000fa
:020000040001f9
:10c0180070b5002847d00546b0f8422044f24000e9
:10c02800104243d1002943d00e46224b1d61b5f87a
:10c0380060205a6103221a76012229463046f9f710
:10c048000ff8044660b1306a0af0c2fb044600f0fb
:10c05800fd03012b17d00df059fe60b9002423e031
:10c068000df054fe00b30df04bfeb5f860201249f8
:10c0780004f034fb18e00df043fe22460f4904f0ab
:10c088002dfb002410e00b48447600231a46314665
:10c09800f2f780fb044638b90323042229460548f1
:10c0a80005f022fc00e00024204670bd0124fbe7d7
:10c0b8000024f9e7f4bc00203c5b0200e8dd000046
:020000040000fa
:020000040001f9
:10c0c800f8b505460c4617461e4609f067fe0028d7
:10c0d80042d0234b93f90030022b05d04ff0ff34a8
:10c0e8000bf0acfe2046f8bd002c2fd0ac4230d36c
:10c0f8001c4b1b7853b11c4a0123117841b1013301
:10c108002032052bf9d14ff0ff34e9e70023154a17
:10c118000121117000215170117551759df8181089
:10c1280091705460d7601661641b94600f49098848
:10c138009bb243ea0144d4614b1c9bb24ff6ff7299
:10c14800934208bf0123094a1380c9e74ff0ff341f
:10c15800c6e74ff0ff34c3e74ff0ff34c2e700bf34
:10c1680058ba00201cb500203cb500206ec1002044
:020000040000fa
:020000040001f9
:10c178004950204c617965722044756d7020646562
:10c188002d6163746976617465640a0d00000000ae
:10c198004950204c617965722044756d7020616347
:10c1a80074697661746564206f6e20657468300afe
:10c1b8000d0000004950204c617965722044756d6e
:10c1c8007020616374697661746564206f6e2065a0
:10c1d8007468310a0d0000004950204c617965727d
:10c1e8002044756d7020616374697661746564209c
:10c1f8006f6e206574683020616e642065746831e4
:10c208000a0d0000506172616d65746572206f756a
:10c2180074206f662072616e67650a0d000000bfaa
:020000040000fa
:020000040001f9
:10c22800f0b58bb004464668012906dd0d46174671
:10c238001e4950680df091f930b123681b681c49fc
:10c24800304698470bb0f0bd022d11dd1949b8688a
:10c258000df083f9b0fa80f1490902a80df096ffb4
:10c2680023685b6830b9144a144930469847e9e7af
:10c278000021f2e7124a1149304698472368059a87
:10c288000192049a00925d68039b029a0d49304618
:10c29800a8472368099a0192089a00925c68079b4c
:10c2a800069a09493046a047cce700bf9caf010079
:10c2b800a0af0100508c000050b00100ccaf0100cd
:0cc2c800c4af0100e0af010014b00100a1
:020000040000fa
:020000040001f9
:10c2d40010b5441ea4b2092c37d824b204ebc4020e
:10c2e400244b13f8223083b31346224a02eb830310
:10c2f4009b8813f0200f0dd004ebc40302eb8303df
:10c30400db681a6932b104ebc4001a4b03eb8000fa
:10c314001c30904704ebc403164a02eb83039b686a
:10c32400996a99b104ebc403124a02eb8303b3f98b
:10c3340006008847104b5b78012b0ed004ebc40435
:10c344000c4800eb8404fc23e37010bd04ebc4042c
:10c3540002eb8404ff23e370f7e704ebc404242214
:10c364000021044800eb84000df0a2fa024b0122e4
:0cc374005a70eae764af002018ab00200c
:020000040000fa
:020000040001f9
:10c3800008b5431e9bb2092b47d81bb203ebc30170
:10c39000254a12f82120002a41d00a46224901eb01
:10c3a0008202908810f020001ed003ebc30201eb44
:10c3b00082029278042a34d103ebc30201eb820299
:10c3c000d268126a42b103ebc303174800eb830043
:10c3d0001c30904780b217e003ebc30301eb8303eb
:10c3e000ff22da7000200fe003ebc3020e4901ebdd
:10c3f00082029268d16c41b103ebc3030a4a02eb9b
:10c400008303b3f90600884708bd03ebc303064a5c
:10c4100002eb8303ff22da70f6e70020f4e7002046
:0cc42000f2e70020f0e700bf64af00204e
:020000040000fa
:020000040001f9
:10c42c0010b4294b012283f84c2083f84d2083f85b
:10c43c004e2083f84f2083f8512083f8522083f844
:10c44c005320bb2183f8361083f83710b02083f8c3
:10c45c00380083f83910412483f8d84083f8d94048
:10c46c00222083f8bc004ff49020c3f800014ff455
:10c47c009820c3f81001062083f84e01402083f861
:10c48c004f01002083f8520183f8542183f8562180
:10c49c0083f8572183f8594183f85b2183f85c2199
:10c4ac0083f8370183f839010b2283f83a2183f89a
:10c4bc003b11202283f83c2183f83d21022283f892
:0cc4cc003e215df8044b704700800041e9
:020000040000fa
:020000040001f9
:10c4d80070b504291fd114461f4b1b7863bb00227b
:10c4e800114660680df000fa064600221146a06861
:10c4f8000df0faf9054600221146e0680df0f4f94e
:10c508000446fdb130ea050221d1224629463046cb
:10c5180005f016fb70bd1149002004f0dff8104942
:10c52800002004f0dbf80f49002004f0d7f80e498a
:10c53800002004f0d3f8ede70c4a0d49002004f080
:10c54800cdf8e7e70b49002004f0c8f8e2e70a490c
:10c55800002004f0c3f8d8e73ec0002058230100ab
:10c568008c230100b4230100f4230100000302001e
:0cc5780034030200382401007c24010080
:020000040000fa
:020000040001f9
:10c58400882910b536d012dc812943d003dc8029f8
:10c5940040d0002010bd82290ed08429f9d1196819
:10c5a40002b30a1d1a60b1f90020d3171ee0a029b6
:10c5b4002bd00bdc9029ecd11968073121f007014d
:10c5c40001f108021a60d1e900230fe0c02901d06b
:10c5d400f029ded11a68111d196013680360002365
:10c5e400436005e00a1d1a600a880023c0e900239d
:10c5f4000120cfe7196822b10a1d1a6091f90020c1
:10c60400d3e70a1d1a600a78efe71a68111d19604a
:10c614001268cae719681ab10a1d1a600a68c4e7e1
:0cc624000c1d1c600b68c0e90032e1e74f
:020000040000fa
:020000040001f9
:10c6300038b504468168058c0b6915f0080f2dd0bc
:10c6400013f0010f2ad0ea0a520142f001024b789e
:10c6500013f0010f18bf42f48062b0f84410222991
:10c6600014d013f0020f18bf42f4006204212046d8
:10c6700009f0cbfc58b340f20113ab434ff0040375
:10c6800063830cbf06230823a38320e0b0f8461081
:10c6900001f4b151b1f5b15fe3d1e7e715f4c04260
:10c6a00006d003f01002002a0cbf00224ff4005203
:10c6b00015f4a04f18bf42f4807213f4807f18bfa6
:10c6c00042f480420021204609f09ffc00b938bda9
:0ac6d000042363830a23a383f9e720
:020000040000fa
:020000040001f9
:10c6da0070b590f87630023b082b06d8dfe803f0f5
:10c6ea0007074b4b4b4b074b4600012044e00446df
:10c6fa0090f8743013f0400f14d1f1b982680369cd
:10c70a009a4218d1002094f83f306ff3c30384f89b
:10c71a003f3094f87630082b0cbf0923042384f8a1
:10c72a00763029e003680361c360836009b111258b
:10c73a0004e00020e7e7102500e011250126324633
:10c74a0029462046e8f76ffa002808dbb4f8643077
:10c75a00002bd8d0a26823699a42f0d1d3e794f883
:10c76a003f3043f0080384f83f3005e00021f7f733
:0ac77a003cfd002000e0002070bd2f
:020000040000fa
:020000040001f9
:10c7840038b505460c468b7b022b3cd0032b1cd0c2
:10c79400012b08d040f26642224900200bf030fa07
:10c7a4000723a37338bdc0680df040fa0028f9d1ff
:10c7b400a288c2f38311c2f3440241f01001e86875
:10c7c4000af008fe0323a373ece7c0680df02efa09
:10c7d4000028e7d1e8680df0b2fca060a188c1f39d
:10c7e4004402c1f3831142f0010241f01001e868f0
:10c7f4000af0f0fd637b03f00103002b0cbf02235e
:10c804000623a373cee7c0680df010fa0028c9d13f
:10c81400e8680df094fca36843ea0040a060062396
:08c82400a373bfe710910200ad
:020000040000fa
:020000040001f9
:10c82c00f8b5224b1868b0f1ff3f32d1204b1c6891
:10c83c00204b1b886bb100251e4e03273b46022262
:10c84c002146304605f04ef8013574343388ab423e
:10c85c00f4dc0df017fa174b986848b1c368144a0a
:10c86c0011689847134b98680df0d8fb002817db1c
:10c87c00104a0023936013730d490b6013805360af
:10c88c000d4a13700d4a13600d4a13605360936088
:10c89c00f8bd08f0e3fe054b4ff0ff321a60c5e718
:10c8ac000849002003f018ffe2e700bfa8c10020f0
:10c8bc0094be0020f4bc0020d7bc002084be002015
:08c8cc0064bd00204c62020073
:020000040000fa
:020000040001f9
:10c8d400284b1b6898423ed100283fd0f0b58db05c
:10c8e400174600680df030f80546002839d01826a0
:10c8f40006ac28686968aa68eb680fc42869696986
:10c9040003c46c46286869680fc42869696903c44c
:10c914003246694606a80cf0a5f90028e8d19df82e
:10c92400183013f0010f1fd00fb309983860bdf809
:10c934002830bb80bdf818301b0abb719df82a3023
:10c94400fb71079bbb60089bfb60ddf82b303b61f0
:10c9540000200db0f0bd6ff00b0070476ff00b00be
:10c9640070476ff00d00f4e76ff00e00f1e7002060
:08c97400efe700bf04bf002043
:020000040000fa
:020000040001f9
:10c97c0038b50d460af0c0fe00284bd0044690f89e
:10c98c00413013f0300f3dd094f842306ff3410337
:10c99c0084f8423094f84130c3f3011284f83c20ff
:10c9ac0013f0400f04bf0022626213f0800f09d114
:10c9bc000022a26194f8403003f07f0362f38613e7
:10c9cc0084f8403094f8483013f0040f06d094f8f3
:10c9dc00403013f0040f1cbf00232385adb120465b
:10c9ec000bf00cfb04f14c000bf0a2ff01462046af
:10c9fc0008f0b8f894f8423043f0020384f842305f
:10ca0c00012038bd09f072ffbee7e16a204601f053
:08ca1c0097f9efe70020f4e7b1
:020000040000fa
:020000040001f9
:10ca2400f8b5022838d014460d460ab113685bb92c
:10ca340000232a4619460120eff782fb0646b0f18f
:10ca4400ff3f2fd13046f8bd002110460bf00ef900
:10ca5400074620b300232a4619460120eff770fb4e
:10ca64000646b0f1ff3fedd0164b1b6853f8265035
:10ca7400af64224695f87710284609f0fafa95f83b
:10ca8400753043f0200385f8753095f8753043f020
:10ca9400400385f87530d5e74ff0ff36d2e74ff005
:10caa400ff36cfe7074b1b6853f826500023ab64cf
:10cab400224695f87710284609f0dbfa002cc1d0fd
:08cac400e3e700bf4cbf0020b6
:020000040000fa
:020000040001f9
:10cacc0070b582b0254d264c264e14e0f25c8df8e4
:10cadc000620013322699a4298bf0023e3606b68f9
:10caec0003f00703012b14bf9df80630bdf8063088
:10cafc00ab62237dbbb92b7e13f0010f2cd0a26847
:10cb0c00e3689a4225d06a6802f00702012addd157
:10cb1c005a0016f813108df806100132b25c8df81d
:10cb2c0007200133d6e70cf05bfe2368002be2d024
:10cb3c006168237f33b1a3699842dcd32368032057
:10cb4c009847d8e7a3699842d5d123680320984722
:10cb5c00d1e7024b01221a7502b070bd00340040bf
:08cb6c0014ba002088820020a9
:020000040000fa
:020000040001f9
:10cb74002de9f041d2e900230c4686b007465fea6e
:10cb8400d37820684968a5680590e66841d0524288
:10cb940063eb4303002908db20f002000590b8f1a1
:10cba400000f02d1059948072ad5691e05a80290ed
:10cbb4000a20cde90010204603f0f8fbb8f1000f7d
:10cbc40002d1059b59071fd5b8f1000f00f1ff30c2
:10cbd40014bf2d232b2333542269059b0093013a60
:10cbe4002b46121a3118384602f0e6f97b68db0549
:10cbf40003d563689842b8bf184606b0bde8f08113
:10cc04000807d2d42946d1e71a07e5d501382023ed
:08cc1400e1e70029c0dac5e7e1
:020000040000fa
:020000040001f9
:10cc1c00002832d070b504468068244b984229d144
:10cc2c00b4f90230022b3dd1002929d0002a2ad098
:10cc3c001e4b5b6953b3186858b3586860b39b6854
:10cc4c006bb316460d468b6813b1214618489847ae
:10cc5c00164b2a685a80aa881a61aa795a81ea79ed
:10cc6c005a70a662012020830023a3836383608013
:10cc7c00e08370bd6ff00a00fbe76ff00a007047ad
:10cc8c006ff00800f5e76ff00800f2e76ff00800ae
:10cc9c00efe76ff00800ece76ff00800e9e76ff0e2
:10ccac000800e6e76ff00900e3e700bfd4b7002007
:04ccbc0098160200c4
:020000040000fa
:020000040001f9
:10ccc00038b50c4610460cf0a1fea8b10546082c5c
:10ccd0002fd8dfe804f0050912161a1e22262a00b2
:10cce000164801f0c3fd07e0154801f0bffd002321
:10ccf00085f8d43085f8903038bd124801f0b6fd83
:10cd0000fae7114801f0b2fdf6e7104801f0aefd78
:10cd1000ede70f4801f0aafde9e70e4801f0a6fd96
:10cd2000e5e70d4801f0a2fde1e70c4801f09efdaa
:10cd3000dde721460a4801f099fddde7307c01007e
:10cd4000487c0100607c0100787c0100947c01003b
:10cd5000ac7c0100c87c0100e07c0100f47c010097
:04cd6000087d010049
:020000040000fa
:020000040001f9
:10cd640055736167653a207365746d6163203c692e
:10cd74006e746572666163653e203c783a783a78f1
:10cd84003a783a783a783e200d0a000045783a20fd
:10cd94007365746d6163205049433332494e5420a6
:10cda40061613a62623a63633a64643a65653a6619
:10cdb40066200d0a00000000617267765b325d3afe
:10cdc4002025730d0a000000496e76616c696420a9
:10cdd4004d41432061646472657373207374726996
:10cde4006e67200d0a000000536574204d414320f6
:10cdf40061646472657373206661696c65640d0aad
:04ce0400000000bf6b
:020000040000fa
:020000040001f9
:10ce080074656c6e6574204e554c4c2064796e6167
:10ce18006d696320616c6c6f636174696f6e206803
:10ce2800616e646c652f696e697420646174610059
:10ce38002074656c6e65742044796e616d69632039
:10ce4800616c6c6f636174696f6e206661696c6593
:10ce5800640000002074656c6e65743a2053657434
:10ce680074696e672054582042756666657220663c
:10ce780061696c65643a2025640d0a002074656c4c
:10ce88006e65743a2053657474696e672052582031
:10ce9800427566666572206661696c65643a20252c
:04cea800640d0a000b
:020000040000fa
:020000040001f9
:10ceac002de9f04182b0224d224bed1a15d02f46c0
:10cebc004ff00008012605e007f0cefd661ca046e9
:10cecc00be420bd8bc1b06eb5404204605f03ef9c1
:10cedc000028f1d114b1671ef2e7a84643462a4652
:10ceec001549002003f0f8fb002101200cf00afc8e
:10cefc000446c0b10cf038fe054620460cf042fe4c
:10cf0c00064620460cf037fe074620460cf041fe44
:10cf1c000190009733462a460849002003f0dcfbb9
:10cf2c0002b0bde8f0810649002003f0d5fbf7e71d
:10cf3c00c0410220c0c1002078ba0100d0ba010063
:04cf4c0010bb010015
:020000040000fa
:020000040001f9
:10cf50005b4e6f49505d20636f756e74206d757305
:10cf60007420626520312e2e25750d0a0000000008
:10cf70005b4e6f49505d206761705f6d73206d750a
:10cf8000737420626520302e2e25750d0a00000076
:10cf90005b4e6f49502d54585d207374617274203c
:10cfa000636f756e743d2575206761705f6d733dad
:10cfb00025750d0a000000005b4e6f49502d545836
:10cfc0005d2073656e64206661696c6564206174c0
:10cfd000207365713d25750d0a0000005b4e6f4999
:10cfe000502d54585d2073656e74207365713d2516
:04cff000750d0a00b1
:020000040000fa
:020000040001f9
:10cff40070b5a6b02d9d002b3fd01e46002d3fd00e
:10d0040010b12b9b002b3ed02e9b802b3ed10b4688
:10d014000446309902912f99019100922a9a31463f
:10d0240005a803f00afcc8b92cb12c9a2b9905a8c1
:10d03400fef73efff0b98022294605a8eff7d8fc99
:10d0440010b14ff0ff340be08022294605a8eff71a
:10d05400cffc003018bf0120444201e04ff0ff3400
:10d0640005a808f0d5fe002818bf4ff0ff3420466d
:10d0740026b070bd4ff0ff34f2e76ff0ac04f6e772
:10d084006ff0ac04f3e76ff0ac04f0e74ff0ff345b
:02d09400ede7c6
:020000040000fa
:020000040001f9
:02d09600fee7b3
:020000040000fa
:020000040001f9
:10d098002de9f84304460f46036b13b103216030b2
:10d0a800984707eb07194fea8909c846012500bfc9
:10d0b800d4f88c00404418300bf040fb0646b8b159
:10d0c8003a4631692046f7f70dfb05460328efd1ac
:10d0d800d4f888300133c4f88830d4f88c00484438
:10d0e800314618300bf0bcff236b1bb901200ce054
:10d0f800236b1bb1042104f160009847ebb2012bac
:10d1080014d9032d08bf012001d1bde8f883d4f854
:10d1180084300133c4f88430e36a41f250026ff07e
:10d128000201304698476ff00a00eee70020ece76e
:020000040000fa
:020000040001f9
:10d13800254b834244d1002844d02de9f0411b6897
:10d148001a8841f25003214f9a4218bf00271e4bfc
:10d15800b3f84c3013b90020bde8f0810c460846fe
:10d1680009f0d6fd8046184d3a463f21284609f079
:10d178000bffb5f84e1021ea0401a5f84e10b5f8da
:10d18800523023ea0803a5f8523095f89c3083b151
:10d198000024e6b2314628460cf02aff42463146c2
:10d1a80028460cf029ff013495f89c20e3b29a42f6
:10d1b800efd83a463f2104480bf0cefa0120cbe7de
:10d1c80000207047002070474cc0002038c0002065
:020000040000fa
:020000040001f9
:10d1d800012946d190f83e1090f83d30994243d24b
:10d1e80070b590f8411001f00803002b0cbf002324
:10d1f8004ff4000311f0020f1abf43f00403602636
:10d2080048261546044643f00203028a08213046a0
:10d2180009f080ff0346a8b1144a8260c46094f8fc
:10d22800412012f0020f0fd0026900f1480111608d
:10d238000122a0f8582000224db994f83e2001326e
:10d2480084f83e20184670bdc2690832f4e72260af
:10d25800218a11446160a260012284f83c20e360c5
:10d26800ebe70023184670470023fbe799bc010051
:020000040000fa
:020000040001f9
:10d2780070b5264b5c6864b31b68002b22dd243430
:10d288000025224e19e009f073fa204609f0c5f985
:10d29800a4f1100009f0c1f9a4f1200009f0bdf9ca
:10d2a800b068c36854f8241c9847002344f8243c09
:10d2b80001353c343368ab4204dd54f8240c0028b3
:10d2c800e1d1f5e7114ca068c3686168984700236d
:10d2d80063600e4ca16804f120000cf0abfb002346
:10d2e800a360e06918b10cf03afc0022e261074b38
:10d2f800586c30b1036a13f0080f03d0034b0022b7
:10d308005a6470bd08f0daf8f8e700bf40b90020a9
:020000040000fa
:020000040001f9
:10d31800f8b50c461746012106f002fb002840d05c
:10d3280006464568214606f01bf90446002835d014
:10d3380037b1837b043bdbb2022b9cbf83683b6025
:10d34800a27b531edbb2032b1ed9062a13d8052a4b
:10d358000dd00027a37b052b18d835b10cf0a4feff
:10d368002b7801332b700cf0a3fe3846f8bd04234c
:10d37800a3730027f1e740f2f3420b4900200af0bb
:10d388003dfc6ff01307e5e70127e3e77268032325
:10d3980098322146284602f073fddee76ff0010758
:0cd3a800dbe74ff0ff37e0e7ac96020037
:020000040000fa
:020000040001f9
:10d3b4002de9f041adf5007d0026234b1e82304659
:10d3c4000af042fc4ff400551024dff87c8022e080
:10d3d40020090af039fc14f0080f16d14ff400723a
:10d3e400ff2168460cf064faadf8006044f645533a
:10d3f400adf80230d8f804102944684609f0b8fea4
:10d4040020460af043ff0136b6b20134a4b205f552
:10d414000075202c14d014f00f07d9d014f0080f85
:10d42400f3d14ff40072ff2168460cf041faadf8d5
:10d434000060012fded143f27613adf80230d9e754
:0cd444000df5007dbde8f0814cad00202e
:020000040000fa
:020000040001f9
:10d45000f8b5022837d01d4614460e460ab11368a7
:10d460005bb90023324629460120f5f7affc05469b
:10d47000b0f1ff3f2dd12846f8bd002110460af03b
:10d48000f7fb074610b30023324629460120f5f783
:10d490009dfc0546b0f1ff3fedd0134b1b6853f8e0
:10d4a000256022463946304606f08cfa96f841301f
:10d4b00043f0c00386f8413096f8423043f002034f
:10d4c00086f84230d7e74ff0ff35d4e74ff0ff350d
:10d4d000d1e7054b1b6853f8256000221146304602
:0cd4e00006f070fae8e700bf38bf00203b
:020000040000fa
:020000040001f9
:10d4ec00202020202d205b25326c752d2025326cc0
:10d4fc0075207365635d2025336c752f2025336c87
:10d50c0075202825326c75252529202020202534ce
:10d51c006c75204b6270730d0a00000020202020d7
:10d52c002d205b302e302d20256c752e256c752012
:10d53c007365635d2025336c752f2025336c752046
:10d54c002825326c752525292020202025346c7542
:10d55c00204b6270730d0a0069706572663a20691f
:10d56c006e7374616e636520256420636f6d706cdf
:0cd57c0065746564202e2e2e000000bf98
:020000040000fa
:020000040001f9
:10d5880038b5431e9bb2092b42d81bb203ebc30428
:10d59800214810f8240000283cd020461e4c04ebfb
:10d5a8008000808810f0200018d003ebc30004eb43
:10d5b8008000c068446a44b103ebc303164800eb1b
:10d5c80083001c30a04780b21ae003ebc303124a61
:10d5d80002eb8303ff22da70002011e003ebc3049f
:10d5e8000d4d05eb8404a468646b54b103ebc303cd
:10d5f800094800eb83000023b0f90600a04780b279
:10d6080038bd03ebc30305eb8303ff22da70f7e7aa
:0cd618000020f5e70020f3e764af0020dd
:020000040000fa
:020000040001f9
:10d6240070b5441ea4b2092c40d824b204ebc4053e
:10d63400204810f8250000283ad0eab104ebc400d1
:10d644001c4d05eb80008068c66be6b104ebc4009a
:10d65400184d05eb80000069e8b9164804ebc405d1
:10d6640000eb85056a61ab612b46134ab5f90600e8
:10d67400b0472861b8b170bd0e4b03eb8504f823a5
:10d68400e3700020f7e704ebc40405eb8404ff23f4
:10d69400e3700020efe704ebc40405eb8404f923f2
:10d6a400e3700020e7e7f723eb70e4e70020e2e70c
:0cd6b4000020e0e764af0020d97d0200f8
:020000040000fa
:020000040001f9
:10d6c000244b002908bf1946234a136823f002039c
:10d6d0001360d369002bfcd100282ed00368b3eb74
:10d6e000510f2cd830b45b00b1fbf3f3013b1a4a65
:10d6f000116821f040511160146881684568294320
:10d7000021431160ff2b28bfff23dbb21373536843
:10d7100023f0070353605368c1680b435360d36918
:10d72000002bfcd101200c4a136843f00203136064
:10d73000d369002bfcd130bc7047002000e00020f2
:10d74000054a136843f002031360d369002bfcd130
:0cd75000704700bf0087930300300040ca
:020000040000fa
:020000040001f9
:10d75c0070b51e4b1b78e3b90c46154601291edd2e
:10d76c000022114668680cf0bdf8064604281ad849
:10d77c00022c26dd00221146a8680cf0b3f80146f5
:10d78c00431eb3f5167f1dd31149002002f0a4fff0
:10d79c001be0104a1049002002f09eff15e00f48d4
:10d7ac0008f04efb11e004220d49002002f094ff1a
:10d7bc000c49002002f090ff0b49002002f08cff76
:10d7cc0003e000213046faf771fd70bd3ec0002029
:10d7dc0068b201000003020034030200fb080300de
:0cd7ec00d0b10100f4b1010040b2010016
:020000040000fa
:020000040001f9
:10d7f80000283cd138b5214b1b78012b2fd04b6921
:10d808001e4ad361002b35d013468a8bda80012259
:10d818001a7002229a80002018814a68da60ca6861
:10d828005a61174c9c61096a196283f82400938a2b
:10d83800bbb11249a1f85c30d38a104ca4f85e3011
:10d84800104d40f2b122294601200af0b3f940f206
:10d85800b222294601200af077f9204638bd074848
:10d86800fce7064b4ff48241a3f85c10e4e74ff065
:10d87800ff3070474ff0ff30f0e700bfd4b700200b
:08d8880098160200389002001e
:020000040000fa
:020000040001f9
:10d8900070b50446838b33b1012b23d06ff00801a0
:10d8a00009f018fe1de085686b691b691b4a002b97
:10d8b00008bf134603640023c36309f0d7ff06467d
:10d8c0002b6a1d6809f0e6ff00fb05f000f2e73067
:10d8d000134da5fb003006eb9010e062012363833b
:10d8e000a38370bd036c01460e489847014660b1a2
:10d8f00000280fdb09f0baffe36a9842f1d36ff01a
:10d900000101204609f0e6fdebe7022363830023d3
:10d91000a383e6e7204609f0ddfde2e7cd13010031
:08d92000d34d621098160200bd
:020000040000fa
:020000040001f9
:10d9280038b50c468b7b022b3bd00546032b1dd00c
:10d93800012b08d040f293421e4900200af05ef9fc
:10d948000723a37338bdc0680cf06ef90028f9d11d
:10d95800a288c2f383112389c2f3440241f0100163
:10d96800e86809f07ffb0323a373ebe7c0680cf0ba
:10d978005bf90028e6d1a188c1f34402c1f3831101
:10d98800638942f0010241f01001e86809f06afb7e
:10d99800637b03f00103002b0cbf02230623a37350
:10d9a800d0e7c0680cf040f90028cbd10623a37358
:08d9b800c8e700bf289102003e
:020000040000fa
:020000040001f9
:10d9c0001a4b1b680bb11a48704700292bd010b5b1
:10d9d0000c460020174b1860174b1860174b186047
:10d9e000174b1860174b1860174b1860104b1860d6
:10d9f00058609860d860186158619861134909f0bf
:10da00009bf8134b01221a706369124a13600bb121
:10da1000074810bd2046e9f725ff0028044808bf45
:10da20004ff0ff30f5e74ff0ff30704794be002015
:10da3000f4bc00209cbe002078be00207cbe0020ec
:10da400080be002088be00208cbe00208c760200a4
:08da5000d7bc002098be0020a5
:020000040000fa
:020000040001f9
:10da58002de9f04f83b08a4611b100230b608b800b
:10da6800002839d00378cbb3c41c0025e94603e06d
:10da780001350334062d1ed014f8036c30460bf024
:10da880027f968b314f8027c38460bf021f948b33b
:10da980067f3070866f30f281ffa88f007f078fc89
:10daa80009f8010b14f8013c2bb13a2be0d02d2bcf
:10dab800ded000200de0baf1000f06d00098caf8b9
:10dac8000000bdf80430aaf80430052d14bf00206a
:10dad800012003b0bde8f08f0120fae70120f8e744
:08dae8000020f6e70020f4e73e
:020000040000fa
:020000040001f9
:10daf0007375636365737366756c00006661696c4a
:10db0000656421004e6f6e6500000000736574004f
:10db10006765740044656661756c7420696e746530
:10db20007266616365207365742025730d0a0000b9
:10db300044656661756c7420696e746572666163b4
:10db4000652069733a2025730d0a000055736167db
:10db5000653a206465666e6574207365742f676529
:10db600074203c696e746572666163653e0d0a00df
:10db700045783a206465666e657420736574206527
:08db80007468300d0a0000bfbb
:020000040000fa
:020000040001f9
:10db8800037e032b31d070b51b4b1b682bb11a4a8f
:10db9800136801331360012070bd21221749062044
:10dba80006f0d8fa164b186008b316480cf0f9f9c5
:10dbb80015480cf0f6f9154c124e04f19005214663
:10dbc80030460bf017f92434ac42f8d109f05efe68
:10dbd8004ff4fa7303fb00f303f2e7330c48a0fb9e
:10dbe80003239b090b4a1360d1e7012070470bf010
:10dbf8004bfb0020d0e700bf74bf002075fc00007d
:10dc080078bf0020b8bd0020acbd00204cb6002075
:08dc1800d34d621070bf002023
:020000040000fa
:020000040001f9
:10dc200038b5431e9bb2092b40d81bb203ebc3048b
:10dc3000204810f8240000283ad020461d4c04eb60
:10dc40008000808810f0200018d003ebc30004eba4
:10dc50008000c068446944b103ebc303154800eb7e
:10dc600083001c30a04780b218e003ebc303114ac5
:10dc700002eb8303ff22da7000200fe003ebc30402
:10dc80000c4d05eb8404a468a46c44b103ebc303fe
:10dc9000084800eb8303b3f90600a04738bd03eb47
:10dca000c30305eb8303ff22da70f7e70020f5e7f3
:08dcb0000020f3e764af00203f
:020000040000fa
:020000040001f9
:10dcb8004d69696d2025733a203078253034782ce9
:10dcc800206e657449783a2025642c206164643a92
:10dcd8002025642c2076616c3a20307825303878fd
:10dce8000d0a00004d69696d2025733a2025642cc2
:10dcf800206e657449783a2025642c206164643a62
:10dd08002025642c2076616c3a2030782534780df3
:10dd18000a00000050696e673a20444e532066613d
:10dd2800696c75726520666f722025730d0a000094
:10dd38004d69696d202573206572726f723a2025ce
:04dd4800640d0a005c
:020000040000fa
:020000040001f9
:10dd4c00002946d070b582b00d4690f83c20012acf
:10dd5c0001d002b070bd8a69d268c26190f84110de
:10dd6c0011f0010f01d0416c01b942610446ab695d
:10dd7c001e690196066290f8403013f0200f0cd00b
:10dd8c00ab6a6362238d23b194f8483013f0010f12
:10dd9c00dfd1eb691b882385dbe701a9a86a09f0b1
:10ddac00a1f90028ecd106f0f006e02ee8d0019b9a
:10ddbc00a2699a4206d094f840206ff3c71284f8f7
:10ddcc004020a36194f8403043f0400384f8403085
:04dddc00d6e77047cf
:020000040000fa
:020000040001f9
:10dde00000293cd0f8b50c460968002939d0002834
:10ddf00039d090f8421011f0400f01d1002031e0ed
:10de000015461b4b5e680bf0a7fec0eb00108000b0
:10de100037182146305803f0d7fa044628b3038850
:10de200003f0c0030bb900201ce01db1006928609d
:10de3000a38aab80238813f0800f01d1012011e069
:10de40001437251d2946384606f0d4ff084b5b6978
:10de5000e3602946384607f0c7fd012002e00020b4
:10de600070470020f8bd0020fce70020fae700bf63
:04de700040b9002095
:020000040000fa
:020000040001f9
:10de740000b3f0b40446dab10d1f013ad2b201eb9b
:10de840082011f4f4ff47a762278a2f13003dbb27d
:10de9400092b32d912f0df0f0ad000bf14f8012f7a
:10dea400a2f13003dbb2092b27d912f0df0ff5d131
:10deb400f0bc704700230b607047644603eb830398
:10dec40002eb4303303b04f1010c6278a2f1300011
:10ded400c0b20928f1d902f0df024b2a05d04d2a3d
:10dee40006bf7b430234644602e006fb03f30234bc
:10def40045f8043f8d42c7d1dae722780023dde7f5
:04df040040420f0088
:020000040000fa
:020000040001f9
:10df08002de9f8430546884616461f46204b4ff034
:10df1800ff39002404e0a14601341833082c2bd023
:10df28005a68002af7d0aa42f6d104eb4403184aeb
:10df380002ebc303996830460bf00ffb20bb04ebe0
:10df48004403134a02ebc303d3f810e0d3f814c018
:10df5800b4f1ff3f13d00e4b62001019c00019181e
:10df68004d6043f800808e60cf60c1f810e0c1f8c2
:10df780014c00120bde8f8834ff0000ce646b9f163
:10df8800ff3f03d04c46e6e70020f3e70020f1e727
:04df9800b8b30020fa
:020000040000fa
:020000040001f9
:10df9c00f0b591b01d4b04931d4b059304ac06ae2c
:10dfac001c4f0be02a461c4902f096fb04e02a4663
:10dfbc003946002002f090fbb44225d054f8045ba3
:10dfcc00284607f001fa0028ecd006aa0aa909f0a5
:10dfdc00f3fa0028ebd0079b0293099b0193089b53
:10dfec000093069b2a460d49002002f075fb0b9b03
:10dffc0002930f9b01930d9b00930a9b2a460849a1
:10e00c00002002f069fbd7e711b0f0bd241201002b
:10e01c002c12010010fb0100b0fa0100c0fa010043
:04e02c00e8fa01000d
:020000040000fa
:020000040001f9
:10e03000f0b583b00446456803290bd003681b681c
:10e0400019492846984723681b6818492846984765
:10e0500003b0f0bd1646506807f0bcf9074680b122
:10e0600023685b68b2681249284698476946b068d9
:10e07000fff7f2fc58b923681b680e4928469847f9
:10e08000e6e723681b680c4928469847e0e769469d
:10e09000384609f086ff0028dad123681b68074953
:10e0a00028469847d4e700bf64cd010090cd010019
:10e0b000bccd0100cccd0100f0640100eccd01002d
:020000040000fa
:020000040001f9
:10e0c000f8b505461646806aac69e3682361436883
:10e0d000e3606288130a43ea02236380e288130a3a
:10e0e00043ea0223e380237a0bb9642323722f6966
:10e0f00023789b0003f03c03ba891a44ba8131b1fa
:10e100000022628190f8682012f0040f05d05eb9f9
:10e110002b6a43f002032b62f8bd00221946204609
:10e1200002f070fc6081f2e769690a4652f8063f26
:10e130000b6093888b80ab6a03b13c331868c1f8dd
:10e1400006009b8893802a6993890e339381dfe7c9
:020000040000fa
:020000040001f9
:10e150003a20203c69706572663e20737461727467
:10e1600020636d640000000069706572666b0000da
:10e170003a203c69706572666b3e206b696c6c205e
:10e18000636d640069706572666900003a203c69dd
:10e19000706572666920616464726573733e2020e5
:10e1a000696e7465726661636520636d640000006a
:10e1b00069706572667300003a203c69706572662a
:10e1c000732074782f72782073697a653e20747892
:10e1d0002f72782073697a6520636d64000000bf38
:020000040000fa
:020000040001f9
:10e1e0002de9f04f83b080468b4601f1080301937f
:10e1f00018460bf0f5f888b381460746d8f800605a
:10e20000d8f8045008f1200ad8f81c40a4eb0a04fe
:10e21000a04207da3368134928469847013ca742d1
:10e22000f8d14c4634b1104f3368394628469847e8
:10e23000013cf9d1019950460bf096fd33680b492a
:10e240002846984733685146284698470aeb090301
:10e25000c8f81830c8f81c30c8f8d4b003b0bde80e
:10e26000f08f00bffc9c0200009d0200049d020094
:020000040000fa
:020000040001f9
:10e270000d0a2d2d2d2d2d2d2d20537570706f72a3
:10e2800074656420636f6d6d616e642067726f7575
:10e290007073202d2d2d2d2d2d0000000d0a202a0c
:10e2a0002a2a2000202a2a2a000000000d0a2d2deb
:10e2b0002d2d2d2d2d2d2d2d204275696c7420694d
:10e2c0006e20636f6d6d616e6473202d2d2d2d2d6d
:10e2d0002d2d2d2d2d0000000d0a00000d0a556e6c
:10e2e0006b6e6f776e20636f6d6d616e6420677209
:10e2f0006f75702e205472792068656c700d0a005d
:020000040000fa
:020000040001f9
:10e3000030b32de9f0418646204b5a6bd0f8088097
:10e31000c2b193684046002198451bd300240025d4
:10e320009368e41845f100059369dbb1d3f808c0a0
:10e3300014eb0c0645f10007b94208bfb04211d3f7
:10e340001a46ede7c0f80880104b586301201ae028
:10e35000002070470d4bc3f834e0cef8182000249d
:10e36000012004e0cef81830c2f818e00020a8eb35
:10e370000404cef80840def8183023b1def80810a7
:10e380009a68521a9a60bde8f08100bf58ba00201e
:020000040000fa
:020000040001f9
:10e3900078b338b5044685681f48854226d1b4f95c
:10e3a0000200012834d1208b012825d1608b01285f
:10e3b00001d0042823d194f8300018bb2046012452
:10e3c00080f8304041869df81010002914bf0221ca
:10e3d000214680f831108286c386fcf785fa002832
:10e3e00013db032814bf0020012038bd6ff00a00a2
:10e3f000fbe76ff00a0070476ff00900f5e76ff078
:10e400000900f2e76ff00800efe76ff00800ece7b3
:0ce410006ff00900e9e700bfd4b700205e
:020000040000fa
:020000040001f9
:10e41c002de9f04105460b4653f8382fc0f89220f1
:10e42c009b88a0f896300b4600f12002403100bfcb
:10e43c00d3f800c05f689e68dc68c2f800c0576003
:10e44c009660d460103310328b42f1d1012380f8e6
:10e45c009a300022a0f8982040f2dc52a0f89c20c0
:10e46c0080f80531038aabb100244ff001080a4f44
:10e47c0005f1b406688a2b6b424601469847014663
:10e48c008760c560304607f0a9fa0134e4b22b8ae4
:0ce49c00a342efd8bde8f0815f7f0200d2
:020000040000fa
:020000040001f9
:10e4a800f8b504461546466803290cd003685b682e
:10e4b800126817493046984723685b682a681549e7
:10e4c80030469847f8bd506806f080ff98b1af68ad
:10e4d8000222114938460af0c3fb28b102220f492b
:10e4e80038460af0bdfb60b923685b682a680c49a6
:10e4f80030469847e6e723681b680a49304698473c
:10e50800e0e723681b68084930469847dae700bf08
:10e51800b8f90100dcf90100b0360200b436020097
:0ce528001cfa0100f4f9010008fa0100df
:020000040000fa
:020000040001f9
:10e53400205b5452554e435d000000000000000073
:10e544003d3d3d3d3d3d3d3d3d3d3d3d3d3d3d3df7
:10e554003d3d3d3d3d3d3d3d3d3d3d3d3d3d3d3de7
:10e564003d3d3d3d3d3d0a0d20000000543153200a
:10e574005061636b657420536e69666665720a0d3b
:10e584002000000045303a2575206c656e3d2575e8
:10e594002074733d256c6c75206d7325730d0a0012
:10e5a40045313a2575206c656e3d25752074733da3
:0ce5b400256c6c75206d7325730d0a003a
:020000040000fa
:020000040001f9
:10e5c00090f89c30002b3fd02de9f041884604465e
:10e5d000002716e0002120460af0c2fb42462946e9
:10e5e0002046f7f753fe294620460af0c7f80121d6
:10e5f00020460af0b5fb013794f89c20fbb29a4202
:10e6000020d9fdb205eb0516b600d4f88c303344a2
:10e610009b6983b1002120460af0a2fb42462946ad
:10e62000204604f051ff294620460af0a7f80121b0
:10e6300020460af095fbd4f88c301e44736a002bf8
:0ae64000c8d1d8e7bde8f0817047ab
:020000040000fa
:020000040001f9
:02e64a00fee7e9
:020000040000fa
:020000040001f9
:10e64c0068b310b5044683681e4883421fd1b4f9e1
:10e65c000200012832d1208b012823d1608b0128a4
:10e66c0001d0042821d194f8300008bb012384f890
:10e67c0030306186032384f83130e2862046fcf783
:10e68c002df9002817db032804d0002010bd6ff0f3
:10e69c000a00fbe7002384f830300120f6e76ff026
:10e6ac000a0070476ff00900f0e76ff00900ede722
:10e6bc006ff00800eae76ff00800e7e76ff0090079
:08e6cc00e4e700bfd4b7002011
:020000040000fa
:020000040001f9
:10e6d40000293bd02de9f0478a469946044602ebcf
:10e6e40082084fea880802eb02129600002516e021
:10e6f400236b1bb1052104f15c009847d4f88c000e
:10e704003044394608300af01cfb236b1bb1062148
:10e7140004f15c0098470135adb2aa4514d0d4f891
:10e7240098304344d9890e39676a002289b2382067
:10e73400b847074660b1b9f1000fd9d00269138a0e
:10e7440043f004031382d3e7002003e00020704762
:08e754004ff0ff30bde8f08733
:020000040000fa
:020000040001f9
:10e75c0038b50546d0f8a4401d4b1a6942f48042e6
:10e76c001a61da6942f00402da61236823f00803c3
:10e77c002360236823f0040323604ff0ff33e3622c
:10e78c00236843f0200323600f23236240f23f13de
:10e79c006361636a90f8d2309b039bb20d4a1a43b3
:10e7ac00626090f8b1301bb1636843f080736360b2
:10e7bc0005f19001284608f0cffbd5f8ac309b7ad8
:10e7cc0013f0010f14bf00230123e36038bd00bf19
:08e7dc000008004003210e00bb
:020000040000fa
:020000040001f9
:10e7e400f8b5002837d00546002937d0002a37d09d
:10e7f40041f287102c5c7cb305f58656777c307c1f
:10e804000c36b679be1bf6b286422bd241f2cc0648
:10e8140005eb060c0138384000eb80008000af594e
:10e824003e18b160b28132820122b274f374069b45
:10e834007360079b3b509cf8053013448cf80530fb
:10e8440041f28813eb5c0bb11c4605e0284600211d
:10e85400e8f764f900e000242046f8bd0024fbe753
:08e864000024f9e70024f7e7a6
:020000040000fa
:020000040001f9
:10e86c000fb430b583b00bf025fc06f0d9fe04468e
:10e87c00184b1b681bb3c31ab3f57a7f1fd3164b07
:10e88c001a68052a15d8134b00221a60124b012264
:10e89c001a6007ab0193114d069a5021284603f0dc
:10e8ac0085fc0c4b1c602a460d49002001f014ff1e
:10e8bc000be0053a0b49002001f00effe3e7064a96
:10e8cc00136801331360052be3d903b0bde8304066
:10e8dc0004b0704768be002054bc0020a0b80020d3
:08e8ec0044960200349602007c
:020000040000fa
:020000040001f9
:10e8f400457874426c6f636b2e5350495f45727256
:10e904005f496e740d0a0000457874426c6f636b46
:10e914002e4d41435f424d47525f496e740d0a00cc
:10e92400457874426c6f636b2e4d41435f496e743e
:10e934000d0a0000457874426c6f636b2e484d5885
:10e944005f496e740d0a0000457874426c6f636b06
:10e954002e47494e545f4d61736b0d0a0000000051
:10e96400457874426c6f636b2e556e6b6e6f776e69
:08e974004572726f720d0a007a
:020000040000fa
:020000040001f9
:10e97c002de9f84304460f46d0f8108043699847b8
:10e98c00e368002b35d00546a36803fb00f322682f
:10e99c0002eb0309d35c13f0010f25d00026e369c9
:10e9ac003a46494620469847d8b14544e368ab42bd
:10e9bc0098bfed1a0136b34218d9a36803fb05f3cf
:10e9cc00226802eb0309d35c13f0010fe7d1236a31
:10e9dc003a46494620469847a9f80260636a0133d3
:10e9ec0063624846bde8f8830026f0e74ff0000963
:08e9fc00f7e74ff00009f4e712
:020000040000fa
:020000040001f9
:10ea0400f0b583b00446456803290bd003681b683e
:10ea140017492846984723681b681649284698478b
:10ea240003b0f0bd1646506806f0d2fc074650b15c
:10ea340001a9b068f7f7d2f858b923681b680e49e2
:10ea440028469847ece723681b680c4928469847f2
:10ea5400e6e701a9384609f0fffe23681b68084968
:10ea6400084a002808bf114628469847d8e700bf3f
:10ea740094b00100d0b00100f4b00100f0640100d2
:08ea840058b0010074b001005c
:020000040000fa
:020000040001f9
:10ea8c0070b506460d464ff4127003f05ffb04465a
:10ea9c00002830d04ff4127200210af005ff2660d6
:10eaac00656004f12003a361e36104f1d80304f56c
:10eabc00127108e0c4f8cc30c4f8d0301b605b6035
:10eacc005c338b420ed0d4f8cc20002af2d01a60e2
:10eadc00d4f8d0205a601360d4f8cc205360c4f81a
:10eaec00cc30ede70023a360064b1b682bb1054b24
:10eafc005a6894605c60204670bd024b1c605c6080
:08eb0c00f9e700bff0bd002095
:020000040000fa
:020000040001f9
:10eb140008b5194b9847194b9847eff3108172b613
:10eb2400174ad2f8883043f47003c2f88830bff330
:10eb34004f8fbff36f8f01b962b6124a936823f007
:10eb4400010393601346da6812f0010ffbd10d4bf9
:10eb540024225a6001229a6007f0e6f90a4b23f056
:10eb64007f03074a9360094b9847094b9847094b21
:10eb740098470bf027f8fee7cf9a0100cf9a0100df
:10eb840000ed00e00060004100000000f9240200f4
:08eb9400cf9a0100cf9a0100a5
:020000040000fa
:020000040001f9
:10eb9c002de9f04190f89cc0bcf1000f2ed0d0f8bc
:10ebac0098500024a646a04616e003f108069f42a2
:10ebbc000dd033461e6836f00306f6d01e6816f0ec
:10ebcc00010f14bf08f101080ef1010eede701343d
:10ebdc001435a3b29c4514d96b7c012bf7d12f882b
:10ebec00002ff4d0d0f88c3004eb041603eb860322
:10ebfc005b68013fbfb203ebc707dbe74ff0000eca
:10ec0c00f04609b1c1f800800ab1c2f800e000205a
:04ec1c00bde8f081de
:020000040000fa
:020000040001f9
:10ec200070b5d0f8a460336823f00803336033680c
:10ec300023f004033360736811f0020f14bf43f034
:10ec4000020323f0020311f0100f14bf43f001037d
:10ec500023f0010312f0080f14bf43f4005323f410
:10ec60000053736011f4804f19d00023f36090f8c3
:10ec70009c305bb105460024e1b2284609f07efdd8
:10ec8000013495f89c20e3b29a42f5d8336843f0fa
:10ec900004033360336843f00803336070bd01231d
:04eca000f360e4e752
:020000040000fa
:020000040001f9
:10eca4002de9f04182b004464568022907dc236857
:10ecb4001b6816492846984702b0bde8f0811646fd
:10ecc400906805f0f0fc80467768114938460af0f0
:10ecd40046fcc0b10f4938460af041fc0028e6d191
:10ece40000210ffa88f00bf057fa23685c680a4b8e
:10ecf4000a4a002808bf134600934346726808492d
:10ed04002846a047d8e70121ebe700bfdc36020024
:10ed1400b0360200b4360200c4af0100a8360200c7
:04ed2400b8360200fb
:020000040000fa
:020000040001f9
:10ed28002de9f04188461746382838bf3820c31cdb
:10ed380023f003039cb201f11d0525f00f05adb2c8
:10ed4800174b186805f13201214489b24368984786
:10ed5800064608b304f1180200210af0a7fd34445e
:10ed6800e5811a35658204f12f0222f00f026260f4
:10ed780042f8086c0122228234616268911ca16009
:10ed8800716127f001073762b8f1000f01d0103226
:10ed9800b261002386f82f303046bde8f08100bf0d
:04eda800f4be002095
:020000040000fa
:020000040001f9
:10edac0069706572666b3a205573696e6720696e7f
:10edbc0064657820300d0a000d0a69706572662052
:10edcc0073657373696f6e3a206e6f742073746120
:10eddc0072746564210d0a000d0a69706572663ad9
:10edec0020747279696e6720746f2073746f702051
:10edfc00697065726620696e7374616e6365202537
:10ee0c00642e2e2e0d0a000055736167653a206939
:10ee1c00706572666b203c2d6920696e6465783e66
:04ee2c000d0a0000cb
:020000040000fa
:020000040001f9
:10ee300010b582b000230193030103f1824303f56f
:10ee4000204393f84e30dbb20193019b13f0020f85
:10ee50000dd0010101f1824202f52042022382f825
:10ee60004e30134b0b4400221a73012400e002249d
:10ee7000019b13f0010f0cd0010101f1824202f558
:10ee80002042012382f84e30094b0b4400221a73b2
:10ee90000224074b03eb00135b6833b1044a02eb17
:10eea000001399685b682046984702b010bd00bf08
:04eeb00078bc00200a
:020000040000fa
:020000040001f9
:10eeb4002de9f0411c4ad36a956a89b30e46ab42e8
:10eec40008bf002227d00122dff864c0174ca0f14c
:10eed400020e0138144f0ce0e15c81540133396bac
:10eee400994298bf0023b24214d2511cab4212d0b3
:10eef4000a46dcf8041001f007010129ecd159009d
:10ef040014f813800ef812800131615c00f81210bd
:10ef14000133e4e71d46044bdd621046bde8f08191
:10ef24001d460a46f7e700bf14ba0020887a00207d
:04ef34000034004065
:020000040000fa
:020000040001f9
:10ef3800f0b51f4c2568a446002d36d0002229467e
:10ef480016461346d1f800e00f6986450ad132b15a
:10ef5800176101f110031846f0bd3946f2e7ccf805
:10ef68000070f6e705d9ebb11c68a6453cbf16460c
:10ef78000b460a46002ff0d1002becd019461f692a
:10ef880051f8102b121a102a05d918600844103aa3
:10ef98000761026007469d420cbfccf800703761dc
:10efa8000b46d8e716460b46e3e72b46d3e700bfe8
:04efb8000cc0002069
:020000040000fa
:020000040001f9
:10efbc002de9ff471d460c9b13f0010906468a46b6
:10efcc00144601d195420bd822465146304606f0e4
:10efdc008ffca54204d82546284604b0bde8f0872e
:10efec002f1b102f3a464ff0200128bf10226846e5
:10effc00b8460af059fc00bfb8f10f0f11d83b0905
:10f00c006ff00f0202fb03726946304606f070fc8b
:10f01c00b9f1000fe0d122465146304606f068fcab
:10f02c00dae710226946304606f062fca8f11008b7
:04f03c00e2e700bf48
:020000040000fa
:020000040001f9
:10f040000ab9184670472de9f0470f46164698460c
:10f05000012201f0bbfb054658b34ff00009ca4638
:10f0600009e0361bb6b2a1441ffa89f980442d6825
:10f07000fdb1af68eeb1eb89ac681c44e41ba4b2ef
:10f08000ab8913b19c4228bf1c46b44228bf34460a
:10f09000002cecd052462146384601f0b3fcc04368
:10f0a00080b219f0010fdcd0030a43ea002080b2dd
:10f0b000d7e740460af07afdc04383b21846bde860
:02f0c000f087d7
:020000040000fa
:020000040001f9
:02f0c200fee767
:020000040000fa
:020000040001f9
:10f0c40028b338b5044680681c4a90421cd1b4f970
:10f0d4000220012a2ed1228b012a1bd1628b012a04
:10f0e40001d0042a19d194f83020022a18d10d46ef
:10f0f400204600f08bfe002815db022816d0bdb197
:10f10400a38e2b80002038bd6ff00a00fbe76ff060
:10f114000a0070476ff00900f5e76ff00900f2e7a5
:10f124006ff00800efe76ff00800ece70120eae772
:10f134000020e8e76ff00900e5e700bfd4b700203e
:020000040000fa
:020000040001f9
:10f1440070b5044685681c4b9d420cbf1d460025c6
:10f1540008f0d0fe68b1a38e638413f4007f09d055
:10f1640008f082fbe36a984220d20021204606f090
:10f174002fff70bd08f078fb06462b6a5d6808f027
:10f1840087fb00fb05f000f2e7300c4da5fb0030d7
:10f1940006eb9010e0620121204606f019ff0028da
:10f1a400e7d0052363830023a383e2e76ff006011e
:10f1b400204608f08df9dce7d4b70020d34d621067
:020000040000fa
:020000040001f9
:10f1c400496e76616c6964204d41435048592c2046
:10f1d4006f75693d307825582c206d6f64656c3de2
:10f1e400307825580d0a0000496e76616c696420f8
:10f1f40043686970205265766973696f6e0d0a0001
:10f20400636869705f6572726f722120506c65610a
:10f21400736520636f6e74616374206d6963726fcc
:10f224006368697020737570706f727420666f7292
:10f23400207265706c6163656d656e742e0d0a00d5
:020000040000fa
:020000040001f9
:10f2440038b518b14ff0ff34204638bd0c461b4882
:10f2540005f08cff0546a0b114f0080101d08388a5
:10f2640093b92b8a9bb105f120042b8c23b34ff067
:10f27400ff340af01bff2b7801332b700af01affbe
:10f28400e2e74ff0ff34dfe74ff0ff34f1e705f139
:10f29400100400220023a360e36001232380628022
:10f2a40065600223237319b16b8843f004036b80f8
:10f2b400ab880133ab80dce70122ebe778b40020b4
:020000040000fa
:020000040001f9
:10f2c4001c4b1d4a1a604ff622029a814ff44032b9
:10f2d4005a601a46d369002bfcd1164a136843f0ce
:10f2e40002031360d369002bfcd1144b00221a6271
:10f2f4009a62da6283f8342083f83c209a63da87ce
:10f304001a609a60da601a751a779a61094b5b6819
:10f3140003f00703012b094b14bf4ff400624ff4b1
:10f3240080621a631a61034b80229a7504229a75cb
:10f33400704700bf003400400401104014ba00209c
:020000040000fa
:020000040001f9
:10f344000eb430b5adf6080d0df6140353f8042bc6
:10f3540001934ff4006102a802f02cff421e40f218
:10f36400fe739a4221d8044602ab00221a54124b6f
:10f374001b680344b3f5006f24bf0f4b1a600e4b98
:10f384001b680e4d1d4402a928460af0ebfc2946d1
:10f39400002009f095fb14f0030318bfc3f1040324
:10f3a400054a1c4413681c4414600df6080dbde89e
:10f3b400304003b0704700bf80bf0020888a00201f
:020000040000fa
:020000040001f9
:10f3c4002de9f84380b3894617460546002414e026
:10f3d400b8f1000f2cd008f10106222130460af0c2
:10f3e40071fa18b3864226d000230370bc4238bf9a
:10f3f40049f824600134451c1ad0222128460af019
:10f4040061fa804608b1002303700c4e3146284649
:10f4140005f052f803460028dad0bc4238bf49f858
:10f42400243001340025f1e7002401e04ff0ff34db
:10f434002046bde8f8834ff0ff34f9e7aca10200a1
:020000040000fa
:020000040001f9
:10f444004c414e38363578004d4348505f4c414e60
:10f4540038363578000000003139322e3136382ef6
:10f46400302e3230300000003235352e3235352e14
:10f474003235352e300000003139322e3136382ef7
:10f48400302e3100382e382e382e3800382e382eb3
:10f49400342e340066756c6c00000000474d414307
:10f4a400000000004d434850424f4152445f430026
:10f4b4003139322e3136382e302e3231300000bf01
:020000040000fa
:020000040001f9
:10f4c40004eec63bb231df2c630a1afbe724949d99
:10f4d400005a587851e1aa795e477347c8b056621a
:10f4e4001c18bddcdd8d99fc5fc2b92053d8cfacac
:10f4f400fb0bb8831205fad1ddd6c071318a6018ce
:10f50400f03b73f5ede4d4d071f9de03fd7aea1033
:10f514005d9299b8af99aa075bdb4db9aa28c18d52
:10f52400174b56ee2a014d098896ff2282c955a829
:10f534001969e069fa8ce007a180183a07dfae1771
:020000040000fa
:020000040001f9
:10f54400d3e160c35b99f340b2628264d175106009
:10f55400e0045da383ff57a57d73a673d2b8d80dcd
:10f56400aaf6a6c35a91bb4579d73fd0c8fed1119c
:10f57400b0391306828adfed528f018121b3febdbb
:10f58400c343e797b87dbb63db1333ded9d1ece12a
:10f5940077cfa6b71fe8ab1da46624ed6415e51c60
:10f5a400cde2c7ca86e283990eeaeb9112041552a2
:10f5b4008b2295910281b02dd431f4c9f70427df51
:020000040000fa
:020000040001f9
:10f5c40030b583b0144b1b7803bb04460d46134b74
:10f5d4001870134b1970014600200af021fb114bdf
:10f5e400114a1a6044ea0523104a13600020104aa5
:10f5f4001070104a1070084a0221117000932b46b3
:10f6040022460d4901f06cf803b030bd0b490020cf
:10f6140001f066f8f8e700bf3ec0002083c1002077
:10f6240082c10020c4bf002002ca0400d4bf00204d
:10f634003ac000203bc00020ec110200b8110200c7
:020000040000fa
:020000040001f9
:10f644006e6f69705f73656e640000003a207365c5
:10f654006e64204e207261772045746865726e6511
:10f6640074206672616d6573206279706173736969
:10f674006e672054435020737461636b20286e6f4f
:10f6840069705f73656e64203c6e3e205b676170d9
:10f694005f6d735d290000006e6f69705f73746144
:10f6a400740000003a2073686f77204e6f49502031
:10f6b40054582f525820636f756e7465727300002e
:020000040000fa
:020000040001f9
:10f6c4005b5054505d206175746f73746172742063
:10f6d40066726f6d20656e763a20696e7465727617
:10f6e400616c202575206d730d0a00005b50545029
:10f6f4005d207265676973746572206f70657261ed
:10f7040074696f6e2074696d6564206f75740d0a79
:10f71400000000005b5054505d20656e61626c69ae
:10f724006e67206672616d652074696d65737461be
:10f734006d7073206661696c65640d0a000000bf1a
:020000040000fa
:020000040001f9
:10f7440030b50d4689b004462022002168460af0ef
:10f75400aff82878b0b16b786bb1013d012000bfe0
:10f7640015f8013f83b921460125084611f8013bec
:10f77400c3b9001b06e023461a46013311788142bf
:10f78400fad0101b09b030bd5a0908a901eb820256
:10f7940003f01f0352f8201c00fa03f30b4342f852
:10f7a400203cdde75a090df1200c0ceb820203f03a
:10f7b4001f0352f8202c05fa03f31342d5d1d8e7de
:020000040000fa
:020000040001f9
:10f7c40010b5044608f096fb08b3a28ed3b213f02a
:10f7d400200f0fd013f0040f1ad012f4807f23d01f
:10f7e4000f21204606f0f4fb88b102236383002333
:10f7f400a3830ce0a36a2bb14ff480521a80002239
:10f804005a801a716ff00701204607f061fe10bd9f
:10f81400a36a1bb100221a805a801a716ff0070183
:10f82400204607f055fef2e70621204606f0d0fbfd
:0ef834000028ecd0052363830023a383e7e7bd
:020000040000fa
:020000040001f9
:10f8420000293bd070b40c460378ff2b06d14278d6
:10f85200ff2a08bf013011d100e0013070bc7047af
:10f8620002f11003dbb2092b0ed80230002cf5d0c6
:10f872000378ff2bf2d14278ff2aeed0531ddbb280
:10f88200032bedd80330f1e7fa2ae7d1022ce5ddac
:10f89200032ce3dd831c0444661e01e0b342ddd089
:10f8a2001a46e11a01331578ff2df7d11d78f02d94
:0ef8b200f4d18c1e0232d1d01046d7e7704739
:020000040000fa
:020000040001f9
:10f8c0005365742042494f53204e616d65204f4b64
:10f8d0000d0a00005365742042494f53204e616d5c
:10f8e00065206661696c65640d0a00005573616787
:10f8f000653a2073657462696f73203c696e746544
:10f9000072666163653e203c782e782e782e783eb4
:10f91000200d0a0045783a2073657462696f732080
:10f920005049433332494e54204d434850424f4191
:0cf9300052445f3239200d0a000000bf75
:020000040000fa
:020000040001f9
:10f93c0055736167653a20736574646e7320312f5b
:10f94c0032203c696e746572666163653e203c785a
:10f95c002e782e782e783e200d0a000045783a201d
:10f96c00736574646e732031206574683020323591
:10f97c00352e3235352e3235352e30200d0a00001d
:10f98c00556e6b6e6f776e20444e5320696e6465b6
:10f99c00780d0a0053657420444e53202564206171
:0cf9ac006464726573732025730d0a00fb
:020000040000fa
:020000040001f9
:10f9b80055736167653a202573203c696e746572da
:10f9c800666163653e203c6f6e2f6f66663e200d54
:10f9d8000a00000045783a20257320504943333205
:10f9e800494e54206f6e200d0a000000556e6b6e54
:10f9f8006f776e20696e746572666163650d0a00c3
:10fa0800556e6b6e6f776e206f7074696f6e0d0a2e
:10fa180000000000556e6b6e6f776e20736572760e
:0cfa28006963652025730d0a000000bf13
:020000040000fa
:020000040001f9
:10fa340030b597b004b2b4f1ff3f31d01a4b1b89f3
:10fa440013f0020f09d001220df157012046f6f7f9
:10fa5400dbff38b39df8570007e0522201a9204686
:10fa6400fdf790fd014610b9002017b030bd01a884
:10fa7400451800234354fff7e2fe854214bf10f8f3
:10fa8400013b00238df8573001aa821a02d19df858
:10fa94005700eae792b200212046f6f7b5fff6e7f1
:0cfaa4000020e2e70020e0e7dcbd0020cd
:020000040000fa
:020000040001f9
:10fab00025733a206e6f7420666f756e640a0d00b0
:10fac00025732054583a206f6b3d2564206572726f
:10fad0003d2564207146756c6c3d25642070656e13
:10fae000643d25640a0d000025732052583a206faa
:10faf0006b3d2564206572723d2564206e6f6275d2
:10fb000066733d25642070656e643d25640a0d00b2
:10fb100025733a207374617473206e6f742061765c
:0cfb200061696c61626c650a0d0000bf39
:020000040000fa
:020000040001f9
:10fb2c00f0b585b01b4e1c4c04f1080706e003a988
:10fb3c00284608f09bfe0434bc421bd056f8040b3c
:10fb4c0005f042fc05460028f5d0a3680093236914
:10fb5c000193a3690293236a0393012301aa6946c3
:10fb6c0001f08efe02a9284608f072fe039b002bc2
:10fb7c00e1d0dce7084c94f8381094f83400fff727
:10fb8c001bfde06b216c003018bf012005f06cfaf6
:0cfb9c0005b0f0bd00a1020088b90020f7
:020000040000fa
:020000040001f9
:10fba80010b5184b1c780cb1204610bd002008f089
:10fbb8008bfb10b30af044fa0246f0b1124b00680e
:10fbc800186091889980114b117819705178597083
:10fbd80091789970ff21d970fe211971d1785971e6
:10fbe800117999715279da710124064b1c70084b0e
:10fbf8001c70084b00221a70d6e70749002000f055
:10fc08006dfdd1e748c0002060be002020be002066
:0cfc180049c0002045c0002058650200d3
:020000040000fa
:020000040001f9
:10fc2400882930b52cd012dc812930d003dc80291e
:10fc34002dd0002030bd82290ed08429f9d1196835
:10fc440000680a1d1a600b6818800120f2e7a029d9
:10fc54000fd00adc9029ecd119680a1dd0e90045bf
:10fc64001a600b68c3e90045efe7c02901d0f02909
:10fc7400dfd11a680168101d186013681960e4e781
:10fc8400196800680a1d1a600b681870dde71968a6
:0cfc940000680a1d1a600b681860d6e7b3
:020000040000fa
:020000040001f9
:10fca000842910b523d00cdc812903d0822913d0fc
:10fcb00080290bd119680c1d1c600b6803601a6049
:10fcc00013e0902921d003dc882917d0002010bd33
:10fcd000a029efd0c029ece719680c1d1c600b6847
:10fce0000360d1171046c3e900010120efe719684e
:10fcf0000c1d1c600b6803601a80f6e719680c1d68
:10fd00001c600b6803601a70efe719680c1d1c601b
:0cfd100009680160d317c1e90023e6e791
:020000040000fa
:020000040001f9
:10fd1c00002839d0f8b50c4605460369002b32d0c3
:10fd2c00002718e0236b1bb1052104f15c009847f8
:10fd3c00d4f88c002946083008f0ffff236b1bb168
:10fd4c00062104f15c009847eeb1b4f9c830726832
:10fd5c00d5582b69bbb11e681f602b691b8a13f029
:10fd6c00040fdfd1b4f8d03013f0020f07d1d4f860
:10fd7c008c20d4f89830db8812699a42d2dda36ac1
:0afd8c0028469847e0e7f8bd7047ed
:020000040000fa
:020000040001f9
:10fd960070b506460d4607f0eefc002833d0044643
:10fda60038220021284609f082fd94f87730012b8d
:10fdb60022d0b4f86030ab84b4f86230eb84a36c24
:10fdc600ab6294f8763085f82c30a36962699b1a89
:10fdd600eb85636822689b1a2b86204608f02dfc6b
:10fde6006886304604f03bfca886204606f079fa81
:10fdf60085f83600012070bd236c6b60636c6b6107
:0afe060001232b70d5e70020f5e77b
:020000040000fa
:020000040001f9
:10fe100010b582b090f83030022b18d1044600693a
:10fe2000e8b1e3689b6b01aa61699847012827d074
:10fe300000281cdb94f83130032b04bf019ba38600
:10fe400000200023636184f8303002b010bd4ff40d
:10fe5000b6720c49002007f07bfe0020f5e74ff456
:10fe6000b972084907f0aafe4ff0ff30ede74ff4f2
:10fe7000bf720449002007f06bfe6ff00100e0e75d
:08fe80000220e2e7e07b020032
:020000040000fa
:020000040001f9
:10fe8800f8b507460c4616461d46c87b40f22a526e
:10fe98001849984214bf0020012007f0affe214600
:10fea800304604f0a9fc844208d040f23652114989
:10feb800002007f0a3fe022d18d0f8bd267b0023f2
:10fec80023606360a360e3602361214607f180003b
:10fed80008f04fff0123e373032eecd1f868f6f71f
:10fee800d0f97b8823f008037b80e4e7f8680af000
:08fef80049f8e2e74091020025
:020000040000fa
:020000040001f9
:10ff00002de9f047884692461e4617689df8202046
:10ff1000394600f05bfc20b3054656b33a464ff035
:10ff200000090fe022463946404605f077fea0441e
:10ff3000361bb6b23a19a1441ffa89f92d689db152
:10ff4000af688eb1ec89ab682344db1b9bb2ac89f4
:10ff5000b44228bf34469c4228bf1c46002cedd03a
:10ff6000e0e73a464ff00009caf800204846bde8ed
:08ff7000f087b1463a46f7e7bd
:020000040000fa
:020000040001f9
:10ff7800f8b5194b1c68194b1b88cbb118340025f0
:10ff8800164f06e0fcf7a2f9013518343b88ab425e
:10ff98000edd264654f8140c20b101f06dfd002347
:10ffa80044f8143c36f9180cb0f1ff3fecd0e9e7ff
:10ffb8000b4b1868084cc3682168984700232360d6
:10ffc800064a1380074b186820b109f0c8fd054b95
:10ffd80000221a60f8bd00bf28bf0020dcbd002049
:08ffe8002cbf002034bf0020f3
:020000040000fa
:020000040001f9
:10fff00070b4174a0021117051609160117311742f
:020000040002f8
:100000005161916111771348134b5863134c9c63f2
:100010005c6944f081345c61114c1c6440f2094419
:10002000048083f8451001251570032483f84d40a2
:100030000c4e1e6540f60906068283f855101574ad
:1000400083f85d4040f602721a8070bc704700bfb2
:1000500078bc002058bc002000a0004198bc0020c3
:0800600000052000000420004f
:020000040000fa
:020000040002f8
:100068001b480368013303601a4b1b68023b012bd2
:1000780001d90020704730b58bb015460c462822b0
:100088000021684609f012fc06f082fdcde9000166
:100098000f4b1b680293adf8105023699a89adf88d
:1000a800122001228df81a2003228df81c209a684c
:1000b80052f8061fcdf81d109288adf821209a89b4
:1000c80099686846f7f7c0fa00200bb030bd00bf4a
:0800d800bcbf0020b0bf0020f6
:020000040000fa
:020000040002f8
:1000e00055736167653a2064756d70203c61646486
:1000f000726573735f6865783e203c636f756e74dc
:100100003e0a0d004578616d706c653a2064756d2e
:100110007020307832303030303030302036340a91
:100120000d000000436f756e74206d75737420624e
:1001300065203e20300a0d004d656d6f7279206498
:10014000756d703a2030782530385820202575207c
:0801500062797465730a0d0069
:020000040000fa
:020000040002f8
:100158003d3d3d3d3d3d3d3d3d3d3d3d3d3d3d3dc7
:100168003d3d3d3d3d3d3d3d3d3d3d3d3d3d3d3db7
:100178003d3d3d3d3d3d0a0d0000000054315320fa
:100188005061636b657420536e6966666572202dd5
:10019800204275696c6420496e666f0a0d00000084
:1001a8004275696c642054696d657374616d703a49
:1001b8002041756720313120323032362031363acd
:0801c80030393a31370a0d000d
:020000040000fa
:020000040002f8
:1001d0007265736574656e763a20726573746f72ba
:1001e000656420636f6d70696c6564206465666129
:1001f000756c74732c2070657273697374656420f8
:10020000616e64206170706c6965642e0d0a000077
:100210007265736574656e763a2064656661756ca7
:100220007473206170706c69656420627574204518
:100230004550524f4d207772697465204641494cb4
:0802400045442e0d0a0000bf29
:020000040000fa
:020000040002f8
:1002480073617665656e763a20706572736973744a
:10025800656420746f20454550524f4d20616e648f
:10026800206170706c6965642028616e2049502097
:100278006368616e67652064726f70732074686567
:100288002063757272656e7420636f6e6e65637439
:10029800696f6e292e0d0a0073617665656e763a70
:1002a80020454550524f4d2077726974652046416c
:0802b800494c45442e0d0a00db
:020000040000fa
:020000040002f8
:1002c00055736167653a206c616e5f726561642089
:1002d0003c616464726573735f6865783e0a0d0003
:1002e0004578616d706c653a206c616e5f72656116
:1002f0006420307830303034303030300a0d000037
:100300004552524f523a2050726576696f7573208c
:100310004c414e206f7065726174696f6e2073740a
:10032000696c6c20696e2070726f67726573730af6
:080330000d0000002573000020
:020000040000fa
:020000040002f8
:1003380030b50d46097889b0044609b16b782bb9f8
:10034800204601f0d5fe001b09b030bd2022002157
:10035800684609f0abfa013d012000bf15f8013fde
:10036800a3b921460125084611f8013b002bead024
:100378005a090df1200c0ceb820203f01f0352f80e
:10038800202c05fa03f31342edd0dce75a0908a93b
:1003980001eb820203f01f0352f8201c00fa03f35a
:0803a8000b4342f8203cd9e7a9
:020000040000fa
:020000040002f8
:1003b0002de9f84f04460c9f6668d4f80cb0246908
:1003c00010463a68013c002502f0020a0b9a0bf82d
:1003d0000450002e1946b8bf0126012390464fea6b
:1003e000e279002c03dcd3b12046bde8f88f50ea57
:1003f000010209d1721b002a06dc0a9a521b002a4c
:10040000f1ddbaf1000feed042464b4606f054fc47
:10041000013c134630320bf804200135e1e73b681c
:0804200023f010033b60dfe74d
:020000040000fa
:020000040002f8
:100428002de9f04781460f46144698460d68013a73
:1004380092b22946fdf7a4f810b90020bde8f0876c
:10044800064600232b5401462846fff7f6f9824654
:10045800421bb61a52b9e6b10d21284609f030fa06
:1004680058b13d60c8f800600120e7e792b200216a
:100478004846f6f7c7fa5546ede70a21284609f037
:100488001ffa0028edd1013cb4420cbf0220002025
:06049800d4e70020d2e7ca
:020000040000fa
:020000040002f8
:02049e00fee777
:020000040000fa
:020000040002f8
:1004a000f8b504468668194b9e420cbf1e460026ce
:1004b00007f022fdc8b1a38e6384a36ab3b107f02d
:1004c000d5f90746336a9d6807f0e4f900fb05f0ab
:1004d00000f2e7300e4da5fb003007eb9010e06214
:1004e0000021204605f076fd58b9f8bd01212046cf
:1004f00005f070fd0028f8d0032363830023a38355
:10050000f3e7042363830023a383eee7d4b700203b
:04051000d34d621055
:020000040000fa
:020000040002f8
:10051400f8b50f4615461e46069809f075fa20b33d
:10052400044690f8023103bbd0f8ac3073b11b69b8
:10053400986832463946284408f0a2fbedb1d4f855
:10054400ac301a6993891e4496810ee0d0f8b43019
:1005540063b1b43004f078ffc4f8ac00036900223e
:100564009a81d4f8ac30002be1d1f8bd012380f896
:100574000231436f01334367f7e7d4f8ac301b69aa
:040584009e81f2e77b
:020000040000fa
:020000040002f8
:1005880038b5184b186920b109f0e9fa154b002263
:100598001a61144b186840b106f0eaf8114c60680b
:1005a800c36821689847002323600f4c204608f051
:1005b800c1f9034618b1184604f080fff6e7094d63
:1005c80005f1280402e06868c3689847204608f0e7
:1005d800b1f901460028f6d10023044a1360044a01
:1005e800136038bd4cbb002068bb002004bf00204e
:0405f800fcbe002025
:020000040000fa
:020000040002f8
:1005fc002de9f04106460c461746194b5d6809f08b
:10060c00a5fa238813f0400f1dd1c0eb001005eba9
:10061c00800513f0800f0ed1211d05f1240004f08c
:10062c00e3fb4ff0010805f114033a468021204604
:10063c0005f020fe09e0211d05f1140004f0d4fba7
:10064c004ff00208efe74ff00308434604f11002a5
:10065c0004f10801304602f0c3fcbde8f08100bf94
:04066c0040b9002071
:020000040000fa
:020000040002f8
:1006700070b50546d0f8c4305e6890f8cd301bb335
:100680000121284602f0dcfc134beb1adb1003ebd4
:10069000c30403eb4403c3eb432303eb83435c42f8
:1006a000d5f8c4301b685b6822460c493046984731
:1006b000284603f06dfad5f8c4301b685b68224603
:1006c00007493046984770bd0221edf783f90123b1
:1006d00085f8cd30d4e700bfe0b2002098370200a3
:0406e000c837020015
:020000040000fa
:020000040002f8
:1006e40000282fd10eb410b583b0174b93f9003006
:1006f40033b1154b5b681bb1144b1b78012b04d031
:1007040003b0bde8104003b07047104b00221a70cc
:1007140006ab0193059a4ff400610d4801f04afdc0
:10072400421e40f2fe739a4208d8094900230b5432
:10073400054b5a68546902469868a047034b012246
:100744001a70dde7704700bfc4bd002036c000202a
:040754008892002067
:020000040000fa
:020000040002f8
:10075800f8b50f46164609f0affc00eb800000eb39
:10076800800009f009fb5eb308f05afe4342c0b2ac
:10077800dbb258bf584238703e44013e3d46c7f18f
:10078800010707e009f098fc00eb800000eb80000f
:1007980009f0f2fa7c19b54212d008f041fe434242
:1007a800c0b2dbb258bf584205f8010f634204f0eb
:1007b800070403f0070358bf5c42072cead1e1e7be
:0407c8000020f8bd58
:020000040000fa
:020000040002f8
:1007cc004ab30369002b32d0c06915e0884201d8c6
:1007dc008a420bd21b6813b908e01b6833b19a68c4
:1007ec008a42fad8d88902449142f6d818465df864
:1007fc00044b70471b68d3b19a688242fad810b484
:10080c00dc8922449042e1d91b68002beed09a6817
:10081c008242f9d8f4e7036913b908e01b6833b1d5
:10082c009a688a42fad8d88902449142f6d8184676
:02083c00704703
:020000040000fa
:020000040002f8
:10083e002de9f04184b004460e46174698468422b0
:10084e00002109f030f80b9ba3670c9be36704f1c2
:10085e0008050a9b0393cdf80880019700960423a0
:10086e00372229462046f3f760fd20b101231846b2
:10087e0004b0bde8f0810023039302933722019266
:10088e00009504f13f012046f3f74ffd034630b9c2
:10089e00012222600022626084f88020e7e70123b3
:0208ae00e5e77c
:020000040000fa
:020000040002f8
:1008b000f0b50c4649682368a768e56887b0002949
:1008c0000593a4bf23f00203059305ab029308230d
:1008d000cde900730646d2e900232046fff768fd04
:1008e000059bd90642bf00f1ff3030232b54059bf6
:1008f0001a0742bf00f1ff3020232b542269059bc9
:100900000093013a3b46121a29183046fef756fb6f
:100910007368db0503d563689842b8bf184607b013
:02092000f0bd28
:020000040000fa
:020000040002f8
:02092200fee7ee
:020000040000fa
:020000040002f8
:100924001a4ad42303fb0023b3f8503019402bd0c8
:1009340010b51346d42202fb0032b2f852300b43f6
:10094400a2f85230cb0003f010034c1204f002045e
:10095400234301f0040423430c0104f4806423437f
:10096400490001f480710b43b2f84e100b43a2f816
:100974004e30526d3ab1054bd42101fb0033b3f82c
:100984004e00996d904710bd704700bf4cc00020c9
:020000040000fa
:020000040002f8
:1009940001eb81018900d0f898205318525a32b3e0
:1009a4005a8932b3da89511e89b2b1f5c06f22d2a5
:1009b40010b4597c012940f2064118bf00211b7c68
:1009c400012b08bf41f40761d0f8a43092090b4c05
:1009d40044ea02421a6190f8b2201ab11a6942f448
:1009e40000621a61996200205df8044b704706208a
:1009f4007047062070476ff002007047040700013b
:020000040000fa
:020000040002f8
:100a0400a0b330b40346104613f0010507d013f821
:100a1400014b02eb042262f30f00013989b24a0848
:100a2400541ea4b2cab1013403eb440433f8022bbc
:100a34001044a342fad111f0010f1cbf2378c0184f
:100a4400030c13fa80f000eb10439bb23db963f33f
:100a54000f00c04380b230bc70471c46ebe7dab2eb
:100a64001b0a43ea022363f30f00f2e700207047f6
:020000040000fa
:020000040002f8
:100a740008b5144b186820b107f088f9114b00220f
:100a84001a60114b1968114808f0d6ff104b002268
:100a94001a60104805f0c3fd0f4b186820b109f027
:100aa40060f80d4b00221a600c4b196831b1064beb
:100ab4001868c3689847094b00221a60024b002249
:100ac4001a6008bd14bf002018bf002090bd00208c
:100ad4000cbf002080bd00201cbf002010bf0020e0
:020000040000fa
:020000040002f8
:100ae40044f401004cf401005cc100205cf40100fa
:100af4006cf401007cf4010088f4010090f401001e
:100b040098f4010000000000b82602000000000074
:100b14000000000000000000a0f40100a8f401009f
:100b240070c10020b4f401006cf401007cf40100f5
:100b340088f4010090f4010098f401000000000022
:100b44006026020000000000000000000000000019
:020000040000fa
:020000040002f8
:100b540020b3f8b5044617460e46124b0360124bf9
:100b64004360124b8360124bc360124b0361124b00
:100b74004361124b836103f17453a3f52303a3f67a
:100b84009243c3610025056645668566856709f05d
:100b9400eefae666276765672846f8bd6ff0ac0095
:100ba400704700bf67e6096a85ae67bb72f36e3ca7
:100bb4003af54fa57f520e518c68059babd9831f24
:020000040000fa
:020000040002f8
:100bc40008b512490020fff78bfd11490020fff7fb
:100bd40087fd10490020fff783fd0f490020fff730
:100be4007ffd0e490020fff77bfd0d490020fff734
:100bf40077fd0c490020fff773fd0b490020fff738
:100c04006ffd0a490020fff76bfd08bdd8e900001d
:100c1400f0e9000024ea00005cea0000b4ea000005
:100c240008eb00004ceb000090eb0000d0eb000060
:020000040000fa
:020000040002f8
:100c34005b4c4f475d20746f74616c3d257520706b
:100c4400656e64696e673d2575206f766572666ca6
:100c54006f77733d25752062756673697a653d25e6
:100c6400750d0a005b4c4f475d20706f6f6c5f6fb2
:100c740066667365743d257520706f6f6c5f73696c
:100c84007a653d257520282575206672616d65732a
:100c94002078202575206279746573290d0a000077
:020000040000fa
:020000040002f8
:100ca40008b512490020fff71bfd11490020fff78a
:100cb40017fd10490020fff713fd0f490020fff72f
:100cc4000ffd0e490020fff70bfd0d490020fff733
:100cd40007fd0c490020fff703fd0b490020fff737
:100ce400fffc0a490020fff7fbfc08bd40d20000ce
:100cf40060d20000a8d20000f8d200004cd300005b
:100d0400a8d30000f8d300004cd4000094d4000011
:020000040000fa
:020000040002f8
:100d140070b5028c418c85682b8a12f0080f04bfd1
:100d240023f001039bb211f4405f04bf23f00803d6
:100d34009bb212f4c04f04bf23f010039bb212f411
:100d4400c05f04bf23f020039bb202f4a04401f46b
:100d54008076344304bf23f002039bb202f4205292
:100d640001f080010a4304bf23f004039bb22b610a
:0c0d7400826a1380002106f0abfb70bd0a
:020000040000fa
:020000040002f8
:100d800050bb174b93f803310bb11548704770b542
:100d9000134e4ff486720021304608f08bfd114b44
:100da000c6f8d830002386f80031012386f80331d5
:100db000344604f8043b0c4d0fcd0fc495e80700f2
:100dc00084e8070006f1b40007f01cfc06f1c4003b
:100dd00007f018fc024870bd4ff0ff30704700bfad
:0c0de000ccb0002037251672888b020072
:020000040000fa
:020000040002f8
:100dec00f8b550bb184e96f90630022b03d1738818
:100dfc0013f0010f1fd10d46a4220021124808f058
:100e0c0053fdedb109f04ef90f4c0127277009f095
:100e1c004df967800223a371002323816b68e36083
:100e2c00303404f15005e7732146284607f09fff44
:100e3c001434ac42f7d13046f8bd4ff0ff36fae728
:0c0e4c004ff0ff36f7e700bf78b400203d
:020000040000fa
:020000040002f8
:100e5800184b1b7853b307282ad810b5adf5007d79
:100e68000c46144b93f812321bb1124b5b8a834227
:100e780014d0104b1844027a5b6803eb42224ff4fb
:100e88000071684608f006fe4ff4fe7201a920467c
:100e980007f0f4fe00200df5007d10bd4ff4fe7242
:100ea8000549204607f0eafe0020f4e704207047d1
:0c0eb800022070474cad002062ad00200d
:020000040000fa
:020000040002f8
:100ec40010b582b0002300938df80430154b5c6894
:100ed4002388072b0bd86388adf80030b4f80232ae
:100ee400adf802301049684608f039fbb0b104f59a
:100ef40000531b88072b0ed804f500535b88adf80c
:100f0400003004f508546388adf802300649684699
:100f140008f025fb20b1002002b010bd0120fbe742
:0c0f24000120f9e74cad002020a00200e5
:020000040000fa
:020000040002f8
:100f300038b5194b93f81432012b02d00023184610
:100f400038bd154c002584f81452042384f813325c
:100f50002570fcf72ffa84f81252f6f7f9f9228a75
:100f60004ff6ff739a4209d10b4b032283f81322e9
:100f70000023094a012182f81412e0e7fff7a2ffdb
:100f8000034620b184f8135201212170f1e7024a8f
:0c0f9000032182f81312ece74cad0020a6
:020000040000fa
:020000040002f8
:100f9c0070b586b00d46002303930493059300931c
:100fac000193029300eb4000134c04eb80042046a9
:100fbc0007f0befc014638b1836aab420cbf03a8f4
:100fcc00684607f015fff2e701266ff00a0504e00a
:100fdc0032462946184605f041fc03a807f0a8fc48
:100fec0003460028f4d1009b1bb16946204607f04c
:0c0ffc000cff06b070bd00bfbcb50020ab
:020000040000fa
:020000040002f8
:101008000200000011040100ed410200030000008d
:101018002d56010029b601000600000089db0100f9
:10102800cd77020009000000197e0100114e010071
:101038000a0000003d4f0100a9ac01001a000000a1
:10104800b51b0100dd760200200000009197010029
:10105800555c02002100000099b70100953002009c
:0c10680027000000bd8f0000dd7c0200ae
:020000040000fa
:020000040002f8
:101074003a20737461636b20636f6d6d616e64738a
:101084000000000074637069700000004661696cc0
:10109400656420746f2063726561746520544350e5
:1010a400495020436f6d6d616e64730d0a0000003a
:1010b400544350495020636f6d6d616e64732074a6
:1010c40061736b20726567697374726174696f6ea2
:0c10d400206661696c65640d0a0000bfb5
:020000040000fa
:020000040002f8
:1010e00070b5174c23681b6840f27772154983422c
:1010f00014bf0020012006f0dffd23681b68dd68b7
:10110000002d1bdd00240e4e02e00134a54213d059
:1011100033682146186808f019fc037813f0010fb2
:10112000f3d0038813f4807fefd1074b1b6842682c
:101130009b1a002be9dd00e0002070bd0020fce7d9
:0c11400004bf00201c8a020000bf002039
:020000040000fa
:020000040002f8
:10114c002de9f043a1f1040e7346042b28bf0423b0
:10115c00bef1000f26d08446002738460cf1ff382c
:10116c0009e0002c08bf03200437cb1b042b28bf3d
:10117c000423be4517d9fe18002b11dd08eb07051b
:10118c000ceb060263441e44002400bf12f8013b22
:10119c0015f8019f83ea09031c43b242f6d1e0e73c
:0c11ac000320e1e70020bde8f08300bf55
:020000040000fa
:020000040002f8
:1011b8005b504c43415d204c414e20627573792051
:1011c8002d206170706c7920736b69707065642074
:1011d800287265747279207768656e2069646c6519
:1011e800290d0a005b504c43415d206e6f646520f9
:1011f80049442073657420746f20257520284e4f4c
:1012080044455f434e543d25752c207265673d303b
:0c121800782530386c58290d0a0000bf02
:020000040000fa
:020000040002f8
:1012240010b50446838b012b12d01ab232b1022bb3
:101234001fd04ff0ff3106f04bf910bd022104f02e
:10124400c7fe0028f9d0022363830123a383f4e7b4
:1012540006f050fe0028f0d0a38ea4f844300321f9
:10126400204604f0b5fe0028e7d002236383a3835d
:10127400e3e706f03ffe0028dfd0a38ea4f8463053
:0a128400032363830023a383d7e74d
:020000040000fa
:020000040002f8
:10128e0038b50d46049808f0bafb50b1044690f8f4
:10129e00023103b935b9002384f80231e36e01330c
:1012ae00e36638bdd0f8ac100023c0f8ac30436e06
:1012be00013343660a6993684b610e338b61936801
:1012ce001b78ff2b1abf0b6a43f0100320230b620f
:1012de00c43004f082fbb4f8a40040f01000a4f86f
:0a12ee00a400236c616c9847dbe755
:020000040000fa
:020000040002f8
:1012f80010b5044606f0fcfd48b3a28ea3681b8a0d
:1013080013f0010f0fd013f0080f21d003f00201e2
:1013180000290cbf00214ff4005113f0040f0dd029
:1013280041f480510ae013f0080f13d003f00203d0
:10133800002b14bf4ff400514ff4805102ea01030f
:1013480063840023e363042363830323a38310bd1f
:081358000021f3e70021f1e799
:020000040000fa
:020000040002f8
:101360002de9f0410c46164981421dd100b30bb165
:101370002d211960fcb12d2aa8bf2d221746e2b1fc
:101380000026104ddff8388024222946204608f038
:10139000f1fc6b6a40469847606201362834283574
:1013a000b742f1d1002001e06ff00500bde8f08107
:1013b0006ff00500fae70020f8e70020f6e700bf2d
:0813c0004cc00020b031000018
:020000040000fa
:020000040002f8
:1013c8002de9f84305468846076943699847eb685d
:1013d8003bb30446002607e03c44eb68a34298bfb1
:1013e800e41a0136b34217d9ab6803fb04f32a6841
:1013f80002eb0309d35c13f0010fedd0eb69424611
:101408004946284698470028e6d199f800306ff3f6
:10141800410389f8003001e04ff000094846bde873
:08142800f8834ff00009f9e719
:020000040000fa
:020000040002f8
:101430000288130a43ea022303804288130a43ea1c
:101440000223438043681a0e42ea0362190201f440
:101450007f010a431b0a03f47f43134343608368fd
:101460001a0e42ea0362190201f47f010a431b0ac1
:1014700003f47f4313438360c289130a43ea0223c0
:10148000c381028a130a43ea02230382428a1302b7
:0814900043ea12234382704776
:020000040000fa
:020000040002f8
:1014980070b5154b1b68a3b1144b1b688bb10024a6
:1014a800114e124d07e00022022101f03dff0134e8
:1014b8002b68a34205d9336853f824000028f2d1d9
:1014c800f5e70b4b1868084cc36821689847002358
:1014d8002360064a1360074b186820b108f03ffbe9
:1014e800044b00221a6070bd4cbf002050bf002082
:0814f80058bf002064bf002072
:020000040000fa
:020000040002f8
:1015000072657365740000003a205265736574203b
:10151000686f737400000000710000003a2071755c
:10152000697420636f6d6d616e642070726f6365a6
:1015300073736f720000000068656c70000000003b
:101540003a2068656c7000001b5b41001b5b420029
:101550001b5b43001b5b44001b5b317e00000000f3
:081560001b5b347e000000bf9c
:020000040000fa
:020000040002f8
:10156800f8b50f4614461d4606f004f938b306468a
:101578003cb307f061f82b198342c4bf401b84b207
:10158800316a2944b5698d4203d27369eb1adb438a
:1015980019446d1a0135adb2ac4205d82246384619
:1015a80004f038fb20460de02a46384604f032fbaa
:1015b800621b7169781904f02dfb204602e00020b7
:0615c80000e02046f8bd22
:020000040000fa
:020000040002f8
:1015ce00f0b58fb00f4616461d46044608b3006fa1
:1015de0005f0f3fa08b3436813b300230793089397
:1015ee0009930a930b930c930d93012301930623f6
:1015fe00029306940397049605954368826801a9a1
:10160e000068984710f1ae0f08bf6ff487700fb0e7
:10161e00f0bd002002f073fedce76ff48770f6e792
:06162e006ff48770f3e782
:020000040000fa
:020000040002f8
:1016340010b50446838b33b1012b0ed06ff0080133
:1016440005f046ff10bd002104f0c2fc0028f9d0cb
:10165400022363830123a383f4e706f04bfc0028f1
:10166400f0d094f93530002b04db0021204605f03e
:101674002fffe7e706f0f8f8e36a984204d2022362
:1016840063830023a383dde74ff0ff31204605f099
:041694001fffd7e776
:020000040000fa
:020000040002f8
:10169800f9d70100b1800200bd950200618f0200f8
:1016a800b56e020049940100997b02009180020006
:1016b80071800200fd740200896e02001dcc0100d9
:1016c800a9520200e5520200754c0200ad3f02002b
:1016d80029340200354c02005d6e0200757b020061
:1016e8004de60100c5f00100db990200eb9902000c
:0416f8002d8d020032
:020000040000fa
:020000040002f8
:1016fc00f8b5174b834222d120b393f89c40013ca0
:10170c0064b2002c21db04eb8405ad001e460de019
:10171c00e7b23946304606f024ff39463046fbf72f
:10172c00b5fc013c64b2143d002c06dbd6f89830b5
:10173c002b441b7c002bf4d0eae7002001e06ff077
:10174c000500f8bd6ff00500fbe70020f9e700bfce
:04175c004cc000205d
:020000040000fa
:020000040002f8
:1017600038b5174b83421fd108b393f91430022bbd
:1017700020d111b30c46124d284604f0b1fc0323ce
:10178000e3800123237240f2dc53638195f8b1308a
:10179000237395f8b230637395f8b330a37395f85b
:1017a000b830e373002001e06ff0050038bd6ff042
:1017b0000500fbe76ff00100f8e70020f6e700bf47
:0417c0004cc00020f9
:020000040000fa
:020000040002f8
:1017c40038b505460c468b7b012b0ad0022b1bd067
:1017d40040f2f2321249002006f012fa0723a373f2
:1017e40038bdc06808f022fa0028f9d1a288e1883f
:1017f400e86805f0effd637b03f00103002b0cbfe9
:1018040002230623a373ebe7c06808f00ffa00284d
:10181400e6d1e86808f093fca0600623a373dfe731
:041824005c960200cc
:020000040000fa
:020000040002f8
:1018280038b504460d46fdf7a5f8034658b11a78b1
:1018380012f0010f0ebf42f003021a786ff3410253
:101848001a70184638bd616ae2689142f9d1a269f6
:10185800002af6d02046904703460028f1d00278a7
:1018680012f0010f06d002786ff300020270636a6b
:10187800013b636229462046fdf77cf803460028b1
:04188800d5d1dee7f1
:020000040000fa
:020000040002f8
:10188c002de9f04160b3054690f8420010f0400f8e
:10189c0003d100242046bde8f081984617460e4639
:1018ac000021284607f0e9fd04460028f2d056b185
:1018bc0033686b60b8f1000f05d0ab614fb13b687a
:1018cc00ab60eb6105e027b13b68ab60b8f1000f92
:1018dc00f7d195f843306ff3041385f84330d9e70b
:0418ec000024d7e716
:020000040000fa
:020000040002f8
:1018f000f8b505460e460161b1f860104161027607
:101900004376134ca4f16c070c3ca3682846984717
:10191000bc42f9d131460120fff740fb306d10b1d8
:10192000736c1b6a9847f06c10b1736cdb68984756
:1019300000233365f36496f8432063f3861286f838
:10194000432096f8422063f3861286f84220f8bdc1
:04195000741002000d
:020000040000fa
:020000040002f8
:1019540038b5044615460a6a42f008020a62086964
:1019640082890e3a82818c620f4807f045fa05b9e4
:1019740038bd08f09bfbb4f8623043f01003a4f8c0
:1019840062300a4a136801331360094c238b43f015
:101994000103238308f08efb0022012104f11000cf
:1019a40006f03effe4e700bfc8b500209cbe00205f
:0419b40098a80020cf
:020000040000fa
:020000040002f8
:1019b80070b50446456803290ad003681b681049b6
:1019c8002846984723681b680e492846984770bde3
:1019d8001646506803f0fafc60b1b16804f004fee2
:1019e80023681b680849094a002808bf1146284689
:1019f8009847ece723681b68054928469847e6e7b7
:101a0800ecf8010014f90100c0f80100d4f8010055
:041a1800f064010075
:020000040000fa
:020000040002f8
:101a1c000d0a69706572663a205761726e696e675d
:101a2c002c20544350207365727665722064697360
:101a3c00636f6e6e6563742064657465637465644e
:101a4c000d0a000069706572663a204661696c6522
:101a5c006420746f20676574202564206279746536
:101a6c007320736f636b65742054582073706163bb
:041a7c00650d0a00ea
:020000040000fa
:020000040002f8
:101a800008b5174b1b6833b338b30246834205d001
:101a90009868f8b1824212d00346f9e7104b5b68b0
:101aa000834207d081680e4b1960104602f0daffbe
:101ab00001200fe00a4b002119605960f5e78268a8
:101ac0009a60074a5268824204bf054a536002f096
:101ad000c9ff012008bd0020fce70020fae700bf95
:041ae000f0bd002035
:020000040000fa
:020000040002f8
:101ae40038b5032908d013490020fef7f9fd12493f
:101af4000020fef7f5fd38bd14460022114660684b
:101b040007f0f4fe054600221146a06807f0eefe39
:101b1400044650b103462a4608490020fef7e0fd7a
:101b240021462846f7f702ffe5e70549fef7d8fd09
:101b3400e1e700bfe00002000401020038010200f6
:041b44002401020076
:020000040000fa
:020000040002f8
:101b48000e4b1b78bbb90e4b18600e4b19600e4b31
:101b58001a600e4b1a600e4b196001200d4b18705d
:101b680000230d4a13700d4a13700d4a1370034b6e
:101b780003221a7070470020704700bf3ec0002043
:101b8800c4bf0020c8bf0020d4bf0020d8bf002099
:101b9800dcbf00203fc0002040c000203ac0002029
:041ba8003bc000201e
:020000040000fa
:020000040002f8
:101bac00013810f8013f3bb311f8012b12b310b4fc
:101bbc00a3f14104e4b2192c9cbf2033dbb2a2f197
:101bcc004104e4b2192c9cbf2032d2b293420fd103
:101bdc0010f8013f2bb111f8012b002ae8d100209d
:101bec0003e00878b0fa80f040095df8044b7047c8
:101bfc000020fae7002070470878b0fa80f040091e
:041c0c00704700bf5e
:020000040000fa
:020000040002f8
:101c100038b505460139052904d8dfe801f0052863
:101c20000d1b2428002023e008f042fa01242c7028
:101c300008f042fa20461be008f03afa2b781bb96c
:101c400008f03afa002013e0013b2b7008f034fa58
:101c500001200de008f02cfa2b7801332b7008f0ee
:101c60002bfa012004e000230360012000e00120a2
:021c700038bd7d
:020000040000fa
:020000040002f8
:101c720010b50c4605f045fda8b1034624b194f811
:101c8200422012f0400f10d100225a6219e093f85c
:101c92003f2012f0020f14d193f840206ff3c302d9
:101ca20083f840200de0002012e090f842206ff30c
:101cb200410280f84220446290f8492012f0040f59
:101cc200e5d093f8422042f0020283f8422001203c
:021cd20010bd43
:020000040000fa
:020000040002f8
:101cd40019b310b582b00c46096809b318b390f86b
:101ce400421011f0400f03d16ff0050002b010bd97
:101cf400214653b190f8433013f0100f16d10092df
:101d04000123021df6f760faf0e7fcf767f80028f4
:101d140014bf02204ff0ff30e8e76ff00400704773
:101d24006ff00400e2e76ff00500dfe76ff00700f3
:021d3400dce7ea
:020000040000fa
:020000040002f8
:021d36007047f4
:020000040000fa
:020000040002f8
:101d380038b50c468b7b012b0ad0022b1dd040f204
:101d480013421249002005f059ff0723a37338bd39
:101d58000546c06807f068ff0028f8d12389a288e3
:101d6800e188e86805f07ef9637b03f00103002b46
:101d78000cbf02230623a373e9e7c06807f054ffea
:101d88000028e4d10623a373e1e700bf70960200a0
:020000040000fa
:020000040002f8
:101d9800f8b50f46164601f05ffe78b1054604888f
:101da800104b742202fb04342046f7f725fe78b165
:101db8006f60ae602046f9f7d7fbf8bd07f0a6ffc5
:101dc8000028fad007f09cff074904f0b1fef4e7b9
:101dd80007f09cff0028f0d007f092ff034904f0b9
:101de800a7feeae760b70020f02e0200282f0200c5
:020000040000fa
:020000040002f8
:101df80038b50546154c042384f81332012384f8ba
:101e080014324ff47c236360002384f81232f5f710
:101e18009bfa228a4ff6ff739a420ad0fff74ef8d0
:101e280068b10a4b002283f8132201221a7028464f
:101e380038bd032284f813224ff0ff30f8e7034b34
:101e4800032283f813224ff0ff30f1e74cad002056
:020000040000fa
:020000040002f8
:101e580038b504460d460f4b186820b101f0bafe9c
:101e68000c4b00221a6000220b4b1968202005f049
:101e7800e1fb0a4b00221a7044b123685c68084be6
:101e88001b68084a126808492846a047074b0022e1
:101e98001a6038bdb8be0020f0be002051bd002039
:101ea800a4be0020b0be00208c5c0200ecbe002066
:020000040000fa
:020000040002f8
:101eb80008b590f87730012b02d04ff0ff3008bdfd
:101ec800036c13b94ff0ff30f9e7b0f84230b0f8bf
:101ed80040201344b0f860201344b0f86220534007
:101ee800a0f87230002380f87830084b1b689b08f4
:101ef800036501220221e2f797fe28b10028ccbf32
:101f080001204ff0ff30dae70020d8e754bf002067
:020000040000fa
:020000040002f8
:101f180008b550681022002107f0e6fc0e4b186047
:101f280058b101280dd0022810d003280cbf0b4946
:101f38000b490020fef7d2fb08bd0a49fef7cefb8d
:101f4800fae709490020fef7c9fbf5e70749002031
:101f5800fef7c4fbf0e700bfb0bf0020e0c10100fe
:101f68000cc2010078c1010098c10100bcc1010088
:020000040000fa
:020000040002f8
:101f780010b582b00024114b1c701149114806f0ad
:101f880065fd4ff47a7006f0d1fd012300932346d6
:101f98000d4a0146204606f0d7fd0c4b186000f0ac
:101fa8003ffd06f009fe05f065f905f08ff905f02b
:101fb800a3f905f0b7f902b010bd00bf1cc000209e
:101fc800acbf00201d57020065980200c0bf00206a
:020000040000fa
:020000040002f8
:101fd80034120100c50b02003c1201005812010026
:101fe800f1640200641201007c120100191f020052
:101ff80084120100b81201009ddf0100c012010027
:10200800e8120100adce0100f01201002813010012
:10201800e51a02003013010058130100bd640200e4
:102028006413010088130100412402009013010089
:020000040000fa
:020000040002f8
:1020380058b370b506464b1e9bb240f2ed50834232
:102048001ed80c4600223820fcf76afe0546b8b1b7
:102058000369986868612246314606f00ffe2b69cd
:102068009c816b690e33ab61084bab600023eb605e
:10207800012006f029f920b12946006df8f7e4f9a6
:1020880070bd284603f01afafae7704711a102005a
:020000040000fa
:020000040002f8
:1020980008b100207047f8b50124124b1c7004f0f9
:1020a80077fd114f114b1d685e686b1946eb0602f0
:1020b8005b1946eb02024feac20c4cea537c4fea2a
:1020c800c30e62461eeb050346eb0202d50045ea45
:1020d8005375de00331845eb01013b6079602046fb
:1020e800f8bd00bf45c0002038be002040be00201b
:020000040000fa
:020000040002f8
:1020f800c9b2f8b50446f1b103469a0718461ed18d
:102108004ff001354d431e4656f8044b84ea050747
:10211800a4f10132a7f1013022ea040220ea070003
:10212800024312f0803f11d0184613f8012b2ab150
:102138008a42f9d102e007f04ff92044f8bd13f8bc
:10214800012b002afad08a42d7d1f7e73346dae7db
:020000040000fa
:020000040002f8
:1021580037b5154d2b68044673b106f0e5f90190c3
:1021680001a807f005fa0f30019920f00f0007f0d9
:102178004bf960b100232b60002c08bf01240f34f9
:1021880034f00f0405d1094b0c221a60204603b025
:1021980030bd042c38bf04242046fcf7c9fe0028b3
:1021a800f5d040f8044cf2e7b4c1002010c000207c
:020000040000fa
:020000040002f8
:1021b800f0b59bb004460d46164600214c2207a8f0
:1021c8001f4607f073fb4ff0ff33029303f203132c
:1021d800039304b901accde9044555b16a1e002d3d
:1021e800069208da094b4f221a604ff0ff301bb0f5
:1021f800f0bd2a46f3e71cbf002323703a46314658
:1022080002a8cde9074406f071fdf0e710c00020f0
:020000040000fa
:020000040002f8
:1022180010b50446837d13f0200f10d0a37d13f072
:10222800080f18d0d4f8a8309b6b002211462069fb
:102238009847002816db032384f8463010bd05f0c4
:1022480011fba36bc01ae36b9842f7d3a37d43f04d
:102258002003a375e2e743f01003a375002384f875
:0c2268004630ebe7204606f06ff9e7e790
:020000040000fa
:020000040002f8
:102274002de9f04182b00f4690461e46089807f0bb
:10228400c3fb08b3054690f8064124b10024204658
:1022940002b0bde8f081012380f80631d0f888004f
:1022a40005f18c0301930096434632463946edf717
:1022b400e9fbd5f88c30b3f1ff3f01d00124e6e708
:0c22c400002385f80631e2e70024e0e783
:020000040000fa
:020000040002f8
:1022d000134b1b682bb1834200d07047104b002278
:1022e0001a60104b1b68104a1088b8b193f842204e
:1022f00012f0400f0bd1002201327433824205d01c
:1023000093f8421011f0400ff6d000e00023044a89
:102310001268002ae1d1024a136070470023fae7ed
:0c23200090be002094be0020f4bc002001
:020000040000fa
:020000040002f8
:10232c00154b5a6b1ab310b40146824204d183691f
:10233c00abb1002206e01a469369d3b19942fad1a7
:10234c008b6923b18c689868204498604ab18b697a
:10235c009361002000238b615df8044b70471a4693
:10236c00f4e7054b5a6b92695a630120f2e700209f
:0c237c0070470020f0e700bf58ba0020b6
:020000040000fa
:020000040002f8
:1023880008b5124b1b68abb9104b02221a60104bf0
:1023980000221a6007f088fe0e4b01221a7007f01f
:1023a80087fe0d4807f00dfb002807da0020074bd1
:1023b800186008bd012b04d00020fae7044b064a38
:1023c8001a600120014b1860f3e700bf9cbf002092
:0c23d80098bf002039c00020d8b10020c0
:020000040000fa
:020000040002f8
:1023e400f0b58fb00f4616460546e0b1406904f0db
:1023f400e9fb0446e4b16368ebb12422002105a89b
:1024040007f056fa04230193029503970496636830
:10241400a26801a92068984710f1ae0f08bf6ff4b5
:1024240087700fb0f0bd002001f06eff0446e1e7b5
:0c2434006ff48770f5e76ff48770f2e733
:020000040000fa
:020000040002f8
:1024400000b583b01149d1f8003ad1f8040ad1f8a7
:102450000c2ad1f8081a1b1a40200190009103f0b1
:102460003f030b490020fef73df945f6e06240f2dc
:10247000ee53019310230093134606498a580649e8
:102480000020fef72ff903b05df804fb7870002000
:0c249000340c020000000020680c020068
:020000040000fa
:020000040002f8
:10249c0055736167653a206c616e5f77726974651c
:1024ac00203c616464726573735f6865783e203ca0
:1024bc0076616c75655f6865783e0a0d00000000fa
:1024cc004578616d706c653a206c616e5f777269ee
:1024dc007465203078303030343030303020307803
:0c24ec0031323334353637380a0d000029
:020000040000fa
:020000040002f8
:1024f8000e4a38b5002313600d4a0e4c13600e4a7d
:102508000e4d13600e4a13600e4a13600e4a536252
:1025180013610123936007f005fb00f080ffac42d4
:1025280000d338bd54f8043b9847f8e718c000209a
:10253800fcb8002070020000f8b800207402000007
:0c254800f0b80020f4b8002000b900201a
:020000040000fa
:020000040002f8
:1025540000b583b0e2b941f28c13c35cc3b900f592
:102564008b530833d3e90023134301d1002302e042
:1025740000f58b53083300f58b521268009241f238
:102584007812825a0121fef780fe03b05df804fb45
:10259400002141f28c13c15400f58b531b68009346
:0a25a4000b460a46fef771feefe752
:020000040000fa
:020000040002f8
:1025ae008268917a138a13f4c07f1cbf23f0010353
:1025be009bb213f0010f04bf23f400739bb211f012
:1025ce00080f07d043f40053136101234383002304
:1025de008383704711f0040f02d043f48053f3e766
:1025ee0011f0020f02d043f40043ede711f0010f9a
:0825fe0018bf43f48043e7e736
:020000040000fa
:020000040002f8
:0226060070471b
:020000040000fa
:020000040002f8
:10260800144b834220d110b310b586b00c4600237a
:102618000093adf8043029b106226946204606f039
:102628001ffb60b900220023cde902238df8143086
:1026380002a90848eef766fb002006b010bd049416
:1026480001238df81430f3e76ff0050070476ff041
:08265800050070474cc0002092
:020000040000fa
:020000040002f8
:1026600050100100f09f02005d9e000051820200a8
:102670000f040100e966020051720100396f020087
:10268000318202003d40020009260200055200008e
:1026900051a4010075100100fd160200d19a01003d
:1026a0006117020061130200f53f0200291a0100c0
:0826b00039d101000d87020081
:020000040000fa
:020000040002f8
:1026b8001011010018a00200476d02001f48010018
:1026c8000f4e010031a102004d280000d534010051
:1026d800335102007da1020037a1020081a102004e
:1026e80031a101002f4b02003da10200f13d020083
:1026f8002575020039c40000cd5a0200799f0200f6
:082708001561020011a002009e
:020000040000fa
:020000040002f8
:1027100021b370b40e68eeb1114b1968114b1a88d1
:10272000d2b100230de091f8424014f0400f04d0e4
:102730004c6874408d682c4209d001337431934247
:1027400004d00028efd08842f7d1ece700210846fa
:1027500070bc70470021fae70021f8e7084670478f
:0827600094be0020f4bc00202f
:020000040000fa
:020000040002f8
:10276800756e6b6e6f776e006d69696d3a20416e9c
:102778006f74686572206f7065726174696f6e201e
:102788006f6e676f696e672e205265747279210dbe
:102798000a0000006d69696d2025733a20616e207a
:1027a8006572726f72206f636375727265643a2026
:0827b8002564210d0a0000bf99
:020000040000fa
:020000040002f8
:1027c000013880b2092820d810b500b200ebc0044f
:1027d000104b13f82430d3b123460e4c04eb830383
:1027e0009b681c6944b100ebc0000a4b03eb8000fe
:1027f000b0f90600a04710bd00ebc000054b03eb8d
:102800008000ff23c3700020f5e700207047002000
:08281000f1e700bf64af0020f6
:020000040000fa
:020000040002f8
:10281800013880b2092820d808b500b200ebc00200
:10282800104b13f82230d3b113460e4a02eb830340
:102838009b689a6942b100ebc0000a4b03eb800029
:10284800b0f90600904708bd00ebc000054b03eb4c
:102858008000ff23c3700020f5e7002070470020a8
:08286800f1e700bf64af00209e
:020000040000fa
:020000040002f8
:10287000013880b2092820d808b500b200ebc002a8
:10288000104b13f82230d3b113460e4a02eb8303e8
:102890009b68da6942b100ebc0000a4b03eb800091
:1028a000b0f90600904708bd00ebc000054b03ebf4
:1028b0008000ff23c3700020f5e700207047002050
:0828c000f1e700bf64af002046
:020000040000fa
:020000040002f8
:1028c800013880b2092820d808b500b200ebc00250
:1028d800104b13f82230d3b113460e4a02eb830390
:1028e8009b68da6a42b100ebc0000a4b03eb800038
:1028f800b0f90600904708bd00ebc000054b03eb9c
:102908008000ff23c3700020f5e7002070470020f7
:08291800f1e700bf64af0020ed
:020000040000fa
:020000040002f8
:10292000013880b2092821d808b500b200ebc002f6
:10293000104b13f82230dbb113460e4a02eb83032f
:102940009b681a6b4ab100ebc0000a4b03eb800096
:10295000b0f90600904780b208bd00ebc000054bff
:1029600003eb8000ff23c3700020f5e700207047d1
:082970000020f1e764af002034
:020000040000fa
:020000040002f8
:1029780008b5144b9b7df3b1124a137edbb2927dee
:1029880012f0800f18d10f4a137edbb2927d12f03d
:10299800010f04d013f0010f01d0faf793f8094a98
:1029a800137edbb2927d12f0040f04d013f0040ff3
:1029b80001d0f8f7a5ff08bd13f0800fe3d001f0b0
:0829c8002ff9e0e700340040a4
:020000040000fa
:020000040002f8
:1029d0002de978480546134c63689b699847606108
:1029e000606906f0b5fc064604f0bef807f060fb2f
:1029f000d4e90abc1beb06024cf10003c4e90a232c
:102a000007f05afb2846fbf77bfc08b9bde878883d
:102a100007f04efb0446f9f7f3f9204607f04cfbac
:082a2000f4e700bf58ba0020e2
:020000040000fa
:020000040002f8
:102a280038b5044603f0baf910b3204602f0dcfdcd
:102a38000546b0b14378b3b983680bb9436883607e
:102a48000c4b93f8303043b92846fff7bdff0024fc
:102a58002c756c7501236b7006e02846fbf74cfc5f
:102a6800f5e7012400e0002405f0e8f9204638bd28
:082a78000124fbe758ba00201d
:020000040000fa
:020000040002f8
:102a800003000000ec9a02000600000000000000b5
:102a900002000000e478020009000000f8a0020033
:102aa0000a000000f0a002001a000000449d02008d
:102ab00020000000000000002100000000000000d5
:102ac0000100000084c1002050100000dc5d020005
:082ad00027000000b0840200a1
:020000040000fa
:020000040002f8
:102ad800c99f02009551010065a0010079330100ea
:102ae800c19a0000756d020000000000000000009f
:102af8007dc9010000000000a5410200257d0100fc
:102b08001de30000000000002b8002004971020054
:102b1800497d0200558e0100853e02002d77020096
:082b2800f12d0200b39402003c
:020000040000fa
:020000040002f8
:102b3000bf9f02009551010065a00100793301009b
:102b4000c19a0000756d0200000000000000000046
:102b50007dc9010000000000a5410200257d0100a3
:102b60001de30000000000002b80020049710200fc
:102b7000497d0200558e0100853e02002d7702003e
:082b8000f12d0200b3940200e4
:020000040000fa
:020000040002f8
:102b88004b8e0200d9a50100833302009da60100e7
:102b980071610100df7a020081740200f59402007d
:102ba800658e0200a36d02007955020097fd0100b1
:102bb800057b0200691502002b7b0200d16d020023
:102bc800b57d0200359d0100452f01008399020063
:082bd8007f8e02009d940200b3
:020000040000fa
:020000040002f8
:102be00025ca0100d9a50100833302009da601007a
:102bf00071610100df7a020081740200f594020025
:102c0000658e0200a36d02007955020097fd010058
:102c1000057b0200691502002b7b0200d16d0200ca
:102c2000b57d0200359d0100452f0100839902000a
:082c30007f8e02009d9402005a
:020000040000fa
:020000040002f8
:102c380072656164656e763a2072656c6f61646571
:102c4800642066726f6d20454550524f4d20616e6d
:102c580064206170706c6965642e0d0a00000000c4
:102c680072656164656e763a206e6f2076616c6974
:102c78006420636f6e66696720696e20454550520f
:082c88004f4d2e0d0a0000bfa4
:020000040000fa
:020000040002f8
:102c900038b5032908d010490020fdf723fd0f495e
:102ca0000020fdf71ffd38bd144600221146606864
:102cb00006f01efe054600221146a06806f018fe2a
:102cc0000146284602f0a2fd0028ecd1044a05493d
:102cd000fdf708fde7e700bf9c240200cc240200ba
:082ce0000003020034030200ae
:020000040000fa
:020000040002f8
:102ce8003a207261772045746865726e6574206653
:102cf80072616d6520746573742028457468657207
:102d08005479706520307838384235290000000041
:102d18006e6f6970000000004e4f49503a205359b9
:102d2800535f434d445f41444447525020666169b4
:082d38006c65640a0d0000bf88
:020000040000fa
:020000040002f8
:102d400038b5036d04463bb1426d934204dc002369
:102d5000e3644ff0ff3038bd204604f027fe002822
:102d6000f5db236dd4e90f12a3b1656d5b1b551a1a
:102d7000ab420fdc013b0b44e36422b1636d521a9a
:102d800001321a44626511f8013c834218bf01f810
:082d9000010ce0e71346efe738
:020000040000fa
:020000040002f8
:102d98002de9ff41134dd1f80080af88adf80c70d4
:102da80006462868029002aca8798df80e00002a21
:102db80018bf1446d1e901571a461bb9204606f038
:102dc8000bfb0246002d02dbaa4228bf2a46cdf89b
:102dd80000803b4621463046fcf7ecf804b0bde8dd
:082de800f08100bf28a10200e8
:020000040000fa
:020000040002f8
:102df00010b504f087fc10b3044690f83c30012b6a
:102e000018bf002000d010bdc3682bb11b6a13f09f
:102e1000080f07d00023c360012211462046faf7ad
:102e2000dbf970b194f8413013f0020f02d04ff487
:102e3000b860e8e76068a368c01a80b2e3e70020e2
:062e4000e1e70020dfe7de
:020000040000fa
:020000040002f8
:102e4600f0b50c4649682368a668e76887b000298c
:102e56000593a4bf23f00203059305ab02930a234f
:102e6600cde900630546d2e900232046fdf79dfa29
:102e76002269059b0093013a3346121a39182846ef
:102e8600fcf799f86b68db0503d563689842b8bf11
:062e9600184607b0f0bd74
:020000040000fa
:020000040002f8
:102e9c0038b50c468b7b012b0dd05ab2bab1043b22
:102eac00dbb2012b13d80831c06807f067f9b0b159
:102ebc000523a37313e00546c06806f0b3fe70b992
:102ecc00a288e188e86807f057f9a07307e04ff48f
:102edc0086620349002004f08ffe0723a37338bddc
:042eec0084960200c6
:020000040000fa
:020000040002f8
:102ef000496e76616c696420447269766572204817
:102f0000616e646c650000004661696c65642074e4
:102f10006f2067657420636c69656e74206d7574cd
:102f20006578206c6f636b004661696c6564207422
:102f30006f20676574207265736f75726365206cae
:042f40006f636b0050
:020000040000fa
:020000040002f8
:102f440008b528b1104b186805f0d0f90346b0b99c
:102f54000e4b1b680e4a108898b1002203e0013220
:102f6400743382420ad093f8421011f0400ff6d025
:102f740093f86a1011f0010ff1d000e00023184615
:102f840008bd0023fbe700bf90be002094be0020d4
:042f9400f4bc002069
:020000040000fa
:020000040002f8
:102f980050696e673a2077726f6e67207265706c41
:102fa800792072656365697665642e204d61736b5f
:102fb8003a2030782532780d0a00000050696e6793
:102fc8003a207265706c795b25645d2066726f6d5e
:102fd8002025733a2074696d65203d2025646d7342
:042fe8000d0a0000ce
:020000040000fa
:020000040002f8
:102fec002de9f04383b00546894690461f460f4ca9
:102ffc0004f1200004f05afd246a84b90c4805f051
:10300c00a5fc03b0bde8f083a368009366683b465b
:10301c00424649462846b0472468002ceed0e36867
:10302c00002bf1d0ab42f7d1eee700bf40b9002046
:04303c0060b9002057
:020000040000fa
:020000040002f8
:1030400038b504460d4690f8ce30012907d0012b43
:103050000cd00f4b1b78a3b184f8ce5038bd012b98
:10306000f7d00b4a1378013b1370f2e7084a137844
:103070000133137000224ff48071212000f0ecfa2c
:10308000e7e74ff48071212004f0ecfae4e700bf99
:0430900032c000202a
:020000040000fa
:020000040002f8
:1030940070b5114b1c68002c02dd037e022b00d09e
:1030a40070bd013c0c4b1c60002cf9d10b4b1b6810
:1030b400002bf5dd0a4d094e09e006f052fd002310
:1030c400c5f8c0300134d8353368a342e8ddd5f8fb
:1030d400c0000028f1d1f5e768bf00206cbf0020d4
:0430e400e0b2002036
:020000040000fa
:020000040002f8
:1030e800114b1b7823b90123104a13700e4a137031
:1030f800a0b9b1b10e4b93f9003013b14ff0ff30c6
:10310800704710b588680a4b98604a685a6002246c
:103118001c70536809689847002010bd4ff0ff30b5
:1031280070474ff0ff30704737c0002036c000208e
:04313800c4bd0020f2
:020000040000fa
:020000040002f8
:10313c00f0b583b01f4603b9f8b122b94ff0ff3494
:10314c00204603b0f0bd14460e4605460c4bd8681d
:10315c004ff47a720023a0fb040103f0a7fd009743
:10316c0033462a4601460020f8f7a8ff0446b0f182
:10317c00ff3fe5d0fff752fce2e74ff0ff34dfe70b
:04318c0058ba00200d
:020000040000fa
:020000040002f8
:1031900000b593b006f052fd032811d0684601f047
:1031a0001dfc80b1482269460a4805f06bfd0a4bb8
:1031b0000a4a05210a48faf7a7fe13b05df804fb96
:1031c000fdf7b6feeae70348f2f7b6fe02f0c4faee
:1031d000ede700bf88b9002094570200cc570200e9
:0431e000d0570200c2
:020000040000fa
:020000040002f8
:1031e4003a204c414e3836357820726567697374dd
:1031f4006572732c2074657374206d6f6465732c11
:1032040020504c43410000006c616e004c414e382c
:103214003635585f444941473a205359535f434d2b
:10322400445f414444475250206661696c65640ab6
:043234000d0000bfca
:020000040000fa
:020000040002f8
:1032380070b404468ab10b7804f8013b551e7bb183
:103248008618284406e011f8015f03f8015b021ba9
:103258004db11c46a6422346f5d1204670bc7047a6
:1032680023462a460446002af7d01a44002100bf04
:1032780003f8011b9a42fbd1002c08bf14462046d4
:0432880070bc70475f
:020000040000fa
:020000040002f8
:10328c0038b50d46012100f049fbf8b144682946d8
:10329c0000f064f90146b0b1837b052b87bf04f1c4
:1032ac009802032304f18c0202232046fcf7e6fd6e
:1032bc00002534b106f0f6fe23780133237006f0b6
:1032cc00f5fe284638bd6ff00105f2e74ff0ff35eb
:0232dc00f7e712
:020000040000fa
:020000040002f8
:1032de0038b520b3054606f0e4fe95f84430b3b990
:1032ee0006f0e3fe6b6ac3b100245a68944238bffd
:1032fe0014461b68002bf8d106f0d3fe95f8443027
:10330e00013385f8443006f0d0fe200138bd013b74
:10331e0085f8443006f0c9fee4e70024ece700240b
:02332e00f3e7c3
:020000040000fa
:020000040002f8
:1033300070b504460d46164690f87630023b072bd2
:1033400011d8dfe803f0080808081004080811f095
:10335000020f08d114e003680361c3608360002298
:103360001421e1f765fc15f0030f05d094f87530d2
:1033700043f0040384f8753031462046f0f73afff5
:0233800070bd1e
:020000040000fa
:020000040002f8
:103382002de9f0410746884616461d4604f0f5f938
:10339200a8b1044690f87620d31edbb2022b10d9d6
:1033a200082a12d035b12a464146384600f065ff58
:1033b200034638b15eb1a4f86060012302e0002345
:1033c20000e000231846bde8f0810023fae701235c
:0233d200f8e71a
:020000040000fa
:020000040002f8
:1033d40070b500239ab098420393a6bf00f100434e
:1033e40003f1ff334ff0ff330d4611900490002199
:1033f400044602a81646129306f020f8dde91e23bf
:103404003146cde9002302a80122e4f737fe35b1a5
:10341400dde911329b1a179a13441c442c601ab02c
:0234240070bd79
:020000040000fa
:020000040002f8
:023426007047ed
:020000040000fa
:020000040002f8
:10342800d0b110b4014684681048844211d1b1f972
:103438000200022816d192b18a620b8402230b8300
:1034480000238b834b8301204880c8835df8044b9d
:1034580070476ff00a00f9e76ff00a0070476ff0e5
:103468000800f3e76ff00900f0e700bfd4b70020c9
:020000040000fa
:020000040002f8
:10347800f8b58668104b9e420cbf1e460026836a2c
:103488001bb9002104f022f8f8bd044604f0eaf95b
:103498000746336a1d6804f0f9f900fb05f000f2ed
:1034a800e730064da5fb003007eb9010e0620223e1
:1034b80063830023a383e7e7d4b70020d34d6210ca
:020000040000fa
:020000040002f8
:1034c8002de9f0410446904601eb01118e0000f110
:1034d800600502e0d7b1e36a93b9236b13b1032106
:1034e80028469847d4f88c003044183005f026f95f
:1034f8000746236b002bedd0042128469847e9e7bf
:1035080041f25002414638469847e6e7bde8f08167
:020000040000fa
:020000040002f8
:10351800f8b541f28711445ce4b141f2cc06851953
:10352800297901396f79394001eb8101890087597f
:103538007e18b27433829df81830f374079b736059
:10354800089b7b506b7901336b7141f28813c35c24
:1035580013b11c462046f8bd0021e3f7ddfaf9e770
:020000040000fa
:020000040002f8
:1035680009b310b50c46c87b831edbb2012b01d909
:10357800002010bd8b7b052b0ad840f213520b4953
:10358800022814bf0020012004f038fb2046f0e791
:1035980040f217520549032814bf0020012004f007
:1035a8002dfb2046e5e70846704700bfc09602009d
:020000040000fa
:020000040002f8
:1035b8008b691148c3f30721742202fb0101dbb2b6
:1035c800c96803eb830331f8333002fb0302526c02
:1035d80002b9704710b5742202fb03040022114699
:1035e800e06a05f095fa636c626b0449e06af4f7e7
:1035f800bdff0023636410bd60b7002070bd0020cc
:020000040000fa
:020000040002f8
:10360800e0b12de9f04180460f4b1c680f4b1f8835
:10361800bfb1002503e001357434bd420ad0666ca1
:10362800002ef8d07168404605f097ff0028f2d1c7
:10363800308801e04ff48050bde8f0814ff48050ad
:1036480070474ff48050f7e794be0020f4bc002088
:020000040000fa
:020000040002f8
:1036580001281cd938b515460c460e4b03eb001053
:1036680003890b430381002205f0d8f814f4807f06
:1036780003d0094a1368013313600db1284638bdd9
:1036880000222146054805f0c9f80120f7e7002087
:10369800704700bf98a8002084be0020a8a800207a
:020000040000fa
:020000040002f8
:1036a8006661696c656400006f6e00006f66660095
:1036b80074637020747261636520257320666f726d
:1036c80020736f636b65743a2025642025730d0a97
:1036d8000000000075736167653a20746370747246
:1036e800616365206f6e2f6f6666206e0d0a00009d
:020000040000fa
:020000040002f8
:1036f800495076343a204661696c656420746f20bd
:10370800726567697374657220415250206e6f74d8
:10371800696669636174696f6e21200d0a00000093
:10372800495076343a2041525020656e747269656a
:103738007320706f6f6c20656d707479210d0a00ad
:020000040000fa
:020000040002f8
:10374800544350204e554c4c2064796e616d69632a
:1037580020616c6c6f636174696f6e2068616e6460
:103768006c652f696e6974206461746100000000e3
:10377800205443502044796e616d696320616c6cfc
:103788006f636174696f6e206661696c65640000bf
:020000040000fa
:020000040002f8
:10379800697065726620696e7374616e6365202551
:1037a800643a20547820646f6e652e20536f636be3
:1037b800657420636c6f7365642e0d0a0000000049
:1037c80069706572663a20696e7374616e6365200c
:1037d800256420636f6d706c657465642e0d0a0036
:020000040000fa
:020000040002f8
:1037e80038b503681b680e4940689847c022002115
:1037f8000c4806f05bf80c4b186868b11c460025ad
:103808006368834207bf656025608368236001f0b1
:1038180025f920680028f3d1044b01221a6038bd2d
:103828001c630200b8b30020f0bd002084bf002054
:020000040000fa
:020000040002f8
:1038380008b583b2cbb9184603eb43020f4b03eb31
:1038480082035a68a2b100eb40000c4b03eb8000e6
:10385800536a8068984701280cd043b263b10228a4
:103868000cbf01204ff0ff3008bd4ff0ff30fbe7e1
:103878000020f9e70220f7e70020f5e7c4bd0020a3
:020000040000fa
:020000040002f8
:1038880061646d696e00000070617373776f7264b4
:103898000000000054656c6e6574204163636573b5
:1038a800732041757468656e746963617465640a30
:1038b8000d00000054656c6e657420416363657388
:1038c80073204465636c696e65640a0d000000bf6f
:020000040000fa
:020000040002f8
:1038d8003a20657468302d3e6574683120706f72c7
:1038e80074206d6972726f7220666f7220576972e8
:1038f80065736861726b00007370616e0000000090
:103908004d4952524f523a205359535f434d445fe9
:10391800414444475250206661696c65640a0d0051
:020000040000fa
:020000040002f8
:10392800e8b110b504460288dab190f90c20022af1
:1039380019d169b94068b8b190f90620022a14d1a2
:10394800428802f00102002a14bf204600200be042
:10395800406801f009fc002818bf204604e0002058
:0e3968007047002000e0002010bd0020fce7aa
:020000040000fa
:020000040002f8
:1039760010b370b505460368fbb106f068f9064654
:10398600012813dd002402e00134a6420ed02046b1
:1039960004f09bfc04f0a9fc02460028f4d02b6836
:1039a60041684b4081680b42eed103e00120fff7ee
:0e39b600c6fa0246104670bd70470022fae7be
:020000040000fa
:020000040002f8
:1039c400416279b190f8493013f0040f0ad190f8ac
:1039d4003f3013f0020f05d190f840306ff3c3036a
:1039e40080f840308ab190f83c30012b01d000209f
:1039f40070471368836190f8403043f060036ff3bd
:0e3a0400c71380f84030012070470020704743
:020000040000fa
:020000040002f8
:103a120010b5044604f06ffaa0b194f8343013f0f4
:103a2200040f01d1228c72b9a26a3ab1c3f38001a8
:103a320013f0100f18bf41f004011180002120463d
:103a420003f047fd10bd0121204602f0c2fa002812
:0c3a5200f8d0022363830023a383f3e772
:020000040000fa
:020000040002f8
:023a5e007047af
:020000040000fa
:020000040002f8
:103a6000431e13f1030f16d810f47f4f15d1c3b2c4
:103a70000d4a9268934212d203eb83020a4bdb6831
:103a800003ebc2035a6a82420bd1da78002a08bfdc
:103a90000023184670470023fbe70023f9e70023c3
:0c3aa000f7e70023f5e700bf60b7002047
:020000040000fa
:020000040002f8
:103aac0008b510f0160f09d1b1f862301843a1f81f
:103abc0062000c4a13680133136012e0b1f86230f3
:103acc001843a1f86200074a1368013313600648d3
:103adc00038b43f00103038300220121103004f017
:0c3aec009bfe08bd9cbe002098a8002096
:020000040000fa
:020000040002f8
:103af800e8b1f1b130b589b015460c46c3780193e9
:103b080083780093437802780b4903a805f0e7f916
:103b180003a805f061fc0130a84202d9002009b0d1
:103b280030bd03a9204606f01bf90120f7e7002065
:0c3b380070470020704700bf609c020036
:020000040000fa
:020000040002f8
:103b440010b5044602f0d6fe94f842306ff34103f8
:103b540084f84230204604f055fae06a20b1092284
:103b64006ff0100102f07efeb4f91220054b1b68c1
:103b7400002143f82210044b1868c3682146984773
:0c3b840010bd00bf38bf002048bf00206b
:020000040000fa
:020000040002f8
:103b900040f2b453a0f8d23040f2be53c3600022ca
:103ba0000023c0e908238362c36203634363c0f850
:103bb000943080f8cd30c0f88830c0f88c30c0f830
:103bc0009830c0f89c30c0f8a030c0f8a430c0f8dd
:0c3bd000a83080f8d030c0f8b430704746
:020000040000fa
:020000040002f8
:103bdc0078b103460f4a116871b110b588420ed006
:103bec000c681cb1a3420cd02146f9e76ff005001c
:103bfc000fe06ff0050070476ff0050070470c4642
:103c0c000021044803f03fff2146034805f0f0f87b
:0c3c1c00002010bdacbd0020b8bd002091
:020000040000fa
:020000040002f8
:103c280008b5104b5b8b13f0070300d108bd0e4a93
:103c3800d3870c4b80221a7607225a831b7e13f0f7
:103c4800040f05d0074b9a6a1a7e12f0040ffad1b6
:103c5800054b1b6a002be9d0034b596a1b6a0220eb
:0c3c68009847e3e70034004014ba002045
:020000040000fa
:020000040002f8
:103c74006d6972726f7200003a206d6972726f72b0
:103c8400206574683028543153292052582b5458d5
:103c940020746f206574683120666f7220576972d2
:103ca40065736861726b20286d6972726f72205b34
:0c3cb4006f6e7c6f66665d29000000bf2b
:020000040000fa
:020000040002f8
:103cc0005b4e6f49502d52585d202325752073653a
:103cd000713d25752066726f6d20253032583a256a
:103ce0003032583a253032583a253032583a253059
:103cf00032583a25303258206c656e3d2564207468
:0c3d0000733d256c6c75206d730d0a007e
:020000040000fa
:020000040002f8
:103d0c003a20505450206772616e646d6173746513
:103d1c0072206f6e20746865205431532073656770
:103d2c006d656e7400000000707470005054503a51
:103d3c00205359535f434d445f41444447525020f4
:0c3d4c006661696c65640d0a000000bf30
:020000040000fa
:020000040002f8
:103d580001f000428b1aa3f16051b1f5801f0adb14
:103d6800b1f17f6f09d242eac102c10071f100418d
:103d780042eb507070471046704701285b4113f5bd
:103d8800001f02d842f0ff407047c90041ea507056
:0c3d9800104340f4800040f08040704771
:020000040000fa
:020000040002f8
:103da40010b50f4c236863b1002813da0d4b226859
:103db4001b68d21a43429a4208db226810442060ee
:103dc40006e002f08fff2368002bedd14ff0ff32a5
:103dd400104610bd044b1a682368d21a8242ebe7de
:0c3de400d0bd0020d8bd0020d4bd0020c0
:020000040000fa
:020000040002f8
:103df000e9b1f0b40c46eab14368194651f8605f86
:103e000048688f68ce6825606060a760e6600d69cd
:103e100048692561606153f8784f58689968db6894
:103e2000146050609160d3600020f0bc70476ff068
:0a3e3000050070476ff00500f7e78a
:020000040000fa
:020000040002f8
:103e3a0070b50e46154660b1044690f8422012f05d
:103e4a00400f13d13bb93046fff790fd044690b1bd
:103e5a000de0002bf7d029460020fef754fc04465b
:103e6a0048b93046fff782fd044604e01bb92046f4
:0a3e7a0005f09df92860204670bd98
:020000040000fa
:020000040002f8
:103e840070b5d9b10d46dab1144603f039fc0646d3
:103e9400c8b103f045ff08b9002412e0b0687368a4
:103ea4001b1a9ab2944228bf144654b1224629469a
:103eb40001f0b2feb3682344b36002e0002400e0e2
:0a3ec4001446204670bd0024fbe701
:020000040000fa
:020000040002f8
:103ece00fab138b515460c4603f015fc034620b181
:103ede0090f83c20a24201d0002038bd012a01d02a
:103eee000020fae793f8402012f0030f0bd12a6856
:103efe005a6193f8412042f0010283f841200120db
:0a3f0e00ebe7002070470020e7e712
:020000040000fa
:020000040002f8
:103f180010b590f948305a1e134380f84830d0e95c
:103f280005239a42044603d90022c36a11469847da
:103f380060680023a362c4e90533830755bfd4e949
:103f4800023240f010009b18606056bfc4e90f337e
:0a3f58004ff0ff3040f3c00010bd31
:020000040000fa
:020000040002f8
:103f6200c1f30a5340f21e42d21a0edd202a0ad8a9
:103f7200cb0243ea505040f00040d04090eae1705a
:103f8200b0ebe1707047002070474b00004218bf51
:103f920043f0010313f5001f88bf21f0004111f027
:0a3fa200004058bf6ff00040704768
:020000040000fa
:020000040002f8
:103fac000346a8b180680f4988420ed1b3f90210bc
:103fbc00022913d17ab19a6204221a8300229a83bd
:103fcc005a8301205880d88370476ff00a007047dd
:103fdc006ff00a0070476ff0080070476ff009002f
:083fec00704700bfd4b70020ac
:020000040000fa
:020000040002f8
:103ff40030b40f4c844216d1b0b10bb138201860e4
:10400400a1b1372a01d800200ee00c46094d0fcd8e
:104014000fc40fcd0fc40fcd0fc495e8030084e87f
:104024000300382000e0002030bc70470020fbe78c
:084034004cc00020dcc000209c
:020000040000fa
:020000040002f8
:10403c000f4b834216d1b8b19b7d13f0040f15d0f2
:10404c0010b50b4cd4f8a8301b69e068984794f86d
:10405c004620084b53f8223020469847a07dc0f3e9
:10406c00001010bd002070470020704700207047e2
:08407c004cc00020e495020095
:020000040000fa
:020000040002f8
:10408400ed0d0200336d01007d6102004d750200eb
:10409400dd24010045f20100754d0200817f02001c
:1040a4007194020093450200055b0200b190020086
:1040b400958d0200c990020019d301008d320200cf
:0840c400af8d0200e190020043
:020000040000fa
:020000040002f8
:1040cc00b0f5805f16d010b40d4b1b680d4a1488e8
:1040dc009cb15a88824209d0002201327433a24228
:1040ec0003d059888142f8d100e0002318465df8ce
:1040fc00044b70470023184670470023f6e700bfb7
:08410c0094be0020f4bc002069
:020000040000fa
:020000040002f8
:1041140009680e4b994217d010b40d4b18680d4b1b
:104124001c887cb14368994209d000230133743060
:10413400a34203d042689142f8d100e000205df828
:10414400044b70470020fae7704700bf7f0000016e
:0841540094be0020f4bc002021
:020000040000fa
:020000040002f8
:10415c00c9b130b40c46831e9bb2252b15d80c4923
:10416c000301c818cd5825b1a54202d0002030bc9f
:10417c007047cc5022b1074b1b689a4238bf1ab219
:10418c0082814281f3e7002070470020efe700bff7
:08419c0098a800208cbe002051
:020000040000fa
:020000040002f8
:1041a40010b503f0adfa08b9002010bd044605f0bf
:1041b4007dff0c4b1b7873b905f07cff2046fff79d
:1041c400bffc05f073ff074a13780133137005f041
:1041d40071ff0120e9e7013b024a137005f06aff11
:0841e400ece700bf21c0002040
:020000040000fa
:020000040002f8
:1041ec00104bdb68002b1cdd10b5027e042a04d0ba
:1041fc00013b0c4ad3608bb110bd0a4b1b7c002bce
:10420c00fad0084b5c68006905f0a0fcc0eb00100c
:10421c0014eb8000f0d003f097faede7f9f726f8ed
:08422c00eae7704740b90020e9
:020000040000fa
:020000040002f8
:1042340070b50546b0f8666084694369e41aa4b2af
:1042440004f0fcf9201a80b284420cd0864211d2c8
:104254006408801bb5f86c309c4228bf1c46a04201
:1042640001dc002007e0012210212846e0f7defcf3
:08427400012000e0002070bdf4
:020000040000fa
:020000040002f8
:10427c00f2b138b515460c4603f07afa034620b174
:10428c0090f87720a24205d0002038bd2a681a6425
:10429c000120fae790f87600c11ec9b2022909d9ab
:1042ac00082808bf0020f0d0012aefd00020ece74e
:0842bc00002070470020e8e734
:020000040000fa
:020000040002f8
:1042c400481502005f860200030000004c1502003e
:1042d400099302000300000050150200318402001b
:1042e4000300000054150200a98a02000300000024
:1042f40058150200196a020004000000601502004b
:08430400e96902000400000059
:020000040000fa
:020000040002f8
:10430c0007281cdc00eb40030e4a52f8233013f153
:10431c00020f0cd100eb40030a4a02eb830301307d
:10432c0008280ad053f80c2f12f1020ff7d000eb2b
:10433c004000044b03eb80007047002070470020c6
:08434c00704700bf40b80020db
:020000040000fa
:020000040002f8
:10435400012802d900230b70704710b586b00c46b3
:104364000b4900eb40035b002833ca1850790490d2
:1043740010790390d078029090780190527800924e
:10438400cb5c044a1221204604f09efd06b010bd09
:0843940088b90020f08402004a
:020000040000fa
:020000040002f8
:10439c0008b5022908d00c490020fcf79df90b49ff
:1043ac000020fcf799f908bd134600221146586805
:1043bc0005f098fa01f044fd0028f4d1044a0549af
:1043cc00fcf78af9efe700bfc0020200e00202002e
:0843dc0000030200340302009b
:020000040000fa
:020000040002f8
:1043e40068150100a50c0200701501009815010064
:1043f4009d430200a4150100d4150100912c020074
:10440400e01501001c160100d9c4010024160100a6
:10441400641601005dd7010070160100b816010092
:0844240049580200c416010012
:020000040000fa
:020000040002f8
:10442c0030b58bb00e4c002a08bf2246dde90e4594
:10443c00cde9084506935379059313790493d37802
:10444c0003939378029353780193137800930b465c
:10445c00024604490020fcf73ff90bb030bd00bf09
:08446c0058be0020c03c020014
:020000040000fa
:020000040002f8
:10447400f0b46ff006034ff47a7c4ff0ff35002759
:10448400664602e00133052b10d0002baebf06fabe
:1044940003f25a4226fa02f282428cbf141a841a98
:1044a400ac42efd25fb294462546ebe709b1c1f8be
:0844b40000c03846f0bc70475f
:020000040000fa
:020000040002f8
:1044bc0070b50e4604460f4d08b92c6844b1204621
:1044cc003146fbf739f9044423781bb92b601c46a1
:1044dc00204670bd31462046fbf728ff204428605b
:1044ec00037823b1431c2b6000230370f0e72b608f
:0844fc00eee700bf08c000203c
:020000040000fa
:020000040002f8
:10450400812910b50fd0832903d0802912d000202f
:1045140010bd1368191d1160d0e900011b68c3e9bf
:1045240000010120f4e71368191d11601b68d0e92c
:104534000001f4e713681c1dd0e9000114601c6835
:08454400fff708fc2060ece722
:020000040000fa
:020000040002f8
:10454c0038b50446d0f8a850eb69006998470128a3
:10455c0010d02b6a2069984768b9b4f8403013f032
:10456c00010f0cd0a37d13f0100f14bf00230223f6
:10457c0084f8463038bd204603f0e4fffae72046c5
:06458c0003f0e0fff6e77a
:020000040000fa
:020000040002f8
:1045920038b51546a9b10c460121fff7c4f9034607
:1045a200b0b184600db100222a705d6805f07ffd14
:1045b2002b7801332b7005f07efd204638bd28464e
:1045c200fce76ff00203002df9d02b700020f5e715
:0645d2004ff0ff33f7e794
:020000040000fa
:020000040002f8
:1045d80010b502688a420bd082b11468a14208bfa4
:1045e80014460dd0acb122688a4209d01446f9e7c6
:1045f8000c4604f09ff90ce0446006e0144608e01d
:104608000a68226042688a42f6d08368013b836068
:064618000c46204610bd17
:020000040000fa
:020000040002f8
:10461e00a9b130b583b00c460a689ab103f061feb9
:10462e0098b190f8433013f0100f11d1002300937e
:10463e000123021d2146f3f7c2fd03b030bd6ff01a
:10464e00040070476ff00400f7e76ff00500f4e721
:06465e006ff00700f1e718
:020000040000fa
:020000040002f8
:1046640010b503f089f8d0b1044690f87730012be7
:1046740001d0002010bdc36c9bb190f87630032ba1
:1046840003d0082b01d00020f4e7204602f062f9a1
:10469400636822689b1a013b181a80b2eae700207b
:0646a400e8e70020e6e754
:020000040000fa
:020000040002f8
:1046aa0010b50278202a034600f10100f9d0a2f1e0
:1046ba0009010429f5d92b2a07d02d2a11d1012164
:1046ca000133013b00200a2403e00021f8e760439c
:1046da00801a13f8012f303a092af8d901b9404251
:0646ea0010bd0021ede708
:020000040000fa
:020000040002f8
:1046f00010b5044603f000fcb0b1a28e638c13f435
:10470000005f12bf42f4007222f4007292b213f4fe
:10471000805f12bf42f4807222f4807292b209214b
:10472000204601f072fc00b910bd04236383082306
:04473000a383f9e77f
:020000040000fa
:020000040002f8
:1047340041f28713c35ccbb110b400f58652547cac
:10474400137c0c329279a21ad2b29a4210d2013b53
:10475400234003eb830341f2cc02825802eb830330
:1047640008330b6001205df8044b7047002070474c
:044774000020f8e742
:020000040000fa
:020000040002f8
:10477800f0b583b00446099805f044f990f808317b
:1047880093b1002380f80831084f1e46084d009663
:104798002b4601223946204604f008f820b90121a9
:1047a8002046e6f713faf2e703b0f0bd87000a00e7
:0447b8004970010043
:020000040000fa
:020000040002f8
:1047bc00c0b90f4890f99000022816d100b585b009
:1047cc0008980290079801909df8180000900848ee
:1047dc00d0f8ec0003f09bfb80f0010040b205b078
:1047ec005df804fb6ff0120070476ff00400704727
:0447fc00ccb000201d
:020000040000fa
:020000040002f8
:1048000008b503688b420cd002467bb11868814220
:1048100008bf18460cd0a0b103688b4208d01846d8
:10482000f9e703f0e3ff0ce0506006e0184608e00b
:104830000b68036053688b42f6d09368013b93602a
:04484000084608bd61
:020000040000fa
:020000040002f8
:10484400e0b970b582b00c4615461e462f212046ad
:1048540004f0d0fd034648b15c1c00962b4622466a
:1048640007490020fbf73cff02b070bd5c212046e5
:1048740004f0c0fd03460028efd0ede7704700bf09
:04488400ac5b020027
:020000040000fa
:020000040002f8
:10488800d0b10346d1b1112a01d80020704700b534
:1048980085b0024608465b79039313790293d3786f
:1048a80001939378009353781278054904f017fb25
:1048b800012005b05df804fb002070470020704718
:0448c8003083020037
:020000040000fa
:020000040002f8
:1048cc00f8b507460024c473451ee6b215f8010f6f
:1048dc0005f082f9c0b2287018b101340f2cf4d154
:1048ec00f8bd0e2efcd83446bb1901373c44c6f13a
:1048fc000e0654fa86f4202203f8012ba342fbd1b6
:04490c00eee700bf13
:020000040000fa
:020000040002f8
:1049100038b505460a4c0b4b1b68db692068984785
:1049200000232360084a136005b938bd1a46074bb7
:104930001968202002f082fe054b00221a70f4e76d
:10494000d0be0020d8be0020dcbe0020f0be00207b
:0449500051bd002035
:020000040000fa
:020000040002f8
:10495400554450204e554c4c2064796e616d69630a
:1049640020616c6c6f636174696f6e2068616e6442
:104974006c6500005544502044796e616d69632074
:10498400616c6c6f636174696f6e206661696c65dc
:04499400640000bffc
:020000040000fa
:020000040002f8
:1049980038b5044604f0faff002c16db63090c490d
:1049a80051f8235004f01f04e54005f001050122e9
:1049b80002fa04f4203341f82340bff34f8fbff3ca
:1049c8006f8f04f0ecff284638bd0025f9e700bfdb
:0449d80000e100e01a
:020000040000fa
:020000040002f8
:1049dc0010b50446482201460020f4f755f9a0b959
:1049ec0022680b4b9a4201d0002010bd6368042b47
:1049fc0001d00020f9e74421204600f0d5fa636c81
:104a0c00834214bf00200120efe70020ede700bf38
:044a1c00454e414c76
:020000040000fa
:020000040002f8
:104a20003139322e3136382e302e323030000000ff
:104a30003235352e3235352e3235352e30000000e8
:104a40003139322e3136382e302e3100382e382e74
:104a5000382e38003139322e3136382e302e323160
:044a6000300000bf63
:020000040000fa
:020000040002f8
:104a640070b590b10e4d2a68a0f110042e46a2b183
:104a740050f8101c43189a42136807d11033126976
:104a840002600b4440f8103c2c6070bd1033d51804
:104a9400ac4202d10b441360f7e702603460f4e7e0
:044aa4000cc0002022
:020000040000fa
:020000040002f8
:104aa800eab10378c9b28b421ad0431c024493423c
:104ab800184603f1010312d010b404788c4207d0d1
:104ac8009342184603f1010305d004788c42f7d1cc
:104ad8005df8044b704700205df8044b70470020d8
:044ae800704700bf54
:020000040000fa
:020000040002f8
:104aec0038b50446d0f8a850eb69006998470128fe
:104afc000ed02b6a2069984758b9eb6b04f1400231
:104b0c00002120699847002807db042384f84630ed
:104b1c0038bd204603f016fdfae7204603f012fddf
:024b2c00f6e7aa
:020000040000fa
:020000040002f8
:104b2e0038b50d4614464368d3f8c40098b103f166
:104b3e00c40000f084fc2db1002814bf00236ff0d8
:104b4e000d032b7034b1021c18bf0122637962f37e
:104b5e000413637138bd11b16ff00d03f1e7084610
:024b6e00f0e76e
:020000040000fa
:020000040002f8
:104b700038b504460d46c06a18b10922022101f079
:104b800073fee5627db1ea692b6923639b89083b6b
:104b9000a3869388e386eb690833a36329462046fe
:104ba000f9f7d4f838bd00232363a386e386a36313
:024bb000f4e728
:020000040000fa
:020000040002f8
:104bb20090f8753013f0100303d0826c0ab1012013
:104bc200704710b50446003318bf012300f14402b8
:104bd20000f14001806cfff72ff9a06438b194f81e
:104be200753043f0100384f87530012010bd0020a9
:024bf200fce7de
:020000040000fa
:020000040002f8
:104bf40010b5054c227832b9044b13b10448aff315
:104c040000800123237010bdd8bc002000000000e8
:104c14000000000008b5034b1bb103490348aff380
:104c2400008008bd00000000dcbc00200000000083
:020000040000fa
:020000040002f8
:104c34000346a0b180680d4a90420dd1b3f9022019
:104c4400022a0fd1996206221a8300229a835a8378
:104c540001205880d88370476ff00a0070476ff0c6
:104c64000a0070476ff00900704700bfd4b70020f6
:020000040000fa
:020000040002f8
:104c74000346a0b180680d4988420dd1b3f90210f2
:104c840002290fd19a6203221a8300229a835a833b
:104c940001205880d88370476ff00a0070476ff086
:104ca4000a0070476ff00900704700bfd4b70020b6
:020000040000fa
:020000040002f8
:104cb400dab908b5b0f1ff3f01d048b908bd0b4bd4
:104cc400d3f880200132c3f88020da6e0132da662c
:104cd400064b002283f80621012814bf002101217c
:104ce40093f8fd00eff79afde8e77047ccb0002099
:020000040000fa
:020000040002f8
:104cf400a8b90e4890f99000022813d100b583b0ea
:104d040005980190049800900848d0f8ec0003f04e
:104d1400adfa80f0010040b203b05df804fb6ff01f
:104d2400120070476ff00400704700bfccb0002041
:020000040000fa
:020000040002f8
:104d340030b583b00446084604f066fe054605f027
:104d4400bdf900f071fcc5f8e80000230093074b9f
:104d540001220821204603f02bfd08b103b030bd29
:104d640001212046e5f734fff8e700bf552c010088
:020000040000fa
:020000040002f8
:104d740038b5b9b10d460121fef7d4fda8b1446898
:104d84002946e068f6f796fb0546638843f002037c
:104d9400638005f08bf923780133237005f08af9d9
:104da400284638bd6ff00605fae74ff0ff35f7e700
:020000040000fa
:020000040002f8
:104db40030b40d4b1b680d4a14889cb1002203e0eb
:104dc40001327433a24209d093f8421011f0400f1b
:104dd400f6d05d6801688d42f2d100e000231846e8
:104de40030bc70470023fae794be0020f4bc0020d6
:020000040000fa
:020000040002f8
:104df40038b5437b13b90025284638bd0d46044613
:104e040005f054f9237b73b905f054f9294620467b
:104e1400fff7e0fb054605f049f9237b01332373d3
:104e240005f048f9e8e7013b237305f043f9ede7a2
:020000040000fa
:020000040002f8
:104e340038b505460c460a4b1b685b690021094ad4
:104e440010889847431e13f1030f05d92b681b687c
:104e54000549204698470020044b186038bd00bf20
:104e6400d8be0020d4be002000920200d0be002094
:020000040000fa
:020000040002f8
:104e740010b40d4b1c68002c14dd0c4b196804395c
:104e8400002302e00133a34208d051f8042f002a82
:104e9400f8d0528d8242f5d1002000e001205df867
:104ea400044b70470120fae73cbf002038bf0020c4
:020000040000fa
:020000040002f8
:104eb40010b40d4b1c68acb10c4b196804390023b9
:104ec40002e00133a34209d051f8042f002af8d09c
:104ed400b2f862208242f4d1002000e001205df8a3
:104ee400044b70470120fae750bf00204cbf00205c
:020000040000fa
:020000040002f8
:104ef400013880b2092813d800b200ebc0020b4b72
:104f040013f822307bb110b4084bc200111803eb24
:104f140081010024cc70b1f906005df8044b7047a0
:104f24006ff0040070476ff00400704764af002016
:020000040000fa
:020000040002f8
:104f34000d4b01221a601a46136913f0010ffbd1bd
:104f4400094b10221a6003221a734ef65f229a83c9
:104f540033229a72054a0021116020225a721a469d
:104f64001369002bfcd1704700380040e8bd0020d5
:020000040000fa
:020000040002f8
:104f740008b50d4b1b683bb105f098f80b4b1b783b
:104f84005bb905f097f805e0fdf7fcf9064b1b68e3
:104f9400002bf1d1044b186808bd013b034a137080
:104fa40005f088f8f6e700bf98bf002039c000205c
:020000040000fa
:020000040002f8
:104fb400a9b130b4441e4b1ec5184ff0ff300b4945
:104fc40001e0ac420fd014f8013f5840082240f3ee
:104fd40000030b4083ea5000013af8d1f1e74ff0a7
:104fe400ff30c0437047c04330bc70472083b8ede6
:020000040000fa
:020000040002f8
:104ff40000b593b06846fff7effc68b148226946f4
:10500400084803f03dfefaf78ffd07490020fbf73f
:1050140067fb13b05df804fb04490020fbf760fb59
:10502400f7e700bf88b90020382c0200682c020082
:020000040000fa
:020000040002f8
:1050340004280cd8dfe800f00d0305070900064832
:105044007047064870470648704706487047064848
:1050540070470648704700bf58a30100e0a2010052
:10506400fca201002ca30100c0a20100cca20100fb
:020000040000fa
:020000040002f8
:105074000a4b18700a4b1b783bb9a1f1320242f279
:10508400de639a429cbf074b1960074b1b7823b918
:10509400054b01221a70054b1870704743c000205d
:1050a40048c00020b0c1002042c0002044c00020fd
:020000040000fa
:020000040002f8
:1050b4003a20505450206772616e646d6173746558
:1050c400722028707470207374617274207c207351
:1050d400746f70207c20696e74657276616c205bdd
:1050e4006d735d207c20737461747573290000bf37
:020000040000fa
:020000040002f8
:1050f40010b5044602f0fefe40b1a38e13f4704fc7
:105104000ad00921204600f063ff00b910bd032333
:1051140063830023a383f9e70621204600f058ffa8
:0e5124000028f3d0052363830023a383eee766
:020000040000fa
:020000040002f8
:1051320038b5054644682378012b04bf0023237049
:10514200d4f88800f1f7c9fa4ff0ff33c4f8883079
:1051520094f8ff30013b84f8ff30002384f80131da
:0e516200012222702b606b6084f8903038bd03
:020000040000fa
:020000040002f8
:1051700038b5a8b10446054690f90620022a11d197
:10518000428812f0010f10d004f092ff237813b977
:1051900004f092ff07e0013b237004f08dff02e072
:0e51a000002500e00025284638bd0025fbe76d
:020000040000fa
:020000040002f8
:1051ae00d0b110b50446426a82b1026b42b92422d4
:1051be00002104f078fb236ce06b9847002010bdb3
:1051ce00f92280f838206ff00600f8e7f92280f80f
:0e51de0038206ff00600f2e76ff0080070470f
:020000040000fa
:020000040002f8
:1051ec0070b50d46164602f087fa98b1044602f0e7
:1051fc0093fd034678b14eb1a26815442268aa42c9
:10520c000bd86268aa4203d2002304e02268f4e7b8
:0e521c00a56000e00023184670bd0023fbe7ec
:020000040000fa
:020000040002f8
:10522a0090f83f30c3f3011363b1012b14bf00237d
:10523a00012383f0010390f8752063f3c71280f805
:10524a0075207047436802689a1ab0f86a3003eb0f
:0e525a004303b2eb630facbf01230023e9e76f
:020000040000fa
:020000040002f8
:105268002de9f041846b02f580770646884615469d
:1052780000213a462046fff713fc00b1071bbd4248
:1052880028bf3d4621462a46404603f0f7fc6319ed
:0e5298003c44f3633464b4632846bde8f081ff
:020000040000fa
:020000040002f8
:1052a800034698b181680c4a91420cd1b0f90220aa
:1052b800022a0ed105221a8300229a835a830120da
:1052c8005880d88370476ff00a0070476ff00a0063
:0c52d80070476ff009007047d4b7002049
:020000040000fa
:020000040002f8
:1052e40090b182680b4b9a420bd10b4bdb6803f0f5
:1052f4000103002b0cbf0123022341b10b700020da
:1053040070476ff00a0070476ff00a007047002082
:0c531400704700bfd4b700200008004222
:020000040000fa
:020000040002f8
:1053200010b5044602f0e8fdb8b1a28e12f0200fcd
:105330000fd102f09bfae36a984204d20121204681
:1053400000f048fe09e06ff00701204602f0c2f8c5
:0c53500003e0618c204601f096f910bdce
:020000040000fa
:020000040002f8
:10535c0098b90d4890f99000022811d100b583b08e
:10536c00049800900848d0f8ec0003f01dfa80f087
:10537c00010040b203b05df804fb6ff012007047ff
:0c538c006ff00400704700bfccb00020a0
:020000040000fa
:020000040002f8
:105398000346020a462a84bf203a62f30f23c0b2aa
:1053a800462884bf203860f30703c3f30720392851
:1053b8008cbf37383038c2b2dbb2392b8cbf373ba1
:0c53c800303bd8b240ea0210c0b270477f
:020000040000fa
:020000040002f8
:1053d400f8b506460b4b1c680b4b1f8857b10025cc
:1053e400314604f16c0004f0baf848b10135743464
:1053f400bd42f5d13046fef705f9fef765fe0446d9
:0c5404002046f8bd94be0020f4bc00203f
:020000040000fa
:020000040002f8
:1054100038b50446154600eb40000a4b03eb80000c
:1054200003f0ecfc0db9012038bd074800eb041077
:10543000038943f0010303810022012103f0f2f903
:0c544000f1e700bfbcb5002098a80020d8
:020000040000fa
:020000040002f8
:10544c0038b5437b13b90025284638bd044604f013
:10545c0029fe237b6bb904f029fe204603f068fa81
:10546c00054604f01ffe237b0133237304f01efe5c
:0c547c00eae7013b237304f019feeee7a1
:020000040000fa
:020000040002f8
:1054880038b5437b03b938bd044604f00dfe237bd1
:105498007bb904f00dfe2546284603f04bfa002898
:1054a800fad104f001fe237b0133237304f000fedc
:0c54b800e9e7013b237304f0fbfdece787
:020000040000fa
:020000040002f8
:1054c400036a13f0010f16d170b50546016961b185
:1054d400094e01e0214644b10c680b8a13f0010f18
:1054e400f8d13068c3689847f4e7034b1868c36879
:0c54f4002946984770bd7047f4be0020a8
:020000040000fa
:020000040002f8
:10550000022815d008b5184613460a460146012060
:10551000edf75cfcb0f1ff3f09d0074b1b6853f877
:10552000202092f8423043f0020382f8423008bd56
:0c5530004ff0ff30704700bf38bf002074
:020000040000fa
:020000040002f8
:10553c0038b504460c2380f87630b0f93c20094b82
:10554c001b68002143f82210074d2868c368616965
:10555c0098472868c368216898472868c36821461b
:0c556c00984738bd4cbf002058bf0020fd
:020000040000fa
:020000040002f8
:1055780010b502f0fff8a8b1044690f97430002b7a
:1055880009db90f8753043f0040380f87530012189
:10559800f7f79ff840b1002201212046fdf7c4fe2d
:0c55a800012000e0002010bd0120fce705
:020000040000fa
:020000040002f8
:1055b4000b4b00221a621a779a60da60094b4ff497
:1055c40000325a601a46d369002bfcd1054b0122e4
:1055d4001a73054a1a601a46d369002bfcd1704726
:0c55e400b8bb0020003000400e0030106a
:020000040000fa
:020000040002f8
:1055f000431e13f1030f0fd883b2042b0ed80a4aaf
:1056000002eb4312d26982420ad15a0106498a5cee
:1056100042b101eb431070470020704700207047f3
:0c56200000207047002070471cb50020df
:020000040000fa
:020000040002f8
:10562c0038b5024600244301c10e181a61eb04017f
:10563c008b0043ea907385001946a81844eb0101ce
:10564c00cb0043ea5073c20010461946024bda688d
:0c565c00234601f02bfb38bd58ba00209b
:020000040000fa
:020000040002f8
:1056680010b5044600f09afbb0b12046fff7bcff26
:10567800044678b1437843b90020207560752070de
:10568800044602f0dbfb204610bdfcf74bfe00236e
:0c5698006370f1e70124f4e70124f4e75b
:020000040000fa
:020000040002f8
:1056a40038b5b8b1054611b90c46204638bd0c468c
:1056b400fff75efc60b12246294603f037fc04f094
:1056c400f5fc054a13780133137004f0f3fcece79e
:0c56d4000024f4e70024e8e739c00020bf
:020000040000fa
:020000040002f8
:1056e0000346a8b1c1650c4ac26402f18832026562
:1056f00002f12942a2f59612a2f68b624265a2f14e
:10570000883282650020186058609860186670477b
:0c5710006ff0ac00704700bf012345673c
:020000040000fa
:020000040002f8
:10571c0010b50c46094903f01eff20b90849204674
:10572c0003f019ff28b107490020faf7d5ff002034
:10573c0010bd0549faf7d0ff0120f9e788380200bf
:0c574c0090380200bc3802009c380200bb
:020000040000fa
:020000040002f8
:1057580010b50c4c0c4b2360042363604421204695
:10576800fff724fc6064482221460020f1f7d2f9b3
:1057780008b1002010bd01f08bfcb0fa80f04009a0
:0c578800f8e700bf88b90020454e414cf6
:020000040000fa
:020000040002f8
:105794003a2070657273697374656e74206e6574f3
:1057a400776f726b20636f6e66696720287361760a
:1057b40065656e762f72656164656e762f73686faa
:0c57c40077656e7629000000656e7600a7
:020000040000fa
:020000040002f8
:1057d000b43001009d920100bc300100ec300100aa
:1057e000c1cc0000f43001004c3101005d790200b1
:1057f0005431010084310100f54f02008c31010069
:0c580000cc31010025650200d831010008
:020000040000fa
:020000040002f8
:10580c00094b1b786bb9094b1860094b19600023c5
:10581c00084a1370084a1370034b02221a700120b5
:10582c0070470020704700bf3ec00020c4bf00205e
:0c583c00d4bf00203ac000203bc0002078
:020000040000fa
:020000040002f8
:1058480008b501290bdd134600221146586804f0fb
:105858004bf8074b1978c0b2f9f7b0fe08bd044bf6
:105868001b78044a127804490020faf737fff5e755
:0c58780082c1002083c10020a872020041
:020000040000fa
:020000040002f8
:1058840038b504460025e36be26c934210d25a1cef
:10589400e2631878202809d00938042806d9e36c73
:1058a40013b1e36b013be363284638bd0135eae7f6
:0c58b4002046fdf743fa431cecd1f5e759
:020000040000fa
:020000040002f8
:1058c00030b50d4a002300bf12f8134024b902eb93
:1058d00043035b78184630bd01680d78a54209bfc7
:1058e00002eb430301335b78013114bfdbb201608b
:0c58f0000a2be9d9eee700bfa4950200e6
:020000040000fa
:020000040002f8
:1058fc0038b5436813f4807f0446154611d003690c
:10590c009a4228bf1d465db12a46406903f0b4f99e
:10591c00636922692b44551b0022636125611a704f
:0c592c0038bddb06fcd403f091fdf9e768
:020000040000fa
:020000040002f8
:105938004ff4001c1ceb410f98bf1ceb430f11d810
:1059480051ea030c50ea4c0c5cea020c0cd004d26d
:1059580082428b4180410130704790429941804199
:0c5968000130704700207047012070479c
:020000040000fa
:020000040002f8
:1059740010b5044602f0befa58b194f8343013f06e
:10598400080f07d04ff490520021204600f03bfb53
:1059940030b910bd6ff00501204601f099fdf8e71c
:0a59a400022363830023a383f3e7cb
:020000040000fa
:020000040002f8
:1059ae00f8b50c461646074650b16c3003f011fda3
:1059be0005461cb116b12db9002323702846f8bd3b
:1059ce000025f6e7721e07f16c01204604f0cbf9b4
:0a59de003444002304f8013cf0e714
:020000040000fa
:020000040002f8
:1059e80038b5437b03b938bd0d46044604f05cfb6b
:1059f800237b6bb904f05cfb2946204603f0faf9d7
:105a080004f052fb237b0133237304f051fbeae7d4
:0a5a1800013b237304f04cfbeee7a2
:020000040000fa
:020000040002f8
:105a220010b5044602f067faa8b194f8343013f0c6
:105a3200080f0bd04ff490520021204600f0e4faf8
:105a420048b1042363830a23a38304e06ff00501b2
:085a5200204601f03efd10bded
:020000040000fa
:020000040002f8
:105a5c00d0f88c3023b1022906d0012909d0704727
:105a6c00064bc0f88c30f6e7d0f88c30044a5a61fb
:105a7c007047d0f88c30034a5a60f0e7d0b9002058
:085a8c00e0b6002020b7002065
:020000040000fa
:020000040002f8
:105a940038b504460d46d0f89830b3f91200fef735
:105aa40079ff084a012303fa05f1136823ea010385
:105ab4001360d4f898300146b3f9120002f0d6fc12
:085ac40038bd00bf54ba0020f8
:020000040000fa
:020000040002f8
:105acc001b2a01d80020704770b4426852f8045f5a
:105adc0054689068d6680d604c608860ce6015691b
:105aec00546990690d614c6188611bb11c20186070
:085afc0070bc70471c20fbe7a1
:020000040000fa
:020000040002f8
:105b040038b50c460121fdf70dff78b103468268d4
:105b1400a2420ed1002484605d6804f0c7fa2b7899
:105b240001332b7004f0c6fa204638bd4ff0ff3421
:085b3400fae76ff00204efe74d
:020000040000fa
:020000040002f8
:105b3c005443502f495020537461636b3a204e6587
:105b4c0074776f726b20636f6e66696775726174c0
:105b5c00696f6e206c6f6164206661696c65643a74
:085b6c002025640d0a0000bfb2
:020000040000fa
:020000040002f8
:105b74002e2e2f7372632f636f6e6669672f6465b1
:105b84006661756c742f6c6962726172792f7463cb
:105b94007069702f7372632f74637069705f6d61c5
:085ba4006e616765722e63005b
:020000040000fa
:020000040002f8
:105bac00544350495020537461636b2041737365a7
:105bbc0072743a20696e2066696c653a2025732ce4
:105bcc002066756e633a2025732c206c696e653add
:085bdc002025642c200d0a00b5
:020000040000fa
:020000040002f8
:105be40030b400240b4b03f1280504e082420cd0ae
:105bf4000433ab4206d01a88002af7d1002c08bf20
:105c04001c46f5e721b10c600023184630bc7047f0
:085c14000b46fae720c1002055
:020000040000fa
:020000040002f8
:105c1c0070b402f00306920814d0041f95004b19bf
:105c2c0051f8042b44f8042f9942f9d128443eb181
:105c3c000138991913f8012b00f8012f9942f9d169
:085c4c0070bc70470b46f2e743
:020000040000fa
:020000040002f8
:105c540008b50b4b1b68002b02dd027e022a00d024
:105c640008bd013b064a1360002bf9d1054b1868a7
:105c74000028f5d003f075ff024b00221a60efe70d
:085c8400a0be0020f0be0020cc
:020000040000fa
:020000040002f8
:105c8c0050696e673a20646f6e652e2053656e7492
:105c9c002025642072657175657374732c20726590
:105cac00636569766564202564207265706c69652e
:085cbc00732e0d0a000000bf69
:020000040000fa
:020000040002f8
:105cc400c2b170b414464269951d19b10e681660cc
:105cd400898891802168c2f80610a188a980190ad0
:105ce40041ea03219181026993890e339381012052
:085cf40070bc704700207047ee
:020000040000fa
:020000040002f8
:105cfc002de9f041b0f1000814dd1f4615460e46a3
:105d0c000024002229463820f9f708f8014630b162
:105d1c000786304603f06cf80134a045f1d12046db
:085d2c00bde8f0810024fae754
:020000040000fa
:020000040002f8
:105d3400f8b503f077fb6fea80406fea904084b2d5
:105d44004ff480454ff6ff764ff440472046fff767
:105d54008ff838b9b4421abf0134a4b23c46013dad
:085d6400f4d100242046f8bd33
:020000040000fa
:020000040002f8
:105d6c00f8b500f071fb6fea80406fea904084b2a6
:105d7c004ff480454ff6ff764ff440472046fff72f
:105d8c0093f838b9b4421abf0134a4b23c46013d71
:085d9c00f4d100242046f8bdfb
:020000040000fa
:020000040002f8
:105da4000c4b93f830309bb90a4b93f83830012be5
:105db40001d00020704710b5064c002384f8383019
:105dc400b4f90800fef7e6fd84f83100012010bda7
:085dd4000120704758ba0020bd
:020000040000fa
:020000040002f8
:105ddc00000000000000000048c100200100f40198
:105dec00374200000008004298160200687e02004c
:105dfc000000000120c000200100000024c0002091
:085e0c00c71f000000000000a8
:020000040000fa
:020000040002f8
:105e140010b400f1840402460021134603f8011b68
:105e24001a46a342f9d1431e00f18301002000bfaa
:105e340013f8012f10438b42fad1003018bf012010
:085e44005df8044b704700bf3c
:020000040000fa
:020000040002f8
:105e4c00084b1b7863b9084b18600023074a137082
:105e5c00074a1370074a13700120024b18707047e1
:105e6c00002070473ec00020c4bf002040c000206e
:085e7c003ac000203bc00020e9
:020000040000fa
:020000040002f8
:105e840038b50c4b1b7873b168b103695bb1044638
:105e9400456903f059fb014628b125b1062228467d
:105ea40002f0e0fe00b138bd236999892846fcf769
:085eb400c1f8f8e741c000202d
:020000040000fa
:020000040002f8
:105ebc0038b50c4b1b7873b168b103695bb19d6845
:105ecc004db1044603f03cfb014620b10622a81854
:105edc0002f0c4fe00b138bd236999892846fcf74d
:085eec00a5f8f8e741c0002011
:020000040000fa
:020000040002f8
:105ef40010b584b00024094b1c70094b1c7002942b
:105f0400084b01930123009313460a460146204699
:105f1400fef752fcfcf7bef804b010bd46c00020ea
:085f240047c00020318c02008f
:020000040000fa
:020000040002f8
:105f2c0070b50b480b4d4ff6ff76016821b94368ed
:105f3c0013b9fcf762fb70bd83684268334000f113
:105f4c000c0455f823302046984704eb8000ece70e
:085f5c00ac1e0000a098020039
:020000040000fa
:020000040002f8
:105f64004ff4001c1ceb410f98bf1ceb430f11d8de
:105f740051ea030c50ea4c0c5cea020c0ad004d23d
:105f840082428b4180414042704790429941804116
:085f94004042704700207047f5
:020000040000fa
:020000040002f8
:105f9c004ff4001c1ceb410f98bf1ceb430f11d8a6
:105fac0051ea030c50ea4c0c5cea020c0ad004d205
:105fbc009042994180414042704782428b418041de
:085fcc004042704700207047bd
:020000040000fa
:020000040002f8
:105fd40010b50446012380f830304186032380f84d
:105fe400313083685b88c386f4f77cfc002803dbcc
:105ff400033818bf012010bd6ff00801204601f0de
:0660040067fa0020f7e737
:020000040000fa
:020000040002f8
:10600a0010b50446012380f83030418680f83130db
:10601a00828683685b88c386f4f761fc002803db09
:10602a00033818bf012010bd6ff00801204601f0a7
:06603a004cfa0020f7e71c
:020000040000fa
:020000040002f8
:1060400010b5044601f058ff48b194f8353013f00c
:10605000100f05d000212046fff7bcff30b910bd5e
:106060006ff00401204601f035faf8e7022363835c
:066070000023a383f3e707
:020000040000fa
:020000040002f8
:10607600bab110b4144690f877308b4203d00020a2
:106086005df8044b7047012901d00020f8e723682a
:10609600436490f8753043f0100380f875300120a2
:0660a600eee70020704748
:020000040000fa
:020000040002f8
:1060ac0038b5044683685a6915689a7a01460848d7
:1060bc00a84718b10146012806d138bd0023e36377
:1060cc0004236383a383f8e7204601f0fdf9f4e78a
:0460dc009816020010
:020000040000fa
:020000040002f8
:1060e000d0f8a430d3f888200a70d3f88820120a98
:1060f0004a70d3f88820120c8a70d3f88820120ec8
:10610000ca70d3f88c200a71d3f88c301b0a4b71fb
:0461100000207047b4
:020000040000fa
:020000040002f8
:1061140042681378012b04bf00231370b2f8a43033
:1061240023ea010109b2a2f8a410d2f8c43033b1b1
:10613400b2f8a23003f010031943a2f8a41001200e
:046144001070704720
:020000040000fa
:020000040002f8
:10614800a0b90b4890f99000022801d000207047b0
:1061580000b583b005980190049800900448d0f8e1
:10616800ec00f8f73bfb03b05df804fb0020704738
:04617800ccb0002087
:020000040000fa
:020000040002f8
:10617c0010b5fef7f7ff70b104461030238a5bb9f7
:10618c0004f12000238c53b9a4220021204603f0f3
:10619c008bfb0023a37110bdf0f7c6fdf0e7f0f701
:0461ac00c3fdf1e757
:020000040000fa
:020000040002f8
:1061b000496e76616c696420447269766572204923
:1061c0006e7374616e636500576173207468652037
:1061d00064726976657220696e697469616c697a46
:0461e00065643f00b3
:020000040000fa
:020000040002f8
:1061e400a0b110b50446b0f8423044f240021a425d
:1061f40001d1012010bd0323042201460448fbf70a
:1062040075fb2046fcf762f80120f3e70020704795
:04621400f4bc0020b6
:020000040000fa
:020000040002f8
:1062180010b5026d7ab1436c1b6b10469847044663
:10622800c04341f2ad13054a0549c0f3c010fef75b
:1062380005fb204610bd6ff00d04fae73897020001
:04624800745b020081
:020000040000fa
:020000040002f8
:10624c005443502f495020537461636b3a20486576
:10625c0061702044656c657465206661696c2120f1
:10626c004e6f207472616365206578697374730d69
:04627c000a0000bf55
:020000040000fa
:020000040002f8
:1062800038b50446058825f0c005294301801ab1b8
:10629000106820619288a282054a5269e260012258
:1062a000e2821bb11846211dfff79efb38bd00bfdf
:0462b00040b90020d1
:020000040000fa
:020000040002f8
:1062b40089b10b460949896871b110b584b00024cd
:1062c400009401930292039010236a46044801f05b
:1062d400abf804b010bd00210846704740b9002057
:0462e40060b900207d
:020000040000fa
:020000040002f8
:1062e80090f87620d31edbb2022b11d9082a14bfee
:1062f8000123032390f83f2012f0020f18bf43f048
:10630800040312f0040f18bf43f00803184670473f
:046318000323efe785
:020000040000fa
:020000040002f8
:10631c000d0a202a2a2a205175697474696e672027
:10632c0074686520436f6d6d616e642050726f638d
:10633c006573736f722e20427965202a2a2a0d0a02
:04634c00000000bf8e
:020000040000fa
:020000040002f8
:1063500098b90b460a494979012902d04ff0ff301c
:10636000704710b511461846054c00236371236829
:106370001b6898470123637110bd4ff0ff307047d1
:04638000f8bd002044
:020000040000fa
:020000040002f8
:1063840098b90b460a494979012902d04ff0ff30e8
:10639400704710b511461846054c002363712368f5
:1063a400db6898470123637110bd4ff0ff307047dd
:0463b400f8bd002010
:020000040000fa
:020000040002f8
:1063b80060b908b50a4b93f9003053b1084b5b68d4
:1063c80053b19b6806488068984708bd4ff0ff3076
:1063d80070474ff0ff30f8e74ff0ff30f5e700bfa8
:0463e800c4bd002010
:020000040000fa
:020000040002f8
:1063ec0060b908b50a4b93f9003053b1084b5b68a0
:1063fc0053b1db68064a9068984708bd4ff0ff30f0
:10640c0070474ff0ff30f8e74ff0ff30f5e700bf73
:04641c00c4bd0020db
:020000040000fa
:020000040002f8
:1064200060b908b50a4b93f9003053b1084b5b686b
:1064300053b15b6906488068984708bd4ff0ff304c
:1064400070474ff0ff30f8e74ff0ff30f5e700bf3f
:04645000c4bd0020a7
:020000040000fa
:020000040002f8
:1064540000b583b000230193fef78afd20b1042226
:106464000deb020102f062fd03f020fe044a1378f2
:106474000133137003f01efe019803b05df804fbb2
:0464840039c00020fb
:020000040000fa
:020000040002f8
:10648800dc9a0200000000000100000028300040f3
:1064980028300040e4bb002001000000bc78020066
:1064a800d8a00200d0a00200010000000cbc00200f
:0464b80068930200e3
:020000040000fa
:020000040002f8
:1064bc0008b5094bd3f8002ac3f8042a0020c3f806
:1064cc00080ac3f80c0a054a45f6e063d0500449a3
:1064dc00faf702f908bd00bf787000200000002018
:0464ec00dc8b020043
:020000040000fa
:020000040002f8
:1064f00010b5094c21460020faf7f4f807490020ae
:10650000faf7f0f806490020faf7ecf821460020e7
:10651000faf7e8f810bd00bf58010200840102003c
:04652000a8010200cc
:020000040000fa
:020000040002f8
:1065240008b50948eff706fdfff714f930b1f9f79c
:10653400fbfa06490020faf7d3f808bd0449002005
:10654400faf7cef8f9e700bf88b90020d0010200bd
:04655400100202002f
:020000040000fa
:020000040002f8
:106558005b5054505d2063616e6e6f74207265618c
:1065680064207468652065746830204d4143202d8f
:106578002069732074686520737461636b2075707b
:046588003f0d0a00b9
:020000040000fa
:020000040002f8
:10658c0010b504468268138a13f0060f08bf43f057
:10659c00040313f0380f08bf43f0200313610121eb
:1065ac00fff712fd00b910bd042363830123a383fd
:0265bc00f9e7fd
:020000040000fa
:020000040002f8
:1065be00027843781b0443ea0263c278134380785f
:1065ce0043ea002080ea104080ea102080ea101092
:1065de0080ea900080ea500080f0010000f0010097
:0265ee007047f4
:020000040000fa
:020000040002f8
:1065f000a8b1034690f8422012f0400f01d10020cc
:10660000704770b52c300e684d688c68ca68de62c1
:1066100045608460c260fef759f9012070bd00201a
:026620007047c1
:020000040000fa
:020000040002f8
:1066220038b5437b03b938bd044603f040fd237bf4
:1066320053b903f040fd2546284602f07ef90028b2
:10664200fad100236373eee7013b237303f033fdba
:02665200f1e76e
:020000040000fa
:020000040002f8
:106654004ff4001c1ceb410f98bf1ceb430f0cd8ec
:1066640050ea410c08bf52ea430c08d0904208bfdc
:1066740099420cbf01200020704700207047012080
:0266840070475d
:020000040000fa
:020000040002f8
:1066860008b5090a11f0100f0ad011f0020f0cd14b
:1066960002f02002002a0cbf6ff00701002101e082
:1066a6006ff0040100f013ff08bd6ff00601f9e773
:020000040000fa
:020000040002f8
:1066b80038b5044683685a6955681a8a01460748f6
:1066c800a847011e01db21b138bd204600f0fefebf
:1066d800fae7042363830523a383f5e798160200ea
:020000040000fa
:020000040002f8
:1066e8000a4b834208d150b19b7d13f0010f09d0aa
:1066f800064b93f9140070474ff0ff3070474ff086
:10670800ff3070474ff0ff30704700bf4cc000208b
:020000040000fa
:020000040002f8
:10671800f0b583b005460027084e0124009733469c
:1067280022460921284602f041f820b92146284688
:10673800e4f74cfaf2e703b0f0bd00bfed05010045
:020000040000fa
:020000040002f8
:10674800496e76616c696420647269766572206945
:106758006e7374616e636500496e7374616e636510
:1067680020616c726561647920696e2075736500bb
:020000040000fa
:020000040002f8
:106778000368c2689ab1002205e081680b440132bf
:10678800c16891420bd9197811f0010ff5d0197829
:106798006ff300011970416a01394162ede77047f2
:020000040000fa
:020000040002f8
:1067a800094b83420cd169b130b40c46074d0fcd6b
:1067b8000fc495e8030084e80300012030bc70474b
:1067c8000020704701207047f4bc002010bd002055
:020000040000fa
:020000040002f8
:1067d80088b170b50546094c04f120060834b44266
:1067e8000ad061680029f9d0284602f0b6fe0028d0
:1067f800f4d1207801e07047002070bd508302007a
:020000040000fa
:020000040002f8
:10680800024689b141180948030103eb40030344d8
:1068180003ebc01303eb002303eb006312f8010b37
:1068280058409142f0d1704700487047c59d1c817f
:020000040000fa
:020000040002f8
:1068380010b50a4b00221a6050b10446436838214b
:106848009847014620b1e36820469847034b1c60ef
:10685800024b1868003018bf012010bdf4be00209c
:020000040000fa
:020000040002f8
:1068680008b509b180f82e10002380f82f3083680e
:1068780013b1c168984708bd03f048fa0128fad94e
:1068880003f03efa0149f9f729fff4e79083020083
:020000040000fa
:020000040002f8
:10689800f8b50e461746406883681822984768b1cd
:1068a8000446002e08dd00252146384602f0a2faeb
:1068b80001351834ae42f7d13046f8bd0026fbe763
:020000040000fa
:020000040002f8
:1068c80038b50d6815b10023184638bd0c4601f0df
:1068d8000bfd03460028f7d090f8432012f0100f64
:1068e800f2d0226a02f40002002a08bf2b46ebe726
:020000040000fa
:020000040002f8
:1068f80010b5044690f83c30012b02d00023e36029
:1069080010bdc0680028f9d0036a13f0080ff5d14c
:10691800fef7d4fd94f83e30013b84f83e30ede7b5
:020000040000fa
:020000040002f8
:1069280008b54068426a42b108494b6992689b1aa7
:106938004a6b934201d3243000e01430fef782fd05
:10694800034600b1031f184608bd00bf40b9002028
:020000040000fa
:020000040002f8
:1069580090f87630032b01d0082b0fd18268c368da
:106968009a4203d2981a013880b270474168006889
:10697800091a0139d01a081a80b2704700207047e6
:020000040000fa
:020000040002f8
:10698800848a02003546000050e1010068e10100f8
:10699800e1b6010070e1010084e1010051570100f6
:1069a8008ce10100b0e1010005170100b8e1010028
:020000040000fa
:020000040002f8
:1069b80000b583b08df80710084b5888fcf738ffee
:1069c800022802d003b05df804fb01220df1070193
:1069d800024b5888fff720fdf4e700bf7cbf00207a
:020000040000fa
:020000040002f8
:1069e800c2698369d21a00d1704770b584b0044671
:1069f80006684568054901a802f071fa336801a9db
:106a080028469847e369a36104b070bda0a00200be
:020000040000fa
:020000040002f8
:106a1800f0b585b000f120058269521b01d105b09f
:106a2800f0bd044607684668044901a802f057fa11
:106a38003b6801a930469847a561f0e7a8a0020085
:020000040000fa
:020000040002f8
:106a4800024660b1074900680860074800230360f0
:106a5800436052884a80054a13600120704700202d
:106a6800704700bf7cbf0020f0bd002084bf00201d
:020000040000fa
:020000040002f8
:106a780080b90a4b5b79012b02d04ff0ff30704789
:106a880010b5064c0023637123681b6998470123de
:106a9800637110bd4ff0ff30704700bff8bd002094
:020000040000fa
:020000040002f8
:106aa80080b90a4b5b79012b02d04ff0ff30704759
:106ab80010b5064c0023637123685b69984701236e
:106ac800637110bd4ff0ff30704700bff8bd002064
:020000040000fa
:020000040002f8
:106ad80080b90a4b5b79012b02d04ff0ff30704729
:106ae80010b5064c0023637123689b6898470123ff
:106af800637110bd4ff0ff30704700bff8bd002034
:020000040000fa
:020000040002f8
:106b080080b90a4b5b79012b02d04ff0ff307047f8
:106b180010b5064c0023637123685b68984701230e
:106b2800637110bd4ff0ff30704700bff8bd002003
:020000040000fa
:020000040002f8
:106b380090b938b5094b93f9003063b1074b5d68dc
:106b48004db10c46084602f047fc6b6902462146e7
:106b580002488068984738bd704700bfc4bd002010
:020000040000fa
:020000040002f8
:106b68000a4b5b6b73b168b1002105e09a68801a23
:106b780099609b6933b128b19a688242f6d39a68c2
:106b8800101a9860014b5a691a61704758ba002068
:020000040000fa
:020000040002f8
:106b980070b503f089fa0646084c63689b69984704
:106ba80002f0d2fbd4e90a23141843f10005304659
:106bb80003f07efa2046294670bd00bf58ba00206f
:020000040000fa
:020000040002f8
:106bc8000a4b1b6898420ad0084a0123d1688142bf
:106bd80006d001330c32082bf8d10020704700236f
:106be80003eb4303014800eb8300704740b80020e3
:020000040000fa
:020000040002f8
:106bf80063363377e41e86468deb0ab4a8ed683f0a
:106c08006a134e47e014c700454e81e95358a569f9
:106c1800808aa38f2a72a62359915a9f8a04ca6828
:020000040000fa
:020000040002f8
:106c2800a65ad0f345db4e0effe875c3a2e71f4214
:106c3800c7129d620ff5c119a9ef55f05185e0fb08
:106c48008581f9317517276e06e9607ddbcbcc2e7f
:020000040000fa
:020000040002f8
:106c580010b582b00024074b1c70074b1c700094c1
:106c6800064b012201462046fef774fbfbf710fa9b
:106c780002b010bd46c0002047c00020318c020081
:020000040000fa
:020000040002f8
:106c880070b598b004460d46164600216022684645
:106c980002f00cfe054b02943246294668460e94d3
:106ca800119302f031f818b070bd00bfc5a1020001
:020000040000fa
:020000040002f8
:106cb80053b94ab9002908bf00281cbf4ff0ff315b
:106cc8004ff0ff3003f07cbaadf1080c6de904ce4b
:106cd800e6f754f9ddf804e0dde9022304b0704773
:020000040000fa
:020000040002f8
:106ce800064b1a680ab9064a1a60064a116809b9b1
:106cf800054911601a68054b1a607047d8bd002015
:106d0800c0c10020d4bd0020c0410220d0bd002059
:020000040000fa
:020000040002f8
:106d1800c31003f00203420202f48062134300f03e
:106d280004021343021102f040021343421102f01d
:0e6d380010021343401000f080001843704713
:020000040000fa
:020000040002f8
:106d460038b5a0f58850103880b20f2803d94ff017
:106d5600ff34204638bd0d468968faf70ef804461a
:0e6d6600b0f1ff3ff5d06968f7f755fbf1e794
:020000040000fa
:020000040002f8
:106d740010b500f0c5fc80b10446036b2bb194f848
:106d84003c30012b04d0002010bd02f005fdf6e7d5
:0e6d94006069003018bf0120f6e70020f4e728
:020000040000fa
:020000040002f8
:106da20010b500f0eafc80b1044690f876300b2b67
:106db20001d0002010bdfbf77ef8002801da002088
:0e6dc200f8e7012084f87600f4e70020f2e7fd
:020000040000fa
:020000040002f8
:106dd000f8b582b117461d460e4600f0cffc0446ba
:106de00038b1c36f4bb9c767a0f87a60c0f880505c
:0e6df0003c462046f8bd0024fbe70024f9e7ee
:020000040000fa
:020000040002f8
:106dfe0070b506460d461446fff7dffe034620b17a
:106e0e001e605d609c60002070bd6ff00100fff79a
:0e6e1e00d4fe03460028f3d16ff08300f4e7a2
:020000040000fa
:020000040002f8
:106e2c0010b50b681b78202b0c4602d0093b042ba9
:106e3c000bd8fef721fd23685a1c22605b78202baf
:0e6e4c00f9d0093b042bf6d910bd0020fce75d
:020000040000fa
:020000040002f8
:106e5c00034658b18068084a904204d149b1db6bb3
:106e6c000b60002070476ff00a0070476ff00a004b
:0c6e7c0070470020704700bfd4b7002012
:020000040000fa
:020000040002f8
:106e880060b18168084b994205d152b1064b5b88c5
:106e98001360002070476ff00a0070476ff00a0017
:0c6ea80070470020704700bfd4b70020e6
:020000040000fa
:020000040002f8
:106eb40008b5084b834203d1064b93f8243003b939
:106ec40008bd0448828f044b53f82230243098477d
:0c6ed400f6e700bfd4b70020d48602000f
:020000040000fa
:020000040002f8
:106ee00010b5044601f008f878b1a36a4bb194f8e4
:106ef0003410c1f3800211f0100f18bf42f00402e9
:0c6f00001a800021204600f0e5fa10bdc8
:020000040000fa
:020000040002f8
:106f0c008d6502005d860100f9120200ad60020081
:106f1c00b966020031c60100f18f0200f146020091
:0c6f2c00d98f0200235a0200150d02004c
:020000040000fa
:020000040002f8
:106f3800094b9b7d13f0010f07d013f0020f07d107
:106f4800054843f00203837570474ff0ff307047e0
:0c6f58004ff0ff30704700bf4cc000201d
:020000040000fa
:020000040002f8
:106f6400d0f8a420c8788b781b0443ea006308781f
:106f74000343487843ea0023c2f8883048790b7900
:0c6f840043ea0023c2f88c300020704764
:020000040000fa
:020000040002f8
:106f900011f0010f11d010b514463ab1d0f8983065
:106fa000b3f91200fdf7f8fc207010bdd0f898304e
:0c6fb000b3f91200fdf7f0fcf7e77047a2
:020000040000fa
:020000040002f8
:106fbc0011f0010f0fd0d0f89830b3f91230002b2c
:106fcc0009db5a0903f01f03012101fa03f36032b4
:0c6fdc00014941f82230704700e100e05c
:020000040000fa
:020000040002f8
:106fe80011f0010f0ed0d0f89830b3f91230002b01
:106ff80008db590903f01f03012202fa03f3024ace
:0c70080042f82130704700bf00e100e0ba
:020000040000fa
:020000040002f8
:1070140008b5084b596a89b240f20643194204d0b4
:10702400054a136843f0010313600020f9f778fc64
:0c70340008bd00bf0008004254ba002054
:020000040000fa
:020000040002f8
:1070400038b50c461d46059802f0e0fc38b13cb15d
:10705000c0f8e45090f8fc20013280f8fc2038bde4
:0c70600090f8fc20013a80f8fc20f8e7d2
:020000040000fa
:020000040002f8
:10706c0010b40446c90501f078610b43920402f494
:10707c00f8010b4343f0a04343f400334363a3688c
:0c708c0013f0040ffbd05df8044b7047bc
:020000040000fa
:020000040002f8
:1070980038b5094b93f81432012b01d0042038bdc0
:1070a800054d002485f8144200f060fa012385f8a4
:0c70b80014322046f3e700bf4cad00206e
:020000040000fa
:020000040002f8
:1070c40000f11c0200f1200310f1180f1cbf8169ac
:1070d40041600ab1c26982600bb1036ac36090f86f
:0c70e40043306ff3041380f84330704712
:020000040000fa
:020000040002f8
:1070f00008b588b190f8422012f0400f01d100206d
:1071000008bd0a68b2f1ff3f04d000f083fa00f036
:0c7110000100f5e70120fae70020f1e79c
:020000040000fa
:020000040002f8
:10711c0038b50c4603f40031002914bf282514257a
:10712c002244a9181a4689b2f7f7f8fd034618b19c
:0c713c0014b182691544c561184638bdc5
:020000040000fa
:020000040002f8
:10714800f8b57ab117461e460d4600f0d7fa044640
:1071580030b1836d43b98765c665a0f860503c4679
:0c7168002046f8bd0024fbe70024f9e7f6
:020000040000fa
:020000040002f8
:1071740010b4094b00221a80031f00f5fe74081a8c
:107184000430c21853f8041f1160a342f9d101203e
:0c7194005df8044b704700bf30c00020c5
:020000040000fa
:020000040002f8
:1071a00008b5084b5b7a63b1064b987ac0b23322bc
:1071b0009a72054b1b6823b118b1034b59681b68c1
:0c71c000984708bd00380040e8bd0020e2
:020000040000fa
:020000040002f8
:1071cc00000300003d98020051630200096b0200ad
:1071dc00d96a020085630200796a0200a96a02007a
:0c71ec00338f0100bd9a0200b1a1020027
:020000040000fa
:020000040002f8
:1071f80000b587b0074b019302230293064b039314
:107208000b230493002005906946f6f7d5fb07b0d9
:0c7218005df804fbe40a0200802a02007a
:020000040000fa
:020000040002f8
:1072240010b5dff7c9fe074c074b1b696069984727
:10723400e068dcf7a7fee069f4f708fbe8f70efe68
:0c72440010bd00bf30bc002084400200e0
:020000040000fa
:020000040002f8
:1072500030b589b06ff001040694002405940e9daa
:1072600004950d9d03950c9d0295019300920b468c
:0c72700022462146f5f7befe09b030bdf5
:020000040000fa
:020000040002f8
:10727c0008b5064b064a06210648f6f73ffe00b154
:10728c0008bd0549f9f728fafae700bfe431020016
:0c729c000c320200e44302001032020039
:020000040000fa
:020000040002f8
:1072a8005b504c43415d2063757272656e74206e4d
:1072b8006f64652049443a20257520284e4f44457f
:0c72c8005f434e543d2575290d0a00005f
:020000040000fa
:020000040002f8
:1072d40008b5064b064a01210648f6f713fe00b12d
:1072e40008bd0549f9f7fcf9fae700bfd8380200f0
:0c72f40000390200509d02000839020021
:020000040000fa
:020000040002f8
:1073000008b5064b064a02210648f6f7fdfd00b116
:1073100008bd0549f9f7e6f9fae700bfe82c0200d5
:0c732000182d0200c8930200202d02006e
:020000040000fa
:020000040002f8
:10732c0008b5064b064a01210648f6f7e7fd00b101
:10733c0008bd0549f9f7d0f9fae700bf0c3d02008a
:0c734c00343d02005c9d0200383d020050
:020000040000fa
:020000040002f8
:1073580000b553ec112b83b051ec100b8ded002bc5
:10736800edf722fc9ded002b53ec122be7f7f3f819
:0c73780041ec100b03b05df804fb00bffb
:020000040000fa
:020000040002f8
:1073840038b50446d0f8a8301d6c002300f1400243
:1073940019460069a847002803db012384f8463016
:0a73a40038bd204601f0d2f8fae7e8
:020000040000fa
:020000040002f8
:1073ae0010b51c46029802f02afb68b1c26f013a72
:1073be00c267826f01328267236a23f00803236259
:0a73ce00a368e1682046984710bd4f
:020000040000fa
:020000040002f8
:1073d80010b40446c90501f07861930403f4f80376
:1073e800194341f0c04141f400314163a36813f0ef
:0a73f800040ffbd05df8044b704752
:020000040000fa
:020000040002f8
:1074020070b50c46fcf72bfb58b106465cb100f197
:107412000c050fcc0fc523682b60012086f82000d5
:0a74220070bd0020fce70020fae72f
:020000040000fa
:020000040002f8
:10742c00f8b50746084616461d464b682946984748
:10743c00044640b11eb12a46314601f01dfc2146de
:0a744c003846fef7cbfa2046f8bde3
:020000040000fa
:020000040002f8
:107456000eb410b5b5b0044637ab53f8042b3393ce
:10746600c82101a8faf7a5fe01a9204600f0adff44
:0a74760035b0bde8104003b07047c8
:020000040000fa
:020000040002f8
:1074800008b500f07bf960b190f83f2012f0020fd0
:1074900009d090f83f206ff3410280f83f2001208f
:0a74a00002e0012000e0002008bd1a
:020000040000fa
:020000040002f8
:1074aa00802910db812901dd83290cd11368073378
:1074ba0023f0070303f108011160d3e90023c0e9af
:0a74ca0000230120704700207047e6
:020000040000fa
:020000040002f8
:1074d40008b5002383834383038302234380c1834a
:1074e400002900db08bd0a4602490020f9f7f8f834
:0874f400f8e700bfd08102009f
:020000040000fa
:020000040002f8
:1074fc0008b560b18168074a914205d16ff00b0164
:10750c00fff7e2ff002008bd6ff00a00fbe76ff009
:08751c000a00f8e7d4b70020d3
:020000040000fa
:020000040002f8
:1075240079b110b40a46436853f8924f5868996881
:10753400db68146050609160d36000205df8044bf8
:0875440070474ff0ff30704763
:020000040000fa
:020000040002f8
:10754c00034658b190f9060002280ad15b8803f073
:10755c000103002b08bf4ff0ff3070474ff0ff3096
:08756c0070474ff0ff3070473b
:020000040000fa
:020000040002f8
:10757400084b93f8123203b9704710b5054c638a6f
:107584002344187a00f082febff34f8f002384f85f
:08759400123210bd4cad0020c5
:020000040000fa
:020000040002f8
:10759c0008b5074a1368013313600648038943f0a2
:1075ac000203038100220221103001f035f908bddd
:0875bc0080be002098a8002009
:020000040000fa
:020000040002f8
:1075c40080b1034690f8420010f0400f01d1002032
:1075d400704710b5586cc46b186da047b0fa80f0b2
:0875e400400910bd00207047b2
:020000040000fa
:020000040002f8
:1075ec0080b138b5044690f8420010f0400f01d13c
:1075fc00002038bd606c456c206da847b0fa80f057
:08760c004009f6e70020704779
:020000040000fa
:020000040002f8
:1076140080b190f8422012f0400f01d10020704751
:107624008268406860ea02000b68984214bf002038
:0876340001207047002070479f
:020000040000fa
:020000040002f8
:10763c000b4659b1096859b122b1064909688a4209
:10764c0038bf0ab29a815a810120704700207047d6
:08765c00002070478cbe0020e5
:020000040000fa
:020000040002f8
:10766400074b03eb0013188920ea01021a8111f475
:10767400807f03d0034a1368013b1360704700bf47
:0876840098a8002084be00203c
:020000040000fa
:020000040002f8
:10768c005443502f495020537461636b3a20496e18
:10769c00697469616c697a6174696f6e2053746185
:0876ac0072746564200d0a00f0
:020000040000fa
:020000040002f8
:1076b4004950763420496e69743a204661696c6594
:1076c4006420746f20696e6974616c697a653a200c
:0876d400256421200d0a0000cd
:020000040000fa
:020000040002f8
:1076dc0008b5084b1b68002b02dd027e022a00d085
:1076ec0008bd013b034a1360002bf9d1f8f73efcaf
:0876fc00f6e700bf30bf0020db
:020000040000fa
:020000040002f8
:10770400002808db064b1b68984206da054b1b6809
:1077140053f820007047002070470020704700bfd6
:087724003cbf002038bf00202b
:020000040000fa
:020000040002f8
:10772c0010b5fff7e9ff68b10446036b0bb1c38ecc
:10773c0033b9204602f02cf8236b0bb9002000e083
:08774c00e08e10bd0020fce7f7
:020000040000fa
:020000040002f8
:10775400036883b110b504461846fff70bf804f12b
:107764002400fdf78ffe04f11400fdf78bfe201dad
:08777400fdf788fe10bd70470f
:020000040000fa
:020000040002f8
:10777c00002808db064b1b68984206d2054b1b6899
:10778c0053f820007047002070470020704700bf5e
:08779c0050bf00204cbf00208b
:020000040000fa
:020000040002f8
:1077a40008b5826803699a420cd0b0f864300bb90a
:1077b400002008bd01221021ddf738fab0fa80f06c
:0877c4004009f6e70020f4e79c
:020000040000fa
:020000040002f8
:1077cc0008b5084b1b68002b02dd027e022a00d094
:1077dc0008bd013b034a1360002bf9d101f052fda7
:0877ec00f6e700bf74bf0020a6
:020000040000fa
:020000040002f8
:1077f400000100f1824202f52042136c23f00203df
:107804001364136c13f0020ffbd189b2014b1952ac
:087814000120704758bc002060
:020000040000fa
:020000040002f8
:10781c00074b00221a80074b58611b8803f030037a
:10782c001bb9044b4af203529a800120704700bfe7
:08783c0030c0002000400041b3
:020000040000fa
:020000040002f8
:10784400084a537943f080035371136913f0040f0a
:10785400fbd1044a537913f0e00ffbd1014b988a12
:08786400704700bf003800402e
:020000040000fa
:020000040002f8
:10786c0008b5084b1b683bb1fff790f9054b1a683c
:10787c000023fff71bfa08bd012001f055f9014b5d
:08788c001860f1e790bf002035
:020000040000fa
:020000040002f8
:1078940008b5084b1b6833b102f040fa054b1b686e
:1078a400b0fbf3f008bd012001f042f9014b186070
:0878b400f2e700bf90bf0020c5
:020000040000fa
:020000040002f8
:1078bc000000000001000000ffffffffffffffffc3
:1078cc00ffffffffffffffffffffffffffffffffbc
:0878dc00ffffffffffffffffac
:020000040000fa
:020000040002f8
:1078e4000500000001000000b00400003c0000009e
:1078f40002000000320000004b0000000100000004
:08790400030000000100000077
:020000040000fa
:020000040002f8
:10790c0020202025730a0d00253038783a200000fd
:10791c002025303278000000202020002020202557
:08792c00730000000a0d0000c9
:020000040000fa
:020000040002f8
:1079340010b586b004460091142201a96846fcf7ec
:10794400d9f801ab224603490020f8f7c9fe06b076
:0879540010bd00bf08a10200f4
:020000040000fa
:020000040002f8
:10795c0008b5fdf7fbfe30b1f8f7e2f8044900205a
:10796c00f8f7bafe08bd03490020f8f7b5fef9e7b1
:08797c0048020200a002020013
:020000040000fa
:020000040002f8
:1079840030b57ab101380a4410f8013f0d4633b1dd
:1079940011f8014b1cb1914201d0a342f4d02a78d2
:0879a400981a30bd1046fce703
:020000040000fa
:020000040002f8
:1079ac0013b50446fcf7b2fa18b14ff0ff3002b031
:1079bc0010bd636c01220df1070120469847012888
:0879cc00f3d19df80700f2e77a
:020000040000fa
:020000040002f8
:1079d40010b5044600f08efa00b910bda38e63847e
:1079e40004212046fef7f4fa0028f6d00723638327
:0679f4000023a383f1e76c
:020000040000fa
:020000040002f8
:1079fa0010b5044600f07bfa00b910bda38e2384ab
:107a0a0005212046fef7e1fa0028f6d00623638313
:067a1a000023a383f1e745
:020000040000fa
:020000040002f8
:107a200010b5044600f068fa00b910bda38ee384d7
:107a300006212046fef7cefa0028f6d00523638300
:067a40000023a383f1e71f
:020000040000fa
:020000040002f8
:107a460010b5044600f055fa00b910bda38ea38404
:107a56000a212046fef7bbfa0028f6d004236383ea
:067a66000023a383f1e7f9
:020000040000fa
:020000040002f8
:107a6c00002343620368c26862b110b4002214465a
:107a7c001c8081680b440132c1689142f8d85df8d2
:067a8c00044b7047704737
:020000040000fa
:020000040002f8
:107a920008b569b103460a46086840b10168116039
:107aa2005968814208bf5a609a68013a9a6008bdd3
:067ab20000f043fffbe7ba
:020000040000fa
:020000040002f8
:107ab80010b50446407b00b910bd02f0f5fa237bef
:107ac8001bb902f0f5fa0020f6e7013b237302f038
:067ad800effa0120f0e7c7
:020000040000fa
:020000040002f8
:107ade0008b5fff74cfe60b190f87600c31edbb21e
:107aee00022b04d9082814bf0020012000e0012039
:067afe0008bd0020fce7ba
:020000040000fa
:020000040002f8
:107b040008b5fff739fe50b190f87720012a01d06b
:107b1400002008bdc26c22b1fff742fef9e7002045
:067b2400f7e70020f5e781
:020000040000fa
:020000040002f8
:107b2a0038b5fff726fe60b1044600f084fd05462d
:107b3a0008b9284638bde36923622046fcf775fb7d
:067b4a00f7e70025f5e756
:020000040000fa
:020000040002f8
:107b500000b1704708b513460a460449f8f7c2fd5c
:107b6000034a1368002bfcd108bd00bf108202003d
:047b7000dcb600205f
:020000040000fa
:020000040002f8
:107b7400034648b18068064a904202d1d963002086
:107b840070476ff00a0070476ff00a00704700bf3b
:047b9400d4b7002042
:020000040000fa
:020000040002f8
:107b980068b110b504468168054a914206d1c368a8
:107ba800db690069984700232370638010bd704724
:047bb800d4b700201e
:020000040000fa
:020000040002f8
:107bbc0000b1704708b513460a460449f8f78cfd26
:107bcc00034a1368002bfcd108bd00bfb081020032
:047bdc00e45e002043
:020000040000fa
:020000040002f8
:107be0005f4452565f5048595f534d495472616e1d
:107bf0007366657257616974436f6d706c65746507
:047c0000000000bfc1
:020000040000fa
:020000040002f8
:107c040000b1704708b513460a460449f8f768fd01
:107c1400034a1368002bfcd108bd00bf287c020076
:047c24006cbe002012
:020000040000fa
:020000040002f8
:107c2800644d49494d204173736572743a20257338
:107c38002c20696e206c696e653a2025642c200d15
:047c48000a0000bf6f
:020000040000fa
:020000040002f8
:107c4c0008b5000180b2064b5b6803eb402000f0e6
:107c5c0017ff00bf01f0a6fd0028fbd108bd00bf37
:047c6c004cad0020fb
:020000040000fa
:020000040002f8
:107c700010b50c4628b102681ab1fdf79bf803460f
:107c800010b91cb1024b1b68184610bd0023fbe75e
:047c900090be002082
:020000040000fa
:020000040002f8
:107c9400af5102006198010075890200e14c0100b6
:107ca400799c0200df3202005f990200859c020089
:047cb400c99402006d
:020000040000fa
:020000040002f8
:107cb80000b1704708b513460a460449f8f70efda7
:107cc800034a1368002bfcd108bd00bf007d0200e9
:047cd800f8be0020d2
:020000040000fa
:020000040002f8
:107cdc0008b5074b1b6813b1027e022a00d008bd01
:107cec00013b034a1360002bf9d1f8f747fcf6e788
:047cfc00fcbe0020aa
:020000040000fa
:020000040002f8
:107d0000427269646765204173736572743a202515
:107d1000732c20696e206c696e653a2025642c20d6
:047d20000d0a000048
:020000040000fa
:020000040002f8
:107d240090f83c30012b01d000207047c06828b186
:107d3400036a03f00803002b18bf0020003018bfab
:047d44000120704763
:020000040000fa
:020000040002f8
:107d480010b50c46fff7dafc50b1826da24201d0a3
:107d5800002010bd00228265a0f860200120f8e70d
:047d68000020f6e71a
:020000040000fa
:020000040002f8
:107d6c0008b5064a1c213820f6f7d8ff034618b18f
:107d7c00034a82600022c260184608bd020001005e
:047d8c00118402005c
:020000040000fa
:020000040002f8
:107d900008b530b1054a92682ab1054900f0e8fa01
:107da00008bd0020fce70020fae700bf40b9002032
:047db00060b9002096
:020000040000fa
:020000040002f8
:107db40010b50c46fff7e0fc50b1c26fa24201d0ef
:107dc400002010bd0022c267a0f87a200120f8e745
:047dd4000020f6e7ae
:020000040000fa
:020000040002f8
:107dd80038b55d694db10548181a8410044800fb90
:107de80004f001309b6900b2a84738bd64af002099
:047df800398ee338a5
:020000040000fa
:020000040002f8
:107dfc00001502002193020008150200181502005c
:107e0c00e93702001c15020038150200313a010056
:047e1c00401502000b
:020000040000fa
:020000040002f8
:107e2000bff34f8f0549ca6802f4e062044b134365
:107e3000cb60bff34f8f00bffde700bf00ed00e058
:047e40000400fa053b
:020000040000fa
:020000040002f8
:107e440010b5074c94f83110b4f9080000f00efb9b
:107e540094f8303013b9012284f8382010bd00bfe3
:047e640058ba0020e8
:020000040000fa
:020000040002f8
:107e6800000000000008004200000100488f0200e6
:107e78000000000084400200c8a0020000000000ca
:047e880094c1002081
:020000040000fa
:020000040002f8
:107e8c000023044a1370044a1370044a1370044a02
:107e9c00137070473ec000203bc000203fc0002044
:047eac0040c00020b2
:020000040000fa
:020000040002f8
:107eb000054b1b783bb10023034a1370034a06218c
:107ec0001170034a1370704748c0002049c0002059
:047ed00045c0002089
:020000040000fa
:020000040002f8
:107ed4000b0d40f21e42d21a09dbcb0243ea50508a
:107ee40040f00040202a28bf2022d040704749009b
:047ef4008041704712
:020000040000fa
:020000040002f8
:107ef80010b50446f7f788ff002803db023818bfdf
:107f0800012010bd6ff008012046fff7dffa0020be
:027f1800f7e789
:020000040000fa
:020000040002f8
:107f1a0010b584b0089c0394079c029401939df8c1
:107f2a001830009313460a460321eff708fd04b000
:027f3a0010bd78
:020000040000fa
:020000040002f8
:107f3c0038b50d461c46059801f062fd20b125b1ff
:107f4c00c4f3c03480f8074138bd002280f8072103
:027f5c00fae742
:020000040000fa
:020000040002f8
:107f5e0010b50446084601f052fd48b1426e013a92
:107f6e004266026e013202662146b430fdf735fddf
:027f7e0010bd34
:020000040000fa
:020000040002f8
:107f800010b50121fbf7d0fc50b10446eef7d2fe4c
:107f9000646802f08df823780133237002f08cf8c6
:027fa00010bd12
:020000040000fa
:020000040002f8
:107fa20068b190f8422012f0400f01d100207047d2
:107fb2000a68c2638a88a0f8402001207047002026
:027fc200704706
:020000040000fa
:020000040002f8
:107fc400034668b190f8420010f0400f01d1002040
:107fd4007047986d18b9da659965084670470020ae
:027fe4007047e4
:020000040000fa
:020000040002f8
:107fe60000b583b08df8071000b2b0f1ff3f02d1a3
:107ff60003b05df804fb01220df10701f5f70dfe54
:02800600f6e79b
:020000040000fa
:020000040002f8
:1080080038b500f14c040925204600f093fc0346de
:1080180030b12a466ff010011846fef721fcf3e74d
:0280280038bd61
:020000040000fa
:020000040002f8
:10802a0010b5fff76afb50b10346026b2ab1c48e42
:10803a00184601f0aefb204610bd0024f8e70024e4
:02804a00f9e754
:020000040000fa
:020000040002f8
:10804c0010f0004160b148bf40420a0d02f21d42df
:10805c00b0fa80f3d21a9840c30a400503eb0251e0
:02806c0070475b
:020000040000fa
:020000040002f8
:1080700048b18168054a914202d190f91e007047cb
:108080006ff00a0070476ff00a007047d4b7002005
:020000040000fa
:020000040002f8
:1080900048b18168054a914202d190f902007047c7
:1080a0004ff0ff3070474ff0ff307047d4b70020db
:020000040000fa
:020000040002f8
:1080b000064b834208d102229a804a68da60ca6875
:1080c0005a61002283f82420704700bfd4b70020f3
:020000040000fa
:020000040002f8
:1080d00008b5438b022b04d8044a52f82330984742
:1080e00008bd6ff00801fff7f5f9f9e70c9c0200f5
:020000040000fa
:020000040002f8
:1080f00008b5438b022b04d8044a52f82330984722
:1081000008bd6ff00801fff7e5f9f9e7009c0200f0
:020000040000fa
:020000040002f8
:1081100008b5438b072b04d8044a52f823309847fc
:1081200008bd6ff00801fff7d5f9f9e7f08102000b
:020000040000fa
:020000040002f8
:1081300008b5438b052b04d8044a52f823309847de
:1081400008bd6ff00801fff7c5f9f9e720900200bc
:020000040000fa
:020000040002f8
:1081500008b5438b022b04d8044a52f823309847c1
:1081600008bd6ff00801fff7b5f9f9e7f49b0200cd
:020000040000fa
:020000040002f8
:1081700008b5438b042b04d8044a52f8233098479f
:1081800008bd6ff00801fff7a5f9f9e7d0950200e7
:020000040000fa
:020000040002f8
:1081900008b5838b0a2b04d8044a52f82330984739
:1081a00008bd6ff00801fff795f9f9e70c6f0200c1
:020000040000fa
:020000040002f8
:1081b000504859204173736572743a2025732c20fe
:1081c000696e206c696e653a2025642c200d0a00ca
:020000040000fa
:020000040002f8
:1081d0004452565f504859206f7065726174696fe0
:1081e0006e206572726f723a2025640d0a0000bf1e
:020000040000fa
:020000040002f8
:1081f000918f0200c5f70100f5500200477a020096
:10820000217a0200fb790200d5790200a5830100e2
:020000040000fa
:020000040002f8
:1082100050485920436f6e643a2025732c20696eb4
:10822000206c696e653a2025642c200d0a0000bf81
:020000040000fa
:020000040002f8
:10823000064b834209d140b19b7d13f0010f04d05e
:10824000024b9a7d6ff341029a7570474cc0002033
:020000040000fa
:020000040002f8
:1082500008b5064b834204d118b19b7d13f0010f82
:1082600000d108bd0148e7f7e1fffae74cc0002064
:020000040000fa
:020000040002f8
:1082700010b584b0079c0394069c029400240194da
:10828000009313460a460121eff75efb04b010bdd0
:020000040000fa
:020000040002f8
:1082900008b5064b5b6803eb4020fff7bffa00bf51
:1082a00001f086fa0028fbd108bd00bf4cad0020cc
:020000040000fa
:020000040002f8
:1082b00050b190f8422012f0400f01d100207047d9
:1082c000024a1060012070470020704790be0020d5
:020000040000fa
:020000040002f8
:1082d000054b1b88984205d2044b1b68742202fb95
:1082e0000030704700207047f4bc002094be00208e
:020000040000fa
:020000040002f8
:1082f00028b190f8422012f0400f01d100207047c1
:1083000090f86a2002f00102002a08bf002070479e
:020000040000fa
:020000040002f8
:108310000608020000000100000803000000000041
:10832000ffff040000000000ffff05000000000048
:020000040000fa
:020000040002f8
:10833000252e32783a252e32783a252e32783a2573
:108340002e32783a252e32783a252e32780000bf28
:020000040000fa
:020000040002f8
:108350000000000000000000010000004c97020037
:10836000020000005497020003000000589702002a
:020000040000fa
:020000040002f8
:1083700038b50446084615462146fcf73bfd28b1b2
:10838000eb68214628469847012038bd0020fce7cd
:020000040000fa
:020000040002f8
:108390005061636b65742041636b3a206f72706843
:1083a000616e207061636b657421200d0a0000bf4f
:020000040000fa
:020000040002f8
:1083b00054435049505f4d41435f42726964676561
:1083c0005f50726f636573735061636b6574000017
:020000040000fa
:020000040002f8
:1083d00038b505b2b5f1ff3f00d138bd0c460846af
:1083e00000f0feff82b221462846f5f719fcf4e7bb
:020000040000fa
:020000040002f8
:1083f0000288130a43ea022303804288130a43eaed
:1084000002234380c288130a43ea0223c3807047d1
:020000040000fa
:020000040002f8
:1084100008b5064b5b6c834202d0fdf753f808bdec
:10842000036a23f008030362f9e700bf40b90020a4
:020000040000fa
:020000040002f8
:108430008269c3699a420ad210b5044603681b6870
:10844000096840689847a3690133a36110bd70476c
:020000040000fa
:020000040002f8
:1084500000b583b001220df10701044b5888fdf7e8
:10846000abff9df8070003b05df804fb7cbf002064
:020000040000fa
:020000040002f8
:1084700051b1002808db420900f01f00012303fa74
:1084800000f0024b43f82200704700bf00e100e01b
:020000040000fa
:020000040002f8
:10849000e02b0200882b0200302b0200d82a0200b9
:1084a00000000000000000000000000000000000cc
:020000040000fa
:020000040002f8
:1084b0002c01010011000800000610000204000059
:1084c00002000000b8c10020000000000000000011
:020000040000fa
:020000040002f8
:1084d000e62b8a8ee8f141b6980566e3bfe3c04912
:1084e00003dad4ac2cdf9f2280010a6739bc83d326
:020000040000fa
:020000040002f8
:1084f000253032583a253032583a253032583a250c
:108500003032583a253032583a253032580000bfc0
:020000040000fa
:020000040002f8
:1085100008b5044b1b68044a126804490020f8f7a8
:10852000e1f808bde0bf0020e4bf0020b0930200e6
:020000040000fa
:020000040002f8
:1085300010b5054c22680ab9fef7d6fb034b186844
:108540002368c01a10bd00bfd0bd0020d4bd0020dc
:020000040000fa
:020000040002f8
:1085500010b50446837d03f0ef036ff34513837575
:0e856000fff784f9a063002384f8463010bdb5
:020000040000fa
:020000040002f8
:10856e0038b504460d4601f050fb00b938bd204623
:0e857e0001f010fc29462046ebf7fdfaf6e767
:020000040000fa
:020000040002f8
:10858c00d0f8a4301a6842f008021a601a6842f057
:0e859c0004021a601a6842f080021a607047ea
:020000040000fa
:020000040002f8
:1085aa0058b190f8422012f0400f01d100207047d4
:0e85ba008268406860ea020070470020704747
:020000040000fa
:020000040002f8
:1085c80008b5034638b190f8422002f04002002a6c
:0e85d80014bf03460023184600f0eafd08bd5c
:020000040000fa
:020000040002f8
:1085e60058b190f8422012f0400f01d10020704798
:0e85f60090f86a0000f0010070470020704706
:020000040000fa
:020000040002f8
:1086040038b50446002343600360836001f04efde7
:0e8614000125257301f04efd6573284638bd23
:020000040000fa
:020000040002f8
:1086220048b103694bb100209a8910441b68002ba2
:0e863200fad180b270470020fbe70020f9e784
:020000040000fa
:020000040002f8
:10864000c269016a8a4207d283695b1a4069101abb
:0e8650001844013080b27047501a80b2704753
:020000040000fa
:020000040002f8
:10865e0008b5d0f8d4303bb11968d0f8cc308b4285
:0e866e0001d0f5f7b6fd08bdd0f8cc10f9e745
:020000040000fa
:020000040002f8
:10867c00034650b1827bc07b000440ea02605a7c06
:0e868c0010431b7c40ea03207047002070471b
:020000040000fa
:020000040002f8
:10869a0010b50023934206d113f0030018bf01203e
:0e86aa0000eb930010bdc45ccc540133f2e72a
:020000040000fa
:020000040002f8
:1086b80010b504464ff400420021fdf7a2fc00b9b2
:0c86c80010bd012363830023a383f9e7a6
:020000040000fa
:020000040002f8
:1086d40073f20000718102005181020031810200b5
:0c86e40011810200f1800200d180020030
:020000040000fa
:020000040002f8
:1086f0005f4452565f5048595f534d495472616e02
:0c8700007366657253746172740000bff0
:020000040000fa
:020000040002f8
:10870c00054b834204d128b1b3f84e0080b27047b8
:0c871c0000207047002070474cc0002077
:020000040000fa
:020000040002f8
:108728004452562050485920696e69742066616920
:0c8738006c65643a2025640d0a0000bf47
:020000040000fa
:020000040002f8
:108744000346006848b15a68824206bf00225a6054
:0c87540002681a609a68013a9a60704747
:020000040000fa
:020000040002f8
:1087600011f0010f09d042b108b5d0f89830117856
:0c877000b3f91200fff77cfe08bd704753
:020000040000fa
:020000040002f8
:10877c0001eb01118900d0f88c300b440022da8710
:0c878c00d0f88c301944a1f84020704750
:020000040000fa
:020000040002f8
:1087980008b541f28713c15419b141f28813c35c7b
:0c87a80003b108bd0121def7b7f9fae7c4
:020000040000fa
:020000040002f8
:1087b40010b584b0069c03940293002301930092a5
:0c87c4000a460221eff7bef804b010bd19
:020000040000fa
:020000040002f8
:1087d00053657474696e67206661696c65642c20ea
:0c87e000616464723d307825580d0a0079
:020000040000fa
:020000040002f8
:1087ec000346006848b15a68824206bf00225a60ac
:0c87fc0002681a609a68013a9a6070479f
:020000040000fa
:020000040002f8
:10880800496e73756666696369656e74205175652e
:0c8818007565204465707468000000bfa6
:020000040000fa
:020000040002f8
:1088240010b5446834b113460a460349411ac1f3ea
:0c8834000f11a04710bd00bf98a8002045
:020000040000fa
:020000040002f8
:10884000044b834206bf044b93f900004ff0ff3006
:0c885000704700bff4bc0020d7bc002023
:020000040000fa
:020000040002f8
:10885c0050b190f8422012f0400f01d10020704727
:0c886c000a68c2600120704700207047bd
:020000040000fa
:020000040002f8
:10887800034638b190f8422012f0400f0ebf002393
:0c8888000a680261181c18bf012070472c
:020000040000fa
:020000040002f8
:1088940050b190f8422012f0400f01d100207047ef
:0c88a4000a684261012070470020704704
:020000040000fa
:020000040002f8
:1088b000034638b190f8422002f04002002a14bf6b
:0c88c00003460023181c18bf012070475d
:020000040000fa
:020000040002f8
:1088cc0008b548b190f8422012f0400f01d10020b9
:0c88dc0008bd00f077fcfbe70020f9e786
:020000040000fa
:020000040002f8
:1088e80008b548b190f8422012f0400f01d100209d
:0c88f80008bdfff774fefbe70020f9e765
:020000040000fa
:020000040002f8
:1089040008b5044b834204d1034b1b680bb1f3f746
:0c8914008bff08bdf4bc002094be0020c6
:020000040000fa
:020000040002f8
:10892000756e6b0065746800776c616e0000000006
:0c8930007070700067336164700000bf5d
:020000040000fa
:020000040002f8
:10893c000346006848b15a68824206bf00225a605a
:0c894c0002681a609a68013a9a6070474d
:020000040000fa
:020000040002f8
:1089580038b5447b0cb9204638bd054601f0a4fb68
:0c8968002b7b01332b7301f0a3fbf4e721
:020000040000fa
:020000040002f8
:1089740038b502fb01f52946f0f770ff044618b13b
:0c8984002a46002100f094ff204638bd78
:020000040000fa
:020000040002f8
:10899000054b1b68984203d120b190f91b0070472a
:0c89a000002070470020704704bf00203a
:020000040000fa
:020000040002f8
:1089ac00054b1b68984203d120b10368d868704707
:0c89bc00002070470020704704bf00201e
:020000040000fa
:020000040002f8
:1089c8005f4d41435f4272696467655f53746f72bc
:0c89d80065506b74467764446370740053
:020000040000fa
:020000040002f8
:1089e4005f4d41435f4272696467655f47657450d8
:0c89f4006b74467764446370740000bf2d
:020000040000fa
:020000040002f8
:108a00005f4d41435f4272696467655f53657448b7
:0c8a10006f7374456e747269657300002a
:020000040000fa
:020000040002f8
:108a1c005f4d41435f4272696467654861736845a5
:0c8a2c006e74727944656c65746500001e
:020000040000fa
:020000040002f8
:108a380050b190f8422012f0400f01d10020704749
:0c8a4800b0f8660014387047002070473a
:020000040000fa
:020000040002f8
:108a5400044b1b6823b9044b1960024b1860704720
:0c8a64000020704724bf002020bf00202d
:020000040000fa
:020000040002f8
:108a70003a20697065726620636f6d6d616e647314
:0c8a80000000000069706572660000bf15
:020000040000fa
:020000040002f8
:108a8c00044b00221a80044b58614af201529a801e
:0c8a9c000120704730c000200040004165
:020000040000fa
:020000040002f8
:108aa80008b5836900f12002934206d90268013ba8
:0c8ab8008361136809684068984708bd96
:020000040000fa
:020000040002f8
:108ac40010b50c46084600f089fc02462146024bcc
:0c8ad4005888fdf7a3fc10bd7cbf0020fb
:020000040000fa
:020000040002f8
:108ae0000d0a202a2a2a2053797374656d20526555
:0c8af000626f6f74202a2a2a0d0a000011
:020000040000fa
:020000040002f8
:108afc004a68044b1a60044b0a895a8002221a7085
:0c8b0c000020704788bf00208cbf0020b4
:020000040000fa
:020000040002f8
:108b180070b505460c46164601f0d4f820f44061bd
:0c8b2800344321432846fef761fe70bd77
:020000040000fa
:020000040002f8
:108b340008b5054bd9684ff47a720023a1fb0001f4
:0c8b4400fef7b8f808bd00bf58ba0020ca
:020000040000fa
:020000040002f8
:108b500010b582b09df8104004b922b10094f3f72b
:0c8b6000b3fa02b010bd4ff0ff30fae78e
:020000040000fa
:020000040002f8
:108b6c0008b5044b1a60012302460348faf7e0faf1
:0c8b7c0008bd00bf94bf0020cd9a02008d
:020000040000fa
:020000040002f8
:108b880000004f4e52000000c0e1e4000200000661
:0c8b9800400708008001010100000000ff
:020000040000fa
:020000040002f8
:108ba400f19c0200d9920200f192020099a0020005
:0c8bb400019802001598020045780200ac
:020000040000fa
:020000040002f8
:108bc00008b5034b034a08210348f5f79df908bd92
:0c8bd00098930200a8930200d81f020036
:020000040000fa
:020000040002f8
:108bdc005b4c4f475d2072696e67206275666665f7
:0c8bec007220636c65617265640d0a0004
:020000040000fa
:020000040002f8
:108bf800034a1170034a1360034b01221a7070472d
:0c8c08003cc00020ccbf00203ac000207f
:020000040000fa
:020000040002f8
:108c1400034a1170034a1360034b01221a70704710
:0c8c24003cc00020d0bf00203ac000205f
:020000040000fa
:020000040002f8
:108c3000034a1170034a1360034b01221a707047f4
:0c8c400047c00020fcbf002046c0002000
:020000040000fa
:020000040002f8
:108c4c00a0f1320242f2de639a429dbf024b1860e1
:0c8c5c0001200020704700bfb0c10020c4
:020000040000fa
:020000040002f8
:108c680030b501390024a24206d0035d01340d5d00
:0c8c7800ab42f8d0581b00e0002030bddb
:020000040000fa
:020000040002f8
:108c84005ab110b40a44431e11f8014b03f8014fc2
:0c8c94009142f9d15df8044b7047704725
:020000040000fa
:020000040002f8
:108ca00010b5c9b20244824201d1002304e0013a66
:0c8cb000134614788c42f6d1184610bd13
:020000040000fa
:020000040002f8
:108cbc0050b140f21d42b0fa80f1521a8840c30afa
:0c8ccc00400503eb0251704701007047a7
:020000040000fa
:020000040002f8
:108cd800a0f13003092b07d940f02000613805289e
:0c8ce8008cbf0020012070470120704765
:020000040000fa
:020000040002f8
:108cf40013b50446019201aae2f7a8fd636813f0d4
:0c8d0400100f18bf4ff0ff3002b010bd80
:020000040000fa
:020000040002f8
:108d100013b50446019201aadef7aeff636813f0b3
:0c8d2000100f18bf4ff0ff3002b010bd64
:020000040000fa
:020000040002f8
:108d2c0008b5f7f76ff8002804db022814bf002001
:0a8d3c00012008bd6ff00800fbe7fe
:020000040000fa
:020000040002f8
:108d460000230b6043682bb11960416083680133cf
:0a8d56008360704741600160f8e798
:020000040000fa
:020000040002f8
:108d6000d0f8a43021b11a6842f008021a607047a6
:0a8d70001a6822f008021a6070472a
:020000040000fa
:020000040002f8
:108d7a0000230b6043682bb119604160836801339b
:0a8d8a008360704741600160f8e764
:020000040000fa
:020000040002f8
:108d940010b584b002240294079c01949df81840f5
:0a8da4000094eff7aff804b010bd23
:020000040000fa
:020000040002f8
:108dae0010b584b005240294079c01949df81840d8
:0a8dbe000094eff7a2f804b010bd16
:020000040000fa
:020000040002f8
:108dc800034640b190f8420010f0400000d17047cf
:0a8dd80093f86b0070470020f9e7e4
:020000040000fa
:020000040002f8
:108de20008b5fff784fa30b190f8430080f0100024
:0a8df200c0f3001008bd0020fce7ec
:020000040000fa
:020000040002f8
:108dfc0000230b6043682bb1196041608368013319
:0a8e0c008360704741600160f8e7e1
:020000040000fa
:020000040002f8
:108e160038b505460c462046fff78dfd014618b1cc
:0a8e26002846fff7e8fff6e738bd25
:020000040000fa
:020000040002f8
:108e300038b505460c462846fcf708fb014618b134
:0a8e4000e36820469847f6e738bdc6
:020000040000fa
:020000040002f8
:108e4a00022807d008b513460a4601210846e3f767
:0a8e5a0074f908bd4ff0ff307047b7
:020000040000fa
:020000040002f8
:108e640008b5fef789fc08b9002008bd0121f3f715
:0a8e740032fcc043c0f3c010f7e762
:020000040000fa
:020000040002f8
:108e7e0008b5fef77cfc20b1c26c22b1fdf765fd92
:0a8e8e0008bd0020fce70020fae711
:020000040000fa
:020000040002f8
:108e980000b583b06ff00103009300231a4619460a
:0a8ea800e9f794f903b05df804fb4c
:020000040000fa
:020000040002f8
:108eb2000eb403b503aa52f8041b0192fdf7e3feb8
:0a8ec20002b05df804eb03b0704746
:020000040000fa
:020000040002f8
:108ecc000cb407b504ab53f8042b0193f9f76ef906
:0a8edc0003b05df804eb02b070472c
:020000040000fa
:020000040002f8
:108ee6000eb403b503aa52f8041b019200f04bff1f
:0a8ef60002b05df804eb03b0704712
:020000040000fa
:020000040002f8
:108f000008b518b129b1eef723fb08bd6ff0ac002e
:088f1000fbe76ff0ac00f8e78d
:020000040000fa
:020000040002f8
:108f180008b518b129b1f2f74ffd08bd6ff0ac00e4
:088f2800fbe76ff0ac00f8e775
:020000040000fa
:020000040002f8
:108f300008b518b129b1ecf771ff08bd6ff0ac00ae
:088f4000fbe76ff0ac00f8e75d
:020000040000fa
:020000040002f8
:108f480069ad010075930100e99f0200000000006f
:088f5800000000000000000011
:020000040000fa
:020000040002f8
:108f6000044b834212bf4ff0ff30024b93f90400d1
:088f7000704700bfd4b70020d8
:020000040000fa
:020000040002f8
:108f780010b504460121fdf729f800b910bd0123f9
:088f880063830023a383f9e7d2
:020000040000fa
:020000040002f8
:108f900010b504460121fdf71df800b910bd0123ed
:088fa00063830023a383f9e7ba
:020000040000fa
:020000040002f8
:108fa80010b504460021fdf711f800b910bd0123e2
:088fb80063830023a383f9e7a2
:020000040000fa
:020000040002f8
:108fc00010b504460121fdf705f800b910bd0123d5
:088fd00063830023a383f9e78a
:020000040000fa
:020000040002f8
:108fd80010b504460121fcf7f9ff00b910bd0423c0
:088fe80063830923a383f9e769
:020000040000fa
:020000040002f8
:108ff00010b504460921fcf7edff00b910bd0423ac
:0890000063830723a383f9e752
:020000040000fa
:020000040002f8
:1090080010b50446fef774ff00b910bda28e618c3e
:089018002046fdf734fbf8e7e8
:020000040000fa
:020000040002f8
:10902000a98f020041600200a10402000990020021
:0890300045f10100215302008b
:020000040000fa
:020000040002f8
:109038004452565f4554485048595f496e697469af
:08904800616c697a650000bf4c
:020000040000fa
:020000040002f8
:10905000d0f8a4301a6822f008021a601a6822f0c8
:0890600004021a605b6a70470c
:020000040000fa
:020000040002f8
:1090680031b102682ab10a60016083680133836004
:08907800704741600160f8e758
:020000040000fa
:020000040002f8
:1090800008b519b10121fff787fb08bd0148f5f7c5
:08909000edfbfae798900200e5
:020000040000fa
:020000040002f8
:1090980046696e616c2073657474696e67206661d9
:0890a800696c65640d0a00000b
:020000040000fa
:020000040002f8
:1090b00010b584b001240294069c0194009300230f
:0890c000eef722ff04b010bd21
:020000040000fa
:020000040002f8
:1090c80010b584b003240294069c019400930023f5
:0890d800eef716ff04b010bd15
:020000040000fa
:020000040002f8
:1090e00010b584b004240294069c019400930023dc
:0890f000eef70aff04b010bd09
:020000040000fa
:020000040002f8
:1090f8005f4452565f4d49494d5f4f704c697374d8
:0891080052656d6f76650000f1
:020000040000fa
:020000040002f8
:109110004d49494d5f50726f636573735f5265616e
:0891200064457874000000bff3
:020000040000fa
:020000040002f8
:109128004d49494d5f50726f636573735f5772693c
:0891380074654578740000bf66
:020000040000fa
:020000040002f8
:109140005f4452565f4d49494d5f52656c6561738e
:08915000654f70446370740068
:020000040000fa
:020000040002f8
:109158000b7813f0010f06d00b786ff300030b7038
:08916800436a013b43627047ba
:020000040000fa
:020000040002f8
:1091700040b190f8422012f0400f01d1002070471a
:08918000c06870470020704731
:020000040000fa
:020000040002f8
:1091880040b190f8422012f0400f01d10020704702
:089198000069704700207047d8
:020000040000fa
:020000040002f8
:1091a00040b190f8422012f0400f01d100207047ea
:0891b000406970470020704780
:020000040000fa
:020000040002f8
:1091b80040b190f8422012f0400f01d100207047d2
:0891c800406870470020704769
:020000040000fa
:020000040002f8
:1091d00040b190f8422012f0400f01d100207047ba
:0891e000806870470020704711
:020000040000fa
:020000040002f8
:1091e80008b500eb4000034b03eb8000fff7a2fb40
:0891f80008bd00bfbcb500205a
:020000040000fa
:020000040002f8
:109200006d69696d206f70656e3a206661696c6585
:0892100064210d0a000000bffb
:020000040000fa
:020000040002f8
:1092180010b5044608460621fdf7f2fae368b0fbec
:08922800f3f202fb130010bd7c
:020000040000fa
:020000040002f8
:109230005f4d41435f4272696467655f476574468d
:089240007764506b740000bf5d
:020000040000fa
:020000040002f8
:109248005f4d41435f4272696467655f4765744675
:089258007764446370740000a8
:020000040000fa
:020000040002f8
:109260005f4d41435f4272696467655f5061636b44
:089270006574436f7079000082
:020000040000fa
:020000040002f8
:1092780010b5044608460421fdf7c2fae368b0fbbe
:08928800f3f202fb130010bd1c
:020000040000fa
:020000040002f8
:1092900008b5044b186820b100f065fc014b0022b2
:0892a0001a6008bd78bf002030
:020000040000fa
:020000040002f8
:1092a800044a9368d06883423ebf024a12699b18f9
:0892b800181a704714ba0020d7
:020000040000fa
:020000040002f8
:1092c000044bd86a9b6a984282bf024a126b9b1871
:0892d000181a704714ba0020bf
:020000040000fa
:020000040002f8
:1092d800044a136843f002031360136913f0020f82
:0892e800fbd170470038004083
:020000040000fa
:020000040002f8
:1092f000044a136823f002031360136913f0020f8a
:08930000fbd17047003800406a
:020000040000fa
:020000040002f8
:1093080008b5d0f8d43033b15968d0f8d0308b4292
:0893180001d0f4f761ff08bd6c
:020000040000fa
:020000040002f8
:1093200008b503681b68034940689847fef778fd55
:0893300008bd00bfe08a020045
:020000040000fa
:020000040002f8
:1093380038b504460d4600f0c5fc20f440712943b9
:089348002046fef753fa38bd80
:020000040000fa
:020000040002f8
:10935000044b1b69834232bfc01ac3f58033c01867
:08936000704700bf58ba00205d
:020000040000fa
:020000040002f8
:10936800000000002e0000002f0000003000000068
:089378001f00000020000000ae
:020000040000fa
:020000040002f8
:10938000b5ee0100c1920200d9970200c59101001b
:0893900091a00200ed9702001c
:020000040000fa
:020000040002f8
:109398003a205465737420436f6d6d616e64730079
:0893a80054657374000000bf5e
:020000040000fa
:020000040002f8
:1093b0005b4e6f49505d2054583d25752020525812
:0893c0003d25750d0a0000bff8
:020000040000fa
:020000040002f8
:1093c80044f60100dd27010050f601009cf601007b
:0893d80011850200a8f6010056
:020000040000fa
:020000040002f8
:1093e00003783bb1034600bf13f8012f002afbd1dd
:0893f000181a70471846704777
:020000040000fa
:020000040002f8
:1093f80038b504460d46fff7efff2946421c2046c4
:08940800bde83840fff748bc45
:020000040000fa
:020000040002f8
:10941000044a136823b9106003610160012070479a
:08942000002070470cc0002081
:020000040000fa
:020000040002f8
:10942800034b04481a68504301301860400c7047d9
:0894380014c000202d7f954cab
:020000040000fa
:020000040002f8
:10944000d0e90f2310b59c1a0165446511b18c4217
:08945000c8bf5318c36410bd2e
:020000040000fa
:020000040002f8
:1094580010b4c46a1cb123465df8044b1847006871
:089468005df8044b00f07bbe2f
:020000040000fa
:020000040002f8
:1094700008b50021faf758fa10b190f90c0008bdb0
:069480004ff0ff30fbe796
:020000040000fa
:020000040002f8
:1094860038b1b0f8423013f0070f0cbf01200020ae
:0694960070470020704742
:020000040000fa
:020000040002f8
:10949c0008b50021fcf7a0fb18b1807800f00100a2
:0694ac0008bd0020fce7f2
:020000040000fa
:020000040002f8
:1094b20008b50021fcf795fb18b14088c0f34000c5
:0694c20008bd0020fce7dc
:020000040000fa
:020000040002f8
:1094c800034628b190f93800002283f83820704705
:0694d8006ff00800704770
:020000040000fa
:020000040002f8
:1094de00b2f5007f00d0704708b5012211461a2060
:0694ee00faf7b3f808bd17
:020000040000fa
:020000040002f8
:1094f40008b5fef741f920b190f83f00c0f38000b1
:0695040008bd0020fce799
:020000040000fa
:020000040002f8
:10950a00b2f5807f00d0704708b5012211462120ac
:06951a00faf79df808bd00
:020000040000fa
:020000040002f8
:10952000b2f5007f00d0704708b501221146212016
:06953000faf792f808bdf5
:020000040000fa
:020000040002f8
:1095360008b528b16ff001020021fcf7cef808bd8e
:069546006ff0ac00fbe732
:020000040000fa
:020000040002f8
:10954c0008b50020fef7befe034610b100f076fd14
:06955c000346184608bd9d
:020000040000fa
:020000040002f8
:1095620010b50023c25ccc5ca24202d10133002ab6
:06957200f8d1101b10bd32
:020000040000fa
:020000040002f8
:109578000068002808b501da002008bdfaf70efcdb
:06958800431cfad1f8e7d4
:020000040000fa
:020000040002f8
:10958e0037b54ff0ff344ff0ff35cde90045f9f711
:06959e001aff03b030bd0e
:020000040000fa
:020000040002f8
:1095a40068076c094c836a9074a07ac0008068884c
:0695b40000846c820081be
:020000040000fa
:020000040002f8
:1095bc00034b834203d100229a801a705a61704780
:0495cc00d4b70020f0
:020000040000fa
:020000040002f8
:1095d000af25020091d801002512020049b3010015
:0495e0009181020073
:020000040000fa
:020000040002f8
:1095e400857302004d45020019220200ed4a020073
:0495f40025ae01009f
:020000040000fa
:020000040002f8
:1095f800034b186880f0010040f30000c0b27047c8
:0496080054ba002030
:020000040000fa
:020000040002f8
:10960c00d0f8a420536823f0105323f4fc731943af
:04961c0051607047e2
:020000040000fa
:020000040002f8
:1096200001b1704708b511460148f5f71ff908bdab
:04963000d0870200dd
:020000040000fa
:020000040002f8
:109634005b736b697070656420256c755d0d0a0041
:04964400257300008a
:020000040000fa
:020000040002f8
:109648005f4452565f4d49494d5f50726f63657371
:04965800734f7000dc
:020000040000fa
:020000040002f8
:10965c004d49494d5f50726f636573735f5265611d
:04966c00640000bfd7
:020000040000fa
:020000040002f8
:109670004d49494d5f50726f636573735f577269ef
:04968000746500000d
:020000040000fa
:020000040002f8
:109684004d49494d5f50726f636573735f536361f6
:049694006e0000bfa5
:020000040000fa
:020000040002f8
:109698005f4452565f4d49494d5f5265706f727411
:0496a8004f700000ff
:020000040000fa
:020000040002f8
:1096ac005f4452565f4d49494d5f4f70526573751b
:0496bc006c740000ca
:020000040000fa
:020000040002f8
:1096c0005f4452565f4d49494d5f4765744f704442
:0496d000637074004f
:020000040000fa
:020000040002f8
:1096d400c5170200391d02009d2e020085c7010036
:0496e40029d901007f
:020000040000fa
:020000040002f8
:1096e80008b518b10278012a01d0002008bdeff7ab
:0496f8003dfbfbe754
:020000040000fa
:020000040002f8
:1096fc0028b190f8422012f0400f01d100207047a1
:04970c003c30704736
:020000040000fa
:020000040002f8
:10971000034b1b7b834206bf014b986800207047b8
:04972000f4bc002075
:020000040000fa
:020000040002f8
:10972400208902002489020028890200308902006d
:049734003489020072
:020000040000fa
:020000040002f8
:109738005f5443504950537461636b5061636b6568
:0497480074547800dd
:020000040000fa
:020000040002f8
:10974c0066756c6c000000006c6f7700646f776e50
:04975c00000000bf4a
:020000040000fa
:020000040002f8
:10976000089600001c960000c495000010960000aa
:04977000249600003b
:020000040000fa
:020000040002f8
:1097740000b2b0f1ff3f01d10020704708b5f2f705
:04978400fdfd08bd22
:020000040000fa
:020000040002f8
:10978800d183020057740200e77f02007597020038
:0497980035fa01009d
:020000040000fa
:020000040002f8
:10979c0010b504464c30fff7cbf801462046fbf7da
:0497ac00e1f910bd12
:020000040000fa
:020000040002f8
:1097b000034b588a80f0010000f00100704700bfa1
:0497c0000040004124
:020000040000fa
:020000040002f8
:1097c400034b187e80f00200c0f34000704700bfd6
:0497d4000030004021
:020000040000fa
:020000040002f8
:1097d80010b5034b1c6bfff76ffd013c201a10bd41
:0497e80014ba00208f
:020000040000fa
:020000040002f8
:1097ec0010b5034b1c69fff759fd013c201a10bd45
:0497fc0014ba00207b
:020000040000fa
:020000040002f8
:10980000034b98831a46136913f0400ffbd170473e
:0498100000380040dc
:020000040000fa
:020000040002f8
:10981400034bd8831a46136913f0800ffbd17047aa
:0498240000380040c8
:020000040000fa
:020000040002f8
:10982800c58a020045f30100b9690200ad9a020039
:049838005184020055
:020000040000fa
:020000040002f8
:10983c0028b9034b01225a71096819601a717047d3
:04984c00f8bd002043
:020000040000fa
:020000040002f8
:1098500008b5002202491046fdf7d1fa08bd00bf45
:049860006da10200f4
:020000040000fa
:020000040002f8
:10986400034b1b6813b1013b014a1360704700bfef
:04987400b4bf00205d
:020000040000fa
:020000040002f8
:10987800024b1970024b01221a7070473cc000203d
:049888003ac00020c2
:020000040000fa
:020000040002f8
:10988c0008b5034b1b7803b908bdf8f7cffbfbe712
:04989c0041c00020a7
:020000040000fa
:020000040002f8
:1098a000b99902009b860200b9a10200b9a1020089
:0498b000b9a1020058
:020000040000fa
:020000040002f8
:1098b40032b1c9b20244034603f8011b9342fbd1ff
:0498c400704700bf2a
:020000040000fa
:020000040002f8
:1098c80010b50c46f8f714fc0378e4b2a34218bfad
:0498d800002010bd9f
:020000040000fa
:020000040002f8
:1098dc00034600bf11f8012b184603f8012b002a90
:0498ec00f8d17047f8
:020000040000fa
:020000040002f8
:1098f00037b54ff0ff340025cde90045f9f76afd93
:0499000003b030bdc3
:020000040000fa
:020000040002f8
:1099040008b518b1fff715fe002008bd6ff0ac00d4
:02991400fbe76f
:020000040000fa
:020000040002f8
:10991600d0f8b42000231370d0f8bc2013700120b7
:02992600704788
:020000040000fa
:020000040002f8
:1099280008b5084600f06ef810b1012280f804214d
:0299380008bd68
:020000040000fa
:020000040002f8
:10993a00036a2bb11a6a026200225a751a621a70f5
:02994a00704764
:020000040000fa
:020000040002f8
:10994c00c3688b4283bf8368006803fb010000205f
:02995c00704752
:020000040000fa
:020000040002f8
:10995e00034620b1c06a1b6bc01a0001704700207d
:02996e00704740
:020000040000fa
:020000040002f8
:1099700008b5134601f10c0006221946fff774f9e9
:0299800008bd20
:020000040000fa
:020000040002f8
:1099820008b5fdf7fafe10b1fef759fe08bd00203a
:02999200fce7f0
:020000040000fa
:020000040002f8
:10999400eff3108072b6bff35f8fb0fa80f0400926
:0299a40070470a
:020000040000fa
:020000040002f8
:1099a60018b1bff35f8f62b6704772b6bff35f8fb1
:0299b6007047f8
:020000040000fa
:020000040002f8
:1099b8000a440023914201d10020704701f8013b7d
:0299c800f8e7be
:020000040000fa
:020000040002f8
:1099ca0008b510b1fff763fa08bd6ff0ac00fbe70a
:020000040000fa
:020000040002f8
:1099da0010b582b000240094f4f7d5fc02b010bd93
:020000040000fa
:020000040002f8
:1099ea0010b582b001240094f4f7cdfc02b010bd8a
:020000040000fa
:020000040002f8
:1099fc004452565f4554485048595f4f70656e004d
:020000040000fa
:020000040002f8
:109a0c00024b98420cbf184600207047ccb0002087
:020000040000fa
:020000040002f8
:109a1c004452565f4d49494d5f5461736b7300005e
:020000040000fa
:020000040002f8
:109a2c000000000064d7000070d7000078d7000059
:020000040000fa
:020000040002f8
:109a3c0010b50446fff7f6f92046fcf7ecfd10bd17
:020000040000fa
:020000040002f8
:109a4c0010b9024b186870470020704704bf002003
:020000040000fa
:020000040002f8
:109a5c0008b5fdf751fe034600b1436a184608bd30
:020000040000fa
:020000040002f8
:109a6c0008b5fdf785fe034600b1836c184608bdaa
:020000040000fa
:020000040002f8
:109a7c00024b03eb001041608260704778bc002001
:020000040000fa
:020000040002f8
:109a8c00024b40f204521a80704700bf0040004164
:020000040000fa
:020000040002f8
:109a9c0008b513460a461946fff7eef8012008bd33
:020000040000fa
:020000040002f8
:109aac0008b5024b5888fcf79bfc08bd7cbf002016
:020000040000fa
:020000040002f8
:109abc0010b9024b1879704703207047f8bd00208d
:020000040000fa
:020000040002f8
:109acc0008b5024b1b680021984708bd94bf0020c5
:020000040000fa
:020000040002f8
:109adc00c1d60100d92a0100c5970200e59c0200fd
:020000040000fa
:020000040002f8
:109aec000a00000000000000000000000000000060
:020000040000fa
:020000040002f8
:109afc00024b186801301860704700bfe0bf0020af
:020000040000fa
:020000040002f8
:109b0c00494e4600696e66004e414e006e616e0015
:020000040000fa
:020000040002f8
:109b1c00494e4600696e66004e414e006e616e0005
:020000040000fa
:020000040002f8
:109b2c0008b5f9f796fff9f794fff9f792ff08bd1e
:020000040000fa
:020000040002f8
:0e9b3c0018b141f28112805c7047ff20704723
:020000040000fa
:020000040002f8
:0e9b4a0010b1b0f8600070474ff0ff30704768
:020000040000fa
:020000040002f8
:0e9b580010b1b0f8600070474ff0ff3070475a
:020000040000fa
:020000040002f8
:0e9b660020b10022026042608260c26070473f
:020000040000fa
:020000040002f8
:0e9b740008b510b10369984708bd0020fce752
:020000040000fa
:020000040002f8
:0e9b820008b510b14369984708bd0020fce704
:020000040000fa
:020000040002f8
:0e9b900008b510b18369984708bd0020fce7b6
:020000040000fa
:020000040002f8
:0e9b9e0008b510b1c369984708bd0020fce768
:020000040000fa
:020000040002f8
:0e9bac0083b203eb104000eb104080b2704714
:020000040000fa
:020000040002f8
:0e9bba0048f6b503984214bf00200120704702
:020000040000fa
:020000040002f8
:0e9bc80008b50020f0f714fbfdf728fbfce7c2
:020000040000fa
:020000040002f8
:0e9bd600a0f14103192b98bf40f0200070470a
:020000040000fa
:020000040002f8
:0e9be400a0f16103192b98bf00f05f007047dd
:020000040000fa
:020000040002f8
:0c9bf400c18f0200133a0200e16e020073
:020000040000fa
:020000040002f8
:0c9c0000798f020075590200999d020046
:020000040000fa
:020000040002f8
:0c9c0c00b986020079340200351602000f
:020000040000fa
:020000040002f8
:0c9c1800d0f8a4305869c0f34010704729
:020000040000fa
:020000040002f8
:0c9c240008b9014b59757047ccb0002006
:020000040000fa
:020000040002f8
:0c9c3000806880f00400c0f380007047e2
:020000040000fa
:020000040002f8
:0c9c3c00014b93f8130270474cad002060
:020000040000fa
:020000040002f8
:0c9c4800014b1868704700bf90be002060
:020000040000fa
:020000040002f8
:0c9c5400014b1888704700bff4bc0020d2
:020000040000fa
:020000040002f8
:0c9c600025642e25642e25642e2564004a
:020000040000fa
:020000040002f8
:0c9c6c00a0d70000a4d70000a8d700007b
:020000040000fa
:020000040002f8
:0c9c780010b1c06a000170470020704766
:020000040000fa
:020000040002f8
:0c9c840010b1406b0001704700207047d9
:020000040000fa
:020000040002f8
:0c9c9000014b00221a607047f4be002057
:020000040000fa
:020000040002f8
:0c9c9c0008b501220146e4f7b1ff08bd45
:020000040000fa
:020000040002f8
:0c9ca800014b1868704700bf3cbf002053
:020000040000fa
:020000040002f8
:0c9cb40013688868c01a18bf01207047b0
:020000040000fa
:020000040002f8
:0c9cc000014b1868704700bf50bf002027
:020000040000fa
:020000040002f8
:0c9ccc000001014b185a704758bc0020e2
:020000040000fa
:020000040002f8
:0c9cd80003695a400a405a40026170477c
:020000040000fa
:020000040002f8
:0c9ce400014b186259627047b8bb0020a9
:020000040000fa
:020000040002f8
:0c9cf000014b186059607047e8bd00206f
:020000040000fa
:020000040002f8
:0c9cfc0008200800080000000d0a3e00cf
:020000040000fa
:020000040002f8
:0c9d0800014b5888704700bf8cbf002042
:020000040000fa
:020000040002f8
:0c9d1400014b1868704700bf88bf00209a
:020000040000fa
:020000040002f8
:0c9d2000014bd868704700bf58ba002003
:020000040000fa
:020000040002f8
:0c9d2c0000000000040000000000000027
:020000040000fa
:020000040002f8
:0c9d3800b4a10200cc7102000000000089
:020000040000fa
:020000040002f8
:0c9d44000200000000001700000000bf3b
:020000040000fa
:020000040002f8
:0c9d5000743c020089a301007c3c02006e
:020000040000fa
:020000040002f8
:0c9d5c00343d020055600100b4500200cc
:020000040000fa
:020000040002f8
:0c9d680010b50446fff7b6fd204610bd04
:020000040000fa
:020000040002f8
:0c9d740010b50446f9f75efa204610bd59
:020000040000fa
:020000040002f8
:0c9d8000014b01381860704714c000202f
:020000040000fa
:020000040002f8
:0c9d8c0013460a466ff00041f8f710bac9
:020000040000fa
:020000040002f8
:0a9d980008b50021fdf79afb08bd95
:020000040000fa
:020000040002f8
:0a9da200d0f8a43020225a61704767
:020000040000fa
:020000040002f8
:0a9dac00d0f8a430d3f8000170478e
:020000040000fa
:020000040002f8
:0a9db600d0f8a430d3f80401704780
:020000040000fa
:020000040002f8
:0a9dc000d0f8a430d3f80801704772
:020000040000fa
:020000040002f8
:0a9dca00d0f8a430d3f80c01704764
:020000040000fa
:020000040002f8
:0a9dd400d0f8a430d3f81001704756
:020000040000fa
:020000040002f8
:0a9dde00d0f8a430d3f81401704748
:020000040000fa
:020000040002f8
:0a9de800d0f8a430d3f8180170473a
:020000040000fa
:020000040002f8
:0a9df200d0f8a430d3f81c0170472c
:020000040000fa
:020000040002f8
:0a9dfc00d0f8a430d3f8200170471e
:020000040000fa
:020000040002f8
:0a9e0600d0f8a430d3f8240170470f
:020000040000fa
:020000040002f8
:0a9e1000d0f8a430d3f82801704701
:020000040000fa
:020000040002f8
:0a9e1a00d0f8a430d3f82c017047f3
:020000040000fa
:020000040002f8
:0a9e2400d0f8a430d3f830017047e5
:020000040000fa
:020000040002f8
:0a9e2e00d0f8a430d3f834017047d7
:020000040000fa
:020000040002f8
:0a9e3800d0f8a430d3f838017047c9
:020000040000fa
:020000040002f8
:0a9e4200d0f8a430d3f83c017047bb
:020000040000fa
:020000040002f8
:0a9e4c00d0f8a430d3f840017047ad
:020000040000fa
:020000040002f8
:0a9e5600d0f8a430d3f8440170479f
:020000040000fa
:020000040002f8
:0a9e6000d0f8a430d3f84801704791
:020000040000fa
:020000040002f8
:0a9e6a00d0f8a430d3f84c01704783
:020000040000fa
:020000040002f8
:0a9e7400d0f8a430d3f85001704775
:020000040000fa
:020000040002f8
:0a9e7e00d0f8a430d3f85401704767
:020000040000fa
:020000040002f8
:0a9e8800d0f8a430d3f85801704759
:020000040000fa
:020000040002f8
:0a9e9200d0f8a430d3f85c0170474b
:020000040000fa
:020000040002f8
:0a9e9c00d0f8a430d3f8600170473d
:020000040000fa
:020000040002f8
:0a9ea600d0f8a430d3f8640170472f
:020000040000fa
:020000040002f8
:0a9eb000d0f8a430d3f86801704721
:020000040000fa
:020000040002f8
:0a9eba00d0f8a430d3f86c01704713
:020000040000fa
:020000040002f8
:0a9ec400d0f8a430d3f87001704705
:020000040000fa
:020000040002f8
:0a9ece00d0f8a430d3f874017047f7
:020000040000fa
:020000040002f8
:0a9ed800d0f8a430d3f878017047e9
:020000040000fa
:020000040002f8
:0a9ee200d0f8a430d3f87c017047db
:020000040000fa
:020000040002f8
:0a9eec00d0f8a430d3f880017047cd
:020000040000fa
:020000040002f8
:0a9ef600d0f8a430d3f884017047bf
:020000040000fa
:020000040002f8
:0a9f0000d0f8a430d3f888017047b0
:020000040000fa
:020000040002f8
:0a9f0a00d0f8a430d3f88c017047a2
:020000040000fa
:020000040002f8
:0a9f1400d0f8a430d3f89001704794
:020000040000fa
:020000040002f8
:0a9f1e00d0f8a430d3f89401704786
:020000040000fa
:020000040002f8
:0a9f2800d0f8a430d3f89801704778
:020000040000fa
:020000040002f8
:0a9f3200d0f8a430d3f89c0170476a
:020000040000fa
:020000040002f8
:0a9f3c00d0f8a430d3f8a00170475c
:020000040000fa
:020000040002f8
:0a9f4600d0f8a430d3f8a40170474e
:020000040000fa
:020000040002f8
:0a9f5000d0f8a430d3f8a801704740
:020000040000fa
:020000040002f8
:0a9f5a00d0f8a430d3f8ac01704732
:020000040000fa
:020000040002f8
:0a9f6400d0f8a430d3f8b001704724
:020000040000fa
:020000040002f8
:0a9f6e0041f28a130022c25470472a
:020000040000fa
:020000040002f8
:0a9f78004368a3f8a210012070470f
:020000040000fa
:020000040002f8
:0a9f8200036843f01003036070470a
:020000040000fa
:020000040002f8
:0a9f8c00036823f010030360704720
:020000040000fa
:020000040002f8
:0a9f960010b1406c00b14068704744
:020000040000fa
:020000040002f8
:0a9fa00090f8420000f0070070473f
:020000040000fa
:020000040002f8
:0a9faa0000234360036083607047ea
:020000040000fa
:020000040002f8
:0a9fb4001368cb6093880b8270479e
:020000040000fa
:020000040002f8
:0a9fbe0008b50123f3f745fa08bdca
:020000040000fa
:020000040002f8
:0a9fc80008b50223fbf798fa08bd64
:020000040000fa
:020000040002f8
:0a9fd20008b50020f4f72bff08bdce
:020000040000fa
:020000040002f8
:0a9fdc0008b50120f4f726ff08bdc8
:020000040000fa
:020000040002f8
:089fe80000487047a025260087
:020000040000fa
:020000040002f8
:089ff000474d4143000000bf92
:020000040000fa
:020000040002f8
:089ff800d0f8a430586a70474c
:020000040000fa
:020000040002f8
:08a00000d0f8a4309a62704709
:020000040000fa
:020000040002f8
:08a00800d0f8a430da627047c1
:020000040000fa
:020000040002f8
:08a010004368b3f8a400704797
:020000040000fa
:020000040002f8
:08a018004c414e38363558006a
:020000040000fa
:020000040002f8
:08a02000454d7631000000bf40
:020000040000fa
:020000040002f8
:08a0280008b50368984708bd64
:020000040000fa
:020000040002f8
:08a0300008b54368984708bd1c
:020000040000fa
:020000040002f8
:08a0380008b58368984708bdd4
:020000040000fa
:020000040002f8
:08a0400008b5c368984708bd8c
:020000040000fa
:020000040002f8
:08a0480008b5fff757fb08bd46
:020000040000fa
:020000040002f8
:08a05000003018bf0120704729
:020000040000fa
:020000040002f8
:08a0580094d700009cd7000022
:020000040000fa
:020000040002f8
:08a0600084d700008cd700003a
:020000040000fa
:020000040002f8
:08a0680008b5fef7cbfa08bdb4
:020000040000fa
:020000040002f8
:08a0700008b5eef735f808bd54
:020000040000fa
:020000040002f8
:08a078000180c200000000bfde
:020000040000fa
:020000040002f8
:08a0800008b5f8f7b5fe08bdb4
:020000040000fa
:020000040002f8
:08a0880008b5fbf71bfa08bd47
:020000040000fa
:020000040002f8
:08a0900008b5fff709f908bd4e
:020000040000fa
:020000040002f8
:08a098000048704700879303a4
:020000040000fa
:020000040002f8
:08a0a0001b5b2564430000bfb7
:020000040000fa
:020000040002f8
:08a0a8001b5b2564440000bfae
:020000040000fa
:020000040002f8
:08a0b00008b5fff76ffc08bdc5
:020000040000fa
:020000040002f8
:08a0b80008b5fff774fc08bdb8
:020000040000fa
:020000040002f8
:08a0c00008b5fcf769fd08bdbd
:020000040000fa
:020000040002f8
:08a0c800000000000008004246
:020000040000fa
:020000040002f8
:08a0d000000000100000000078
:020000040000fa
:020000040002f8
:08a0d800000000000000002060
:020000040000fa
:020000040002f8
:08a0e000010000009084020061
:020000040000fa
:020000040002f8
:08a0e800a48b02006b000000d4
:020000040000fa
:020000040002f8
:08a0f0000a000000000200025a
:020000040000fa
:020000040002f8
:08a0f8000a0000020000000054
:020000040000fa
:020000040002f8
:08a100000832010010320100d9
:020000040000fa
:020000040002f8
:08a1080025732573000000bf60
:020000040000fa
:020000040002f8
:08a1100008b5fbf7d7f908bd03
:020000040000fa
:020000040002f8
:08a1180083f00043e4f71fbad5
:020000040000fa
:020000040002f8
:08a12000286e696c290025007e
:020000040000fa
:020000040002f8
:07a12800286e756c6c290024
:020000040000fa
:020000040002f8
:06a1300090f99000704759
:020000040000fa
:020000040002f8
:06a136006ff00500704708
:020000040000fa
:020000040002f8
:06a13c006ff00500704702
:020000040000fa
:020000040002f8
:06a14200406b80b2704783
:020000040000fa
:020000040002f8
:06a1480000b12c3070474d
:020000040000fa
:020000040002f8
:06a14e006ff005007047f0
:020000040000fa
:020000040002f8
:06a154006ff005007047ea
:020000040000fa
:020000040002f8
:06a15a006ff007007047e2
:020000040000fa
:020000040002f8
:06a1600013688b607047dc
:020000040000fa
:020000040002f8
:06a166004ff0ff307047ce
:020000040000fa
:020000040002f8
:06a16c006ff487707047dc
:020000040000fa
:020000040002f8
:06a172006ff001007047d0
:020000040000fa
:020000040002f8
:04a1780008467047de
:020000040000fa
:020000040002f8
:04a17c000120704707
:020000040000fa
:020000040002f8
:04a180000020704704
:020000040000fa
:020000040002f8
:04a1840007207047f9
:020000040000fa
:020000040002f8
:04a1880000207047fc
:020000040000fa
:020000040002f8
:04a18c0008207047f0
:020000040000fa
:020000040002f8
:04a1900000207047f4
:020000040000fa
:020000040002f8
:04a1940000207047f0
:020000040000fa
:020000040002f8
:04a1980000207047ec
:020000040000fa
:020000040002f8
:04a19c0000207047e8
:020000040000fa
:020000040002f8
:04a1a000006a70479a
:020000040000fa
:020000040002f8
:04a1a400816170471e
:020000040000fa
:020000040002f8
:04a1a800416170475a
:020000040000fa
:020000040002f8
:04a1ac0020092c005a
:020000040000fa
:020000040002f8
:04a1b00001207047d3
:020000040000fa
:020000040002f8
:04a1b4008093020092
:020000040000fa
:020000040002f8
:04a1b80000207047cc
:020000040000fa
:020000040002f8
:04a1bc0000207047c8
:020000040000fa
:020000040002f8
:04a1c00000207047c4
:020000040000fa
:020000040002f8
:04a1c400fbf750b89d
:020000040000fa
:020000040002f8
:04a1c800704700bf1d
:020000040000fa
:0200000400807a
:044000003912003c35
:020000040000fa
:0200000400807a
:044004008000a82a66
:020000040000fa
:0200000400807a
:04400800ffffffffb8
:00000001FF
