:020000040000fa
:10000000f0ff032089d20100a39a0100a3b80100e8
:1000100037d8010013ea010097ee0100000000004c
:100020000000000000000000000000000f8a010036
:10003000bfcd0100000000000f8a01000f8a0100ff
:100040000f8a01000f8a01000f8a01000f8a010048
:100050000f8a01000f8a01000f8a01000f8a010038
:100060000f8a01000f8a01000f8a01000f8a010028
:100070000f8a01000f8a01000f8a01000f8a010018
:100080000f8a01000f8a01000f8a01000f8a010008
:100090000f8a01000f8a01000f8a01000f8a0100f8
:1000a0000f8a01000f8a01000f8a01000f8a0100e8
:1000b0000f8a01000f8a01000f8a01007f7c020075
:1000c000897c02000f8a01000f8a01000f8a01005b
:1000d0000f8a01000f8a01000f8a01000f8a0100b8
:1000e0000f8a01000f8a01000000000000000000dc
:1000f000000000000f8a01000d2501000d25010000
:100100000d2501000d250100610d0200610d0200a9
:10011000610d0200610d02000f8a01000f8a0100cb
:100120000f8a01000f8a01000f8a01000f8a010067
:100130000f8a01000f8a01000f8a01000f8a010057
:100140000f8a01000f8a01000f8a01000f8a010047
:100150000f8a01000f8a01000f8a01000f8a010037
:100160000f8a01000f8a01000f8a01000f8a010027
:100170000f8a01000f8a01000f8a01000f8a010017
:100180000f8a01000f8a01000f8a01000f8a010007
:10019000a54e02000f8a01000f8a01000f8a01009c
:1001a0000f8a01000f8a01000f8a01000f8a0100e7
:1001b0000f8a01000f8a01000f8a01000f8a0100d7
:1001c0000f8a01000f8a01000f8a01000f8a0100c7
:1001d0000f8a01000f8a01000f8a01000f8a0100b7
:1001e0000f8a01000f8a01000f8a010031500200be
:1001f0000f8a01000f8a01000f8a01000f8a010097
:100200000f8a01000f8a01000f8a01000f8a010086
:100210000f8a01000f8a01000f8a01000f8a010076
:100220000f8a01000f8a01000f8a01000f8a010066
:100230000f8a01000f8a01000f8a01000f8a010056
:100240000f8a01000f8a01000f8a01000f8a010046
:100250000f8a01000f8a01000f8a01000f8a010036
:040260000f8a010000
:020000040000fa
:10026400f8b500bff8bc08bc9e467047ad2c020030
:10027400f8b500bff8bc08bc9e467047892c020044
:020000040000fa
:0802840028c300000100000086
:020000040000fa
:10028c002de9f04f8db00f210a2025f0d5f8029002
:10029c0010f0010f40f05d85029b13f0020f40f04f
:1002ac007c850db0bde8f08fd9f8187007f11002fd
:1002bc00059213f4007f21d1fb6809933b690a93e3
:1002cc0000228df82c2006238df82d30330a43eaba
:1002dc000623adf82e300c2109a81ef047fec043b2
:1002ec0083b2d9f8202012f0040f30d032464146a8
:1002fc0048461df059fa002840f09a8640461ff0f7
:10030c0013fb98f80ca04fea1a1a4fea8a030493cd
:10031c00d9f81ca0baf80220002a00f08c86fd89be
:10032c00bb891d44baf800301d445540adb2c74bd3
:10033c00d3f800c0bcf1000f00f08086d9f828e09b
:10034c00c34b1b68039300239b4610460ee01a46d2
:10035c00314640461ef00afecde7b4f872208242c8
:10036c002fd001331bb21c469c452fd9039a52f84f
:10037c002440002cf5d094f876200b2af1d094f878
:10038c0077100129edd8a16c09b18e45e9d1002a6d
:10039c00e3d0b4f87220aa42e3d1daf80010226e4e
:1003ac009142ded1216cfa689142dad1012184f8b4
:1003bc007710c4f848e0059a204623f0d0fda346f8
:1003cc0022e0bbf1000f08bfa346cae7bbf1000f48
:1003dc0000f08380fb68cbf8403001218bf877105c
:1003ec00cbf848e0059a584623f0b9fdabf87250ab
:1003fc00baf80030abf86030baf80230abf86230c3
:10040c00dbf80030cbf81030d9f810209389049920
:10041c005b1a938198f80d40d8f80870d8f80450fe
:10042c009bf83f3013f0400f5bd19bf875306ff3a6
:10043c0000038bf875309bf87630002b69d0012bbc
:10044c0000f09e801436049aa6eb020a1ffa8afa70
:10045c00aaf1140292b2059214f0010206921abf8c
:10046c00aaf1130a1ffa8af2059a039214f0020fea
:10047c0003d0039a013292b20392dbf81c60dbf8d2
:10048c0020209642c0f0aa80dbf81810dbf814008c
:10049c00091aa6eb020aa1eb0a0a1ffa8af20492c5
:1004ac00dbf85820a5eb020a039a002a00f0a98079
:1004bc00049a002a00f0a080baf1000fc0f29680d6
:1004cc009245c0f0a780039a04998a1a8a45c0f213
:1004dc00a180924540f39e808ee06ff00e0100f0fb
:1004ec0034bc00238bf879309bf83e3013f0020fac
:1004fc009bd125f0a5f8bbf87020564b1b6803fb6d
:10050c0002f3554aa2fb032300eb9310cbf8240013
:10051c008be714f0040f1ad114f0100f1dd114f046
:10052c00020f27d00135cbf85850404619f056fa37
:10053c00abf86a00584622f07cfe01221221584684
:10054c0004f0b8fa02238bf876300026e6e300219b
:10055c00584612f0b5fd0026e0e3cbf854700022ab
:10056c000421584604f0a6fa0021584612f0a8fdc2
:10057c000026d3e30021584612f0a2fd0026cde35d
:10058c0014f0040f40f0c98314f0100f00f0a08594
:10059c00dbf85460b74205d114f0020f40f05585da
:1005ac000026bbe3cbf8547001220421584604f01a
:1005bc0081facbf854600026b0e325f041f8bbf883
:1005cc007020244b1b6803fb02f3234aa2fb03237a
:1005dc0000eb9313cbf8243000f056bda2eb060ac7
:1005ec000af1ff3a1ffa8af2049259e703990a4674
:1005fc00514400293ff768af14f0040f1fd00026b8
:10060c008ce3baf1000f05d0baf1000ff4db049ab9
:10061c009245f1da14f0060f20d114f0100f00f00f
:10062c009083023b072b00f2cc81dfe813f029000a
:10063c003e003e003e003e00ca013e00bd010122cc
:10064c001021584604f036fa002667e378be0020e5
:10065c0074be00207cbe0020d34d621014f0040f39
:10066c0008d09bf83f3043f002038bf83f304ff437
:10067c00006600e000260021584612f021fd4de3f3
:10068c00dbf85460b74205d103238bf876304ff476
:10069c0080760be0cbf8547001220421584604f00c
:1006ac0009facbf85460002638e30026dbf810106a
:1006bc00dbf808305a1a13d4dbf854003b1a9b1a97
:1006cc00002b1dddbbf8742002f40172042a01d149
:1006dc00012b0cd000221021584604f0ebf91de33d
:1006ec00dbf80430dbf800001b1a1a44e4e7013095
:1006fc00cbf854009bf8753043f002038bf875303f
:10070c00dbf85430dbf80c20881a914249d2dbf824
:10071c000420dbf80010521afb1a0344d318079379
:10072c00002b07dddbf80430dbf800209b1a079a5e
:10073c009a4246d9dbf83830002b40f0a280dbf827
:10074c000c20dbf808309a4200f0d980b8f80e3053
:10075c00bbf86e209a4238bfabf86e30dbf85420f1
:10076c00b8f80e303b449b1a9bb2bbf8641031b9fd
:10077c002bb19bf83e1041f040018bf83e10abf8ca
:10078c0064309bf87630042b00f0f080062b40f0a0
:10079c001981974240f0c2820021584612f090fc19
:1007ac00bce2fb1a03440793002b07dddbf8043093
:1007bc00dbf800001b1a0798984202d99142bed070
:1007cc00b8e740f2dc53cbf8343024f039ffdbf8d7
:1007dc003420c44b1b6803fb02f3c34aa2fb032364
:1007ec0000eb9313cbf838309bf83e306ff3451386
:1007fc008bf83e30dbf80c10079b0b44cbf80c301d
:10080c00dbf8102091420ed893421cd99a1adbf8cf
:10081c0054100a44cbf85420cbf81030dbf80420e9
:10082c00934224d313e0dbf80410dbf80000091a20
:10083c000a44934207d99a1adbf854100a44cbf8ad
:10084c005420cbf81030dbf80420934205d3dbf8ae
:10085c000010511a5b1acbf80c30dbf810309342b5
:10086c0005d3dbf80010521a9a1acbf810209bf81b
:10087c007630032b02d0082b7ff461af46f00406d0
:10088c005de724f0ddfedbf83830c31a002bfff6f1
:10089c0056afdbf834305b00b3f57a4f28bf4ff41a
:1008ac007a43cbf8343024f0cbfedbf834208d4b7c
:1008bc001b6803fb02f38c4aa2fb032300eb93138c
:1008cc00cbf83830dbf81010dbf80c20881adbf88a
:1008dc0054301b1acbf85430914207d2dbf8041079
:1008ec00dbf80000091a5b1acbf85430cbf8102057
:1008fc009bf83e3043f080038bf83e301fe79bf8ab
:10090c003f3013f0010f19d113f0400f06d19bf8b3
:10091c003e306ff341038bf83e3017e724f090fe26
:10092c00bbf870206f4b1b6803fb02f34ff47a7219
:10093c00b3fbf2f30344cbf82430e8e7dbf8543094
:10094c009f427ff403af9bf8743013f0040f3ff415
:10095c00fdae9bf83e306ff341038bf83e309bf8b5
:10096c003f306ff300038bf83f30efe6974203d034
:10097c0014f0200f35d0d1e19bf8743013f0040f34
:10098c00f6d024f05dfe574b1a6841f2883303fb16
:10099c0002f34ff47a72b3fbf2f30344cbf830302a
:1009ac0005238bf87630e3e7dbf8543001339f42b4
:1009bc0001d00026b2e10021584612f081fb00263e
:1009cc00ace1002614f0200f40f0a8819bf87620b3
:1009dc00a2f10803dbb2012b40f2a081062a00f041
:1009ec009d81059a002a3fd0baf1000f7edd059b50
:1009fc005344049a934203dda2eb0a039bb2059382
:100a0c0098f80c301b0908eb83030893dbf81c10d7
:100a1c00dbf81830059a52440a44934280f0f48073
:100a2c005a1a0132b2eb0a0200f1df801ffa82f887
:100a3c0001240094434608a80246514448461df040
:100a4c00d7fc0490059aa2eb080300949bb208aa69
:100a5c00dbf8141048461df0cbfc049b034498b201
:100a6c00059b834200f0d980039bcbb19bf8763079
:100a7c00033bdbb2022b84bfdbf81c30cbf82030fd
:100a8c009bf83e3013f0100f40f0fa809bf83e308c
:100a9c0043f010038bf83e3013f0080f00f0f68093
:100aac00069b002b00f03a81dbf858300133039a97
:100abc002a44934240f03281cbf8583046f4806699
:100acc009bf83f3043f004038bf83f309bf87630b3
:100adc00023b032b00f20781dfe813f0ec00f5007a
:100aec00fe0015017cbe0020d34d621098f80c302e
:100afc001b09caeb830343440893524493b2049af0
:100b0c009a4228bf1a469246dbf81c10dbf81830c4
:100b1c008a18934259d25b1a01330493bdf81080a2
:100b2c0001240094434608aa48461df061fc059038
:100b3c00aaeb080300949bb208aadbf814104846f1
:100b4c001df056fc059a024490b2049baaeb0303d9
:100b5c00dbf814201344504586d1dbf8581051446f
:100b6c00cbf85810cbf81c309bf87620033ad2b255
:100b7c00022a98bf46f40076dbf85c20b2f1ff3f06
:100b8c003ff472afa2eb0a0acbf85ca0bbf868206a
:100b9c0012eb0a0224d4baf1000f3ff765af1144ef
:100bac00cbf858101344cbf81c30dbf818209342c8
:100bbc0006d9dbf81410521ad2431344cbf81c306c
:100bcc004ff0ff33cbf85c304ee7012300935346d4
:100bdc0008aa48461df00cfcdbf81c305344bae75d
:100bec004ff0ff33cbf85c303ee70af1ff30dbf817
:100bfc0014209b1ac01a01230093059b08aa0144d8
:100c0c0048461df0f5fb2be701230093059b08aa32
:100c1c00514448461df0ecfb22e7dbf85c30b3f1a5
:100c2c00ff3f15d09a4519d2059a02eb0a01bbf881
:100c3c006820d018814205d88b4203d8a0eb0a0358
:100c4c009bb20593059babf86830cbf85ca00be727
:100c5c00cbf85ca0059babf8683005e7bbf86820c7
:100c6c001a4405980146514491427ff6fdae9245d7
:100c7c003ff6faaeaaeb03031844abf86800f3e6b0
:100c8c0001221021584603f015ff09e7dbb243f0af
:100c9c0008038bf83e3024f0d3fcb14b1a68642364
:100cac0003fb02f34ff47a72b3fbf2f30344cbf879
:100cbc002c30f5e609238bf87630012211215846a9
:100ccc0003f0f8fe2ae008238bf876309bf8753099
:100cdc0013f0010f07d021e0dbf854309f4208d00d
:100cec0006238bf8763001221021584603f0e2fee1
:100cfc0014e000221021584603f0dcfe0021584677
:100d0c0012f0def90ae000221021584603f0d2fe60
:100d1c000021584612f0d4f900e00026bbf87a20e6
:100d2c00324000f08e81dbf87c40002c00f08b818f
:100d3c00dbf88030d9f82810bbf93c00a047022121
:100d4c0003e00026eae76ff00d010a22484623f083
:100d5c00e5fc0a2026f0c4f8814600283ff49caa42
:100d6c00b9f82c60132eeed9d9f81c8098f80c30f9
:100d7c001b09042b0bd9b6eb830f0bdbd9f82030f6
:100d8c0013f400343ff490aa6ff00e01dde76ff01e
:100d9c000d01dae76ff00d01d7e7724b1b68002be2
:100dac003ff47faa00252b46dff8bc91dff8bca1ed
:100dbc00dff8b081e6e024f043fca36ac01a0028f7
:100dcc00a8bf1026f4e024f03bfce36ac01a00280c
:100ddc00c0f2f48094f87630052b00f08a8110264e
:100dec0087f001023146204603f064feeee024f069
:100dfc0027fc236bc01a0028c0f2e58001221421c5
:100e0c00204603f057fe0021204612f059f9b1e0bc
:100e1c0094f83e6006f00106012120461af009f80c
:100e2c0094f83e3043f0010384f83e304ff4805286
:100e3c000021204620f0befb002e40f09b8094f851
:100e4c003e306ff3000384f83e300a2384f876308a
:100e5c0090e024f0f5fb636ac01a0028c0f28a8087
:100e6c0094f876104b1e082b00f28280dfe803f01a
:100e7c000541556080688080700094f87830032bb1
:100e8c0040f22b81042384f87830354b1a684ff4e8
:100e9c007a7303fb02f3aafb03239b091b01236553
:100eac000221002694f87830013384f87830236dd1
:100ebc005b0023652069e268831a9bb2904204d2de
:100ecc0060682768c01b03449bb2606dc01a6065e4
:100edc00b4f864000344a4f8643022610022204674
:100eec0003f0e8fd002e45d00021204612f0e8f872
:100efc0040e094f87830022b40f2f18094f83e6098
:100f0c0006f001031e46002b18bf1421002fc9d177
:100f1c000122204603f0cefde4e794f87830042b50
:100f2c0040f2df80042384f8763011210026ede7af
:100f3c0094f87830042b40f2d68014210126e5e792
:100f4c0094f87830042b40f2d08014210126dde790
:100f5c0094f87830042b40f2ca8014210126d5e78e
:100f6c007cbe002078be002074be0020d34d6210e1
:100f7c00002e5ad101352db22b46d8f800209542bf
:100f8c00bff48fa9d9f8002052f82340002cf1d0df
:100f9c0094f876300b2bedd094f83e3013f0c0065d
:100fac001abfdf091026002713f0040f7ff403afdc
:100fbc0094f83e3013f0080f7ff405af94f87630b8
:100fcc00052b3ff414af002e7ff40aaf94f83e309b
:100fdc0013f0020f7ff43daf94f83f3013f0400f45
:100fec00c8d094f87630032bc4d124f029fb636a63
:100ffc00c01a0028bedb94f8792094f884309a4209
:10100c003ff406af02221021204603f053fd24f0da
:10101c0017fbb4f870203b4b1b6803fb02f3aafbd5
:10102c00032300eb93106062a4e7314600266de7c2
:10103c006ff0090189e66ff00e0186e66ff00e0184
:10104c0083e6022181e602217fe60135cbf8585078
:10105c00b8f80e30abf86e30abf86430404618f090
:10106c00bdfcabf86a00584622f0e3f801221021cf
:10107c00584603f01ffd03238bf876309bf83f3066
:10108c0013f0400f7ff499aa9bf83e306ff34103a5
:10109c008bf83e304ff4807640e60135cbf8585053
:1010ac00b8f80e30abf86e30abf86430404618f040
:1010bc0095fcabf86a00584622f0bbf801221221cd
:1010cc00584603f0f7fc02238bf87630002625e611
:1010dc0014f0020fe1d1002620e60221e1e61221f4
:1010ec00dfe61021dde61121dbe61021d9e6112126
:1010fc00d7e624f0a5fa236bc01a0028bff67eae03
:08110c0010266de67cbe0020f8
:020000040000fa
:101114002de9f04f2ded028b9bb00f21212024f0ff
:101124008ff9002800f0b8867d4b1b68002b40f334
:10113400b3867c4c0026dff820929fed7b8ab9e3ce
:10114400d4f8c4305d6894f8d1202ab3227c012af3
:1011540042d0022a61d1b4f93830b3f1ff3f25d02f
:101164000023724a4ff40071b4f9380023f076fd7d
:10117400d4f8bc200221b4f9380013f0adfd30b925
:10118400d4f8c4301b681b6869492846984706216f
:10119400204620f0eff886e31b681b686549284663
:1011a40098470121204620f0e5f87ce304f1800211
:1011b400618a012019f0e6ff2087b0f1ff3fcfd10b
:1011c400d4f8c4301b681b685b4928469847012142
:1011d400204620f0cff866e304f18002618a012002
:1011e40026f041fda087b0f1ff3f0ad00023534a07
:1011f4004ff4807123f0eefe0321204620f0baf86c
:1012040051e3d4f8c4301b681b684d4928469847fd
:101214000121204620f0aef845e31b681b684949cc
:10122400284698470121204620f0a4f83be3d4f84f
:10123400c430d3f804b03b4be31adb1003ebc30216
:1012440003eb4203c3eb432303eb8343c3f1000ae1
:1012540097e0d4f8c4301b681b683b49584698474c
:101264000421204620f086f81de3b4f93c0024f064
:1012740095fd18e30133c4f89430284624f09ffd0b
:1012840002460b46d4e908010cf079fcc4e90801d4
:10129400002f19dba36ae26a511c8b4231d09342be
:1012a40020dc616b01f1010161632cd020e0d4f8f2
:1012b400c4301b685b68254958469847236b013b3b
:1012c400a26a1344236391e07f42a76224f0bcf92d
:1012d400c4f88c00002384f8cc300421204620f08c
:1012e40049f8d7e75b1a226b13442363a36ae362ca
:1012f4000c3dadb2002d44d0dff858804ff4c867e0
:1013040036e0934206d1d4f8c4301b681b681049f8
:1013140058469847a36ae26a9342e9dde7e700bfcb
:1013240094be0020e0b2002000007a440d72020056
:101334005c9e0000149e0000389e0000f7710200bd
:10134400849e0000a89e0000c09e0000e09e000055
:101354000c9f000058a2002004bb00203a464146de
:10136400b4f93c0016f0b6faa5f5c865adb245b1be
:10137400b5f5c86ff2d22a46d149b4f93c0016f04b
:10138400a9fab4f93c0024f0bff805460b2878d933
:101394000c224946b4f93c0016f09cfa0c287ff460
:1013a40058afd9f800301f0e47ea03671a0202f457
:1013b4007f0217431b0a03f47f431f43a762d4f839
:1013c4009430002b7ff456af002ffff64eaf01236d
:1013d400c4f89430d4f8c4301b685b685246b949e9
:1013e40058469847a26a002a7ff461afa36ae36271
:1013f40005a9b4f93c0015f049fab4f93c0026f00b
:1014040097f924f099ff069dd4f8c4301b68628aca
:101414000292020e0192c0f3074200925f68c0f389
:101424000723c2b2a8495846b847d4f8c4301b6849
:10143400bdf8582002922a0e0192c5f30742009289
:101444005f68c5f30723eab2a0495846b847656404
:10145400bdf85830a4f8643024f0f6f8c4f88800d5
:10146400c4f8a800a36ac4f89c30d4f89430c4f833
:101474009830236bc4f8a030b4f93c0024f08efcff
:101484007fe7d4f894304bb994f8cf30012b40f077
:101494000a82042120461ff06dff04e224f0d4f8f0
:1014a400d4f8a830c31a22689342edd9d4f8942012
:1014b400d4f898309a4212d1d4f8c4301b681b680f
:1014c40083495846984724f0bff8c4f88c00002399
:1014d40084f8cc30042120461ff04cffd4e70021cf
:1014e40020460bf087fdcfe7b4f93c0024f00cf85c
:1014f40038b994f8cf304bb1092120461ff03aff98
:10150400d1e1b4f93c0024f049fccce105212046aa
:101514001ff030ffc7e194f8cd30002b00f0bd8000
:10152400b4f93c0023f0f0ff002840f0be8094f8aa
:10153400cc305a1c84f8cc200a2b00f2bb808021ca
:10154400b4f93c0026f0f0fb002800f0ac81e36a1b
:101554005b421a0e42ea0362190201f47f010a4354
:101564001b0a03f47f431343c9f800300025c9f86c
:101574000450c9f808508023c9f80c30c9f8105039
:10158400d4e9080124f070fb020e42ea006203026f
:1015940003f47f031a43030a03f47f431343c9f894
:1015a400143024f065f8d4f88c10d4f88830c91ab3
:1015b400b1fbf0f31a0e42ea03621f0207f47f073d
:1015c4003a431f0a07f47f473a43c9f8182000fb3f
:1015d400131307ee103ab8ee477a27ee087a07eeaf
:1015e400900af8ee676ac7ee267a67ee887afcee10
:1015f400e77a17ee903a1a0e42ea0362190201f4ee
:101604007f010a431b0a03f47f431343c9f81c30c8
:10161400236b1a0e42ea0362190201f47f010a43a2
:101624001b0a03f47f431343c9f82030636b1a0e7b
:1016340042ea0362190201f47f010a431b0a03f41c
:101644007f431343c9f82430e36a1a0e42ea036263
:10165400190201f47f010a431b0a03f47f43134375
:10166400c9f82830c9f82c50c9f8305034224946fa
:10167400b4f93c0020f000fd4c273a46294605a861
:1016840025f082ff3a4605a9b4f93c0020f0f4fca9
:10169400b4f93c000cf052f905e1022120460bf0ac
:1016a400a9fc012384f8cd303ae7b4f93c0024f0d6
:1016b40075fbf8e0092120461ff05cfef3e000bf53
:1016c40058a20020449f0000f06501002466010038
:1016d4002c9f000094f8cf30012b26d0b4f93800a9
:1016e40024f0ebf8002800f0de803822002105a861
:1016f40025f04aff05a9b4f938001cf0c8fd04f12f
:10170400400705ad0fcd0fc70fcd0fc70fcd0fc7c6
:1017140095e8030087e80300072120461ff02afe0e
:10172400b4f9380023f09afdbde0092120461ff0ea
:1017340021feb8e0d4f8c4305f68b4f9380025f06d
:101744008aff0546002865d0a36a002b49d1bd4b0a
:10175400e31adb1003ebc30203eb4203c3eb4323a3
:1017640003eb8343d4f8c4201268d2f804805a42ad
:10177400b5493846c04723f067ffc4f88800c4f869
:10178400a800a36ac4f89c30b4f9380025f0d8ff47
:1017940024f0d2fdd4f8c4301b68628a0292020e8f
:1017a4000192c0f307420092d3f80480c0f30723e8
:1017b400c2b2a6493846c047d4f8c4301b68b4f84e
:1017c4006420029294f84720019294f846200092f3
:1017d400d3f8048094f8453094f844209c49384662
:1017e400c047a36a0133a362d4f894200132c4f839
:1017f4009420e362284624f0e2fa02460b46d4e938
:1018040008010cf0bcf9c4e90801dff848824ff480
:10181400c8671ce0b4f9380023f020fd20b9b4f9fe
:10182400380025f0dbfcd8b123f00effc4f88c009f
:10183400082120461ff09efd35e03a464146b4f9a2
:10184400380016f049ffa5f5c865adb245b1b5f548
:10185400c86ff2d22a467f49b4f9380016f03cff2b
:10186400a36a63b994f8cf30012b1cd10821204618
:101874001ff080fd23f0e8fec4f88c0013e023f091
:10188400e3fed4f8a830c31a22689342ead90021af
:1018940020460bf0affbe5e794f8cd30c3b3092144
:1018a40020461ff067fd0136d8346b4b1b68b342ea
:1018b40040f3f28294f8ce30012bf4d0023b102b8b
:1018c40000f2e58201a252f823f000bf45110000a6
:1018d40033120000ed1400001b150000d91600009f
:1018e400391700009d18000025190000c1190000d7
:1018f400ed190000dd1b0000c31c0000471d0000a3
:101904006d1e0000ed1a0000dd1d0000831e0000a6
:10191400022120460bf06efb012384f8cd30bee794
:10192400d4f8c4305f68237c012b29d0022b2cd03f
:10193400444be31adb1003ebc30203eb4203c3eb98
:10194400432303eb83435d42d4f8c4301b685b68d4
:101954002a46424938469847204620f05ffa94f8d0
:10196400d130012b19d0d4f8c4301b685b682a46e7
:101974003b4938469847012120461ff0fbfc92e77b
:10198400b4f93c0020f008fdd2e7b4f9380021f0a6
:10199400fbfd4ff6ff732387cae794f8cf30002b83
:1019a400e1d1d4f8c4301b685b682a462d49384617
:1019b4009847022120461ff0ddfc74e7d4f8c800e4
:1019c40025f082f8032808d10b2120461ff0d2fc11
:1019d40023f03afec4f8ac0065e704f14401d4f8fe
:1019e400c80020f086feefe7d4f8c4305d6894f8b0
:1019f400cf20012a17d0d4f8c80025f065f80328b1
:101a04001bd094f8443003f0f003e02b2ed1237c58
:101a1400012b64d0237c022b7ff445af0c2120469c
:101a24001ff0a8fc3fe71b681b680f49284698472e
:101a3400012120461ff09efc35e70022a267a4f88e
:101a44007c20e4e7e0b20020449f0000f065010040
:101a54002466010058a2002094be0020709f00005c
:101a6400d49f0000a09f0000f49f000004f17802be
:101a740004f14401d4f8c8001af068fdb8b1d4f8f0
:101a8400c4301b6894f87d20039294f87c20029261
:101a940094f87b20019294f87a2000925f6894f87d
:101aa400793094f87820bf492846b847afe723f047
:101ab400cbfdd4f8ac30c71a23f0dafd00eb80007c
:101ac40087427ff6f0aed4f8c4301b681b68b64971
:101ad4002846984723f0b8fdc4f8ac00e3e610218b
:101ae40020461ff047fc95e7d4f8c4305d6804f144
:101af4004402618a012026f0bbf8a087b0f1ff3fc1
:101b04005ed00023a94a4ff4807123f063fae2689f
:101b14000521b4f93c0007f039fc30b9d4f8c430dd
:101b24001b681b68a2492846984702220621b4f97b
:101b34003c0007f02bfc30b9d4f8c4301b681b6898
:101b44009c4928469847d4f8c810b4f93c001ef0c4
:101b5400e0fa05a9b4f93c0014f098febdf85a3037
:101b6400a4f87e30d4f8c4301b681b689249284618
:101b74009847d4f8c4301b68628a029294f84720cc
:101b8400019294f8462000925f6894f8453094f8e6
:101b940044208a492846b847112120461ff0eafb11
:101ba40023f052fdc4f88800d4f884300344c4f808
:101bb40090304ff4c8625521814825f0e5fc72e667
:101bc400d4f8c4301b681b687e4928469847012115
:101bd40020461ff0cffb66e6d4f8c4305d680022cf
:101be400618a012024f0b1ff6087b0f1ff3f51d03a
:101bf4000023754a4ff4007123f030f8d4f8803094
:101c0400002b53d104f1440300220121b4f93a001a
:101c14001ff0fdfc4ff48063a4f87e30d4f8c43088
:101c24001b681b68644928469847d4f8c4301b686d
:101c3400628a029294f84720019294f84620009216
:101c44005f6894f8453094f8442060492846b847c2
:101c54000d2120461ff08efbd4f8b8200321b4f9df
:101c64003a0013f039f830b9d4f8c4301b681b6853
:101c74004f4928469847b4f93a0022f0d8ff23f098
:101c8400e3fcc4f8ac004ff4c86254214c4825f07e
:101c94007bfc08e6d4f8c4301b681b684c49284612
:101ca4009847012120461ff065fbfce504f1800301
:101cb400628a0121b4f93a0017f098f8a2e794f87f
:101cc400cf30012b19d0d4f8c4305f68b4f93a008e
:101cd40023f0f3fdb0b1b4f93a0023f0bffa23f0d6
:101ce400b3fcc4f88800d4f884300344c4f89030ba
:101cf4000e2120461ff03efbd5e50f2120461ff0a4
:101d040039fbd0e523f0a0fcd4f8ac30c51a23f09d
:101d1400affc00eb800085427ff6c5adb4f93a0014
:101d240021f032fc4ff6ff736387d4f8c4301b688c
:101d34001b682849384698470f2120461ff01afb94
:101d4400b1e5204606f0def901280bd002287ff425
:101d5400aaad0f2120461ff00dfb23f075fcc4f83b
:101d64008c00a0e5164f00bfb4f8b0508db1b5f5a6
:101d7400c86f28bf4ff4c8652a463946b4f93a00fb
:101d840010f0b0f9b4f8b0301b1aa4f8b0308542a2
:101d9400ead9b4f93a0023f0a3fd20460ef02cf959
:101da40081e500bf54a0000014a00000f7710200f8
:101db40080a00000a8a0000024ee0000d0a0000035
:101dc40058a20020849e00000d72020008a10000a9
:101dd400389e000040a10000227d0b21b4f93c0094
:101de40007f0d4fa204606f08df901280bd002281a
:101df4007ff459ad122120461ff0bcfa23f024fcd5
:101e0400c4f88c004fe5b4f8b05015b30027dff8e0
:101e140094a0a846b5f5c86f28bf4ff4c8684246d9
:101e24005146b4f93c0020f027f90744bfb22d1afb
:101e3400adb2804501d1002debd1b4f93c000bf0db
:101e44007dfd40b900221146b4f93c0021f0d6f9d9
:101e540029e52f46f1e7b4f8b030df1ba4f8b070e1
:101e640020460ef0c9f81ee520461cf0b9feb4f970
:101e74003a0021f089fb4ff6ff73638713e5204690
:101e84001cf0aefeb4f93c0020f086fa0be501210b
:101e940020461ff06ffa06e51bb0bdec028bbde8cf
:081ea400f08f00bf58a20020de
:020000040000fa
:101eac0030b585b0044690f99030002b40f00f818e
:101ebc000378012b04bf0023037090f8d430042b5b
:101ecc0000f22e84dfe813f005008b00d9001b0113
:101edc00110390f90830b3f1ff3f57d090f8fc2074
:101eec00012a22d051b229b1022a43d0ff2380f813
:101efc009030dce003f01f01c3f34a1303f502003a
:101f0c0000f580700022012303fa01f1c00125f0d5
:101f1c0039fd25f025ff21f08dfbc4f8dc0094f889
:101f2c00fc30013384f8fc30cfe025f019ff21f0b0
:101f3c0081fbd4f8dc30984200f0c78094f908306b
:101f4c0003f01f0201219140c3f34a1303f5020071
:101f5c0000f580700a46c00125f014fd25f000ff45
:101f6c0021f068fbc4f8dc0094f8fc30013384f8f1
:101f7c00fc30aae025f0f4fe21f05cfbd4f8dc3058
:101f8c00c31a062b94bf002501258fe090f8fc3076
:101f9c002bb1012b16d0ff2380f8903087e0002363
:101fac000193b44a009201220321d0f8ec0024f0f2
:101fbc0013f8002800f0898094f8fc30013384f881
:101fcc00fc3082e000230193aa4b009301231a46b4
:101fdc000321d0f8ec0023f0ffff054666e0d0f8b3
:101fec00ec0094f8fc30042b43d8dfe813f0050028
:101ffc009d0313009d033300002200929e4b012190
:10200c0024f07efa002860d094f8fc30013384f878
:10201c00fc305ae0d4f8e4309a0ac3f30913b2f551
:10202c00f87f01d11b2b07d0944900201cf00efe29
:10203c00ff2384f890303ae0002200928e4b9049b6
:10204c0024f05efa002840d094f8fc30013384f878
:10205c00fc303ae0d4f8e43003f00f0384f8fe309f
:10206c002bbb884900201cf0f1fdff2384f8903035
:10207c001de0ff2384f8903027e090f8fc10c1f1ac
:10208c00200200230093804b92b2804800eb011198
:10209c00d4f8ec0018f06afb94f8fc500544edb24f
:1020ac0084f8fc50202d14bf002501256db10023b0
:1020bc0084f8fc3094f8d4300133dbb284f8d4309b
:1020cc00052b04bf022384f890300123237094f96c
:1020dc009030022b00f02a8394f804316bb12378f2
:1020ec00012b00f04d83002384f804310121d4f836
:1020fc00ec0008f06ffb0123237005b030bdd0f865
:10210c00ec0094f8fc302e2b00f2e881dfe813f0a1
:10211c002f002f002f002f002f00e601e601e60113
:10212c00e601e60148004800480048004800e60186
:10213c00e601e601e601e6016e006e006e006e003f
:10214c006e00e601e601e601e601e6018900eb011d
:10215c009b00eb01c600eb01dc00eb01f200eb0194
:10216c00080130014d0171019601bb01db010093a7
:10217c00402303aa0521204617f0eafc0546002857
:10218c0094d0039b23b10a2384f8fc3000258de7ff
:10219c003f4900201cf05afdff2384f8903085e75e
:1021ac000a3bdbb200931f2303aa0421204617f03d
:1021bc00cffc054600283ff479af039b13f0100fba
:1021cc0018bf43f0e0035bb284f8f03013f1050f55
:1021dc0004db142384f8fc30002567e72c4900202d
:1021ec001cf034fdff2384f890305fe7143bdbb226
:1021fc0000931f2303aa0821204617f0a9fc0546cb
:10220c0000283ff453af039b13f0100f18bf43f09b
:10221c00e0035bb284f8f1301e2384f8fc30002517
:10222c0044e700230093144b01221a4924f068f967
:10223c00054600283ff43aaf94f8fc30013384f89b
:10224c00fc30002532e7d4f8e430a4f8f230002357
:10225c000093094b0122104924f052f9054600283d
:10226c003ff424af94f8fc30013384f8fc300025a3
:10227c001ce700bf5b400100d14e020038d90100c1
:10228c0094000a0060d901000d730200e4ee000016
:10229c0078d90100840004008a000400d4f8e430ea
:1022ac00a4f8f43000230093ba4b0122ba4924f06d
:1022bc0027f9054600283ff4f9ae94f8fc300133b9
:1022cc0084f8fc300025f1e6d4f8e430a4f8f630bc
:1022dc0000230093af4b0122b04924f011f90546bd
:1022ec0000283ff4e3ae94f8fc30013384f8fc3062
:1022fc000025dbe6d4f8e430a4f8f8300023009392
:10230c00a44b0122a64924f0fbf8054600283ff413
:10231c00cdae94f8fc30013384f8fc300025c5e6d2
:10232c00d4f8e430a4f8fa3094f9f0309bb203f10d
:10233c00090291b203f10e0292b2120142ea812219
:10234c00b4f8f23003f00f031a4300230193009307
:10235c00012392b2934923f03ffe054600283ff437
:10236c00a5ae94f8fc30013384f8fc3000259de6d2
:10237c0094f9f13028339bb2b4f8f420c2f309027b
:10238c0042ea8322002301930093012392b28649ef
:10239c0023f022fe054600283ff488ae94f8fc306a
:1023ac00013384f8fc30002580e694f9f0309bb2c0
:1023bc005a1d91b2b4f8f62022f47c5222f03f025e
:1023cc0042ea012212b292b209331a43002301935a
:1023dc000093012392b2704923f0fefd05460028bc
:1023ec003ff464ae94f8fc30013384f8fc300025e3
:1023fc005ce694f9f0309bb203f1090291b2b4f8a7
:10240c00f82022f47c5222f03f0242ea012212b25e
:10241c0092b20e331a43002301930093012392b21c
:10242c005e4923f0d9fd054600283ff43fae94f8f1
:10243c00fc30013384f8fc30002537e694f9f03099
:10244c009bb203f1110291b2b4f8fa2022f47c523f
:10245c0022f03f0242ea012212b292b216331a4320
:10246c00002301930093012392b24d4923f0b4fd54
:10247c00054600283ff41aae94f8fc30013384f87a
:10248c00fc30002512e694f8fe50002301930093d3
:10249c00012345f6217243f631719d4218bf0a465d
:1024ac00424923f099fd054600283ff4ffad94f80e
:1024bc00fe30012b3ff4faad94f8fc30013384f874
:1024cc00fc300025f2e500230193009301234ff427
:1024dc004042374923f080fd0546e7e5ff2384f8a9
:1024ec0090300025e2e50025e0e5d0f8ec0094f80a
:1024fc00fc30092b00f21081dfe813f00a002500f4
:10250c003a00640077009600ad00cc00e5000201b3
:10251c00637e1bb9042384f8fc30d6e5a17d627d73
:10252c0000230193234b0093012342ea0122224909
:10253c0023f052fd00283ff4c8ad94f8fc30013371
:10254c0084f8fc30c1e5e17d227e00230193194b18
:10255c000093012342ea0122184923f03dfd002893
:10256c003ff4b3ad94f8fc30013384f8fc30ace5a7
:10257c00002301930f4b009301238322104923f076
:10258c002bfd00283ff4a1ad94f8fc30013384f806
:10259c00fc309ae5d14e0200ad000400ae00040000
:1025ac00af000400840004008a000400d000040082
:1025bc00e00004000d73020002ca040005ca040006
:1025cc008700040000230193864b009301234ff4f2
:1025dc000042854923f000fd00283ff476ad94f8c5
:1025ec00fc30013384f8fc306fe594f8953094f8a6
:1025fc009420120442ea036294f892301a4394f83d
:10260c00931000230193774b0093012342ea01229c
:10261c00764923f0e1fc00283ff457ad94f8fc30e8
:10262c00013384f8fc3050e594f8971094f8962018
:10263c00002301936b4b0093012342ea01226c4966
:10264c0023f0cafc00283ff440ad94f8fc30013371
:10265c0084f8fc3039e594f8973094f896201204fd
:10266c0042ea036294f894301a4394f895100023cc
:10267c0001935c4b0093012342ea01225d4923f054
:10268c00abfc00283ff421ad94f8fc30013384f806
:10269c00fc301ae5a37e002b4ff000030193514b45
:1026ac0000934ff0010314bf102200224ff00111d0
:1026bc0023f092fc00283ff408ad94f8fc30013371
:1026cc0084f8fc3001e5e17e49f2260249f226232a
:1026dc00002918bf1a46237f0bb142f480720023e5
:1026ec000193404b00930123042123f075fc002837
:1026fc003ff4ebac94f8fc30013384f8fc30e4e4a8
:10270c00002301933c4b009301230c224ff48031a6
:10271c0023f062fc0546c9e4ff2384f89030c6e43c
:10272c00ff2380f89030d0e40025bfe4637e53bbd8
:10273c00d4f8e830002b43d194f90750c5f34a1074
:10274c0000f5020000f58070c00125f07bfb05f060
:10275c001f0520fa05f515f0010f7ff4bdac2378a9
:10276c00012b04bf002323700021d4f8ec0008f0e7
:10277c0031f80123237094f80431002b3ff4bdace5
:10278c0000232370afe425f0ebfa20f053ffd4f8cc
:10279c00e030c31ab3f57a7fcad3c4f8e0002378cb
:1027ac00012b04bf0023237000230093134b012241
:1027bc001349d4f8ec0023f0a3fe01232370b7e7f0
:1027cc0025f0cefa20f036ffd4f8e830c01a632892
:1027dc00b2d90023c4f8e830d4f8ec0025f017fa8d
:1027ec00aae700bf0d73020001ca04002400010017
:1027fc002500010022000100856d0200b35c02007f
:04280c0003ca0400f7
:020000040000fa
:1028100058bc00201c00000000000000e45e002006
:102820000400000000000000dcb6002004000000ee
:1028300000000000d4b700206c0000000000000081
:1028400038bf0020010000000000000040bf002051
:10285000d400000001000000480a0200000000004f
:102860000000000000000000000000000000000068
:102870000000000000000000000000000000000058
:102880000000000000000000000000000000000048
:102890000000000000000000000000000000000038
:1028a0000000000000000000000000000000000028
:1028b0000000000000000000000000000000000018
:1028c0000000000000000000000000000000000008
:1028d00000000000000000000000000000000000f8
:1028e00000000000000000000000000000000000e8
:1028f00000000000000000000000000000000000d8
:1029000000000000000000000000000000000000c7
:1029100000000000000000000000000000000000b7
:1029200000000000000000000000000076c0002051
:102930000100000001000000ff0000000cba0020b0
:102940000400000000000000e0b60020800000004d
:102950000000000088b900204400000000000000d2
:10296000e85e0020901100000000000034bf00204d
:102970000100000000000000d4bb002004000000a3
:1029800000000000d4bc0020100000000000000087
:10299000ccb000200c0100000000000090bd002021
:1029a0000400000000000000a0b80020500000005b
:1029b0000000000094bd00200400000000000000a2
:1029c00078b40020a40000000000000060b70020e0
:1029d0007400000000000000f0bc002010000000a7
:1029e000000000004cad00201802000000000000b4
:1029f000bcb50020900000000000000098a8002056
:102a0000800200000000000098bd002028000000a7
:102a100000000000e4bc00200c00000000000000ea
:102a200090bc0020180000000000000074bc0020d2
:102a30001c00000000000000c0bd002004000000d9
:102a40000000000057bc0020010000000000000052
:102a5000c4bd002004000000000000009cc0002055
:102a60000400000001000000ffffffff14c0002071
:102a70002800000001000000bb010300d10101009b
:102a80004b020100330203007c020300dd0303005c
:102a9000de030300e0030300e1030100b3220100b1
:102aa000a8bc00201800000000000000c8bd0020e5
:102ab0000c0000000000000066bd002002000000c5
:102ac00000000000d4bd0020040000000000000051
:102ad000889a0020d007000000000000d8bd002028
:102ae0001000000000000000d2bc00200200000026
:102af00000000000e8bd0020080000000000000009
:102b0000c0bc0020110000000000000038bc002004
:102b10001f00000000000000f0bd002004000000c5
:102b2000000000001ebf00200200000000000000a6
:102b3000f4bd0020100000000000000022bf0020b3
:102b4000020000000000000004be00200800000099
:102b50000000000026bf002002000000000000006e
:102b60000cbe00201000000000000000d1bc0020be
:102b70000100000000000000a0c0002004000000d0
:102b800001000000640000001cbe002008000000de
:102b900000000000ccba0020380000000000000057
:102ba00024be00201c0000000000000020bd00200a
:102bb0000c0000000000000000bd0020100000001c
:102bc000000000001dbf0020010000000000000008
:102bd00028bf0020040000000000000040be0020cc
:102be000040000000000000010bd002010000000e4
:102bf0000000000044be00200c00000000000000a7
:102c00005cbd00200a0000000000000050be002053
:102c10001c000000000000002cbf0020020000008b
:102c2000000000006cbe0020080000000000000052
:102c300021bf0020010000000000000040b900207a
:102c4000480000000000000094c0002006000000c2
:102c500001000000ffffffffffff000074be002027
:102c60000c000000000000002ebf00200400000047
:102c70000000000080be00200c00000000000000ea
:102c800025bf002001000000000000008cbe0020d5
:102c90000400000000000000e0b20020d8000000a6
:102ca0000000000004bb0020340000000000000011
:102cb00090be0020040000000000000035bf00208e
:102cc000010000000000000094be0020040000008d
:102cd0000000000058a20020400600000000000094
:102ce0002cbd002018000000000000004cb60020a1
:102cf000900000000000000098be00200c000000c2
:102d00000000000018ab00203402000000000000aa
:102d100064af00206801000000000000d8bb002064
:102d2000600000000000000032bf00200200000030
:102d30000000000036bf002001000000000000007d
:102d400038bb00202c00000000000000887a002022
:102d50000010000000000000ccb90020400000007e
:102d60000000000068bd002010000000000000000e
:102d7000a4be0020040000000000000037bf0020b7
:102d80000100000000000000888a00200008000008
:102d900000000000a8be00200800000000000000a5
:102da000b8b30020c00000000000000078bd002083
:102db000080000000000000044bd00200c000000de
:102dc00000000000889200200008000000000000c1
:102dd00039bf00200200000000000000b0be00204b
:102de000080000000000000010ba002040000000b1
:102df000000000001cb50020a00000000000000042
:102e000062c000200200000001000000010000007c
:102e1000b8be002010000000000000003bbf0020f2
:102e20000100000000000000d8b1002008010000ef
:102e30000000000064bb00204c0000000000000007
:102e400024bf00200100000000000000c8be0020d8
:102e50000400000000000000b0bb002024000000bf
:102e60000000000020bf0020010000000000000062
:102e700088c000200c00000001000000f4010000e8
:102e8000d0070000010000003cc000202600000028
:102e90000100000008000800020001000200080014
:102ea000000600060101540030303a30343a323521
:102eb0003a30313a30323a303300000064c00020fa
:102ec000120000000100000030303a30343a323550
:102ed0003a30313a30323a303400000078c00020c5
:102ee0001000000001000000010100009d0502002b
:102ef000f92a020000000100a8c000200200000022
:102f0000010000000001000040b800206000000047
:102f100000000000ccbe00200c00000000000000fb
:102f20001cbf00200100000000000000d8be0020ef
:102f3000040000000000000080bd00200800000028
:102f4000000000003cbf0020030000000000000063
:102f5000dcbe002004000000000000003fbf002095
:102f60000100000000000000e0be0020040000009e
:102f70000000000090ba00203c00000000000000ab
:102f800000000020e45e000000000000e4be00201d
:102f90001c0000000000000078700020100a0000f3
:102fa0000000000088bd00200800000000000000b4
:102fb00000bf0020040000000000000077c00020d7
:102fc00001000000010000000700000050ba0020ce
:102fd000400000000000000004bf00200c000000c2
:102fe00000000000a4c00020040000000100000058
:102ff0000100000010bf00200400000000000000dd
:10300000f0b80020500000000000000014bf0020b5
:10301000040000000000000018bf002004000000b1
:103020000000000050bd00200c0000000000000067
:103030000000000000000000666666666666666660
:020000040000fa
:103040005478204279746520436f756e742d6c6fcf
:10305000776572203332626974732854784f544c08
:103060004f290000597a0200547820427974652073
:10307000436f756e742d757070657220313662699c
:1030800074732854784f544849290000637a020029
:103090005478204672616d657320772f6f206572ba
:1030a000726f722854784654434e54290000000031
:1030b000000000006d7a020054782042726f616453
:1030c00063617374204672616d657328547842435e
:1030d000465429000000000000000000777a02003a
:1030e0005478204d756c7469636173742046726105
:1030f0006d65732854784d46542900000000000087
:1031000000000000817a02005478205061757365d8
:10311000204672616d65732854785046542900002a
:103120000000000000000000000000008b7a020098
:1031300054782036342d62797465204672616d654d
:1031400073285478424654363429000000000000a9
:1031500000000000957a020054782036352d313277
:10316000372062797465204672616d657328544218
:103170004654313237290000000000009f7a0200d7
:103180005478203132382d323535206279746520fb
:103190004672616d657328544246543235352900b4
:1031a00000000000a97a02005478203235362d350f
:1031b00031312062797465204672616d65732854df
:1031c000424654353131290000000000b37a020034
:1031d0005478203531322d313032332062797465a4
:1031e000204672616d657328544246543130323343
:1031f00029000000bd7a0200547820313032342d8d
:10320000313531382062797465204672616d65739d
:10321000285442465431353138290000c77a02001b
:103220005478204672616d6573203e3d2031353102
:10323000382062797465284754424631353138293f
:1032400000000000d17a0200547820556e64657247
:1032500072756e204672616d6573206e6f742054b6
:10326000586564285478545552290000db7a0200ce
:1032700054782053696e676c6520436f6c6c69737a
:10328000696f6e204672616d6573285478534346aa
:1032900029000000e57a0200547820322d313520d3
:1032a000436f6c6c6973696f6e204672616d6573f4
:1032b0002854784d4346290000000000ef7a0200b0
:1032c000547820313620436f6c6c6973696f6e20bf
:1032d0004672616d65732854784543434e54290006
:1032e00000000000f97a02005478206c61746520b7
:1032f000436f6c6c6973696f6e204672616d6573a4
:103300002854784c43434e5429000000037b0200ac
:103310005478204465666572726564204672616dfa
:1033200065732854784454462900000000000000ca
:10333000000000000d7b0200547820436172726926
:1033400065722053656e7365206572726f722046d8
:1033500072616d657328547843534529177b0200c9
:103360005278204279746520436f756e742d6c6fae
:10337000776572203332626974732852784f524ce9
:103380004f290000217b0200527820427974652089
:10339000436f756e742d7570706572203136626979
:1033a00074732852784f5248492900002b7b020041
:1033b0005278204672616d657320772f6f20657299
:1033c000726f722852784652434e54290000000012
:1033d00000000000357b020052782042726f616469
:1033e00063617374204672616d657328527842433d
:1033f0004652290000000000000000003f7b020050
:103400005278204d756c74696361737420467261e3
:103410006d6573202852784d465229000000000047
:1034200000000000497b02005278205061757365ee
:10343000204672616d65732852785046522900000b
:10344000000000000000000000000000537b0200ac
:1034500052782036342d62797465204672616d652c
:10346000732852784246523634290000000000008a
:10347000000000005d7b020052782036352d31328d
:10348000372062797465204672616d6573285442f5
:10349000465231323729000000000000677b0200ed
:1034a0005278203132382d323535206279746520da
:1034b0004672616d65732854424652323535290093
:1034c00000000000717b02005278203235362d3525
:1034d00031312062797465204672616d65732854bc
:1034e0004246523531312900000000007b7b02004a
:1034f0005278203531322d31303233206279746583
:10350000204672616d657328544246523130323321
:1035100029000000857b0200527820313032342da2
:10352000313531382062797465204672616d65737a
:103530002854424652313531382900008f7b020031
:103540005278204672616d6573203e3d20313531e1
:103550003920627974657328544d584246522900c7
:1035600000000000997b02005278204672616d6570
:1035700073203c2036342062797465732852785564
:10358000465229000000000000000000a37b02005a
:103590005278204672616d6573203e203135313896
:1035a0002062797465732852784f465229000000d2
:1035b00000000000ad7b02005278206572726f72cd
:1035c000204672616d6573203e20313531382062ae
:1035d000797465732852784a52290000b77b02003b
:1035e000527820435243206572726f722046726196
:1035f0006d6573285278464353452900000000004a
:1036000000000000c17b02005278204c656e677498
:1036100068206669656c64206572726f72204672fc
:10362000616d65732852784c46464529cb7b020074
:1036300052782073796d626f6c206572726f7220a0
:103640004672616d65732852785253452900000017
:1036500000000000d57b0200527820616c69676e23
:103660006d656e74206572726f72204672616d6551
:10367000732852784145290000000000df7b0200da
:103680005278205265736f75726365204572726f50
:103690007220285278525245290000000000000094
:1036a00000000000e97b02005278206f766572729c
:1036b000756e206572726f72204672616d65732837
:1036c0005278524f4529000000000000f37b0200b1
:1036d00052782049504864722043686b73756d209e
:1036e0006572726f72204672616d657328527849f7
:1036f00048434529fd7b0200527820544350204323
:10370000686b73756d206572726f72204672616da1
:10371000657328527854434529000000077c020055
:103720005278205544502043686b73756d20657244
:10373000726f72204672616d6573285278554345e9
:0837400029000000117c0200c9
:020000040000fa
:103748002de9f04f8db0d0f850a00a68436d846d14
:1037580083ea040e0eea0a0e8eea040ed84bc46cf5
:1037680023440a9213449e440aeb7e6e4e68436dce
:103778008aea030707ea0e075f40d24b856d2b44a0
:10378800009633441f440eeb37578b681a468aea73
:103798000e053d4085ea0a05cb4b446d2344019252
:1037a80013441d4407ebf535cb681c468eea070623
:1037b8002e4086ea0e06c54b5344029423441e4409
:1037c80005ebb6260b691c4687ea050333407b40a8
:1037d800bf4a039422449644734406eb73694a69ca
:1037e800134685ea060404ea09046c40b94a0493be
:1037f8001a4417443c4409eb34548b6986ea09029d
:1038080022407240b44f05931f443d442a4404ebc0
:10381800f232cf6989ea040808ea020888ea090846
:10382800ae4d06973d442e44b04402ebb8280f6acb
:1038380084ea020c0cea080c8cea040ca84d0797e1
:103848003d4409eb05039c4408eb7c6c4d6a82ea15
:10385800080909ea0c0989ea0209a24b08952b44d0
:103868001c44a1440ceb39598b6a88ea0c0e0eea09
:10387800090e8eea080e0993a3f524434f3b1a4418
:10388800964409ebfe3eca6a16468cea090505ea23
:103898000e0585ea0c05944b1344984445440eebf9
:1038a800b525d1f8308089ea0e072f4087ea090745
:1038b8008e4b43449c44674405eb7767d1f834c08a
:1038c8008eea05033b4083ea0e03894a6244914429
:1038d8004b4407eb3353d1f8389085ea07041c4072
:1038e8006c40844a4a449644744403ebf434d1f857
:1038f8003ce087ea030222407a407f4971440d4444
:103908002a4404ebb22284ea020b0bea030b8bea8b
:10391800040b7a49009d29440f44bb4402ebfb6b1e
:1039280082ea0b07274057407549059d29440b44f7
:103938001f440bebf7578bea0703134083ea0b038b
:1039480070490b9631440c44234407ebb34387ea90
:10395800030505ea0b057d406b490a9c21440a448e
:10396800154403eb353583ea05023a405a40674966
:10397800049e31448b445a4405ebf26285ea020105
:1039880019406940624c099e34442744394402eb8b
:10399800f15182ea01042c4054405e4f77443b4485
:1039a8001c4401ebb44481ea040313404b405a4fd2
:1039b800039e37443d442b4404eb333384ea030b22
:1039c8000bea010b8bea040b544d089e35442a443c
:1039d800934403ebfb6b83ea0b0727405f40504a95
:1039e8004a4411440f440bebf7578bea07051d4077
:1039f80085ea0b054b4a02990a441444254407eb0f
:103a0800b54587ea050202ea0b027a404649079e55
:103a180031440b441a4405eb323285ea02033b4039
:103a28006b40424961448b445b4402ebf36382ea96
:103a38000301294051403e4c019e344427443944f7
:103a480003ebf15183ea010414405c40394f069eb0
:103a580037443d442c4401ebb44481ea040b0bea9f
:103a680003054d40344f47443a44154404eb35357b
:103a7800049fa7f5b822a2f2be6213448bea050b95
:103a88005b4405eb337384ea05025a402b4f079ecb
:103a980037443944114403eb715185ea030b8bea2f
:103aa800010b274a0b9f3a4414445c4401eb34440d
:103ab80083ea01076740234a4a4415442f4443e0f8
:103ac80078a46ad756b7c7e8db702024eecebdc10c
:103ad800af0f7cf52ac68747134630a8019546fde7
:103ae800d8988069aff7448bbed75c892211906b58
:103af800937198fd8e4379a62108b44962251ef674
:103b080040b340c0515a5e26aac7b6e95d102fd609
:103b18005314440281e6a1d8c8fbd3e7e6cde121de
:103b2800d60737c3870dd5f4ed145a4505e9e3a93f
:103b3800f8a3effcd9026f678a4c2a8d81f671874a
:103b480022619d6d0c38e5fd04eb772781ea0402bc
:103b58007a40944d009e35442b44134407eb33734d
:103b680084ea07025a40904d039e35442944114483
:103b780003eb715187ea030b8bea010b8b4a069d15
:103b88002a441444a34401eb3b4b83ea010282ea32
:103b98000b02874c099d2c4427443a440beb7222b4
:103ba80081ea0b045440834d65442b44234402ebc3
:103bb80033738bea02075f407f4c0a9e34442144ea
:103bc8000f4403eb775782ea03057d407b49029c4b
:103bd80021448b445d4407eb354583ea070b8beaa8
:103be800050b7749059c21440a44934405eb7b2b3c
:103bf80087ea050484ea0b04724a08990a441344c4
:103c08001c440beb347485ea0b0161406e4b434452
:103c18001f44394404eb71518bea04034b406b4a4f
:103c2800724415441d4401eb354584ea01026a409b
:103c3800674b019f3b449b445a4405eb722262ea5e
:103c480001036b40634f37443c44234402ebb363a6
:103c580063ea050b8bea020b5f4c069f3c44214448
:103c68008b4403ebbb5b6bea02075f405b4949444b
:103c78000d442f440beb774767ea030484ea0b04ef
:103c88005749049d29440a44144407ebf42464ea80
:103c98000b057d40534a424413441d4404ebb5656b
:103ca80065ea070888ea04084f4b02990b449b44cd
:103cb800d84405ebb85868ea04036b40099aa2f5a2
:103cc8008016a6f683363e44334408eb734363ea12
:103cd800050989ea08094549009e31440c44a14474
:103ce80003ebf92969ea08065e40414a07990a4444
:103cf80015442e4409ebb66666ea030181ea090118
:103d08003c4a72449044414406ebb15161ea0904cb
:103d18007440394a059d2a4413441c4401eb7444f9
:103d280064ea06054d40354b634499444d4404eb21
:103d3800f52565ea01076740314a039b1a44164492
:103d4800374405ebb76767ea04036b402d4a0b9ebf
:103d580032441144194407ebb15161ea05067e402b
:103d6800294a019b1a441444344401eb7444c36c3b
:103d78003b44c36464ea07074f40244b089a134442
:103d88001d442f440aeb040505ebf7250565436d33
:103d98001c444465836d1944816500200db0bde85d
:103da800f08f00bf44eabea4a9cfde4b604bbbf640
:103db80070bcbfbec67e9b28fa27a1ea8530efd427
:103dc800051d880439d0d4d9e599dbe6f87ca21f13
:103dd8006556acc4442229f497ff2a43a72394ab21
:103de80039a093fcc3595b6592cc0c8fd15d848557
:103df8004f7ea86fe0e62cfe144301a3a111084ee4
:103e0800827e53f735f23abdbbd2d72a91d386ebdf
:020000040000fa
:103e1800b14b834240f04183b04b93f90020531ecd
:103e2800dbb2012b00f239832de9f04f87b0ac4ba0
:103e38001b685bb1012a1ad0a94b1c68a64b1b88ca
:103e4800002b00f01c830025a34e7be0a54b1b68cc
:103e580002a89847002800f3f58220b9029810b10b
:103e680003f046fbeee29d4b00221a70eae29e4bfd
:103e78001b68b3f1ff3fdfd19c4a0021052022f0e7
:103e88001dfd994b1860b0f1ff3f2ed021f0eefbdd
:103e980000eb800303f2e733954aa2fb03239b0957
:103ea8004ff47a7606fb03f3b3fbf0f6914b1e60f2
:103eb8000225914c04e001351034282d00f0d682fb
:103ec8002368002bf7d0b4f90a20002af3d0214642
:103ed800a8b221f09ffa0028edd106f5a673b3fb2e
:103ee800f6f306fb03f6854b1e6023f06bfd88b9dd
:103ef80017f04af8794bff221a7023f063fd002867
:103f080000f0a08223f058fd4ff0ff327c491af0f0
:103f18009ffe97e223f050fd05227a491af098fe99
:103f2800e6e703230422214630461bf093ff94f86a
:103f3800433043f0800384f84330013574343188ca
:103f48008d424bdae06c0028f7d0636c9b69984788
:103f580094f8433013f0400fefd0636c5b69e06c6a
:103f680098470028dddb0228e7d10023029303935a
:103f78000493059340f2dc53adf81230636c1b6c6c
:103f880002a9206d98470298e063bdf80c30a4f8a8
:103f98004030bdf80e30003318bf012394f8432099
:103fa80063f3451284f84320bdf81230a4f8663054
:103fb8009df8153084f868309df8143084f869301d
:103fc80094f8423043f0400384f84230d3b203f00f
:103fd800bf0343f0800384f84330aee73f4b93f9c7
:103fe8000030012b25d000201cf090fb464b1b68ad
:103ff80033b9464b1a68464b1b68134300f02282bc
:10400800414b1b68002b40f089804ff000083f4b64
:104018001b68002b00f091813c4b00221a60304b4a
:104028001c682d4b1b88002b00f01a811646394f4f
:10403800e8e02b4b1e68002900f027823246002555
:104048002b46012706e007fa03f0054301337432d3
:10405800994212d092f8430000f00c04042cf2d1db
:1040680010f0800f00f0ee8192f8420010f0400f3f
:10407800ecd007fa03f00543e8e7012202fa03f35c
:10408800013bab4200f00182134b1b88abb100240b
:1040980044f24008104f0ae0032304223146384610
:1040a8001bf0d8fe013474363b889c4205dab6f81a
:1040b800423018ea030ff5d0eee7084bff221a70da
:1040c80023f080fc002800f0bd8123f075fc2a460f
:1040d80011491af0bdfdb5e174bc002057bc0020a1
:1040e800bcbd0020c0bd00209cc000207d53020044
:1040f800d34d6210b4bd0020b8a80020b0bd002088
:10410800d8720100a8720100a8bd0020c4bd00201b
:10411800acbd0020c8b50020487301000025b44b91
:104128001d6023f055fc044620f092fc06460f461d
:1041380022462b4620f004fdae4b1860ae4aa2fb87
:10414800043292092b463046394620f0f9fcab4b35
:104158001860ab4b1b68ab4a12689b1aab4204dd74
:10416800a74a13604ff0010851e703f24d13a44a20
:104178001360a54b1c68a54b1b88002b00f06c81b5
:104188000025a24e0ee094f86a3043f0020360f373
:10419800820360f3000384f86a300135743433888d
:1041a8009d420fda94f8423013f0400ff5d0636c5b
:1041b8005b6a206d984794f86a3003f001039842cf
:1041c800e1d1eae74ff0010821e74ff0010823e7c2
:1041d800002503e08c62384622f08efc636c5b6b32
:1041e8002a462946206d984701460028f2d1884a78
:1041f80013680133136029e001367434834b1b883c
:10420800b3422ddd94f8423013f0400ff4d0b4f8e7
:104218006250636c5b6d206d98470543adb223f027
:1042280099fdb4f8623023ea0503a4f8623023f05c
:1042380095fdb4f864302b43a4f86430636c1b6daf
:104248002946206d984715f0160fc1d194f84330d0
:1042580013f0200fd0d0636c9b6b206d9847cbe791
:104268004ff0000bdff8b49109f10c07dff8b0a1ab
:104278000af10803019305e001226ff00c012846ba
:1042880020f04efa384622f001fa054600284bd0b5
:104298006b699b891c0a44ea0324a4b2a86a866d48
:1042a8002eb1c36d22462946b0470028ead12846d8
:1042b80002f0defc0028e5d140f606039c420dd052
:1042c800b4f5006f07d04ff6ff739c42d4d10af1c2
:1042d8001004022604e0019c012601e00026544651
:1042e8002b6a23f47c132b62626813432b62608869
:1042f80000eb4000294609eb800022f0fdfb01237a
:1043080003fa06f616ea0b0fbcd14bea060b6388d4
:10431800404800eb0310038943f0010303810022a6
:10432800012122f027f9ade723f014fd394a138b58
:1043380023f00103138323f011fd334b1b68334a29
:10434800108820b3002240f286651446324e09e0f8
:104358003168013131600ee0a3f8644001327433f2
:10436800824214d093f8421011f0400ff6d0b3f8ff
:1043780064100d42ecd193f86a1011f0020febd0e3
:1043880093f86a106ff3410183f86a10e4e7b8f113
:10439800000f66d11f4d05f1300405f5247544e082
:1043a8001344a381238943f00203238100220221bd
:1043b800204622f0dff81034ac420fd02368002bdf
:1043c800f9d0b4f90a20002af5d03168a3895b1a1c
:1043d8009bb219b20029e3dda181ece723f0bafc16
:1043e8000c4a138923f00203138123f0b7fcd1e7a9
:1043f800a8bd00209cbd0020d34d621098bd0020b0
:10440800b0bd0020b4bd0020bcbd002074bc00209d
:10441800a4bd002098a80020a0bd0020bcb50020a5
:10442800846002001034ac4209d054f8103c34f8cf
:10443800082c002bf6d0002af4d09847f2e7174b47
:104448001b6813b907b0bde8f08f00224ff48071e4
:10445800134822f08ff8f5e7124b1b68002b7ff406
:10446800b4ae114c114e04f51875a7e706f5a673fe
:10447800b3fbf6f306fb03f60d4b1e60dce40d4bb5
:1044880093f90030012b7ff4aead0a4b02221a706b
:104498000949002020f0acfaa5e57047acbd002022
:1044a800a8a80020c4bd0020b8a80020b4bd0020e2
:0c44b800b0bd002057bc002018730100ac
:020000040000fa
:1044c4002de9f04f8db08246894600230893099365
:1044d4000a930b9343680393aa4b1968002940f38a
:1044e400b8829346a84b93f8ce30012b00f0b882e3
:1044f4000023a54d0133d8358b4200f0aa8295f8ec
:10450400ce20012af6d1a04beb1adb1003ebc30239
:1045140003eb4203c3eb432303eb8343daf80020aa
:1045240054685a4299490398a047002485f8d14019
:1045340002232b7485f8cf4041f289336b82944b6c
:10454400ab6121f095f804906c6000eb80035b0094
:10455400ab6028602c75c5f8c4a028461df05efc2d
:10456400b9f1010fc8bf012411dc95f8d130002b3b
:1045740000f0e581012b00f01d820db0bde8f08f45
:10458400012385f8d1300134e4b24c45edda5bf80f
:10459400246002227f49304622f0e6f90028efd059
:1045a40005227d49304622f0dff90028e8d00222b6
:1045b4007a49304622f0d8f928b1052278493046a4
:1045c40022f0d2f910b901232b74dce702227549d9
:1045d400304622f0c9f930b105227349304622f041
:1045e400c3f900285cd101232b741c44e4b25bf8aa
:1045f4002460304622f068fdc7b207f1ff38b044aa
:104604006a49404622f021feb8b16949404622f089
:104614001cfe00283dd14ff47a7807f1ff3cbcf131
:10462400000f33dd00273a464ff0010e3b46059458
:104634007146b64644460e46f4e15d49404622f0d2
:1046440004fe00285b4b0cbf4ff47a789846e4e7ed
:1046540002eb820200eb4202303aede12346059c74
:1046640003fb07f3424501d208fb02f208920993c7
:10467400daf80010981800904e684f49daf80400f0
:10468400b047089b099a1344ab617ce700221346a8
:10469400eae7012208a9304617f0a2ff089bf3e7d6
:1046a40002224649304622f05ff928b105224449e6
:1046b400304622f059f950b90134e4b2012208a974
:1046c4005bf8240017f08cff089bab615be70222c8
:1046d4003c49304622f048f928b105223a4930468f
:1046e40022f042f9b8b9002385f8d1300134e4b29c
:1046f400042208a95bf8240017f072ff089b85f8d0
:104704004430099b85f845300a9b85f846300b9b5d
:1047140085f8473037e702222c49304622f024f945
:1047240028b105222a49304622f01ef978b901340d
:10473400e4b2012208a95bf8240017f051ff089b9a
:10474400049a02fb03f3ab6000236b601be70222b5
:104754002049304622f008f930b105221e4930467e
:1047640022f002f9002839d10134e4b2012208a967
:104774005bf8240017f034ff089b6b600023ab60e8
:1047840001e700bf94be0020e0b20020bcee0000b0
:1047940080969800e0ec0000e4ec0000f0ec0000ef
:1047a400f4ec0000fcec000000ed00000ced000057
:1047b40010ed000040420f0014ed000030ed000049
:1047c40034ed000040ed000044ed000050ed000029
:1047d40054ed00005ced000060ed00000222a149f0
:1047e400304622f0c1f830b105229f49304622f00c
:1047f400bbf8002836d10134e4b25bf824004378d6
:10480400782b17d0012208a917f0eafe9df82000a2
:104814000246202820d018d9a0281ad0c0281ed19a
:1048240010232b75daf800305e682b7d8f490398ce
:10483400b047a8e683788df81f30c3788df81e3012
:10484400bdf81e001ef0b0fde2e740b900232b7551
:10485400e8e720232b75e5e708232b75e2e700231f
:104864002b75dfe702228249304622f07df828b119
:1048740005228049304622f077f858b90134e4b271
:10488400012208a95bf8240017f0aafe089ba5f8ea
:10489400d23078e602227849304622f065f828b111
:1048a40005227649304622f05ff868b90134e4b253
:1048b400012208a95bf8240017f092fe089b049ad1
:1048c40002fb03f32b605ee602226d49304622f0c0
:1048d4004bf828b106226b49304622f045f850b90e
:1048e4000134e4b2012208a95bf8240017f078fe31
:1048f400089b6b8247e602226349304622f034f873
:1049040038b105226149304622f02ef800287ff4a0
:104914003aae0134e4b2012208a95bf8240017f08e
:104924005ffe089b332b01d9eb602ce6d5f8c4302d
:104934001b685b6834225649039898471de600219a
:1049440005f1800021f082f8c5f8c80010b32b7c73
:10495400022b2ad0012b06bfab8907ee103a9fed3c
:104964004d7added047ab8ee676aab69db0807eed1
:10497400903af8ee677ab8ee477ac7ee876ac6eee1
:10498400267afceee77ac5ed217a0a2128461cf046
:10499400f1fcf2e5daf800301b683f4903989847c8
:1049a40022f0acffc5f8c800d1e7b5f8d23007ee65
:1049b400103ad6e7daf800301b683849039c2046e1
:1049c4009847daf800301b683549204698472b7c15
:1049d400012b0fd02b7c022b13d0d5f8c4301b68cd
:1049e4005b686a8a2f4903989847022128461cf07d
:1049f400c1fcc2e5daf800301b682b4903989847dc
:104a0400e8e7daf800301b68284903989847e4e798
:104a14002e2802d108fb02f200260133dbb26345e3
:104a2400bff61cae1ef80300a0f13001c9b209297b
:104a3400eed8002e7ff40cae002eeed107eb8707e4
:104a440000eb4700a0f130071949a1fb0401cc0891
:104a5400e3e7daf800301b681649039898478ce5b9
:104a6400154d50e568ed00006ced000074ed00009c
:104a7400a0ed0000a4ed0000146f0100aced0000f7
:104a8400b8ed0000bced0000c4ed0000c8ed00006e
:104a9400d0ed000000000000fced000024ee00005a
:104aa40060ee000084ee00007cee000080ee00006a
:0c4ab400cdcccccc90ee0000e0b2002095
:020000040000fa
:104ac00090f87730012b40f0cb822de9f04786b08b
:104ad00004460e469146c26c002a60d0136a13f059
:104ae000080f5cd143f008031362c76c002f56d047
:104af0000023a7f85630a7f85430bb64a7f86e30ef
:104b0000a7f86c303b663a6913603a69938116f0f6
:104b1000010f07d094f83f3043f0010384f83f3091
:104b200006f0fe0694f83e3003f023036ff34513be
:104b300084f83e3094f87730012b0cbffd690025d6
:104b40002b7b6ff307132b7316f0060f59d016f05b
:104b5000020f00f01c8102238df8143004238df81d
:104b6000153094f87730012b34d00020030a43ea43
:104b70000023adf81630a4f86c002b7bc3f30312ae
:104b8000013262f307132b7394f87730012b04bfc3
:104b9000059b6b61636d6bb34ff00008f9e0b64b9a
:104ba00004221421782020f001fa0746002800f0a2
:104bb0005a82b24b8360c4600123a0f87030a0f821
:104bc0005830036a43f008030362e36c002b9ed164
:104bd000e0649ce7a36c2bb1a06c21f0d9fd1438e4
:104be00080b2c3e720461ef02ef80028f4d16ff003
:104bf000030089e1204614f003fc60654ff00008d3
:104c0000c7e0b4f86a80a26823699a4200f034824f
:104c1000b4f86430002b00f0aa8094f87730012bb0
:104c20002dd0b4f86c30984528bf9846a368216908
:104c30008b423cd95b1ab4f864a09a4528bf9a46c7
:104c4000d04506d294f83e3043f0800384f83e30dd
:104c5000c24694f87730012b16d023695344236160
:104c600094f83f3013f0010f00f08380b4f8643003
:104c700053457ed0d0457cd046f0010679e023f044
:104c8000e3f80028d2d1cce70023bb6459b11ffa66
:104c90008af3a7f85630a7f8543039653b6907f115
:104ca00048021a60d9e73b6900221a60d5e76268ba
:104cb000521a206813441b1ab4f864a09a4528bffe
:104cc0009a46d04506d294f83e3043f0800384f8eb
:104cd0003e30c2461346524528bf5346baeb030244
:104ce0002cd094f877c0bcf1010f0ad0236953444b
:104cf000236162689342b3d32168521a9b1a2361dd
:104d0000aee7a0b192b2a7f86e20a7f86c20b86603
:104d100007f16002ba6469b19bb2a7f85630a7f8f0
:104d2000543039653b6907f148021a60dee700221a
:104d3000ba64f0e73b6900221a60d7e794f877205d
:104d4000012ad3d10022ba6451b19bb2a7f85630e0
:104d5000a7f8543039653b6907f148021a60c5e786
:104d60003b6900221a60c1e74ff0000a7ee74ff06e
:104d7000000a1ffa8af8baf1000f0ad0b4f86430ba
:104d8000a3eb0803a4f8643046f0080606e04ff0f1
:104d9000000816f0030f45d04ff0000a19f0010f7c
:104da0000dd0002384f87830354b1a684ff47a73ad
:104db00003fb02f3334aa2fb03239b09236520f084
:104dc00045fc236d1844606294f83e3043f00203c2
:104dd00084f83e30b4f862302b80b4f860306b80d9
:104de000636d6b60a36dab602b7b6ff303032b7361
:104df0006e7300236b822b82636d5344636516f0e0
:104e0000020f4dd016f0100f04bf0023ab6094f8d2
:104e1000743013f0080f37d06b68013b6b604ff0b4
:104e200004093fe019f0020f0ad094f879300133f9
:104e300084f87930636d013b63654ff0010ac9e77f
:104e400094f83e3013f0020f13d019f0010f08d17f
:104e500094f878302bb1013b84f87830236d5b08ef
:104e6000236520f0f3fb236d184460624ff0000ac5
:104e7000b0e74ff0000aade706002000717b0100ab
:104e80007cbe0020d34d6210636d0133636594f8de
:104e9000743043f0080384f874304ff0040901e0e3
:104ea0004ff0000916f0010f05d094f8743043f06c
:104eb000040384f8743016f0100f05d094f87530a0
:104ec00043f0010384f87530e369226a934223d3e7
:104ed000a1696069091a9b1acb1a9bb2eb81a4f8ed
:104ee000663028461af026fd2b7bc3f303120532e9
:104ef00062f307132b7394f87730012b10d0b8f1bd
:104f0000000f7ed14ff0ff3094f87730012b00f086
:104f1000a28006b0bde8f087d31a013b9bb2dde763
:104f2000236c23b90025b8f1000f6dd06ae020464c
:104f30001df089fe05460028f5d009f11409636cbf
:104f4000bb63236cfb63a36c3b643a6993894b445a
:104f50009381fd6900232b82a36c93f8683013f0d2
:104f6000010f18d094f885308df8053094f886300c
:104f70008df8043000258df8065009eb080201abce
:104f800092b2062138460ef049fc3d60384622f0c8
:104f9000e1fc0546c7e7bb6b0293fb6b0393002262
:104fa0008df8102006238df8113009eb08039bb211
:104fb000190a41ea0323adf812300c2102a819f0b6
:104fc000dbffc24392b24946284619f0d5ffc343de
:104fd0009bb2b8f1000f07d139690a8a22f00802a2
:104fe0000a82db432b82bde739690a8a42f0080254
:104ff0000a824246396d384618f0dcfbc3439bb247
:10500000efe70025a36babb1002d3ff47baf16f0ab
:10501000040f2bd0e56f5db3b4f87a3013f0080fae
:1050200028d0d4f880300822a16cb4f93c00a847fd
:1050300000206ee740f2dc53636320f007fb626bf5
:10504000124b1b6803fb02f3114aa2fb032300eb84
:105050009310a063d8e73b6a23f008033b6258e74c
:105060006ff0010070476ff0020052e7002050e738
:1050700000204ee700204ce794f83f3013f0010f7a
:105080007ff472ae4ff0000883e600bf7cbe0020c4
:04509000d34d62108a
:020000040000fa
:105094002de9f04f8db000f58652d37e177e143281
:1050a4009279013ad21ad2b2ba4280f0748200f5ef
:1050b400865b0bf1140bcdf81cb083468fe0ff2efa
:1050c40042d199f84130ff2b21d028461ff0d5f961
:1050d400002843d041f28c1301220bf80320002353
:1050e40041f28b120bf8023041f27c122bf80230a1
:1050f4000bf58b531a680421584616f0e5f90bf5a5
:105104008c532a78c2f3401203f8092f51e099f81e
:105114004230ff2bd9d199f84330ff2bd5d101214f
:1051240041f28c130bf80310002341f28b120bf89d
:10513400023041f27c122bf802300bf58b531a68c3
:10514400584616f0c1f9dae728461ff096f9002808
:10515400c0d1334616f0400f00f0f98041f28c13b1
:1051640001220bf80320002341f28b120bf80230ca
:1051740041f27c122bf802300bf58b531a6806218e
:10518400584616f0a1f9bae741f28c1301220bf844
:105194000320002341f28b120bf8023041f27c12ff
:1051a4002bf802300bf58b531a680721584616f07a
:1051b4008bf9002341f27c122bf8023041f28c125d
:1051c4000bf80230079ad3790133dbb2d371177924
:1051d4009279013ad21ad2b2ba4280f0dc81013f0c
:1051e4003b40079a126841f27a0101fb03231a46f5
:1051f400039341f27803d25a002ae3d0984ba3fbdd
:1052040002139b0903eb0313a2eb83039bb20993e1
:10521400002bd7d10892039b03f63c07b9467ce0e8
:105224000bf58b531b68009300231a461946584606
:105234001af0adfabde741f28a1301220bf80320fc
:105244000bf58b53196858461df0bcfd98e003f02c
:105254000f039f0094f842201346c2f38011069175
:10526400002900f0088102f03f0303f10108d3098b
:1052740002934745c0f0038141f27c133bf80320bd
:105284001ffa88f54ab941f2781300212bf803106c
:105294000bf58b530020e3e9020141f278113bf84e
:1052a40001302b442bf801300bf58b531b68009312
:1052b4002b462146584619f0e5fb41f27c1a3bf88f
:1052c4000a102944029b1a1c18bf012289b25846ad
:1052d4001bf032fb00232bf80a30c7f1400a1ffaf7
:1052e4008afa41f28b131bf80330002b00f0d480b0
:1052f400002e40f0da8041f28c131bf80330002baf
:1053040000f0948009f14409039ba9eb0303a3f67d
:105314003c03089a9342bff455af09f140054c464b
:1053240099f84060002e7ff4caae99f841303bb939
:1053340099f8423023b999f84330002b3ff4efae8b
:1053440028461ff09af800287ff4c4ae3346c3f30e
:10535400401341f289120bf80230002b3ff414afd2
:1053640094f84230db0904937ff45aaf41f28a1374
:105374001bf8033023b994f84030db097ff45bafaa
:1053840094f84130c3f30016002e7ff460af13f09d
:10539400200f67d194f8423013f0400f62d141f2ec
:1053a4008c1300220bf80320ace741f28c1301228a
:1053b4000bf80320002341f28b120bf8023041f268
:1053c4007c122bf802300bf58b531a6802215846d5
:1053d40016f07af896e741f28c1301220bf80320b9
:1053e400002341f28b120bf8023041f27c122bf8ad
:1053f40002300bf58b531a680321584616f064f8f3
:1054040080e741f27c133bf80310002241f28b1039
:105414000bf800202bf803205144029b9a1a18bf62
:10542400012289b258461bf087fa6be741f28b13cd
:1054340001220bf8032041f28c1300220bf8032005
:10544400e11941f27c133bf80320002a4cd085e09b
:1054540002f03f0303f10108d309029337460ee03b
:10546400f1f0f0f094f842201346c2f38011069153
:105474000029edd10f46db0902934ff04008a8eb59
:10548400070a1ffa8afa002e3ff42baf41f28b135e
:105494001bf80330002b88d141f28c131bf8033026
:1054a400002b7ff425af002e95d0b84508d841f2e3
:1054b4008c131bf80330002b7ff424af002eb5d0df
:1054c40094f84330db09049341f28b1301220bf867
:1054d400032041f28c1300220bf80320e11941f25e
:1054e4007c133bf8032052b941f2781300222bf8c5
:1054f40003200bf58b500023e0e90223099a049b57
:1055040063b341f268100beb000c0b780024cde977
:1055140004344c782304049c43ea0463cc790025c6
:10552400cde904458c7843ea0423cd780026cde9ff
:105534000a560c79049e46ea04664c7946ea044607
:105544008c7946ea04240a9d2b434bf80040ccf89e
:1055540004300831aaf1080a1ffa8afa41f27810d5
:105564003bf8003053442bf800300bf58b531b6889
:1055740000935346584619f085fab84503d9069b5b
:10558400002b7ff43eaf41f27c133bf803108a44b6
:0c5594002bf803a0b6e60db0bde8f08fc8
:020000040000fa
:1055a0002de9f04f2ded028bd2e9008997b0cde9be
:1055b0000c138b6808930b690f90d1e900b6149314
:1055c000cd6800220023404649461ef061fc40b9e8
:1055d0001bf0040f32d11bf00803059330d02023b9
:1055e00003e089f0004399462d232b70089b03f1bb
:1055f000ff3a012305934c4929f0004300208b42d8
:1056000008bf80451fd10d9b413b192b059b94bfc3
:10561000464947492b44184622f0fcf9284621f018
:1056200055fdcdf800b00246089b0f98294618f0aa
:105630007ff817b0bdec028bbde8f08f2b23d4e7c9
:10564000ddf820a0d7e7994208bf404509d20d9b5d
:10565000413b192b059b94bf364937492b441846cb
:10566000dae700220023404649461ef053ff9fed33
:105670002c7b8ded027b48b300240d9822f008f9b5
:10568000002ec3b20993c0f2d781672b5ad1002ee6
:1056900008bf0126231d02dbb442c0f2c681652784
:1056a00061e09ded067b8ded027b01340022234bf2
:1056b000dde902010ef04af942464b46cde906010a
:1056c0001ef0cafb0028ecd000271fe00446ede7df
:1056d00014f5967f11da87b90022194b40464946e6
:1056e0000ef034f9002280468946154bdde90201af
:1056f0000ef02cf9cde902010127dde902010022bb
:105700000e4b09f0d9f8cde90201013cdde9022395
:10571000404649461ef0bcfb0028d9d1ade700bf8a
:10572000000000000000f03f0000f07fe47702007e
:10573000e8770200ec770200f077020000002440d6
:1057400000005043099f662f06f101060bd1002c83
:1057500004da9fedbd7b8ded027b0024099b672b56
:1057600018bf361966279ded027bcde906898dedc0
:105770000a7b00230e93dde90a23dde9060109f027
:105780009bf841ec100b13f077f851ec100bb0eed6
:10579000408af0ee608a1cf0e0fcb0ee480af0eec1
:1057a000680a069b1093079b159083f000431193a2
:1057b0009ded0a1b9ded102b1ff0befc53ec102b32
:1057c00083f000430793dde90a01a34b8ded060a40
:1057d000002209f071f80e9b01339e42cde90a01c7
:1057e0000e93c8d100229d4b0ef0b0f8cde90a010e
:1057f00002460b46dde906011ef04afb002840f098
:105800008180dde90a23dde906011ef083fe10b187
:10581000159bda0776d5dde90a234046494608f0ac
:10582000b0f90022cde906018b4bdde902010ef053
:105830008df8dde90623cde90a011ef04bf80028ba
:1058400065d0662f04f1010465d10136a146a9ebac
:1058500006034ff00008059e1093cdf80880109bba
:10586000994540f08180029b002b00f0c880a81968
:105870000022652f027029d1149b1499013b944298
:10588000ea54c1f1030ebcbf644201220a21002c7c
:1058900040f0bc800eeb030cbcf1000f00f3b680af
:1058a000002a03f1ff3114bf2d222b226a540d9ad6
:1058b000023b413a192a05eb030198bf45279e4256
:1058c0000f70aaf1020a01da22f0a4f80bf0030328
:1058d000022b7ff4a3aebaf1000f7ff79fae2846ec
:1058e00021f0f4fb05eb0a03059a824240f399800c
:1058f000059b2b4418465246302121f047fe0023d9
:1059000008938be69fed527b8ded0a7b83e79ded3f
:10591000027b8ded0a7b652f14bfa1464ff0000975
:1059200095e7029a52b9b9f1000f07da0e992e22c3
:105930006a54012201360af1ff3a029205eb08018e
:10594000aa193144302001e002f8010b9142fbd149
:1059500008eb06023033aaeb080808f1ff3a561ca0
:10596000ab544ff0000828e00c9b0e961b69053bda
:10597000b3427ff678afdde90a23dde9060108f0de
:105980009bff41ec100b12f077ff51ec100bb0eec7
:10599000408af0ee608a1cf0e0fb0bf01002092850
:1059a0000346a8bf09230243bbd1099a672ab8d18d
:1059b000b9f1000fc2da08f10108069b1293079ba8
:1059c000b0ee480af0ee680a83f0004313939dedb1
:1059d0000a1b9ded122b1ff0affb53ec102b83f035
:1059e00000430793dde90a0100221b4b8ded060af7
:1059f00008f062ff09f1ff39cde90a012fe71bf03a
:105a0000100f1ebf2e23ab55013630e7b4fbf1fc5f
:105a1000013b01fb1c443034ec540af1ff3a64466c
:105a200035e72a5c1a5401385ee7002cbff69aaebf
:105a3000662788e606262de6099b672bfad01f46c7
:105a4000062680e6aff30080000000000000f03f73
:105a5000000000000000000000002440000014408e
:020000040000fa
:105a60002de9f04f95b0cde912030b68089392ed44
:105a7000007b4b680a938b6809930b690d93cc6884
:105a80000022002351ec170b8ded047b1ef000fa71
:105a900040b9089b580734d4089b13f0080732d04c
:105aa000202306e0dde9042181f00043cde9042351
:105ab0002d232370099b01275a1edde90403dff81b
:105ac000f8b223f000414ff0000a594508bf504595
:105ad0001bd1139b413b192b04eb070094bfb0492a
:105ae000b04921f097ffaf4821f0f0fa089b0093ee
:105af0000246099b1298214617f01afe15b0bde820
:105b0000f08f2b23d5e7099ad7e7139b8b45a3f199
:105b1000410308bf82450b9309d2192b04eb070000
:105b200094bfa149a14921f075ffa048dce73021cd
:105b3000e1550b997b1c1a2934bf58217821e15477
:105b4000931e079300220023dde9040102371ef0b3
:105b5000e1fc002800f07b819fed8f7b8ded027bc7
:105b600000250a9bdde90289002bdde904abb8bf03
:105b700018230e93002642464b465046594608f0dd
:105b80009bfe41ec100b12f077fe42464b4651ec67
:105b9000100b8ded100b0df0d9fe02460b46504652
:105ba000594622f00ff9824b82468b4640464946c1
:105bb00000220df0cbfe731c0c930a9b002b804639
:105bc000894606da00220023504659461ef0a2fc00
:105bd00028b90e9bb34200f3408101330c9300229d
:105be000744b404649460df0b1fe80468946024658
:105bf0000b46504659461ef04bf9002840f02f81c5
:105c000042464b46504659461ef084fc30b1dde911
:105c100010011cf0a2fac10740f1218142464b4617
:105c2000dde9040107f0adffcde90401dde9042160
:105c300021f00043604900208b4208bf82423ff4bc
:105c400048af4ff000083e46c246c1460d9b053b9b
:105c5000b342b34633d9dde90223dde9040108f09c
:105c60002bfe41ec100b12f007fe51ec100b8dedea
:105c70000e0b1cf072fa002840f0f680b9f1000f0c
:105c800000f0f28008f10108dde90223dde90e01f0
:105c90000df05cfe02460b46dde9040122f092f8ad
:105ca000434bcde904010022dde902010df04efe77
:105cb0000c9b09f101094b45cde90201c6d1baf1ae
:105cc000000f1ed1b8f1000f00f015810a9b002bc8
:105cd00040f31181089bda0700f10d81a3192e22f0
:105ce0001a7008eb06022244302100bf03f8011f9e
:105cf0009a42fbd1079b46446fea080843440136a9
:105d000007930d9b0d990022a019013b954202704b
:105d1000b8bf6d42e254c1f1020eb8bf01224ff08c
:105d20000a08002d40f0d7800eeb030cbcf1010fe8
:105d300000f0d180002a03f1ff3114bf2d222b2265
:105d400062540b9a023b1a2a04eb030134bf50221f
:105d500070229e420a7001da21f05cfe089b03f07b
:105d60000303022b14d1079ba3f10208b8f1000f23
:105d70000edd204621f0aaf904eb0803b84280f2b8
:105d8000b68042463021e01921f000fc002309933f
:105d90002046a9e6aff30080000000000000f03fbd
:105da000d4770200d8770200dc770200e0770200a7
:105db0000000b03f000020400000f07fcde90289e4
:105dc0000135dde902231046194607f0dafe804668
:105dd000894602460b46dde904011ef059f8002809
:105de000ecd0dff82cb1dff82c914ff0000a4ff027
:105df0000008dde90223dde904011ef049f800286e
:105e00003ff4afae52465b46dde902010df09efd68
:105e1000002200231ef07efb78b142464b46dde9ae
:105e200002010df093fd4246cde902014b46dde94a
:105e300004010df08bfdcde90401dde902015246bc
:105e40005b460df083fd013dcde90201d1e79fedf9
:105e50002e7b05468ded027bb3e70c9e8be64ff063
:105e600000084ff00009d9e6baf1000f0bd1b9f1e3
:105e7000000f08d02e2304f80b30079b013b01369e
:105e800007934ff0010a04eb0803a21933443021b1
:105e900002e000bf02f8011b9a42fbd1079b06eb10
:105ea000080ba3eb08080b9b0928d4bf30305730f0
:105eb000192b06d840f02003613b192b01d821f0a3
:105ec000eefc08f1ff330bf1010604f80b00079319
:105ed0004ff00008d8e60799b5fbf8fc013b08fb3a
:105ee0001c5530350139e5540791654619e7225ca8
:105ef0001a54013842e7089bdb067ff502af2e23d8
:105f0000a3550136fde600bf000000000000f03f91
:085f10000000e03f00005043d7
:020000040000fa
:105f18002de9f04f8fb041f28613c35c0393002b39
:105f280040f02e820691834641f286130122c25424
:105f380041f28713c35c0293002b00f0188241f2f0
:105f48007013c35c002b40f0108200f58653597e15
:105f58001a7e1433db79cb1adbb2934280f00d82c0
:105f6800013a0a4041f2d403c35841f27a0101fbd5
:105f78000231089141f278030022ca5241f2831398
:105f8800c35c03eb03139b0040f63c029a4228bf14
:105f98001a4605920a91002b00f0b0810027aee066
:105fa8000a98c4190494013a0a4002eb82020c923e
:105fb80041f2cc035bf803300d9303eb820a002314
:105fc800c351c35d63f07f03c355637843f0200377
:105fd800637041f282121bf80230591c0bf8021050
:105fe80003f00103c25d42ea8313c35541f27a13f9
:105ff8003bf803307bb9637843f0100363709af879
:1060080013302bb303f00303e27842ea8313e370ff
:10601800029b0b9301e0039b0b9341f27a133bf82d
:106028000320baf81030a3eb02091ffa89f9b9f175
:10603800400f28bf4ff04009c9f1400189b20791cc
:106048009a4200f0a48000250997ddf8108004e04a
:10605800029b0b93e1e7a94533d90bf58c573a78a6
:106068000aebc20241f27e163bf806109489641ac4
:10607800a3b2a9eb0504a4b29c4228bf1c46281d64
:10608800936822461944404420f07afc2544adb276
:106098003bf806301c44a4b22bf806403b780aebc8
:1060a800c3029289a242d6d100212bf806100133ef
:1060b800dbb23b709af812209a4204bf3b46197033
:1060c800c9e7099f079b002b61d141f27a123bf87f
:1060d80002304b449bb22bf80230baf810209a4297
:1060e8005ed0049c20461ef0c6f900f00100e3785b
:1060f8000343e3704437bfb2059b9f420bd20bf5b5
:106108008653997c1a7c0c335b79013b5b1adbb2b2
:106118009342fff445af41f27803089ad752002f13
:1061280000f0ec8041f284131bf803502db3ad014d
:1061380040f63b039f4220d800244026ddf820800b
:1061480008eb0700802308f80730002141708170b0
:10615800c1703246043021f015fa41f2780338f85c
:1061680003704437bfb228f803704034a4b2a54284
:1061780003d940f63b039f42e2d941f27803089adb
:10618800d35a002b40f0c180039b0293efe009f142
:106198000400079a0021049b184421f0f3f994e7be
:1061a80009f1ff3303f03f0304998a78134343f05e
:1061b80040038b7041f27a1300222bf80320daf89f
:1061c80004406cb10d9b0c9a53f82230baf8102099
:1061d800daf808100bf58b50006800905846a04775
:1061e8000bf58652937c0133dbb293740b9a002a29
:1061f8007ff477af0bf58652117c0c325279013a55
:10620800d21ad2b28a42bff46caf01390b4003eb09
:10621800830341f2cc025bf8022002eb830abaf84e
:106228001020b2f5806f3ff65caf09f103039bb213
:1062380023f0030189b20791c1f140091ffa89f9d6
:10624800b9f1000f3ff44daf4a457ff64aafc3f3ab
:10625800830304994a78134343f010034b709af868
:1062680013302bb103f00303ca7842ea8313cb70cf
:106278004ff000080997049f01e0c1453cd90bf590
:106288008c5632780aebc20241f27e153bf80510b3
:1062980093895b1a9bb2a9eb0804a4b29c4228bf5d
:1062a8001c46079b181d40449368224619443844ed
:1062b80020f066fb41f27a123bf8023023442bf8b7
:1062c8000230a0441ffa88f83bf8053023449bb2fb
:1062d8002bf8053032780aebc20189899942ccd172
:1062e80000212bf80510531cdbb233709af81220ea
:1062f8009a42c2d13170c0e7099ff2e6069b002b93
:1063080044d100270ee7002711e70bf586535a7e84
:1063180001325a7641f270131bf803303bb10bf58a
:1063280086535a7e013a5a76039b02931fe041f244
:1063380078030898c35a41f2701201210bf8021031
:106348000bf58b5212680092014600f63c0241f2ae
:1063580081101bf800001af0abf9029038b941f22d
:10636800701300220bf80320d9e7039b029341f234
:10637800861300220bf8032004e0039b0293f6e740
:106388000023029302980fb0bde8f08f41f2841306
:106398001bf80350002db6d141f283131bf80330cc
:0c63a800002b0cbf402580250027c5e617
:020000040000fa
:1063b400546573742067726f757020636f6d6d61bf
:1063c4006e64733a0a0d0000202068656c7020200a
:1063d40020202020202020202020202020202020b9
:1063e400202020202020202d2053686f77207468df
:1063f40069732068656c700a0d00000020207469c0
:106404006d657374616d7020202020202020202071
:1064140020202020202020202020202d2053686fa1
:1064240077206275696c642074696d657374616d3d
:10643400700a0d002020697064756d70203c6d6fca
:1064440064653e20202020202020202020202020a1
:106454002020202d2044756d702052582049502052
:106464007061636b6574732028303d6f66662c2001
:10647400313d657468302c20323d657468312c20c0
:10648400333d626f7468290a0d00000020206d6995
:1064940072726f72205b307c315d202020202020be
:1064a40020202020202020202020202d204d697213
:1064b400726f722065746830285431532920525801
:1064c40020746f206574683120666f72205769727a
:1064d40065736861726b0a0d0000000020207374fc
:1064e40061747320202020202020202020202020c0
:1064f40020202020202020202020202d2053686fc1
:10650400772054582f525820736f667477617265e0
:1065140020636f756e7465727320666f7220657484
:10652400683020616e6420657468310a0d000000d3
:1065340020206c616e5f7265616420203c6164643c
:10654400723e202020202020202020202020202dca
:10655400205265616420204c414e383635582072f3
:10656400656769737465722028686578206164645e
:1065740072657373290a0d0020206c616e5f777257
:10658400697465203c616464723e203c76616c757c
:10659400653e20202020202d205772697465204cf0
:1065a400414e3836355820726567697374657220b8
:1065b4002868657820616464722c20686578207688
:1065c400616c7565290a0d00202064756d70203c8e
:1065d400616464723e203c636f756e743e202020bb
:1065e400202020202020202d2044756d70206d65f2
:1065f4006d6f7279202868657820616464722c203c
:10660400636f756e74290a0d000000002020706c01
:1066140063615f6e6f6465205b69645d2020202088
:1066240020202020202020202020202d2047657499
:106634002f73657420504c4341206e6f646520496c
:106644004420286e6f20617267203d2073686f7745
:106654002063757272656e74290a0d0020206e6fb6
:1066640069705f73656e64203c6e3e205b67617089
:106674005f6d735d202020202020202d2053656e27
:1066840064204e207261772045746865726e65746b
:10669400206672616d65732028457468657254794b
:1066a400706520307838384235290a0d0000000022
:1066b40020206e6f69705f73746174202020202025
:1066c4002020202020202020202020202020202db9
:1066d4002053686f77204e6f49502054582f5258da
:1066e40020636f756e746572730a0d0020206c6fe1
:1066f40067636c65617220202020202020202020e8
:1067040020202020202020202020202d20436c65c4
:106714006172206465666572726564207061636b82
:106724006574206c6f67206275666665720a0d0079
:1067340020206c6f67737461742020202020202037
:106744002020202020202020202020202020202d38
:106754002053686f77206465666572726564206c87
:106764006f6720737461746973746963730a0d00cd
:106774000a0d4578616d706c653a20546573742018
:10678400706c63615f6e6f64652020202020202080
:106794002d3e207a6569677420616b7475656c6c35
:1067a40065204e6f64652d49440a0d004578616d7e
:1067b400706c653a205465737420706c63615f6e0d
:1067c4006f6465203020202020202d3e20736574c6
:1067d4007a74204e6f64652d4944206175662030bb
:1067e4002028474d2f436f6f7264696e61746f7216
:1067f400290a0d004578616d706c653a2054657303
:1068040074206c616e5f7265616420307830303062
:0868140034434130320a0d004b
:020000040000fa
:10681c00aa4b1b68002b40f01d822de9f04fbbb03a
:10682c00a74b1c6814b1dff8d4b2a2e0a54911f84b
:10683c00012fa54816f0defc38b1a14b1c68002cca
:10684c00f1d101203bb0bde8f08fa04b1b78002ba1
:10685c00f3d121f0b5f8012803d89c4b01221a7012
:10686c00ebe721f0a7f89a4918f0f0f9f5e70023c7
:10687c006375984e04f1120803273a463168404676
:10688c001ef06aff002800f0e3810c365e45f4d15f
:10689c000023238269e00d283ad00a2838d0082832
:1068ac0000f06c817f2800f09c811b2800f0b981de
:1068bc00e26904f12008a2eb08034f2b00f3bb8123
:1068cc00a369d31a00f0b381d01a00bf12f8011ccf
:1068dc0002f801198242f9d1e269511ce1610021ef
:1068ec005170a26901327c4904f1720020f077f9f1
:1068fc00214601f8717f336828469847a3691f70b9
:10690c00a3690133a361e26993422ed9e3612ce0c0
:10691c0004f1200ae369534555d033686f49284682
:10692c009847e36900211970c4f818a0c4f81ca09a
:10693c0020220deb020020f023fe67680497512201
:10694c00514610a821f066f8082208a910a817f0e3
:10695c00edf8039000283bd123681b68604938464a
:10696c00984733685f4928469847a468002c3ff441
:10697c0068af26686568f368284698470028f4d005
:10698c003369284698470746b4f91030002b82d05b
:10699c00e218907401331db22582032d3ff467afca
:1069ac00022de2dde668b3689d42ded1316804f168
:1069bc00120020f046fc18b97368314620469847ff
:1069cc0000232382d1e73368474928469847cce710
:1069dc00039b002b05dc23681b68444904989847eb
:1069ec00bfe7d4f8cc30d4f8d070bb4236d07a683c
:1069fc00c4f8d0201360d4f8cc30d4f8d0205a602e
:106a0c005122514607f1080021f004f8d4f8cc309b
:106a1c005bb33b60d4f8d0307b601f60d4f8cc30d3
:106a2c005f60c4f8cc700023c4f8d430ddf820903b
:106a3c002f4f07f124083968484620f002fcd8b1e2
:106a4c000c374745f7d12b4b03f11802d83305937c
:106a5c000696cdf81ca0a246914656e00022c4f83a
:106a6c00cc20c4f8d0201f46cae7c4f8cc70c4f8b8
:106a7c00d0703f607f60d6e7039b082b06dd236850
:106a8c005b6808221c49049898476ae77b6808aa47
:106a9c0003992046984764e75446069edaf800307e
:106aac005b6808221449049898475ae75446069e96
:106abc007b6808aa03995046984752e7acbe002061
:106acc0070bd0020a4be00201475020037bf00204a
:106adc0084410100bc2402006c42010048ca010040
:106aec00a841010048420100bc7902001842010093
:106afc00dc5b0200b8b30020e04101000425020079
:106b0c0009f11809059b4b4532d04c4659f8146cc9
:106b1c00002ef5d059f8087c9fb15122079925a871
:106b2c0020f078ff59f8043c0093512325aa5146d4
:106b3c003046b847f8b9082208a925a816f0f6ff80
:106b4c000390039b082ba7dc54f8147c54f8184cc6
:106b5c00002cd5d0ddf8208000263968404620f086
:106b6c0070fb0028a2d001360c37a642f5d1c7e73e
:106b7c005446069e2fe75446069ef2e6a16904f1a0
:106b8c00200399427ff6f1aee36999421ed24a1e68
:106b9c005b1a06d0581e0144507802f8010b8a4249
:106bac00fad1a269013aa261e269511ee1610021a8
:106bbc0002f8011c04f17107a2692749384620f03c
:106bcc000ef83368394628469847cee63368234991
:106bdc0028469847a369013ba361e369013be36144
:106bec00c3e6e369a26993427ff6bfae511c5b1a00
:106bfc0005d0d018517802f8011b9042fad1e26905
:106c0c00511ee161002102f8011c04f17107a26917
:106c1c00134938461ff0e3ff336839462846984736
:106c2c00a3e64ff01b03a374012323829de60023ec
:106c3c0084f872305ce633680a4928469847c4f8f1
:106c4c001880c4f81c8033680749284698478ce69e
:106c5c00e660a7e6012070474c4201005842010053
:0c6c6c0060420100744201004842010037
:020000040000fa
:106c78002de9f04f93b000230c930d930e930f93cf
:106c880010931193924b1b68002b00f0b481826a19
:106c980092f86a4014f0080400f0ae81049092f86b
:106ca80073604569aa7912f0010f1dd193f8342059
:106cb80012f0010f12d0a91d186818f003fe04463f
:106cc8009cb1238843f480632380a674804b1b689f
:106cd8009b68804a12681344636006e0a91d18681f
:106ce80019f054f80446ebe7002405227a492846af
:106cf8001ff038fe18b96b7913f0f00f22d0754bde
:106d08001b68079304981ff042fb0390704b1b68a5
:106d18002946186818f0d6fd82462b7813f0010f23
:106d28001ad0b8b1008800f44070b0f5807f14bf65
:106d38000020012040f22e3268491ef0a9fe0123ee
:106d480006930be027226ff0160104981df0e8fc6b
:106d5800012451e10120ede7002306935c4bd3f8b1
:106d6800008098f8343013f0020f22d0baf1000fe7
:106d780015d0baf8003013f4a06f1ed198f819b0e6
:106d8800069b002b4ad14ff00009022305930123eb
:106d980002934c464d46ab4503dd002765e0002cc9
:106da800ecd127226ff0160104981df0b9fc0124dc
:106db80022e1baf1000fdcd1e0e713f4807f0bd1b8
:106dc8009af8125005f1010b4ff0000902230593c0
:106dd800012302934c46dee713f4007f0cd00aeb44
:106de8004604133498f819b04ff0000901230593ad
:106df800022302934d46cee70aeb4604133498f873
:106e080019b0069a92b913f4806f16d09af81290b6
:106e180002230593042302930025bce74ff00009e1
:106e28000123059302934c464d46b4e74ff0000901
:106e38000123059302934d46ade74ff00009022365
:106e48000593012302934d46a5e7059a002b08bf39
:106e58001346012b06d1ab401f4303e0059bf8e71f
:106e68004d4511d001355d451fd0002c00f0c8807c
:106e780014f8013bb542e8d0029a002b08bf13462c
:106e8800042bedd0012bedd108f13603585d1ff02e
:106e9800d5f840b1b0f86630039a9a42e2d8012397
:106ea800ab401f43dee70023f6e7002f3ff479af3e
:106eb80027fa06f313f0010f00f0b480012303fa58
:106ec80006f6b74340f0a180002495e0002408e0ce
:106ed8002cbe002028be0020247d02002461020070
:106ee800022495f83510002900f08680424628468d
:106ef8001df02efc00287fd040461ff0c7fb064639
:106f080040f275426749003018bf01201ef0c0fded
:106f1800002e71d0002c40f09180634bd3f8008094
:106f2800b8f81430002b43d0b8f816300e3b039a4b
:106f38009a4248d808f11c0948461ff0a7fb0546a5
:106f4800f8b1049883690993a96900230093ddf8cf
:106f58000c904b4609aa17f04dfa8046814543d15b
:106f68006b69049a5269d2f800c050689168c3f8f6
:106f780000c05860996092899a812b69a3f80c80a7
:106f88005fe098f81800f0b10123b8f816204946d8
:106f98001cf07efeb8b148461ff078fb054640f26b
:106fa80032424249003018bf01201ef071fd18e03e
:106fb800002309930a930b930123039a09a91846fe
:106fc8001cf066fe08b9002416e009a81ff05efb55
:106fd800054640f247423549003018bf01201ef0ef
:106fe80057fd002dadd1eee740f275623049002023
:106ff8001ef04efdb4e70024204613b0bde8f08f24
:10700800b5423ff42baf029b3ae7274b1d6805f1c9
:10701800280840461ff03afb064600283ff456afc2
:1070280000247ae7204b1d6805f1280840461ff028
:107038002dfb064600283ff453af02240023049d8d
:107048002b86079b0f931097039badf84430069b44
:10705800adf8463037460df1300cbce80f000fc7cd
:107068009ce8030087e80300049a9368b360d36838
:10707800736015f0030f4ff4c8720e490cbf01205e
:1070880000201ef005fd6e630b4bab60c5f80ca02d
:107098002a6993890e339381514628460ff0d2fd11
:1070a800aae700bf4c6f02002cbe0020346f02001c
:0c70b800646f0200206702001d7d0200d2
:020000040000fa
:1070c4002de9f04f93b0a14b1b78032b09d8dfe8cf
:1070d40003f0020b13359e4b05221a609b4b0122d1
:1070e4001a7013b0bde8f08f994b1b68002bf8d1d0
:1070f400964b02221a70f4e79649002017f0aafd75
:107104009549002017f0a6fd9449002017f0a2fd30
:1071140000201ef095ff924b1a6892491ef00bfe58
:1071240001201ef08dff904b1a6890491ef003fe5b
:1071340018f038f8854b03221a70d2e78c4bd3e948
:107144000023134309d08b4b1b78012b36d0022b21
:1071540014d00a26dff868b248e120f03bfc844be7
:10716400854aa2fb00208009186000225a60814be6
:107174001b78012b22d0022b40f086807f4b1b789a
:10718400002b40f0cb807e4b1b78002b40f0ae8070
:10719400002001907b4b009301237b4a12687b49ba
:1071a40009681bf0effd024600287bd078490020d7
:1071b40017f050fd6f4b00221a7065e06f4b1b787f
:1071c400002b51d16e4b1b78002b35d10020009041
:1071d400704b01226d4909681cf0c8f8024638b1a9
:1071e4006d49002017f036fd624b00221a704be007
:1071f4001df030fc694e5e4b1c685d68231945eb3d
:1072040005021b1945eb0202d70047ea53774fea00
:10721400c30c3a461ceb040345eb0202d40044ead7
:107224005374dd0022462b1841eb02023360726076
:10723400534b01221a7027e01df00cfc574a1368c7
:107244005268c61a61eb0207002e77f100031bdbbc
:107254004e4b1a685249002017f0fcfc0023454aa3
:107264001370474a13700fe04e4b1b789bb14e4b83
:107274001b68464a12684d49002017f0ebfc0023b6
:107284003c4a13703e4a1370394bd3e9002313432d
:107294003ff427af5de73d4b1a684549002017f0de
:1072a400d9fcece71df0d6fb3c4e314b1c685d6805
:1072b400231945eb05021b1945eb0202d70047eae7
:1072c40053774feac30c3a461ceb040345eb020226
:1072d400d40044ea5374dd0022462b1841eb020229
:1072e40033607260264b01221a70cde71df0b2fba9
:1072f4002a4a13685268c41a61eb0205002c75f11e
:107304000003c1db214b1a682a49002017f0a2fcb4
:107314000023184a13701a4a1370b5e7214b1b78df
:107324006bb1194b1b68194a12682349002017f0e6
:1073340091fc00230f4a1370114a1370a4e7134bf6
:107344001a681e49002017f085fcf2e71cbf0020d4
:10735400ecbe002074e40000a0e4000094e7010007
:10736400ccbe0020053e0100d0be002065e5010032
:1073740088bd00203fbf0020d34d62103dbf0020d8
:107384003cbf002065750200e0be0020d8be00208e
:1073940060e5000019690200b8e4000080bd002027
:1073a400e4e400003ebf0020dcbe00200ce5000049
:1073b40038e500008ce50000b4e50000e4e50000d9
:1073c40078700020444b454ab8f1000f08bf1346bb
:1073d4000293cde900013b460b9a4149002017f086
:1073e40039fc002d59d1013e3ff47baedbf8042a71
:1073f400dbf8003a9a423ff474aedbf8043a03eb4c
:1074040083030bebc303d3e900019a680b92da6898
:107414000c925f8a5a6911921d8b93f81b801c7f12
:107424005a7f0d929a7f0e92da7f0f9293f8202062
:10743400109293f8219093f822a0dbf8043a0133d8
:1074440003f03f03cbf8043a264bd3e900231df0a5
:1074540079fb022cb6d0032c26d0002cc3d1cde965
:1074640008010697cdf814a0cdf81090109b039353
:107474000f9b02930e9b01930d9b00930c9b0b9a05
:107484001949002017f0e6fb002dacd02946174817
:10749400119b184410f01effa5e729461348119bc1
:1074a400184410f017ff9ee70b4b0c4ab8f1000f7d
:1074b40008bf13460293cde900013b460b9a0c49e1
:1074c400002017f0c7fb002d8dd029460748119bdb
:1074d400184410f0fffe86e764e4000070e4000046
:1074e40058e6000088bd00200ce6000000000020e3
:0474f40074e600003a
:020000040000fa
:1074f8002de9f04f8db08468002c00f0c4814568f8
:10750800002d00f0c681ab6a002b00f0c581c6686b
:10751800002e00f0c481d0f810b0bbf1000f00f0cd
:10752800c181dff84cc307460fcface80f0097e8de
:1075380003008ce803003388012b00f0ca81abf10b
:10754800020233460833b2f1ff3f2ed0013a1988c0
:107558000129f7d15b680493002104981ff036ffd6
:107568000746b34b986018b3049b1a78b04b1a734c
:107578008368742221469847ae4b186048b3224668
:10758800294638461df0b4f80390002838d120f079
:1075980019fa68bb032420f015fa002840f06c8122
:1075a80013f0f2fc002303936fe100230493d3e765
:1075b80020f008fa08b90124ede720f0fdf9049b52
:1075c8002bb11a789c4917f043fb0124e3e700220a
:1075d800f8e720f0f7f908b90224dce720f0ecf925
:1075e800742202fb04f2954917f032fb0224d2e719
:1075f80020f0e2f93a46924917f02afb0324cae739
:107608008b4b1c80c3f804b08a4bd3f80080002c45
:1076180040f36181a9464ff0000a002241464846de
:107628000cf082fc034690b10af1010a08f17408d3
:1076380009f138095445f0d17e4ad2f800907c4ac5
:107648005088c84600218e469a468c4622e020f093
:10765800b9f920b920f0b6f940b904249be720f025
:10766800abf95246774917f0f3faf3e720f0a4f99b
:107678002246754917f0ecfa04248ce7013080b2f1
:10768800d446013374329c4203d0556c8d42f8d1f4
:10769800f4e7059dd8f844100ef1010e08f17408be
:1076a800744503d0424673460595eee7614609b135
:1076b8005f4b58805e4b5b88002b40f0148109f1ca
:1076c80074004ff0010c864610e020f075f9584b15
:1076d8005a885e4917f0bcfa05245ce7884619e029
:1076e800644524dd0cf1010c0ef1740e73465ef84e
:1076f8005c0c0028f4d06246644518dddef81810ea
:107708008842ebd0013274339442ebd099698842b5
:10771800f8d1884620f056f908b906243be720f04e
:107728004bf942464a4917f093fa062433e70023f7
:10773800484a13600793089309930a930b933c4ba9
:107748001b8833b309f16c084ff0000a059400bf99
:1077580028f80cac18f8013c0caa02eb830959f87c
:10776800144c00943c4a52f823303c4a07214046c6
:107778001ff02afa002388f80630013449f8144c1f
:107788000af1010a08f17408294b1b889a45dfdbc6
:10779800059c4ff42072002131481ff0f3fe314b55
:1077a80000221a60304b049a07ca83e80700dff802
:1077b800c48008f19009404620f049fa08f10c0805
:1077c800c845f8d11a4b00221a761a4bd3f800a0f4
:1077d80094426add5346a2461446b0461e4618e057
:1077e80020f0eaf84a46214917f032fa0724d2e68f
:1077f8000f4880f81990066144615b464246294665
:1078080006f0dafa002862d0013474363835a24519
:107818004bd0286a1cf03cff814600f0fd03012b89
:10782800e6d020f0cff80028dad10724b3e600bf6d
:1078380074bc0020bcbd002054d2000084d20000db
:10784800c4d20000f8d200003cd300007cd3000072
:10785800c0d30000b8bd00201074020004d400009a
:1078680098a80020acbd0020e4bc00200cd4000087
:1078780090bc0020bcb5002020f09ef822461d498f
:1078880017f0e6f98ce60023039303980db0bde8e2
:10789800f08f00230393f8e700230393f5e7002311
:1078a8000393f2e700230393efe7bb693846984751
:1078b8000446b0f5006fe8d220f084f80128e4d936
:1078c80020f07af822460c4917f0c2f9dde70824bf
:1078d80061e633463ee6094bd3f80090084b5b88d7
:1078e800002b3ff424af20f06df800287ff4edaeb4
:1078f800052450e66cd4000040d40000bcbd002034
:0479080074bc00202b
:020000040000fa
:10790c002de9f04fedb00023054616460391049384
:10791c009946039b1b78002b62d00023cde90533dd
:10792c0007930aab089303a98023284609931df0fb
:10793c00bff90446039b1a780ab1252a40d1049852
:10794c00204404901a78252a31d15a1c0024039221
:10795c0007945a782a2a04bf02330393039808bf6a
:10796c0001241af008ff0146079028461ff0d8fba7
:10797c00039b1a78303a092a48d903a81bf068fff0
:10798c00039b804618781ff07dff672861dc652813
:10799c0080f2c680612800f0c3803adc252800f014
:1079ac00ef805b2800f00c81039b013303937b1c5d
:1079bc0040f0f980b9f1000f08bf4ff0ff390fe02c
:1079cc00eb6bea6c93420fd25a1cea631f78039b51
:1079dc001b78bb420ed0eb6c13b1eb6b013beb6332
:1079ec0048466db0bde8f08f284619f03ffb0746be
:1079fc000130ecd1049b01330493039b03a90133a5
:107a0c00284603931df054f9044493e70133039380
:107a1c00aee7632800f098806428c5d104ab05aab2
:107a2c002aa9284620f01cfa0028c0f26a81039b80
:107a3c0001330393002c40f0b680334601224146bb
:107a4c002aa816f067fb0028044667da0134b1d087
:107a5c00c6e7702841d00bdc6e2850d02fdc69288b
:107a6c00a2d104ab05aa2aa9284620f0f9f9dbe734
:107a7c00752813d0782829d0732895d1b8f1800fa8
:107a8c0092d1039b01330393002c77d133681a1dd9
:107a9c0032601b680093012204ab68e004ab05aaba
:107aac002aa9284620f0dcf90028c0f22a81039b81
:107abc0001330393002c76d133462246bfe704ab47
:107acc0005aa2aa9284620f0cbf9ede704ab05aab4
:107adc002aa928460ff0d8ffe6e704ab05aa2aa985
:107aec0028460ff0d1ff0028c0f20b81039b013315
:107afc000393002c57d133462246f021a0e7039b79
:107b0c00049a01330393d317cde92a23002c4ad1cd
:107b1c003346224641462aa816f0fcfaa144f8e660
:107b2c0004ab05aa2aa9284620f09af90028c0f22d
:107b3c00e880039b01330393002c34d13246414639
:107b4c002aa81af045fd7ee7b8f1800f7ff42caf20
:107b5c00079b0bb901230793039b013303935cb978
:107b6c0033681a1d32601b680093002204ab05a910
:107b7c00284620f077f966e70023f5e7002389e72c
:107b8c00b8f1800f7ff410af039bea6c01330393c1
:107b9c00eb6b934209d25a1cea631878252808d15a
:107bac00049b013304930024b8e7284619f05efacd
:107bbc00f4e7eb6c002bf6d0eb6b013beb63f2e7dd
:107bcc00b8f1800f7ff4f0ae002c39d133681a1d58
:107bdc003260d3f80080039b5a1c03925a785e2ab9
:107bec000cbf012700272aac08bf023340f2011258
:107bfc003946204608bf03931ff0c2fc00232370b4
:107c0c00039b1a782d2a1ed101330393c7f101036c
:107c1c0084f82e30c7f10107039a13785d2b1bd122
:107c2c00b8f1000f5cd1eb6bea6c934264d25a1c36
:107c3c00ea631f78e3195b78002b59d19a463ae036
:107c4c004ff00008c7e75d2ae4d101330393c7f175
:107c5c00010384f85e30dde7002be1d02d2b06d03c
:107c6c00039b13f8012b039322445770d4e7049b16
:107c7c001b78002bf4d05d2bf2d0531c0393029b8a
:107c8c001b7851788b42ebda0133e754f9e700bfec
:107c9c0008f80b70049b013304930bf1010bea6b96
:107cac00eb6c9a42da461ed2531ceb631778e3193d
:107cbc005b78002becd1eb6c13b1eb6b013beb6302
:107ccc00039b01330393baf1000f3ff46daeb8f18f
:107cdc00000f3ff469ae002308f80a3001241de7b9
:107cec004ff0000bdbe7284619f0c0f90746dee73a
:107cfc00049b0133049396e7284619f0b7f907461d
:087d0c0098e70446a2e600bf5f
:020000040000fa
:107d14002de9f04f242985b006460f46144601d8b4
:107d2400012903d1b64b16221a6050e0f36bf26cb2
:107d3400934220d25a1cf26318782028f6d0a0f17e
:107d44000903042bf2d92b2801d02d281bd1f36b66
:107d5400f26c2d284ff0ff3a18bf4ff0000a9342ff
:107d64000dd25a1cf2631878f26c7fb1102f4ed1e9
:107d740030280dd04be0304619f07cf9dde7304671
:107d840019f078f9f0e74ff0000aede730283dd11b
:107d9400f36b934222d25a1cf263187840f020030a
:107da400782b2ad1f36bf26c93421bd25a1cf263e8
:107db4001878944b03445b780f2b40f2c180f36c2a
:107dc400002b00f09581f36b84b1023bf363002434
:107dd40000252046294605b0bde8f08f304619f04d
:107de40049f9dbe7304619f045f9e2e7013bf36373
:107df400002130461ff098f9e9e7002f00f0eb80ee
:107e04000a2f40f09e8000247f4d1ae00a277d4b04
:107e140003445b78bb42f3d312b1f36b013bf363ce
:107e2400002130461ff080f97ce70a2303fb040499
:107e3400f26bf36c9a42a4f130046bd2531cf363db
:107e44001078a0f13003092b01d8ac42edd90025fc
:107e5400a0f1300109293dd86c4b4ff09932ab4267
:107e640008bfa24217d34fea850ca3001b194ceaa2
:107e7400947245eb020213eb03086fea01030093cb
:107e84004ff0ff33019342eb0209dde900234b4538
:107e940008bf424542d25b4b184498464278ba42e6
:107ea40018d2f36bf26c934280f00a815a1cf2638d
:107eb400187840444378bb42f3d3514b0e992222a5
:107ec4001a60dde90e45002301f00102134318bfd7
:107ed4004ff0000af36c13b1f36b013bf363dde97c
:107ee4000e239d4208bf9442c0f0fa800e990023ed
:107ef40001f00102134340f0e780baf1000f40f0b3
:107f0400e3803f4b22221a600f9b11f1ff3443f1af
:107f1400ff355ee7304619f0adf892e718eb01043f
:107f24004ff0000349eb0305f26bf36c9a4203d262
:107f3400531cf36310788be7304619f09bf887e7fe
:107f440010277c1e3c402f4d40f0b48017237b4308
:107f5400c3f342132b4493f801b12b185b789f426f
:107f640002d9b4f1006f38d34ff0ff33cbf12001c5
:107f7400abf1200223fa0bf803fa01f148ea0108f5
:107f840023fa02f2002548ea020823fa0bf91d4bf2
:107f9400034459788f427ff67eafa94508bfa045b8
:107fa400fff479afabf1200004fa00f005fa0bf20c
:107fb400cbf12003024324fa03f342ea0305f26bf4
:107fc400f36c04fa0bf09a4241ea000414d2531cf5
:107fd400f3631078dbe70827b3e704fa0bf41c43d8
:107fe400f26bf36c9a4203d2531cf3631078b4e738
:107ff400304619f03ff8b0e7304619f03bf8c6e7d1
:1080040010bf0020945701009899991999999919ca
:1080140004fb0734f26bf36c9a4247d2531cf363ac
:1080240010782b185b789f4202d9334a9442efd9d7
:108034000025324b034459788f427ff62caf4ff022
:1080440000084ff0000965b1a4fb07234ff0000cb2
:108054001a466346e5fb07231bb14ff001084ff0b6
:10806400000958ea09037ff416af5ffa81f86fea52
:10807400080102914ff0ff310391dde902bca7fb37
:10808400042307fb05339c4508bf93454ff00009c3
:10809400fff401af12eb080443eb0905f26bf36c38
:1080a4009a4209d2531cf3631078c2e7304618f0a1
:1080b400e1ffb6e70024b4e7304618f0dbffb8e789
:1080c400304618f0d7fff4e6dde90e23ab4208bfd3
:1080d400a24205d20a4b22221a60dde90e4578e657
:1080e400baf1ff3f7ff475ae644265eb450570e677
:1080f400002c7ff46cae7be6c6711c07945701001c
:0481040010bf002088
:020000040000fa
:108108002de9f0410446d0f8c4305f681df09afab2
:10811800d4f89030834200f2c081054694f8cf60cd
:108128008eb9a36823b1d4f88820134483420ad3b4
:10813800606858b11ef040fc02460b46d4e90801bd
:108148001bf086fe10b1012384f8d030a36a73b9fe
:10815800c4f88850c4f8a850c4f89c30d4f89420c7
:10816800c4f89820226bc4f8a02084f8cc30d4f846
:1081780084301d44c4f89050237c012b2ad0022b54
:1081880040f0b980b4f93a001ff063fae0b9b4f9e5
:108198003a001df061f848b1d4f8c4301b681b6878
:1081a800c24938469847012384f8cf30b4f93a00d9
:1081b8001ef0e3fcb4f8d2308342c0f09c80002e5d
:1081c80040f09980354669e1b4f93a001df099fb11
:1081d800002563e1b4f93c001df094f938b9b44bbb
:1081e8001868002849dd0023b2499c4627e0b4f905
:1081f8003c001df0d1fd002550e10d7d202d02d061
:1082080015f0ef0f16d191f8d4509db1013281f8d5
:10821800d520002542e10d7d102d0bd191f8d450c9
:1082280045b1013281f8d520002537e1032a08bf7e
:1082380081f8d5c00133dbb2d83183421dda8c42d4
:10824800f8d091f8d520022af0d8257d082dd4d071
:10825800202de0d0002de9d191f814e0bef1200fd7
:1082680002d0bef1100fe5d191f8d4e0bef1000fb5
:10827800e0d0013281f8d52010e1a189b4f93c00a1
:108288001ff050fde36898422dd294f8d4300133a2
:1082980084f8d430d4f8b43043b11df0d3f9d4f80d
:1082a800b430c31a002b14da0025f7e01df0caf920
:1082b80005461df0dbf9642303fb00f303f2e73303
:1082c8007d4aa2fb032305eb9313c4f8b4300025c1
:1082d800e4e0d4f8c4301b685b68e2687749384644
:1082e80098470225dae00023c4f8b43094f8d43073
:1082f800013b84f8d43094f8d010237c012b00f093
:108308008b80022b00f08c8000231d460020186013
:108318004ff080725a60b4f812c04fea0c2202f48f
:108328007f0242ea0c629a60d860a269100e40eaa5
:1083380002604fea022c0cf47f0c40ea0c00120a8f
:1083480002f47f4202431a61606800286cd0020e72
:1083580042ea00624fea002c0cf47f0c42ea0c025d
:10836800000a00f47f4002435a61002970d094f853
:10837800cc30a26a9b1a1a0e42ea0362190201f46f
:108388007f010a431b0a03f47f4313432b601df04c
:1083980059f980461df06af9b8fbf0f31a0e42ea63
:1083a8000362190201f47f010a431b0a03f47f43a5
:1083b80013436b60d4f88c20d4f88830d31ab3fbfd
:1083c800f0f200fb12324ff47a7303fb02f2b2fbb5
:1083d800f0f003fb00f0030e43ea0063020202f42c
:1083e8007f021343000a00f47f401843a860257ced
:1083f800012d3ad0022d54d1b4f8d230343ba4f830
:10840800b03034222e49b4f93a0009f069fe342814
:1084180049d0feb1012541e0294d05f10c0375e76e
:10842800274b03f1180571e7a2682648a0fb022034
:10843800c0084042020e42ea00624fea002c0cf4e7
:108448007f0c42ea0c02000a00f47f4002438be7eb
:10845800a36a90e7d4f8c4301b681b681a493846e9
:108468009847236b0133236318e0e368343ba4f88f
:10847800b03034221249b4f93c0019f0fbfd34281d
:108488000cd0d4f8c4301b681b680f49384698478d
:10849800236b01332363022500e000252846bde84d
:1084a800f0810125fae70125f8e700bf88ff010000
:1084b80094be0020e0b20020d34d6210bcff010042
:0c84c80004bb0020cdccccccb065010082
:020000040000fa
:1084d400737461746963000064796e616d6963002b
:1084e400686f7374000000006578740076616c69cd
:1084f40064000000696e76616c6964007374617471
:10850400757300007374617475733a2025640d0ae1
:10851400000000007374617473000000636c7200e7
:108524006661696c656420746f2067657420737478
:10853400617473210d0a0000737461747320726591
:108544007475726e65643a2025640d0a000000009b
:1085540009206661696c506b74416c6c6f633a20de
:1085640025642c206661696c44637074416c6c6f83
:10857400633a2025642c206661696c4c6f636b73cd
:108584003a2025642c2066646246756c6c3a20257a
:10859400640d0a0009206661696c4d61633a202507
:1085a400642c206661696c4d74753a2025642c2016
:1085b4006661696c53697a653a2025640d0a000086
:1085c4000920616c6c6f635061636b6574733a204e
:1085d40025642c2066726565645061636b657473f1
:1085e4003a2025642c2061636b5061636b6574735e
:1085f4003a2025642c2064656c61795061636b6555
:1086040074733a2025640d0a000000000920706b81
:1086140074506f6f6c53697a653a2025642c20700e
:108624006b74506f6f6c4c6f7753697a653a202581
:10863400642c20706b74506f6f6c456d7074793a54
:108644002025640d0a000000092064637074506fd3
:108654006f6c53697a653a2025642c2064637074c6
:10866400506f6f6c4c6f7753697a653a2025642c90
:108674002064637074506f6f6c456d7074793a2028
:1086840025640d0a000000000920706f7274202513
:10869400642073746174733a0d0a00000909207030
:1086a4006b74732072656365697665643a2025642a
:1086b4002c2064657374206d652d75636173743a41
:1086c4002025642c2064657374206e6f746d652d91
:1086d40075636173743a2025642c20646573742077
:1086e4006d636173743a2025640d0a0009092070d2
:1086f4006b74732072657365727665643a202564c1
:108704002c206677642075636173743a2025642c89
:1087140020667764206d636173743a2025642c208d
:10872400667764206469726563743a2025640d0a6f
:10873400000000006664620073686f770000000048
:1087440046444220656e74726965733a2025640d4f
:108754000a0000000d0a09456e747279206e756d69
:108764006265723a2025640d0a00000009456e74a2
:10877400727920646573744164643a2025730d0a28
:10878400000000006e6f6e650000000025730d0a86
:1087940000000000257300002c2025730000000059
:1087a4002c20706f727420257300000009456e74cc
:1087b400727920666c6167733a203078253032789c
:1087c4003a2025730d0a000009456e747279206cf5
:1087d4006561726e20706f72743a2025640d0a0010
:1087e40009456e747279206f7574506f72744d619f
:1087f400705b25645d3a2000257320000d0a00009b
:1088040009456e74727920744578706972653a20ee
:108814003078253038780d0a0000000009456e7460
:108824007279206677645061636b6574733a2025ae
:108834006c750d0a0000000075736167653a20626b
:108844007269646765207374617475730d0a00003e
:1088540075736167653a2062726964676520737431
:10886400617473203c636c723e0d0a00757361671a
:10887400653a206272696467652066646220736881
:088884006f770d0a000000bf30
:020000040000fa
:10888c002de9f04f87b0037e032b0bd0ab4b1d684b
:10889c00002d38d0a94a136801331360012007b0aa
:1088ac00bde8f08fa64b1a68002a00f031814569ab
:1088bc00517e002900f02e8192f836309d4220d056
:1088cc0002f1360302f135040c44c2f1ff2202f529
:1088dc007f02cb32d6189c4211d013f8011f8d4267
:1088ec00f8d1002ec0f21881036993f86a2042f087
:1088fc00080283f86a2083f873600120cfe7012017
:10890c00cde70026f0e7002900f008818b88002bca
:10891c0000f006814b69002b00f004810b69013bd0
:10892c00012b00f20181cb881bb10b89002b00f0cd
:10893c00fd804b890bb90020b1e78b4680461ef0b9
:10894c00dfff061e0cdd002420461df075fb90f8a1
:10895c006a306ff3c30380f86a300134a642f3d156
:10896c000024774b1c603822214676481ef008fe06
:10897c00dbf81490adf81440dbf81030002b3bd032
:10898c002f460ae019f807001df056fb064610e0ca
:10899c000137dbf810309f422fd29bf90e30002ba1
:1089ac00f0da59f82700002800f040811af016fd83
:1089bc000646002e00f03a8130461ef02bff0028b0
:1089cc00c0f2348106ab234413f8043c002bdfd1f6
:1089dc005c4b234483f8360006ab2344012203f896
:1089ec00042c96f86a3043f0080386f86a3086f84f
:1089fc0073401444e4b2cbe70024524b5c76d8f8b5
:108a0c0008005860bbf8043003eb4303d9004368fb
:108a1c00283198470446002800f08a8000f128038a
:108a2c0003600023436018238360bbf80430c360e9
:108a3c0001230361444b4361444b8361444bc36149
:108a4c00444b03621cf0fcfe3e4b1c60dbf8183000
:108a5c00002b00f0aa80dbf81c300193002b00f0f7
:108a6c00a4800295cdf80cb082e000bf0bf1010b95
:108a7c0008f10808019b9b799b456fda474618f86b
:108a8c00080c1df0d9fa002854d090f86a2012f086
:108a9c00080f4fd018f8072c002ae7d090f87390e5
:108aac004fea490909f1130958f8044c023400251e
:108abc0014f8020c1df0c0fa00283bd090f86a3074
:108acc0013f0080f36d014f8011c14f8023c0aeb12
:108adc000902d1540135023417f8073c9d42e7dbfb
:108aec00c4e716f005f80020d9e640f24d121a49f9
:108afc00272019f029fc134b186128b1114b0122c6
:108b0c00da760f4a1360c5e615f0f2ff0020c6e6d0
:108b1c000120c4e60120c2e60120c0e60020bee62a
:108b2c000020bce60020bae60020b8e60020b6e63d
:108b3c000020b4e615f0dcff0020b0e624be0020d7
:108b4c002cbe0020ccba00201d6f0200e5f5010000
:108b5c0049760200617c0200f9110100029a01328f
:108b6c000292019b0c330193039b9b699a421ad28c
:108b7c00019c21462e4a106817f006f982460028ff
:108b8c00d8d0038823f4e06343f48073038000237c
:108b9c00c0f81330a268a379002bdfd002f10808cb
:108bac004ff0000b6ae7ddf80cb0bbf80030002b7f
:108bbc0008bf4ff496731e4ca360bbf80230e36001
:108bcc00bbf80630a382bbf80830e3829bf80c306c
:108bdc0023769bf80d3084f835309bf80e3084f8f2
:108bec00343004f11c001ff030f804f128001ff0a1
:108bfc002cf8a08a50b10e4c0323e28a04f11c011c
:108c0c001bf044f8a38a83427ff46baf084800f151
:108c1c002802bbf80a101bf099fdbbf80a308342fe
:108c2c003ff463af15f064ff002038e6002036e611
:048c3c00ccba00208e
:020000040000fa
:108c400055736167653a206d69696d203c6e657486
:108c50006978206e3e203c61646420613e202d20b6
:108c600053657420746865206e6574776f726b202d
:108c7000696e7465726661636520696e64657820eb
:108c8000616e642050485920616464726573730d8d
:108c90000a00000055736167653a206d69696d20af
:108ca0003c737461727420723e203c656e64207265
:108cb0003e202d20536574732074686520737461a1
:108cc000727420616e6420656e64207265676973da
:108cd0007465722028646563696d616c2920666f14
:108ce0007220612064756d70206f700d0a000000a5
:108cf00055736167653a206d69696d203c726561e5
:108d000064207269783e202d205265616473207260
:108d10006567697374657220726978202864656379
:108d2000696d616c290d0a0055736167653a206da4
:108d300069696d203c777269746520726978207763
:108d4000646174613e202d205772697465732072ce
:108d50006567697374657220726978202864656339
:108d6000696d616c292077697468203136206269e9
:108d70007420646174612028686578290d0a0000f8
:108d800055736167653a206d69696d203c64756d46
:108d9000703e202d2044756d707320616c6c2072c4
:108da0006567697374657273205b72537461727462
:108db0002c2072456e645d0d0a00000055736167da
:108dc000653a206d69696d203c73657475703e204d
:108dd0002d20506572666f726d7320746865205027
:108de00048592073657475700d0a000055736167ea
:108df000653a206d69696d2077726974655f736d7e
:108e00006920726978207764617461202d2045782b
:108e100074656e6465642033322062697420534d3a
:108e200049207772697465207573696e672072696d
:108e30007820286865782920616e642077646174e1
:108e40006128686578290d0a000000005573616784
:108e5000653a206d69696d20726561645f736d6943
:108e600020726978202d20457874656e64656420d1
:108e700033322062697420534d4920726561642049
:108e80007573696e67207269782028686578290d86
:108e90000a00000064756d70000000007365747551
:108ea000700000006d69696d2073657475702066cf
:108eb00061696c65643a202564210d0a0000000098
:108ec0006d69696d20736574757020737563636572
:108ed00073733a25640d0a00726561640000000036
:108ee000726561645f736d69000000007772697478
:108ef0006500000077726974655f736d690000003a
:108f0000616464006d69696d2077726974653a20e7
:108f10006d697373696e672077446174610d0a002f
:108f20006d69696d3a205365742041646420746fe3
:108f30003a2025640d0a00006e657469780000000f
:108f40006d69696d3a20496e636f72726563742052
:108f5000496e7465726661636520696e6465780d3b
:108f60000a0000006d69696d3a20536574204e65f2
:108f700074776f726b20496e7465726661636520e9
:108f8000696e64657820746f3a2025640d0a0000cc
:108f900073746172740000006d69696d3a205365e5
:108fa000742053746172742052656720746f3a2084
:108fb00025640d0a00000000656e64006d69696d2e
:108fc0003a2053657420456e642052656720746fa3
:108fd0003a2025640d0a00006d69696d3a20556ece
:108fe0006b6e6f776e206f7074696f6e0d0a000084
:020000040000fa
:108ff0002de9f04fb5b004460f4691464668002073
:109000001ef090fb012f1edd0546d9f804809b4918
:1090100040461ef01cf940b3994940461ef017f92e
:10902000824600282bd0974940461ef010f950b9cf
:10903000022f08dd9449d9f808001ef008f90390c2
:10904000002800f0928023681b68904930469847ba
:1090500023681b688e493046984723681b688d49f2
:109060003046984735b0bde8f08f28461df03cfbf0
:1090700023685b680246884930469847f2e7022f2a
:109080006bdd8649d9f808001ef0e1f8b0fa80f2ed
:109090005209666812a928461ef0d2fe00285ed04a
:1090a00023685b6801227e49304698472368189af6
:1090b0000192179a00925d68139b129a7949304683
:1090c000a8472368169a00925d68159b149a764902
:1090d0003046a84723681d9a01921c9a00925d6849
:1090e0001b9b199a71493046a84723681e9a009223
:1090f0005d681f9b209a6e493046a8472368219ad5
:1091000000925d68239b229a6a493046a84712adb7
:10911000dff8f88123685b6852464146304698473d
:1091200023686a6d01922a6d00925f68eb6caa6ced
:1091300061493046b84723686a6e01922a6e0092f0
:109140005f68eb6daa6d5d493046b8470af1010ac8
:109150002035baf1020fddd184e7002299e72368b8
:109160001b685749304698477ce7676828461df0da
:10917000c9fa804623685b680246524938469847d8
:10918000b8f1000f7ff76eaf039e1be04e4a4f49c8
:1091900012a81df02afd5be09df8263013f0010fa8
:1091a00040f0b68023685b680a9a49493846984778
:1091b00023685b680b9a4749384698470136b045a3
:1091c0003ff450af08aa3146284611f035ff002879
:1091d000f4d123685b6832463f49384698471422e9
:1091e0000da908a819f09afb23685b680daa3b49f2
:1091f000384698479df82620002ac7d002f0010281
:109200003749384b002a14bf0a461a46364912a875
:109210001df0ebfc81469df8263003f00203334934
:10922000334a002b18bf0a46324912ab18181df0fa
:10923000dcfc48449df8263003f004032e492f4af5
:10924000002b18bf0a462e4912ab18441df0cdfc66
:109250002368d3f8049012ab9df82620294938469c
:10926000c8479df8263013f0040f95d023685b683b
:109270009df827202449384698478de7008500004f
:1092800018850000388700003c8700003c880000fb
:1092900054880000708800000885000020850000c8
:1092a0003c8500005485000098850000c4850000be
:1092b000108600004c860000a0860000f0860000aa
:1092c0002485000044870000888700009087000004
:1092d0000488000020880000588700007087000084
:1092e000d4840000dc84000098870000e48400003f
:1092f000ec8400009c870000f0840000f8840000eb
:10930000a4870000b0870000cc8700008c86000096
:109310001b4a05ab07ca83e807000df1200addf8f8
:109320000c90ab4623685b684a4616493846984716
:109330009af8102034ab03eb8202134d23685b686c
:1093400052f8bc2c2946384698479af8112034ab7d
:1093500003eb820223685b6852f8bc2c294638462e
:10936000984723681b6809493846984709f101095d
:109370000af1020ab9f1020fd4d15d4618e700bf25
:1093800024790200e4870000fc87000000880000c8
:020000040000fa
:1093900070b50c4615461cf0a5f8002800f03b817e
:1093a000064614f4004f40f0998114f4804f40f0c9
:1093b0005881c4f30d040f2c00f22f81dfe814f064
:1093c000100021003e004f006d0087008d009100cd
:1093d0009500a000a400fc0004010f01150120016c
:1093e000002300e00123b5fa85f56d0996f84020c9
:1093f00065f3820286f84020002b40f02681012090
:109400000ae1002302e0022300e00123b5fa85f51a
:109410006d0996f8402065f3c30286f84020002bc2
:1094200000f0fd80012b14bf0023012396f83f209c
:1094300063f3410286f83f200120ede00023b5faf6
:1094400085f56d0996f8402065f3041286f84020f2
:10945000002b40f037810120dee00223efe705f02a
:10946000030596f8403065f3010386f8403055b1a6
:109470004ff0ff33736196f8413043f0010386f8f3
:1094800041300120c8e00022726196f8413062f359
:10949000000386f841300120bee096f8413013f019
:1094a000020f40f0be80003518bf0125c3f38003d2
:1094b000ab4201d10120afe030461bf07df996f8b8
:1094c000413065f3820386f841300120a4e0304644
:1094d0001bf072f9358201209ee086f83d50012094
:1094e0009ae086f86250012096e0003518bf012509
:1094f00096f8423065f3000386f8423001208be095
:1095000086f86350012087e0002d00f08c802b78d6
:1095100013f0010f12d06a7896f8403062f3c3035b
:1095200086f840306a78dbb262f3041386f8403084
:109530006a78dbb262f3820386f840302b7813f04e
:10954000020f03d06b78c3f3400373642b7813f0de
:10955000040f08d06b78c3f3800396f8482063f3b8
:10956000000286f848202b7813f0080f08d06b789b
:10957000c3f3c00396f8482063f3410286f84820fd
:109580002b7813f0100f08d06b78c3f3001396f804
:10959000422063f3820286f842202b7813f0200fda
:1095a00043d06b78c3f3401396f8422063f3c302b1
:1095b00086f8422001202fe0b6f8483065f3c80352
:1095c000a6f84830012027e0003518bf012596f89d
:1095d000493065f3410386f8493001201ce000352d
:1095e00018bf01257564012016e0003518bf01255c
:1095f00096f8483065f3000386f8483001200be008
:10960000b5fa85f56d0996f8493065f3820386f859
:109610004930012000e0002070bd0020fce701205f
:10962000fae70020f8e70020f6e70120f4e7002041
:10963000f2e70020f0e7b5fa85f56d0996f84030bd
:1096400065f3820386f840300223012b14bf002308
:10965000012396f83f2063f3000286f83f200120a3
:10966000dae7c4f30d040f2ce1d801a353f824f07a
:1096700037960000079400005b9400005f940000a0
:109680009b940000cf940000db940000e394000062
:10969000eb9400000195000009950000b9950000c9
:1096a000c9950000df950000eb95000001960000d1
:1096b000b5fa85f56d0996f8403065f3041386f820
:1096c00040300123012b14bf0023012396f83f20d3
:1096d00063f3820286f83f2001209de7c4f30d0466
:1096e0000f2ca6d801a353f824f000bfe593000087
:1096f0000b940000b19600005f9400009b94000062
:10970000cf940000db940000e3940000eb94000091
:109710000195000009950000b9950000c995000069
:0c972000df950000eb95000001960000b2
:020000040000fa
:10972c002de9f04184b0c24b9c7d14f0010f40f048
:10973c008a8014f0020440f06c814d68eb68002bb9
:10974c0000f06a818e68002e00f06981b369002bed
:10975c0000f06881f369002b00f06781b44fd022d0
:10976c000021381d1df00cff4ff0ff333b61fb60f7
:10977c00eb68bb616b68fb61ab683b62b5f9303081
:10978c00a7f8c8302b697b626b69bb62ab69fb6263
:10979c00eb693b63eb8ea7f8d030eb8e03f0010343
:1097ac00002b0cbf2246022287f8d220eb8e03f04e
:1097bc000103002b14bf6ff003034ff0ff33b846c7
:1097cc00c7f8cc3090370fce0fc70fce0fc70fcec8
:1097dc000fc796e8030087e80300012140461af002
:1097ec0005f9022140461af001f998f89c307bb338
:1097fc00d8f898205389002b00f01e81d3893f2b79
:10980c0040f21d81414600bfb3f5c06f28bf4ff435
:10981c00c0633f3323f03f03d3810134e4b291f8aa
:10982c009c30a34214d904eb8402d1f8983003eb9a
:10983c0082025389002b00f00581d3893f2be3d89a
:10984c004ff0ff3400e01c46204604b0bde8f08128
:10985c0077481df0c6fe002800f0f780744b2a46ae
:10986c0052f8380fc3f890009288a3f894201b6b21
:10987c002bb101216f489847002800f0e9806c4c0f
:10988c0000223f2120461bf0c5fad4f8a860278996
:10989c003368d4f8ac1038469847b0f1ff3f00f06d
:1098ac00fc80e0607369032138469847b0f1ff3fb4
:1098bc0000f0f38022462061d4f8ac301989009175
:1098cc00b4f8a010adf80410997a8df806100f2199
:1098dc008df807101b690293f36a34326946984776
:1098ec000028c0f2da80524c204613f0ebfab4f8a0
:1098fc00c03013f0020f7ed14d4bb3f8c020911045
:10990c00d30403f08063500100f040000343500483
:10991c0000f00050034301f48070034301f0800019
:10992c00034301f040010b4302f00101002914bf75
:10993c0000212021d01100f010001843931203f0e5
:10994c00080303433a4c194320461df0cffc204634
:10995c001ef062fa002840f0a080204609f020f9a1
:10996c00002840f09a8020460cf09cf8002840f02b
:10997c00948094f89c3073b100242d4e3746e1b29c
:10998c00384615f0bbfa002865d1013496f89c20b6
:10999c00e3b29a42f3d8264e3f2130461bf050fae0
:1099ac003f2130461bf062fa30461cf0a3fc3446d3
:1099bc002f6a6d6a00223f2130461bf02bfa3f21a3
:1099cc0030461bf03dfa0023a6f84e30a6f84c307a
:1099dc00a6f85230a6f850307765b565b27d42f0e6
:1099ec000102b2750122327533674ff0ff32726794
:1099fc00b366f36628e74ff0ff324ff0ff33cde943
:109a0c00002300238df80c306946094806f0b2fc9f
:109a1c0072e74ff0ff3417e74ff0ff3414e74ff0c5
:109a2c00ff3411e74ff0ff340ee74ff0ff340be734
:109a3c0040bf0020a0bf00204ff0ff3404e74ff0e0
:109a4c00ff3401e74ff0ff34fee64ff0ff34fbe646
:109a5c004ff0ff34f8e6144c3f2120461bf0f0f990
:109a6c003f2120461bf002fa20461cf043fc2e6ad4
:109a7c006d6a00223f2120461bf0ccf93f21204685
:109a8c001bf0def90023a4f84e30a4f84c30a4f8f7
:109a9c005230a4f850306665a565034805f0fafe0f
:0c9aac004ff0ff34d0e600bf40bf0020a8
:020000040000fa
:109ab8002de9f04f8db09df858b0d0f8a450079517
:109ac8002c6a14f0010f1abf01242c62002405949b
:109ad800002900f078810b930a92089104460beb59
:109ae8000b139a0006921046d4f88c301344d3f81e
:109af80004a00beb8b02920011460992d4f898202f
:109b0800575a9d8f002f00f060810aebc5035af861
:109b1800352012f0010f00f05881002201920292c4
:109b280090461646cdf80cb08346c8e0ddf80cb078
:109b38006a1c92b2974200f2568102950123019362
:109b48000022d4f88c30069908460b449a87ed0019
:109b5800d4f88c300b445b682b445b680b990b6022
:109b68000a9b1946019b0b60d4f88c301a18d2f85e
:109b780004a053f80090d4f8983009995a185b5a01
:109b88000493b2f80e80029b59f82320089b1a60b0
:109b980055446f6894f8b130002b40f0a680019bc3
:109ba800002b40f02481012015e15a6812f4804fff
:109bb8000fd1019a013292b201925b6813f4004fff
:109bc80066d0ddf80cb06a1c92b2974298bf0022aa
:109bd800b7e7029b019a9e18731e93fbf7f607fbe3
:109be8001636002eb8bff619b6b2ddf8049001e0bb
:109bf800013eb6b209f1ff391ffa89f94ff6ff7332
:109c080099452cd00496d4f88c3053f80b3053f87f
:109c180026008368c1689847d4f88c3053f80b3015
:109c2800002243f82620236b1bb1052104f15c00b8
:109c38009847d4f88c305b445a68049952f831300c
:109c480003f0030342f83130236b1bb1062104f102
:109c58005c009847002ecbd17e1eb6b2cae7019ba6
:109c6800029a0399204609f06ffb08f1ff381ffaa2
:109c780088f81db97d1eadb2002609e0013dadb2e0
:109c8800002605e001232a460399204609f05cfbdb
:109c98000135adb2af4298bf002508f1010292b27a
:109ca8004745c0f09280974240f28f800aebc50387
:109cb8005af8351011f0010f00f0878090461a68a5
:109cc80032f00302ded0002e7ff46faf5a6812f430
:109cd800804fddd05b6813f4004f7ff427af029507
:109ce8000123019398461e46d2e76b6803f44003ac
:109cf800b3f5000f0bd0b3f5400f0dd0b3f5800fbf
:109d08007ff44daf136a43f48073136247e7136a15
:109d180043f44073136242e7136a43f4a063136287
:109d28003de7013eb6b24ff6ff739e423dd0dbf8e9
:109d380000301b694246b84528bf3a469a81dbf88d
:109d480000301b69a3f80e80b84594bfa7eb08073d
:109d580000270395002349f82530236b1bb1052103
:109d680004f15c009847039a5af8323003f0030371
:109d78004af83230236b1bb1062104f15c00984786
:109d8800002fced00135adb2049bab4298bf002561
:109d9800dbf800301b6959f8252012691a60dbf8d6
:109da80000301a6912681a61bbe7ddf824b0089b15
:109db8001b68069a1a61019b029a5946204609f0c7
:109dc800c3fa002007e001200ae0d4f88c30069a94
:109dd80013449d870120059b13b10123079a136241
:109de8000db0bde8f08f029501230193a9e6c7f3f2
:109df8000d07089a13681b690693019b5e1eb6b28d
:0c9e0800029dcdf824b0934691e700bf06
:020000040000fa
:109e140069706572663a20556e737570706f7274ee
:109e2400656420436f6e66696775726174696f6eed
:109e34000d0a000069706572663a204372656174a8
:109e4400652054435020736f636b657420666169a9
:109e54006c65640d0a00000069706572663a2053ef
:109e64006574206f6620525820627566666572209c
:109e740073697a65206661696c65640d0a00000087
:109e840069706572663a2043726561746520554451
:109e94005020736f636b6574206661696c65640d33
:109ea4000a00000069706572663a2050726f746f20
:109eb400636f6c206572726f720d0a00697065724f
:109ec400663a205544502047657420417272617986
:109ed400204661696c65640d0a0000006970657252
:109ee400663a202d20466972737420706b74206961
:109ef40064203d20256c64202873686f756c642091
:109f040062652030290d0a0069706572663a205234
:109f1400656376206475706c696361746564207030
:109f24006b740d0a0000000069706572663a205275
:109f3400782074696d6564206f75740d0a000000e3
:109f44000d0a69706572663a20696e7374616e6396
:109f5400652025642073657373696f6e2073746163
:109f640072746564202e2e2e0d0a00000d0a69708d
:109f740065726620696e7374616e63652025643a48
:109f840020527820646f6e652e20536f636b657466
:109f940020636c6f7365642e0d0a0000697065722e
:109fa4006620696e7374616e63652025643a20527d
:109fb4006561647920666f7220746865206e6578c7
:109fc400742073657373696f6e2e0d0a00000000b0
:109fd400697065726620696e7374616e63652025ad
:109fe400643a20636f6d706c657465642e0d0a00ad
:109ff40069706572663a20636c69656e7420736576
:10a004007373696f6e20636c6f7365642e0d0a0041
:10a0140069706572663a2041525020756e61626cb7
:10a024006520746f207265736f6c76652074686543
:10a03400204d41432061646472657373206f662010
:10a0440072656d6f746520736964652e0d0a000076
:10a05400202020202d2052656d6f74654e6f64653d
:10a06400204d41433a202578202578202578202545
:10a07400782025782025780d0a0000006970657223
:10a08400663a20536574206f6620545820627566c2
:10a094006665722073697a65206661696c65640d12
:10a0a4000a00000069706572663a20536574206f77
:10a0b400662054582071756575696e67206c696dea
:10a0c4006974206661696c65640d0a006970657263
:10a0d400663a20436c69656e7420636f6e6e6563c7
:10a0e40074696e6720746f2025752e25752e25756d
:10a0f4002e25752c2055445020706f7274202575c0
:10a104000d0a000069706572663a20436c69656ed9
:10a114007420636f6e6e656374696e6720746f205c
:10a1240025752e25752e25752e25752c2054435006
:10a1340020706f72742025750d0a000069706572b5
:10a14400663a2054435020436c69656e7420636ff3
:10a154006e6e656374696f6e2074696d656f757476
:04a164000d0a0000e0
:020000040000fa
:10a1680070b58cb00f2120201bf068f910f0020f99
:10a178000cd0924b1a78531edbb2062b08d98f4ba2
:10a188001b780a3bdbb2042b40f2c9800cb070bdcf
:10a19800013a032a40d8dfe802f0021733390121d7
:10a1a80087481df026fec0b2022809d9854b1b68d6
:10a1b8001b685b68824a84498448006898472be09a
:10a1c8007e4b02221a70dae7002281497c481df092
:10a1d80013fe0128d3d0002809da7a4b1b681b68c4
:10a1e8005b68774a784979480068984714e01122f3
:10a1f8007849774817f0c4fd704b03221a70bee700
:10a20800754b00221a606d4b04221a70734b1a6842
:10a21800734b1b689a4206d16c4b1968694b1868d6
:10a2280016f068f8abe71bf00dfa6b4b1c68041bc3
:10a238001bf01cfa6b4b1b6803fb00f36a48a0fb7e
:10a248000323b4eb931f46d9644b1a68674b1b680a
:10a258009a423ed0664b1b68003318bf0123002b7f
:10a2680058d1644b1b680593594b1b680693624a87
:10a27800138801339bb21380adf81c305f4b1b88e9
:10a28800adf81e305e4b08935e4b1b68adf824306a
:10a298005d4a0a9200220b9293420bdd0024584d2e
:10a2a800584e00bf1cf032ff05f8010b013433682b
:10a2b8009c42f7db4e4905a80af0f0fb0028abdb0f
:10a2c8001bf0c0f9444b1860444a1368013313600b
:10a2d80055e70023c3e7414b1a68444b1b689a4271
:10a2e8003ff44daf1bf0aef93b4b1c68041b1bf051
:10a2f800bdf941f2883303fb00f33b4aa2fb032379
:10a30800b4eb931f7ff63baf394b1b68003318bf84
:10a318000123a4e7364b186817f0a4fda1e73b4bcf
:10a328001b689b6b05aa3a4909683a480068984730
:10a338008df8130001283ff429af204b1978a1f1bb
:10a348000a03dbb2042b9dbfa1f10a03324a52f87b
:10a358002340324ce0b90d39c8b21a4b1b681b6850
:10a36800059a02922e4a128801922e4a1268009289
:10a378005d682d4b1b8822462c4e2d49012898bf1d
:10a3880031462c480068a8470c4b1b780c2b55d03d
:10a398009df91330002b0dda00260a4a126812685c
:10a3a80055682246244923480068a8479df9133078
:10a3b800002b63da012018f0f1fae7e6d1bc00209f
:10a3c80038bc002014be00208cc40100d0bd002081
:10a3d800ecbd0020c0bc0020e8bd0020d8bd002096
:10a3e800e4bd0020dcbd0020d34d6210ccbd0020b0
:10a3f800e0bd0020d4bd0020d2bc002066bd0020f6
:10a40800889a0020a0c000205953010000be0020f7
:10a4180004be0020f8bd00204c740200500b02005e
:10a428001ebf0020fcbd002026bf002028c401005c
:10a438005cc40100f4bd0020a8c40100114b1b88b6
:10a44800114a12689342a3d0104a1268d56a0133a0
:10a4580099b20c4b19800df11303009300230c4a99
:10a4680012880c480068a8470b4b18609df91330f8
:10a47800002bb8bf0126bff689ae8ee7002e7ff409
:10a4880085ae97e726bf002008be002000be00204a
:0ca498001ebf0020f8bd002004be002004
:020000040000fa
:10a4a40065746830000000006574683100000000c5
:10a4b40068656c70000000003a2073686f77205460
:10a4c4006573742067726f757020636f6d6d616e54
:10a4d4006473000074696d657374616d70000000cd
:10a4e4003a2073686f77206275696c642074696db3
:10a4f400657374616d700000697064756d7000003f
:10a504003a2064756d7020727820697020706163e0
:10a514006b6574732028303a6f666620313a65742f
:10a52400683020323a6574683120333a626f746857
:10a53400290000006d6972726f7200003a206d6923
:10a5440072726f7220657468302854315329205216
:10a554005820746f206574683120666f72205769c3
:10a564007265736861726b20286d6972726f7220f4
:10a574005b307c315d2900007374617473000000ea
:10a584003a2073686f772054582f525820636f75a0
:10a594006e7465727320666f722065746830206112
:10a5a4006e642065746831006d656d696e666f0058
:10a5b4003a2066726565206d656d6f7279206f6ee5
:10a5c4002074686520432d72756e74696d6520680a
:10a5d40065617020616e6420746865205443502f57
:10a5e40049502068656170006c616e5f72656164da
:10a5f400000000003a2072656164204c414e3836f8
:10a60400355820726567697374657220286c616eb1
:10a614005f72656164203c616464725f6865783e62
:10a62400290000006c616e5f777269746500000038
:10a634003a207772697465204c414e38363558207b
:10a64400726567697374657220286c616e5f7772d6
:10a65400697465203c616464725f6865783e203c7f
:10a6640076616c75655f6865783e290064756d7008
:10a67400000000003a2064756d70206d656d6f7286
:10a6840079202864756d70203c616464725f68652c
:10a69400783e203c636f756e743e2900706c636174
:10a6a4005f6e6f64650000003a206765742f736500
:10a6b4007420504c4341206e6f6465204944202827
:10a6c400706c63615f6e6f6465205b69645d2c20f0
:10a6d4006e6f206172673a2073686f7720637572ba
:10a6e40072656e74290000006e6f69705f73656e29
:10a6f400640000003a2073656e64204e2072617716
:10a704002045746865726e6574206672616d657348
:10a7140020627970617373696e67205443502073ab
:10a724007461636b20286e6f69705f73656e64205b
:10a734003c6e3e205b6761705f6d735d29000000b5
:10a744006e6f69705f737461740000003a207368ff
:10a754006f77204e6f49502054582f525820636f02
:10a76400756e7465727300006c6f67636c656172fb
:10a77400000000003a20636c6561722064656665c0
:10a7840072726564207061636b6574206c6f6720fe
:10a7940062756666657200006c6f6773746174003d
:10a7a4003a2073686f772064656665727265642009
:10a7b4006c6f6720737461746973746963732028a0
:10a7c400746f74616c2c2070656e64696e672c20e4
:0ca7d4006f766572666c6f777329000069
:020000040000fa
:10a7e0002de9f04f89b041f28813c55c35b10025e1
:10a7f00085f00100c0b209b0bde8f08f05910646b2
:10a8000041f2851310f80380b8f1000f40f0548135
:10a810000122c25400f58a52117f137e1432d2797c
:10a82000013a521ad2b29a4278d24ff0ff3900f56b
:10a830008a5414344ff0000a24e07a6b10230293f8
:10a84000019707ab00930123514618460ef054ffc1
:10a8500038875ce006f58b531a680921304610f002
:10a8600035fe237a01332372637a01336372a37a4c
:10a870000133a372217a2379e279013a521ad2b2d2
:10a8800093424bd9cdf81890013b0b40c3eb031317
:10a89000226802eb830bbbf838109bf83a30009328
:10a8a000042306aa0bf110000bf0fefe0028d8d0fe
:10a8b0009bf82830032bd4d12379013b227a134013
:10a8c000c3eb0313216801eb8307042287f82820d8
:10a8d000386b069a22ea0002f86a0243079241f8ae
:10a8e00023a0c7f804a0c7f808a0c7f80ca097f8e1
:10a8f0003a30002ba1d07a6b10230293019707ab5b
:10a9000000930123514618460df0defa38873b8f3d
:10a91000002b9fd0237a01332372abe706f58a52ce
:10a92000d17f137e1432927a013a521ad2b29a42ed
:10a9300044d24ff0ff3a06f58a54143406f58b5989
:10a9400009e0002833d0e17a2379a27a013a521a39
:10a95000d2b2934232d9cdf81ca0013b0b40c3ebdd
:10a960000313226802eb830bbbf838109bf83a30d4
:10a970000093042307aa0bf110000bf095fedbf8ff
:10a980002010dbf83420dbf82470e37a0133e37223
:10a990000029d6d0d9f8003001930097dbf820b019
:10a9a000079b011c18bf01213046d847cbe7d9f8d7
:10a9b00000200121304610f089fdc4e741f27012f9
:10a9c000b25c4ab906f58a52507f1432127a013ac3
:10a9d000121ad2b29a421bd341f27013f35c002bcd
:10a9e00040f0928006f58a53987e1a7e14335b7984
:10a9f000013b1b1adbb2934235d341f2851300228f
:10aa0000f254b8f1000f57d0059b83f00105efe633
:10aa100041f25412b418013b0340c3eb0313b15885
:10aa200001eb83010130607241f270130222f25493
:10aa30000b8f06f58b521268009201f1100241f261
:10aa40008110305c15f038fe0346002852d141f2e7
:10aa500070130022f25406f58a535a7f013a5a774e
:10aa6000bae79846bee741f25413f418013a02409f
:10aa7000c2eb0212f15801eb82010130a07141f2e8
:10aa800070130222f2540b8f06f58b52126800925b
:10aa900001f1100241f28110305c15f00dfe20bb77
:10aaa000002141f27013f15406f58a539a7e013a5f
:10aab0009a7641f28513f15441f28713f35c1bb986
:10aac000059b83f0010593e63046faf7e3fa059b10
:10aad00083f0010739463046fbf71efa002808bf0d
:10aae0003d463046faf7d6fa82e641f28513002257
:10aaf000f25489e741f27012b25c002ab1d041f2ff
:10ab000085130022f2547fe706f58c53002203f8e8
:04ab1000052fd1e755
:020000040000fa
:10ab14002de9f04f87b00f2102201af091fc064670
:10ab240010f0010f06d116f0020f40f0a48007b018
:10ab3400bde8f08f02276ff00d08dff8dca209e012
:10ab4400a28840f206439a4213d041463a46284628
:10ab540019f0e8fd38461cf0c7f905460028e2d094
:10ab6400ac6920461bf0fcfa2388012be8d041464f
:10ab7400ece7a3690493d5f82890daf804b04846c2
:10ab84001cf04cfed4f80e300593c0eb001005a960
:10ab94005bf8200014f098fe0146029020b104f105
:10aba4000802484613f0e2ffd9f80430049a9a42a6
:10abb40000f0288199f86a3013f0080f01d1394662
:10abc400c4e704a818f03ef9834600284fd090f853
:10abd4006a3013f0080f4cd0436882681a40d9f8e1
:10abe4000430d9f808100b409a4200f00c81394621
:10abf400ace7029b23b1e388012b29d03946a5e7b2
:10ac040004f108030293daf80430039348461cf075
:10ac140005fec0eb0010039b03eb8001039105a923
:10ac240053f8200015f0b4f80028e4d0037813f0aa
:10ac3400020f07d0039914310b46029a802119f0b0
:10ac440097fad8e7029a0146484613f08fffd2e7f5
:10ac5400d4f80e30dbf804200bf13c0101910834e8
:10ac64000094394648460ff01dfc39466ee73946d4
:10ac74006ce739466ae7684ca36903f5fa63a36194
:10ac8400664aa2fb03239b0963611cf03dfe6768cf
:10ac9400b0f1000b7ff74baf07f13c0914374ff0cd
:10aca400000860e063687268002101915c490091ca
:10acb400012130460ff0f6fb638a01336382246876
:10acc400fcb134f8041c11f4007f534b14bfb3f8e7
:10acd4004230b3f84030608a9842f0d2dff838c18d
:10ace400dcf81420a368d21adcf8383003fb00f334
:10acf4009a42e4d3baf1000fd4d011f4807fded0ad
:10ad0400d0e755f8284cfcb1434a5369a1685b1a53
:10ad1400126b934218d3211f55f83c0c1cf09cf87d
:10ad2400384618f09bfb6ff002030022211d3046c9
:10ad340016f0f6fa55f8284c34b1374a5369a1682d
:10ad44005b1a126b9342e6d255f83c3c5a6a55f8aa
:10ad5400083c9a4238d208f1010809f13c093c3711
:10ad6400c3453ff4e4ae40461bf06af906464d463f
:10ad740059f8184c002cc4d0274a5369a1685b1aaf
:10ad8400526b93421bd307f1100a211f55f83c0c58
:10ad94001cf062f8504618f061fb4ff0ff330022bc
:10ada400211d304616f0bcfa55f8184c002ca8d0da
:10adb400194a5369a1685b1a526b9342e5d296f81b
:10adc40043a00af0100a7ce755f8043c002bc2d0db
:10add4000024384618f042fb82460028bbd0011fed
:10ade40055f83c0c1cf038f86ff0030300220af10c
:10adf4000401304616f094fa013455f8043ca34299
:10ae0400e7d8a8e7cb469bf8433013f0100f3ff484
:10ae1400f0ae39469ae600bf40b90020d34d621027
:04ae240094c00020b6
:020000040000fa
:10ae28002de9f04fcbb0a0f1040a41aa009200f13d
:10ae38001c040194534600bf53f8040f42f8040f52
:10ae4800a342f9d104390df1080912a84b4600bff5
:10ae580051f8042f43f8042b8342f9d109f1c000bb
:10ae68004a461546916b52f8044f4feaf14383ea7c
:10ae7800714383ea9123696a2d6829440b444fea98
:10ae8800b44181eaf41181ead4010b44d3638242cc
:10ae9800e7d1ddf824e1459addf820c14499479fc0
:10aea8004398469b429cdff88882d346ca46c146ef
:10aeb8004feaf32585eab31585ea7368d9f8005097
:10aec800daf80060354445448cea07061e4086eaf5
:10aed8000c063544ae4472444fea743585eab4052d
:10aee80085eab45544ea00060e4004ea000846ea3a
:10aef80008063544ae44d9f80450daf804603544fd
:10af0800654483ea070c0cea020c8cea070c6544da
:10af18004feaf22c8ceab21c8cea726c654401eba5
:10af2800050c4fea7e3181eabe0181eabe514eea44
:10af3800040606400eea040846ea08063144294495
:10af4800d9f80850daf8086035442f4483ea020536
:10af580005ea0c055d402f444feafc2585eabc153f
:10af680085ea7c652f4400eb07084fea713080ead8
:10af7800b10080eab1504eea010525400eea01060b
:10af8800354328443844d9f80c50daf80c60354475
:10af98002b4482ea0c0505ea080555402b444fea84
:10afa800f82585eab81585ea78651d4466194feadb
:10afb800703383eab00383eab05341ea000404ea39
:10afc8000e0401ea00073c4323442b44d9f81040ff
:10afd800daf810502c4422448cea0804344084eafd
:10afe8000c0422444feaf62484eab61484ea766410
:10aff8001444a6444fea733282eab30282eab35297
:10b0080040ea03050d4000ea03073d432a44224471
:10b01800d9f81440daf814502c44644488ea060c31
:10b028000cea0e0c8cea080c64444feafe2c8ceafd
:10b03800be1c8cea7e6c644401eb040c4fea72314e
:10b0480081eab20181eab25143ea0205054003ea06
:10b0580002073d4329442144d9f81840daf818502a
:10b068002c44a04486ea0e0404ea0c047440a0446c
:10b078004feafc2484eabc1484ea7c64a04400eb14
:10b0880008074fea713080eab10080eab15042ea1d
:10b0980001041c4002ea01052c4320444044d9f82d
:10b0a8001c40daf81c502c4434448eea0c063e400e
:10b0b80086ea0e0634444feaf72686eab71686ea89
:10b0c8007766264433444fea703484eab00484ea4d
:10b0d800b05441ea0005154001ea000845ea0805b0
:10b0e8002c44344409f120090af1200a0f4da945de
:10b0f8007ff4deaeda46cdf824e14693cdf820c1e0
:10b1080047974294439044914592009a019800bf12
:10b118005af8043f52f8041f0b44caf8003082451d
:10b12800f6d100204bb0bde8f08f00bfbc60010035
:04b13800bc5f0100f7
:020000040000fa
:10b13c002de9f041aeb0064615460591002705995c
:10b14c000b78002b00f0fa8000244ff0ff33cde990
:10b15c0009430eab0c9380230b940d930b5d0bb139
:10b16c00252b26d134b12246304618f08ffb059b97
:10b17c0023440593059b1a78252a40f0d78003f1c8
:10b18c000108cdf81480059803782b2b1ad025d8fc
:10b19c00202b1bd0232b1dd02a2b27d017f0ebfafa
:10b1ac000b90059b1a78303a092a2ed80133059357
:10b1bc00f7e70134d2e7099b43f00103013009930f
:10b1cc000590e0e7099b43f00403f7e7099b43f084
:10b1dc000803f3e7099b43f01003efe72d2bead0ac
:10b1ec00302bd9d1099b43f00203e7e72b681a1dda
:10b1fc001b682a600130002b05900b9305da099a25
:10b20c005b4282f0010209920b93099bda0744bf5f
:10b21c0023f002030993059b1a782e2a0dd10022e4
:10b22c00581c0a9205905a782a2a25d10233059384
:10b23c002b681a1d1b682a600a9305a818f008fbd6
:10b24c00059b039018781cf01dfb6928039979d095
:10b25c0032dc632800f0cb8019dc252800f0d98083
:10b26c00612853d000234ff0ff32cdf8148009939e
:10b27c000b930a920093d4e017f07dfa0a90059b89
:10b28c001a78303a092ad8d801330593f7e764289d
:10b29c0058d06728e6dc2a4606a819f0f0ff0028eb
:10b2ac0000f0a180059b5a1c05921b7806aa09a9df
:10b2bc003046faf76ff938e0702873d015dc6e2839
:10b2cc0000f08c806f28cdd12b46002206a80ff001
:10b2dc0005fd002800f08780059b06aa013309a90b
:10b2ec003046059313f098fd1fe075283ad0782866
:10b2fc0048d07328b6d1802975d1059b2a680133b3
:10b30c000593131d2b60126800237de02a4606a8c6
:10b31c0019f0b5ff002866d0059b5a1c05921b78c6
:10b32c0006aa09a93046faf795fb04443c44a74207
:10b33c007add3e4b4f221a604ff0ff3738462eb065
:10b34c00bde8f0812b46012206a80ff0c7fc0028af
:10b35c0049d0059b06aa013309a93046059310f084
:10b36c0009f8e2e72b46002206a80ff0b7fc0028ec
:10b37c0039d0059b06aa013309a93046059315f06f
:10b38c00f8fed2e72b46002206a80ff0a7fc50b31c
:10b39c00059b5a1c05921b7806aa09a9304609f090
:10b3ac0059fac2e72b460022f02106a80ff096fcb2
:10b3bc00c8b1059b01330593dde9062313430bd17b
:10b3cc001b481bf07dfe099b009319490b9b024601
:10b3dc00304612f0a7f9a8e77823dde72b463a1997
:10b3ec0006a812f0d5fe059b013305939ee7802934
:10b3fc00f9d1059b013305932b681a1d1b682a6034
:10b40c008df8183006aa012309a9304615f05afe0a
:10b41c008be78029e7d1059b01330593099b0093aa
:10b42c000b9b04490122d3e7274688e610bf002076
:08b43c00cc7d0200d27d02006c
:020000040000fa
:10b444002de9f04f85b003f03004302c00f0d680a5
:10b454001f4615460e461af07ff80446002800f0f1
:10b46400cf80b5f5807f38bf4ff48075436802689c
:10b474009b1a013b9bb282694169521a1ffa82f9f5
:10b4840017f0100f23d1b6f5807f38bf4ff48076c4
:10b4940017f0200f21d113fa82f271198a4217ddb5
:10b4a400a9eb01021a4492b217f0030108d0032950
:10b4b40006d0022907bfad18adb2b618b6b207e080
:10b4c400013252081644b6b21544adb200e04e46fd
:10b4d4009d4203d25b1b9bb202e01d46eb1a9bb25a
:10b4e4001f2b08d9934b18684368691c98478046fa
:10b4f40018b90020b9e04ff00008b14594bfa6eb9d
:10b504000909a9eb06091ffa89f9b9f11f0f0dd929
:10b51400884b18684368711c9847824640b9854b2c
:10b524001868c3684146984700209ee04ff0000a1f
:10b53400b8f1000f00f0aa8017f0080f00f0b780f0
:10b54400a368e168994225d96268521a92b20192bd
:10b55400d4f800b0a3eb0b091ffa89f9019a12eb96
:10b56400090300f0e180ab4200f38580eab9b9f148
:10b57400000f1ed12269e368a2eb030b1ffa8bfbb9
:10b584009a4280f09980636822689b1a9b441ffa50
:10b594008bfb91e0994280f0c180a3eb01091ffa73
:10b5a40089f98b4600230193d8e7404618f002fb43
:10b5b400dde74a465946019b08eb030018f0fafa06
:10b5c400d8e74ff0000bd946cdf804b077e0b94284
:10b5d4004ed9a36901335b1a9bb202936369039347
:10b5e400ff1abfb287e0504618f0e4fa8be001225c
:10b5f40010212046f9f762fa012036e0002034e0f9
:10b60400002032e000270297b8f1000f4ad0494bde
:10b614001868c36821689847c4f800800135454418
:10b624006560c4f80c80019b4b444344a36008eb61
:10b634000b032361204617f000febaf1000f0fd070
:10b644003c4b1868c36861699847c4f814a0564411
:10b65400a661c4f820a0029b3b441f465744e761ff
:10b6640094f87630032bc2d0012005b0bde8f08fea
:10b6740000270297c8e72f4c2068c36851469847b3
:10b684002068c368414698470020eee7baf1000fee
:10b6940097d14ff0000bd946cdf804b05f46cdf8f2
:10b6a40008b0b1e7baf1000fcad10120dde74ff0cd
:10b6b400000bd946cdf804b0baf1000f37d017f01b
:10b6c400040f9fd0e769e36db3f1ff3f0ad0b4f8ec
:10b6d400682013441f44a369bb4203d262699b1ac6
:10b6e400db431f44216ab942bff471af7f1abfb272
:10b6f400039100230293029ad31985d0b342badc92
:10b70400002a7ff470af002f3ff47eaf3a460399ce
:10b71400029b0aeb030018f04dfa75e74ff0000b9b
:10b72400d946cdf804b0c7e74ff0000bc4e70027b3
:08b7340002976ce780be0020c3
:020000040000fa
:10b73c002de9f04f87b007460192d0f8049001290b
:10b74c001add8b46019b5c68904920461bf079fd05
:10b75c0000283cd08e4920461bf073fd00283dd0bc
:10b76c00bbf1020f30dd019eabf1030a2af0010a96
:10b77c000af1030a0125a4e003681b6885494846c1
:10b78c0098473b681b688449484698473b681b6848
:10b79c008249484698473b681b6881494846984708
:10b7ac003b681b687f49484698473b681b687e4945
:10b7bc00484698473b681b687c49484698473b6815
:10b7cc001b687b494846984707b0bde8f08f0c23af
:10b7dc0000221146384605f045fcf5e7754b1b6811
:10b7ec0013b9754b1b682bb13b681b6873494846f2
:10b7fc009847e9e74946384617f060fb0028e3d044
:10b80c006f4b03936f4b049300238df814306e4be6
:10b81c001b689b6903a9674a10689847021e3b681e
:10b82c005b68b4bf69496a4948469847002017f0dd
:10b83c00b3f8c9e7404616f09eff81b20a230022f6
:10b84c00384605f00ffcbfe71022002140461bf0e4
:10b85c00b5fe81b20d23f2e7404616f08cff84b2a0
:10b86c000b2602355d450ddb3b685b685949484644
:10b87c009847a9e71022002140461bf09ffe84b296
:10b88c000e26eee7009b023310220021019850f89f
:10b89c0023001bf093fe334602462146384605f042
:10b8ac00e1fb91e7404616f066ff4b4b18803b6876
:10b8bc005b6882b249494846984702350836554577
:10b8cc0082d000957468d6f80880454920461bf054
:10b8dc00b8fc0028aed0434920461bf0b2fc00282f
:10b8ec00b2d0414920461bf0acfc0028b4d03f49f3
:10b8fc0020461bf0a6fc0028bcd03d4920461bf07e
:10b90c00a0fc0028ced03b4920461bf09afc78b115
:10b91c00394920461bf095fc00b3384920461bf0f2
:10b92c0090fc38b33b681b68354948469847c4e7d8
:10b93c00404616f020ff334b186028b13b681b685b
:10b94c00314948469847b8e7304b1a882d4b1a6056
:10b95c003b685b682e4948469847aee7404616f070
:10b96c000aff02462b4b18603b685b682a49484625
:10b97c009847a2e7404616f0fefe0246274b186099
:10b98c003b685b6826494846984796e7948e0000ca
:10b99c009c8e0000408c0000948c0000f08c000009
:10b9ac00288d0000808d0000bc8d0000ec8d000007
:10b9bc004c8e0000f8bd002004be0020580b020085
:10b9cc00000e270780841e0000be0020a48e0000fd
:10b9dc00c08e0000048f00001ebf0020208f0000ce
:10b9ec00d88e0000e08e0000ec8e0000f48e00007b
:10b9fc00008f0000388f0000908f0000b88f00007f
:10ba0c00d88f0000fcbd0020408f000022bf00201a
:10ba1c00648f00000cbe0020988f000008be002030
:04ba2c00bc8f0000cb
:020000040000fa
:10ba30002de9f04f83b080468a4600920193012998
:10ba400000d012bb18f060f98346002800f03b815b
:10ba50001cf084f9ab4b1b78e3b91cf083f9aa4bbb
:10ba60001a68002a00f0d880a84b19680b68002bd0
:10ba700000f02c810024013424b2264694420fd2d7
:10ba800051f82430002bf6d10de0ddf800b0002392
:10ba90000093dde7013b9b4a13701cf063f9dee77e
:10baa000002b40f0b980dff87092d9f8000083686d
:10bab0008822012198470546d9f80000944b19883f
:10bac0004368013198470746d9f80000914b19881f
:10bad000436801319847002d00f0a980002f00f045
:10bae000a680002800f0a380894b1b88894a118812
:10baf000ac872f6001331f446f6068610844a86100
:10bb00004ff40673a5f86a30804b1b6843f8265043
:10bb10001cf024f97b4a1378013313701cf022f9ce
:10bb2000b5f86230a5f872302b68ab60eb602b6122
:10bb30006b69eb612b6295f83e3003f081036ff384
:10bb4000c71385f83e3095f83f3003f0fe0343f00d
:10bb500002036ff3820385f83f3095f8743095f84f
:10bb600075206ff3410285f8752003f0fb036ff336
:10bb7000c30385f874300021a963696369654ff0d8
:10bb8000ff30e8650120a5f86400a5f86e00a5f86f
:10bb90006010296485f8791003f0030385f8773085
:10bba000d2b212f0200f08bfa96412f0400f04bff8
:10bbb00000236b64002385f8873085f87780b8f11f
:10bbc000010f4dd00023eb6495f87730002b74d132
:10bbd00095f8743068f3010385f87430baf1000ffa
:10bbe0005ad0a5f862b0009ba5f8603019f02efd80
:10bbf000686295f83e3043f0020385f83e30b8f1b4
:10bc0000010f74d0284614f0a9fb0028acbf012313
:10bc10000b2385f876304ce01cf0a0f8394a1378f5
:10bc2000013313701cf09ef84ff0ff3441e03a4ca2
:10bc30002368da680146184690472068c368394689
:10bc400098472068c368294698471cf087f82d4a12
:10bc50001378013313701cf085f84ff0ff3428e09f
:10bc60002e4b04221421782019f0a0f9002846d088
:10bc70002b4a8260c5600122a0f87020a0f85820ed
:10bc8000e8640028a0d095f8743068f3010385f8c3
:10bc90007430baf1000f1cd1a5f862b095f83e30af
:10bca00043f0010385f83e30002385f87630a5f88f
:10bcb00072b0204603b0bde8f08f284617f048fc6c
:10bcc0004ff0ff34f5e74ff0ff34f2e7002426464b
:10bcd000e9e6a5f862b0009ba5f8603019f0b6fc63
:10bce000686295f83e3043f0020385f83e30019bd0
:10bcf000002b87d01b68002b84d02b6482e7e8647c
:10bd000062e700bf25bf002078be002074be00207f
:10bd100030bf00202ebf002080be00200600200083
:04bd2000717b010032
:020000040000fa
:10bd24002de9f04784b00c469e464668b2f1000cfb
:10bd340040f34781a64b6d460fcb07c52b806b465e
:10bd440007cb20606160a2601b88a38196f8fe3057
:10bd54006362bcf1010f40f32f819e4b6d460fcb04
:10bd640007c52b7004f128056f4607cfa06228464b
:10bd74006960aa602b73737ee364737e002b7cd0ae
:10bd84000225654580f2fc80934a6b4607ca83e826
:10bd9400070005eb85084feac80804eb080707cb42
:10bda40044f808007960ba6096f807317b626b1c2e
:10bdb4009c4540f3fd80894a6b4607ca83e8070027
:10bdc40008f1280904eb090707cb44f80900796056
:10bdd400ba60737d7b62ab1c9c4540f3e780804b6b
:10bde4006f460fcb07c727f8023b1b0c3b7008f1cb
:10bdf400500904eb09076b4607cb44f80900796046
:10be0400ba601a889b78ba81bb73b37d7b62eb1ce2
:10be14009c4540f3c980734b6f460fcb87e80f00f6
:10be240008f1780a04eb0a090fcf44f80a00c9f8ac
:10be34000410c9f80820c9f80c30f37dc9f824307f
:10be44002b1d9c4540f3ae80674b6f460fcb87e8b4
:10be54000f0008f1a00804eb08090fcf44f808000c
:10be6400c9f80410c9f80820c9f80c30337ec9f8a1
:10be74002430053502e0002583e7022565457fda95
:10be84005a4b6f460fcb07c73b8005eb8507ff0076
:10be940004eb07086b4607cbe051c8f80410c8f858
:10bea40008201b88a8f80c30337dc8f824306b1c9c
:10beb4009c4575dd4e4be8460fcba8e80700a8f873
:10bec400003007f1280904eb09086b4607cb44f856
:10bed4000900c8f80410c8f808201b88a8f80c301a
:10bee400f37ec8f82430ab1c9c4557dd414be84633
:10bef4000fcba8e80700a8f8003007f1500904ebbd
:10bf040009086b4607cb44f80900c8f80410c8f8c0
:10bf140008201b88a8f80c30337fc8f82430eb1ca9
:10bf24009c4539dd344a6b4607ca83e8070007f1ac
:10bf3400780904eb090807cb44f80900c8f8041091
:10bf4400c8f80820b37ec8f824302b1d9c4521dd99
:10bf54002a4bec460fcbace80700acf80030a03716
:10bf640004eb070c6b4607cbe051ccf80410ccf87b
:10bf740008201b88acf80c30f368ccf82430053565
:10bf8400cef80050002d14bf00206ff0050004b05f
:10bf9400bde8f0871d46f3e71d46f1e71d46efe7d0
:10bfa4001d46ede71d46ebe71d46e9e71d46e7e7bd
:10bfb4001d46e5e70125e3e7737e002bfad1012551
:10bfc4005ce7737e002b7ff456af0025d8e700bff3
:10bfd4008ca201009ca20100aca20100b8a2010045
:10bfe400c4a20100d4a20100e4a20100f4a2010051
:10bff40004a3010014a3010024a3010030a3010041
:020000040000fa
:10c004002de9f04fa9b00f211a2019f019fa10b92f
:10c0140029b0bde8f08fa34bd3f80090a24b1b8846
:10c02400002bf5d009f108054ff000081be020466d
:10c034000cf0a0ff56f8040c20b113f0d5ff002338
:10c0440046f8043c00225021204608f075fb4f2896
:10c0540028d8002706f8067c08f101081835924b09
:10c064001b889845d4daa5f1080a2e4635f9084c00
:10c0740015f8067c204614f0c1fd0028d7d12046cf
:10c0840014f0e8fd83460028d1d1032fe2d801a3a0
:10c0940053f827f049c00000b9c0000041c10000b6
:10c0a40045c2000035228149204610f06ff9204630
:10c0b40014f028fe36f9084c00225021204608f0de
:10c0c4003bfb4f2801d80127c4e713ab039302ab12
:10c0d400532203a9204612f05ffc68b3022819d04a
:10c0e4007349039816f054fa039010b30f220146d3
:10c0f40030461bf093fc0023f373bdf808200021a5
:10c10400204609f037fa0d226a49204610f03ef91c
:10c1140002279fe718226849204610f037f91322b6
:10c124006649204610f032f920460cf023ff002720
:10c1340090e700233370e0e701278be735f9084cdb
:10c1440000225021204608f0f7fa4f2882d913ab79
:10c15400029301ab532202a9204612f01dfc0028d1
:10c164003ff478af022811d108eb480209f1080026
:10c1740000ebc201002340f832304b608b60cb608f
:10c1840018224d49204610f001f942e0484902982e
:10c1940016f0fef90290002876d0494b1b6823b3b1
:10c1a400404b1b68aaeb0303db10464a02fb03f374
:10c1b400adf80c300223adf80e30adf81040204637
:10c1c40016f0e0feadf8120005a914f06ffd08ebbf
:10c1d400480c09f108003a4b1f683b4b1b6803aa43
:10c1e400029900ebcc00b84783465322002113a8e0
:10c1f4001bf0caf909f1080208eb480002ebc00180
:10c20400002342f830304b608b60cb60bbf1000ff1
:10c2140009d113222949204610f0b8f820460cf021
:10c22400a9fe002716e7bdf804200021204609f0e6
:10c23400a1f91c222549204610f0a8f8032709e794
:10c2440000225021204608f077fa4f287ff602afeb
:10c2540033221f49204610f099f8204614f052fd6d
:10c26400002221461b4810f0c9ff45f8040c08b110
:10c274000427efe637221849204610f087f82046b5
:10c284000cf078fe0027e5e608eb480209f1080007
:10c2940000ebc201002340f832304b608b60cb606e
:10c2a400b7e700bf50be00205cbd0020a8590100c4
:10c2b400105a0100145a0100e0590100fc59010010
:10c2c4004cbe0020abaaaaaa48be0020245a0100f2
:0cc2d400445a010074740200785a010002
:020000040000fa
:10c2e000002800f040812de9f047d6b00e46904678
:10c2f0000446d0f800a0ac4b9a4500f036810323e9
:10c300008df8db30cdf8d4a0002a00f0328112f095
:10c310001f0918bf4ff0010909eb521900f1080578
:10c320000df1200c00f1380e674628686968aa688c
:10c33000eb680fc71035bc467545f5d128683860e5
:10c34000aa88ab79ba80bb71b9f1000f00f32a81da
:10c35000012536e0372208a916a806f071fd05462a
:10c3600060bb694616a804f02ffc054616a813f01a
:10c3700034ff35bb009b2268012a02d962689342d0
:10c380003bd0002284f88020636066b1b8f1000fd2
:10c3900009d0b8f11f0f3fd84246694630461af01f
:10c3a000f3fa4ff0000801374f450adae26fa16f48
:10c3b00016a812f089fe05460028cbd016a813f067
:10c3c0000cff08aa00200df15701134603f8010bda
:10c3d0001a468b42f9d1002d44d0012516aa00201f
:10c3e0001ea9134603f8010b1a468b42f9d1281ceb
:10c3f00018bf012056b0bde8f08794f88030012bbb
:10c4000000f0b58009f1ff33bb4208bf09f1010913
:10c41000012384f88030b8e7ec46bce80f003060b8
:10c420007160b260f360bce80f0030617161b261ad
:10c43000f361a8f1200820369df856300133dbb2b5
:10c440008df85630002baed10df1560208a900bf71
:10c4500012f8013d0133dbb21370002ba3d18a42e5
:10c46000f6d1a0e7e26fa16f37a812f02dfe0546c6
:10c4700030b137a813f0b1fe236801332360ade774
:10c4800001220df1db0137a806f0dafc0546002891
:10c49000efd1372204f1080137a806f0d1fc054698
:10c4a0000028e6d116a937a804f08efb054637a868
:10c4b00013f093fe002ddfd104f13f020df1770759
:10c4c0000df1580e1046002600e00f46394610f8d0
:10c4d000013d11f801c9634433440370c3f30f26cf
:10c4e0007745f2d104f11f0004f1080110f8013d75
:10c4f00033449bb203701e0a8142f7d110460023d9
:10c5000010f8016c90f836703e44334400f8013d59
:10c51000c3f30f238842f3d14fea1a2303f0ff132a
:10c520004fea0a2000f0ff2003434fea33433593dc
:10c5300036ae04f13b0c002312f8010d16f8017d14
:10c54000384403441370c3f30f239445f4d104f12a
:10c550003b0200bf12f8010d03449bb213701b0a8b
:10c560009142f7d188e701207047022042e7032576
:10c5700034e700f108050df1200c00f1380e674694
:10c5800028686968aa68eb680fc71035bc4675450e
:10c59000f5d128683860aa88ab79ba80bb714ff0b2
:0cc5a0000108c146002701e740420f00df
:020000040000fa
:10c5ac002de9f04f099f154604468e461e46002b7a
:10c5bc0040f0cc808a42b2fa82fc4cd9bcf1000f1c
:10c5cc000bd0ccf1200801fa0cfe20fa08f802fa84
:10c5dc000cf548ea0e0e00fa0cf44fea15491ffa56
:10c5ec0085f8befbf9fa210c09fb1ae30afb08fbe0
:10c5fc0041ea03439b452ad9eb180af1ff3004d2d8
:10c60c009b4502d9aaf102002b44a3eb0b03a4b265
:10c61c00b3fbf9f209fb123302fb08f844ea0344ba
:10c62c00a04516d92c1902f1ff3303d2a04501d92c
:10c63c00931e2c44a4eb080443ea004027b124facf
:10c64c000cf400233c607b603146bde8f08f504613
:10c65c00dbe71346eee702b9ffdebcf1000f2ed18b
:10c66c008b1a01264fea154eaab2b3fbfef8210c29
:10c67c000efb183308fb02f941ea0343994561d9d3
:10c68c00eb1808f1ff3004d2994502d9a8f1020049
:10c69c002b44a3eb0903a4b2b3fbfef10efb113345
:10c6ac004a4344ea0344a2424ed92c1901f1ff3308
:10c6bc0003d2a24201d98b1e2c44a41abce7ccf1a4
:10c6cc00200e02fa0cf521fa0ef901fa0cf320fafd
:10c6dc000efe4eea03034fea154800fa0cf4b9fbc0
:10c6ec00f8f11ffa85fe08fb1192180c01fb0ef6ef
:10c6fc0040ea0242964221d9aa1801f1ff3003d236
:10c70c00964201d9881e2a44921b9bb2b2fbf8f9bf
:10c71c0008fb192209fb0efe43ea02439e450fd982
:10c72c00eb1809f1ff3604d29e4502d9a9f1020695
:10c73c002b44a3eb0e0346ea004693e70846e3e7d7
:10c74c004e46f6e74046a4e70b46b6e78b4206d9c1
:10c75c00002f7ed00026c7e90001304674e7b3fafb
:10c76c0083fcbcf1000f0fd18b4201d3824209d85c
:10c77c00841a61eb030e0120002f6dd0c7e9004e27
:10c78c00002661e76046f7e7ccf1200e03fa0cf3c4
:10c79c0022fa0ef521fa0ef41d4301fa0cf320fadd
:10c7ac000ef10b434fea154a00fa0cf6b4fbfaf9fa
:10c7bc001ffa85f80afb19401c0c09fb08f144ea26
:10c7cc000044a14202fa0cf23fd92c1909f1ff30b6
:10c7dc0004d2a14202d9a9f102002c44641a9bb2e2
:10c7ec00b4fbfaf90afb194409fb08f843ea0441c3
:10c7fc0088452cd9691809f1ff3304d2884502d930
:10c80c00a9f10203294443ea0040a1eb0801a0fb73
:10c81c0002894945c2464c4602d306d1464504d24c
:10c82c00b8eb020a69eb05040138afb1b6eb0a03a9
:10c83c0061eb040606fa0efe23fa0cf34eea030330
:10c84c0026fa0cf6c7e900369ae74846c6e74b4687
:0cc85c00d9e73e463846f7e63e46f5e6d2
:020000040000fa
:10c8680075736167653a20736574656e76203c6bf5
:10c8780065793e203c76616c3e0d0a2020495020a7
:10c888006b6579733a2020206970302f6d61736b66
:10c89800302f6777302f646e73302c206970312ffa
:10c8a8006d61736b312f6777312f646e7331202080
:10c8b80028646f747465642d71756164290d0a208c
:10c8c800204d4143206b6579733a20206d616330b8
:10c8d8002c206d61633120202858583a58583a580e
:10c8e800583a58583a58583a58583b206170706c22
:10c8f8006965732061667465722072657365742951
:10c908000d0a2020504c4341206b6579733a207002
:10c918006c63615f69642028302e2e323534292cef
:10c9280020706c63615f636e742028312e2e32355f
:10c9380035290d0a000000006d6163300000000019
:10c948006d6163310000000025783a25783a257832
:10c958003a25783a25783a2578000000706c6361aa
:10c968005f696400706c63615f636e74000000004f
:10c97800736574656e763a20706c63615f696420d4
:10c9880072616e676520302e2e3235340d0a000034
:10c99800736574656e763a20706c63615f636e745c
:10c9a8002072616e676520312e2e3235350d0a00f2
:10c9b800736574656e763a202573203d20256c7565
:10c9c800202852414d206f6e6c793b202773617689
:10c9d80065656e762720746f20706572736973744d
:10c9e800290d0a00697030006d61736b300000001a
:10c9f80067773000646e73300000000069703100a2
:10ca08006d61736b3100000067773100646e7331bc
:10ca180000000000736574656e763a2062616420d8
:10ca2800495020272573270d0a0000007365746597
:10ca38006e763a202573203d202573202852414ddb
:10ca4800206f6e6c793b202773617665656e76275b
:10ca580020746f2070657273697374290d0a000061
:10ca6800736574656e763a20626164204d41432097
:10ca78002725732720287573652058583a58583a3f
:10ca880058583a58583a58583a5858290d0a0000f0
:10ca9800736574656e763a202573203d20257320d2
:10caa8002852414d206f6e6c793b20277361766563
:10cab800656e762720746f20706572736973743b96
:10cac800204d4143206170706c6965732061667404
:10cad8006572207265736574290d0a007365746543
:10cae8006e763a20756e6b6e6f776e206b65792067
:08caf800272573270d0a000039
:020000040000fa
:10cb00002de9f04f87b00f21032018f09bfc10f0a7
:10cb1000010f02d107b0bde8f08f03276ff00e0ab6
:10cb2000e5e0284619f037fc804500f20c81d5f885
:10cb300028b0bbf1000f00f018819bf8423013f0d1
:10cb4000400f02d16ff01301cde0f368b3f1ff3f66
:10cb500000f0fc80dbf80810dbf8042062ea010238
:10cb6000934200f0f6803369002b00f0f5800df160
:10cb7000040cb646bee80f00ace80f00def800304b
:10cb8000ccf80030adf80680bdf80a20130a43ea5d
:10cb900002239bb2adf80a30c3f30d03002b40f023
:10cba000de802b6a13f4807f07d10022494630468d
:10cbb00012f0e2f9002840f0d580dbf80410059b64
:10cbc000dbf8082001ea0200834232d06a48067886
:10cbd000b3f1ff3f2ad061ea0202934226d09df8ca
:10cbe000142002f0f002e02a2cd0644a934251d083
:10cbf00099424fd09bf86a3013f0080f19d005a85e
:10cc000016f022f9a8b190f86a2012f0080f10d09f
:10cc1000426883681a40dbf80430dbf808100b40e8
:10cc20009a4206d116f0010f03d10ee016f0020f62
:10cc30000bd0534b1a681b689a42fad173bb6ff042
:10cc4000130150e016f0040ff3d1a9690b789b0093
:10cc500003f03c03ca18ea6128699bb28289d21aa0
:10cc600082814888020a42ea002292b24a80d31a9c
:10cc7000ab85ca88130a43ea02239bb2cb80c3f375
:10cc80000d034a7a062a73d0112a73d0012a1fd0c5
:10cc9000514628e016f0010fcbd1d6e7394818f0fd
:10cca000fbfd384b1e6836b9364819f001fdc6e762
:10ccb0003668002ef8d0337a002bf9d073682146fd
:10ccc000284698470028f3d02e4819f0f1fcbce71d
:10ccd000062063b90122294616f0a4fb514630b95b
:10cce00001e06ff00d013a46284617f01dfd384669
:10ccf0001af0fcf8054600283ff40cafae69337813
:10cd000003f0f003402becd13478a40004f03c0491
:10cd1000132c12d91ffa84f92b699b894b450fd329
:10cd200073884fea132848ea03281ffa88f8c14598
:10cd30007ff6f7ae6ff00d01d5e76ff00d01d2e78a
:10cd40006ff00d01cfe76ff00d01cce76ff00a0136
:10cd5000c9e76ff00a01c6e76ff00b01c3e76ff098
:10cd60000d01c0e76ff00901bde76ff01301bae7ed
:10cd70000a20aee70920ace71dbf00207f000001bc
:08cd800034be002010bd0020ac
:020000040000fa
:10cd8800696e7465726e616c00000000706f6f6c84
:10cd98000000000065787465726e616c0000000028
:10cda8004c6f6f7365000000537472696374000000
:10cdb8004e6f6e2d000000002000000064656600c4
:10cdc8006677640066696c74000000006e657469bb
:10cdd8006e666f003a20476574206e6574776f72cf
:10cde8006b20696e666f726d6174696f6e0000000a
:10cdf8006465666e657400003a205365742f476554
:10ce0800742064656661756c7420696e74657266f9
:10ce1800616365007a636c6c000000003a20547509
:10ce2800726e205a434c4c206f6e2f6f666600005e
:10ce3800736574646e7300003a2053657420444e21
:10ce480053206164647265737300000073657469cc
:10ce5800700000003a2053657420495020616464d2
:10ce68007265737320616e64206d61736b000000de
:10ce780073657467770000003a2053657420476132
:10ce8800746577617920616464726573730000006a
:10ce980073657462696f73003a2053657420686f14
:10cea80073742773204e657442494f53206e616d29
:10ceb800650000007365746d616300003a20536576
:10cec80074204d41432061646472657373000000ef
:10ced800696600003a204272696e6720616e2069b7
:10cee8006e746572666163652075702f646f776e06
:10cef80000000000737461636b0000003a205374f3
:10cf080061636b207475726e206f6e2f6f6666009a
:10cf180068656170696e666f000000003a204368ba
:10cf280065636b2068656170207374617475730044
:10cf380070696e67000000003a2050696e672061d2
:10cf48006e204950206164647265737300000000ac
:10cf58006d6163696e666f003a20436865636b2094
:10cf68004d4143207374617469737469637300007d
:10cf78006d69696d000000003a204d49494d2063f4
:10cf88006f6d6d616e647300756470003a2055446e
:10cf98005020636f6d6d616e647300007463700080
:10cfa8003a2054435020636f6d6d616e64730000c6
:10cfb8007463707472616365000000003a20456e06
:10cfc80061626c652054435020747261636500008f
:10cfd800697034003a2049507634000062726964fe
:10cfe800676500003a20427269646765000000bf07
:020000040000fa
:10cff8002de9f04f89b004460d4618f037fb8146fd
:10d0080018f020fb0646d4f8c4707b680593002d01
:10d0180000f09180022d64d8d4f830a094f8ce3076
:10d02800122b06bfe36a0aeb0308d4f82c80d4f865
:10d038008c00d4f88830c01a19f0befccde906017e
:10d04800484619f0b9fc0022774b01f031fc024642
:10d058000b46dde9060101f02bfc18f003fe8146c2
:10d06800002800f0dc800022704bd4e9080106f0ab
:10d0780069fccde90601484619f09efc02460b46bc
:10d08800dde9060101f014fc3b68d3f804b0684ff1
:10d09800a7fb0937bf094ff47a7303fb1799654b50
:10d0a800a3fb09394fea59130693b8f1000f00f0b2
:10d0b800b9804ff0640909fb0af9b9fbf8f90022b5
:10d0c8005d4b00f05afd18f0cdfd0390cdf80890a7
:10d0d800cdf80480cdf800a0069b3a46574905983c
:10d0e800d847022d12d1564aa21ad21002ebc20317
:10d0f80002eb4302c2eb422202eb8242d4f8c43074
:10d108001b685b6852424f4905989847a36ac4f860
:10d118009c30236bc4f8a030d4f89430c4f898300d
:10d12800c4f8a860d4e9080118f09cfdc4f8a4006c
:10d1380009b0bde8f08f226bd4f8a030a2eb030b46
:10d14800d4f8a850401b19f037fccde90601484631
:10d1580019f032fc0022344b01f0aafb02460b46c0
:10d16800dde9060101f0a4fb18f07cfd824694f885
:10d17800ce30122b47d0a26ad4f89c30a2eb030819
:10d18800baf1000f46d0d4f8a40019f015fc0246f5
:10d198000b46d4e908011af011fe0022234b06f0d1
:10d1a800d1fbcde90601504619f006fc02460b46b4
:10d1b800dde9060101f07cfbd4f88830ed1ab5fbf7
:10d1c800f9f53b685f682368b3fbf9f9a944b8f13e
:10d1d800000f22d04ff0640a0afb0bfabafbf8fae8
:10d1e8000022154b00f0c9fc18f03cfd0390cdf867
:10d1f80008a0cdf80480cdf800b04b462a46124965
:10d208000598b84782e7e36ad4f89c209b1a03eb99
:10d218000b08b5e700200021cee7c246e0e7002072
:10d22800002131e7c1464ae700408f400000204016
:10d23800d34d62101f85eb510000e03f34bd010063
:0cd24800e0b2002070bd0100f8bc010045
:020000040000fa
:10d254005443502f495020537461636b3a204865fe
:10d264006170206372656174696f6e206661696cb8
:10d2740065642c20747970653a2025640d0a0000d9
:10d284005443502f495020537461636b3a204e65c8
:10d2940074776f726b20636f6e6669677572617401
:10d2a400696f6e20616c6c6f636174696f6e206668
:10d2b40061696c65643a20256c750d0a00000000f4
:10d2c4005443502f495020537461636b3a2050618a
:10d2d400636b657420696e697469616c697a6174e1
:10d2e400696f6e206661696c65643a2030782578d0
:10d2f4000d0a00005443502f495020537461636b4e
:10d304003a2044656661756c7420466c61736820cc
:10d314004e6574776f726b20636f6e6669677572a2
:10d324006174696f6e206c6f6164206661696c65fd
:10d33400642025640d0a00005443502f49502053a3
:10d344007461636b3a204e6574776f726b20636f00
:10d354006e66696775726174696f6e20696e69744f
:10d3640069616c697a6174696f6e206661696c6564
:10d37400643a2025640d0a005443502f4950205329
:10d384007461636b3a204e6574776f726b20636fc0
:10d394006e66696775726174696f6e3a20416c6973
:10d3a40061736573206e6f7420737570706f72741f
:10d3b40065643a2025640d0a000000005443502f90
:10d3c400495020537461636b3a204e6574776f72d1
:10d3d4006b20636f6e66696775726174696f6e3a0c
:10d3e40020696e76616c69642049502061646472be
:10d3f4006573733a2030782538780d0a00000000f0
:10d4040025732564000000005443502f49502053d5
:10d414007461636b3a20506f776572204d6f646559
:10d4240020696e697469616c697a6174696f6e20d0
:10d434006661696c3a2025640d0a00005443502f3c
:10d44400495020537461636b3a2044796e616d696d
:10d4540063206d656d6f7279206973206c6f773a04
:10d4640020256c750d0a00005443502f4950205359
:10d474007461636b3a20496e697469616c697a619d
:10d4840074696f6e206661696c6564202564202d63
:10d494002041626f7274696e6721200d0a0000bf1b
:020000040000fa
:10d4a4002de9f84fd0f804a0012912dd81460f467a
:10d4b400144656687449304619f0c7fe80b1734b60
:10d4c4001b78b3b1d9f800301b68714950469847ae
:10d4d40004e003681b686f4950469847bde8f88f1d
:10d4e4006a4b1b78002bf9d05146484612f004ffd2
:10d4f400f4e76949304607f043fa60b96668304694
:10d5040019f0e2fd1e2820d9d9f800301b686349c0
:10d5140050469847e2e7624e1022616830461af09e
:10d524007dfa002333745f4a13705f4a13605f4ac5
:10d534001360032fc8bf4ff0030b40f3a180043fd7
:10d5440027f001070437022618e0314655481af03f
:10d554005ffa0023544a1360544a1360032f40f3c4
:10d5640084804ff0010beae7404615f03bff504b37
:10d57400186010b302360834be4241d0a568d4f80e
:10d584000c804c49284619f060fe0028ecd04a492a
:10d59400284619f05afea8b14849284619f055fe04
:10d5a400b0b14749284619f050feb8b1d9f8003057
:10d5b4001b68444950469847dce71af09ff93c4bf6
:10d5c4001860d7e7404615f0daf8374b1860d1e712
:10d5d400404615f0d4f8354b1860cbe7404615f0bb
:10d5e400cef8b0f5fa6f02d8374b1860c2e7d9f815
:10d5f40000305b684ff4fa623449504698476de74f
:10d60400224b83f800b0bbf1010f31d019f080fd3b
:10d614002f4b188019f07cfd2e4b1880224b1b6871
:10d6240013b9214b04221a60204b1b68bbb91f4b52
:10d634004ff47a721a60284bc3f80090274bc3f852
:10d6440000a00023264a1360264a1360174bb3f93f
:10d654000020254b1968202017f0defe3ee7042b3e
:10d66400e9dc124b05221a60e5e7084b01221a7027
:10d67400d9f800305b680b4a1c4950469847c5e707
:10d68400024b03221a70c1e704430100d1bc0020fd
:10d694000c430100ac420100ecbd00203843010002
:10d6a400c0bc002038bc0020e4bd0020dcbd00204c
:10d6b400d4bd00205c4301006043010064430100c9
:10d6c4006843010098430100a0c000206c4301009e
:10d6d400d2bc002066bd002014be0020d0bd0020b6
:10d6e400ccbd0020d8bd002018be0020b4430100ea
:020000040000fa
:10d6f400537461747573302e5472616e736d6974f2
:10d704002050726f746f636f6c204572726f720d6c
:10d714000a000000537461747573302e5472616e84
:10d72400736d697420427566666572204f76657202
:10d73400666c6f77204572726f720d0a00000000ec
:10d74400537461747573302e5472616e736d6974a1
:10d754002042756666657220556e646572666c6fec
:10d7640077204572726f720d0a0000005374617461
:10d774007573302e526563656976652042756666f9
:10d784006572204f766572666c6f77204572726f92
:10d79400720d0a00537461747573302e4c6f737379
:10d7a400206f66204672616d696e67204572726fe4
:10d7b400720d0a00537461747573302e4865616488
:10d7c4006572204572726f720d0a000053746174a1
:10d7d4007573302e526573657420436f6d706c657c
:10d7e40074650d0a00000000537461747573302e63
:10d7f40050485920496e746572727570740d0a0030
:10d80400537461747573302e5472616e736d6974e0
:10d814002054696d657374616d7020436170747513
:10d82400726520417661696c61626c6520410d0a04
:10d8340000000000537461747573302e5472616e6d
:10d84400736d69742054696d657374616d702043e0
:10d8540061707475726520417661696c61626c6592
:10d8640020420d0a00000000537461747573302e59
:10d874005472616e736d69742054696d657374615b
:10d884006d70204361707475726520417661696cb6
:10d8940061626c6520430d0a0000000053746174da
:10d8a4007573302e5472616e736d697420467261a3
:10d8b4006d6520436865636b2053657175656e63a0
:10d8c40065204572726f720d0a0000005374617412
:10d8d4007573302e436f6e74726f6c204461746183
:10d8e4002050726f74656374696f6e204572726f35
:10d8f400720d0a00537461747573302e556e6b6e1d
:10d904006f776e204269743d2564207265672d76b9
:10d91400616c3d307825640d0a000000436f6e662b
:10d924006967302072656769737465722072656116
:0cd9340064206661696c65640d0a0000e7
:020000040000fa
:10d940002de9f04784b017f0cdfd002800f01281da
:10d95000054618f0d7f8002800f0118195f84130fd
:10d9600013f0020f40f09e80ac682b68e41aa4b25a
:10d97000002c00f0008195f83c60012e18bf0024b7
:10d9800040f0f9806b69002b00f0f08095f8403092
:10d9900013f0800f01d06a6a92b9c3f3801305f1c6
:10d9a000180205f11401686a14f043fb686200284c
:10d9b00000f0de8095f8403043f0c00385f8403039
:10d9c00095f8403003f00303022b6fd0ef68ab698a
:10d9d000bb636b69fb636b6a3b64d7f81c9095f87b
:10d9e000413013f0020f66d007f1480ab7f85440ef
:10d9f00008233a6991890b44938104f108081ffabe
:10da000088f86a8d130a43ea0223a9f800302a8da8
:10da1000130a43ea0223a9f802304fea182343ea23
:10da20000823a9f804300023a9f806306b6a93f89c
:10da3000683013f0020f48d097f83c3003f0f00341
:10da4000e02b73d095f863308df80130b5f848308d
:10da5000c3f3c5038df8003095f84930c3f3400394
:10da60008df802306b4642461121384605f0d6fe4d
:10da700000233b60bb86384619f06cff00287ad142
:10da80003b6900229a8195f8413013f0020f12bfd2
:10da9000a7f854202b68ab603b6a23f008033b6275
:10daa000002468e0eb68b3f8544061e7686a18f056
:10dab00036fc68618ae7ab682c681b1b9cb204f1da
:10dac00008039bb24ff0000a93e7bb6b0193fb6b1b
:10dad000029300228df80c2011238df80d30b9f837
:10dae0000430adf80e300c2101a811f045fac04306
:10daf00082b295f8413013f0020f10d00821484649
:10db000011f03afac24392b22146daf8080011f055
:10db100033fac3439bb2db43a9f806308ce7414696
:10db2000484611f029fac3439bb2f4e795f86330f5
:10db3000002b18bf1e468df80160b5f84830c3f3be
:10db4000c5038df8003095f84930c3f340038df8d4
:10db500002306b4642461121384605f05ffe002335
:10db60003b6095f84230c3f3800383e7002402e072
:10db7000002400e00024204604b0bde8f087002423
:02db8000f9e7c3
:020000040000fa
:10db820030b591ea030f00f18280841a71eb030c25
:10db920005d2121953eb0c03001b71eb0c0140f27e
:10dba200000ccff6e07c1cea430f52d0bceb410fd5
:10dbb2005fd90c0da4eb135e5ff0010c6cf31f51e7
:10dbc2006cf31f53def1200c2ad303fa0cf5401933
:10dbd20041f1000122fa0ef5401923fa0ef56941ce
:10dbe20012fa0cf2cd0208d349085fea30005fea6c
:10dbf200320228bf42f001020134013c5fea500cbc
:10dc020072f1004250f1000051eb04514ff4001345
:10dc120013eb410f38bf30bd6ff31301002030bd4d
:10dc2200bef1200ebef1200f1ed223fa0ef54019ce
:10dc320041f10001cef1200c124218bf012203fa79
:10dc42000cf52a43cee711ea5c0f04bf0020002145
:10dc520030bd1cea410f04bf01f00041002030bd7d
:10dc620001f00041002030bd21f4801101eb04518c
:10dc720030bd004218bf41f00101bceb410f08bfab
:10dc820030bd4ff0fe4141f47801002030bd83f0f9
:10dc92000043841a71eb030e07d28ef0004e001b74
:10dca20071eb0e01121953eb0e0340f2000ccff68a
:10dcb200e07c1cea430fc6d0bceb410f72d90c0dbd
:10dcc200a4eb135ec90241ea5051c00241f0004187
:10dcd200db0243ea5253d20243f00043def1200c4e
:10dce20041d312fa0cf522fa0ef203fa0cf542eacb
:10dcf200050218bf42f0010223fa0ef3801a99417d
:10dd0200e30ac4f30a0411f0404f03d418d0013cd3
:10dd120040004941013c23d44205c00a40ea415037
:10dd2200c90a51eac3715fea500c72f1004250f124
:10dd3200000051eb045130bd01002fd00020203ce7
:10dd42000029f9d0b1fa81fcdcf1200e11fa0cf1b4
:10dd520030fa0ef510fa0cf02943a4eb0c04d9e7c3
:10dd62000020d90730bdaef1200ebef1200f0dd23a
:10dd7200cef1200c03fa0cf533fa0ef32a4318bf46
:10dd820043f00103c01a61f10001b9e721f000413b
:10dd9200c00a40ea4150c90a01eb045130bd0020db
:10dda200002130bd004218bf41f00101bceb410f20
:0eddb2007ff467afbceb430f3ff463af30bdaf
:020000040000fa
:10ddc0002de9f04f95b006461f46d0f81080436904
:10ddd000a8f8603098f84330417e61f3830388f8f7
:10dde0004330d8f84440d8f8549015469ab120886a
:10ddf0008fb11388834200f0e280ba1e2b460833ad
:10de0000b2f1ff3f07d0013a19888142f7d1d3f828
:10de10000490c8f85490737e012b01d0694cbbe08c
:10de2000d6f810b04ff0000acdf838a0cdf840a0d9
:10de3000cdf844a0cdf848a0cdf84ca03388adf87b
:10de40003c30614b0493614b0593614b0693b3687f
:10de50000793604b0893604b0993604b0a93604ba8
:10de60000b93604b0c93cdf834b07369adf83e3032
:10de700019f0c9ffadf8400019f0e0ffadf842001d
:10de8000337e8df84430737e8df845300123adf834
:10de900046305b4653f83c0f12909b88adf84c30ef
:10dea0008df804a004ab0293cdf80c90a36801a9ef
:10deb00020889847c8f84c00b0f1ff3f17d0e369bd
:10dec000032120889847c8f85000b0f1ff3fa5d142
:10ded0000023c8f85030c8f84c3019f077fd58b11d
:10dee00019f06efd6268404910f0b6fe04e0c8f813
:10def0004ca019f06bfd08b900243ee019f060fd5c
:10df000062683a4910f0a8fef6e700213be0294696
:10df100039e0002137e019f059fd08b901242ae061
:10df200019f04efd2288324910f096fe012422e0bd
:10df3000d8f85000f0b1d8f84430db6c012240f240
:10df400096719847044648b198f8433043f040032f
:10df50006ff3c71388f8433000240ce019f036fd46
:10df600058b119f02dfdd8f844305a68214910f005
:10df700073fe02e0002484f00104204615b0bde8e1
:10df8000f08f2b4659686368304698470028c2d006
:10df90000c34194b9c42cbd0002db8d02188002fd7
:10dfa000b7d02b888b42ecd0ba1e2b460833b2f187
:10dfb000ff3faad0013a18888842f7d1e2e713461a
:10dfc00025e700bf0cf50100dd7c0200e57c0200c6
:10dfd000ed7c02009dd40100d934020029470200e3
:10dfe000b50002003d1d02005c8d01002c8d01007a
:0cdff000808d0100b48d010078f5010067
:020000040000fa
:10dffc0030b58fb0022944dd144655686c4928466b
:10e00c0019f01ff928b16b49284619f01af90028a4
:10e01c003cd1ed780cab03930bab02930aab0193a1
:10e02c0009ab009308ab07aa6349a06818f0bdfdc3
:10e03c00062840f09180079bff2b00f28d808df815
:10e04c00143008a905ab0df1190000bf51f8042bd1
:10e05c00ff2a00f2818003f8012f9842f6d1312d6e
:10e06c000cbf06250025554b1d440598a862bdf82c
:10e07c001830ab85a36862685149002010f0e6fdaa
:10e08c006fe05049002010f0e1fd6ae04e4928464f
:10e09c0019f0d7f820b14d49284619f0d2f820bb19
:10e0ac0000221146a06819f089fa054646496068b5
:10e0bc0019f0c7f870b9fe2d08d8404b5d632b469c
:10e0cc0062684349002010f0c1fd4ae0414910f05c
:10e0dc00bdfd46e06b1efe2b02d8384b9d63eee770
:10e0ec003d49002010f0b2fd3be03c49284619f0b8
:10e0fc00a8f800283dd03a49284619f0a2f8002883
:10e10c0049d03849284619f09cf8002845d03649a2
:10e11c00284619f096f8002841d03449284619f0c1
:10e12c0090f800283dd03249284619f08af800288a
:10e13c0039d03049284619f084f8002835d02e49ba
:10e14c00284619f07ef870b92c4d13e0a2682c49c2
:10e15c00002010f07bfd04e0a2682a49002010f09a
:10e16c0075fd0fb030bd2a462749002010f06efd1a
:10e17c00f7e7264d00230d930da9a06806f0fcfbd4
:10e18c000028e3d00d9b2b60a36862682049002017
:10e19c0010f05cfde5e71f4dece71f4deae71f4d66
:10e1ac00e8e71f4de6e71f4de4e71f4de2e700bf30
:10e1bc0040c9000048c9000050c9000050ba0020f6
:10e1cc0098ca000068c8000064c900006cc900004f
:10e1dc00b8c9000078c9000098c90000ecc900005b
:10e1ec00f0c90000f8c90000fcc9000004ca000016
:10e1fc0008ca000010ca000014ca000074ba00203b
:10e20c001cca000068ca0000e4ca000058ba00200a
:10e21c0034ca000060ba002068ba002070ba00202e
:0ce22c005cba002064ba00206cba00202c
:020000040000fa
:10e238002de9f04784b09abb0f464ff00208036cf3
:10e24800002b00f0f3800d46044600f13c0118460f
:10e2580014f058f8064638b3034653f83c0f0290ba
:10e268009b88adf80c3026642946304616f088faab
:10e278000446002800f0de80a8624ff4006300f135
:10e288003c0202a9284615f0e7fc2b6a43f010036c
:10e298002b6201222946204611f00efe0120c6e01d
:10e2a80007464ff00108cae7d4f83ca0baf1ff3f8f
:10e2b8002fd0d4f84090484618f02df8824528d041
:10e2c800b9f1000f03d099f86b30032b4ad094f8ba
:10e2d8003c302033dbb20f2b4ad9e26bd9f804303b
:10e2e8005340d9f808100b4218bfd9f80c200192f6
:10e2f800012302aa01a9484611f03aff022800f0ba
:10e308009f8020f0020040b2012818bf002006d0ec
:10e318008de04ff0ff330293adf80c3002ae294682
:10e32800206c16f02dfa0446002800f08580a862bb
:10e338004ff4006300f13c023146284615f08cfc8e
:10e34800284618f024f80e38b4f8663080b28342b4
:10e3580074d336b32946204615f0d4fec043c0f323
:10e36800c01064e000230293adf80c3002aed6e78b
:10e3780001238df8083000238df809305e238df8cd
:10e388000a3094f83d3003f07f038df80b3094f891
:10e398003e308df80c3094f83f308df80d3002aed9
:10e3a800bde7284b1b68e3b1b4f86040264817f076
:10e3b8006ffa264818f06af9014640b380f80480dd
:10e3c80044718760019bc3601f4c204618f094fb82
:10e3d800204618f069f92b6a43f008032b620120e4
:10e3e80025e000221a49104615f0dafe154b186090
:10e3f8000028d9d119f0e6fa012801d8002016e042
:10e4080019f0dafa134910f023fc00200fe019f094
:10e41800d9fa012804d80c4818f046f9002006e07b
:10e4280019f0cafa0c4910f013fcf4e7002004b004
:10e43800bde8f0870020fae70020f8e70020f6e7bb
:10e4480002ae6ce73cbe002000bd002020bd0020cd
:0ce4580041a3010088190200b81902005d
:020000040000fa
:10e46400205b5452554e435d000000000000000044
:10e474003d3d3d3d3d3d3d3d3d3d3d3d3d3d3d3dc8
:10e484003d3d3d3d3d3d3d3d3d3d3d3d3d3d3d3db8
:10e494003d3d3d3d3d3d0a0d2000000054315320db
:10e4a4005061636b657420536e69666665720a0d0c
:10e4b400200000004c414e383635582052656164c6
:10e4c400206661696c656420746f20737461727472
:10e4d4003a20726573756c743d25640a0d00000062
:10e4e4004c414e3836355820526561642074696d4c
:10e4f400656f757420666f7220616464723d307854
:10e50400253038580a0d00004c414e383635582015
:10e5140052656164204f4b3a20416464723d307807
:10e52400253038582056616c75653d307825303873
:10e53400580a0d004c414e383635582052656164f6
:10e54400206661696c656420666f72206164647220
:10e554003d3078253038580a0d0000004c414e38c3
:10e56400363558205772697465206661696c656434
:10e5740020746f2073746172743a20726573756cc1
:10e58400743d25640a0d00004c414e383635582040
:10e5940057726974652074696d656f757420666f50
:10e5a4007220616464723d3078253038580a0d0059
:10e5b4004c414e38363558205772697465204f4b9c
:10e5c4003a20416464723d307825303858205661d1
:10e5d4006c75653d3078253038580a0d0000000010
:10e5e4004c414e383635582057726974652066613f
:10e5f400696c656420666f7220616464723d307872
:10e60400253038580a0d00005b4e6f49502d525882
:10e614005d20232575207365713d25752066726f15
:10e624006d20253032583a253032583a2530325848
:10e634003a253032583a253032583a25303258206b
:10e644006c656e3d25642074733d256c6c75206d7e
:10e65400730d0a0045303a2575206c656e3d2575ad
:10e664002074733d256c6c75206d7325730d0a0041
:10e6740045313a2575206c656e3d25752074733dd2
:0ce68400256c6c75206d7325730d0a0069
:020000040000fa
:10e69000537461747573312e52585f4e6f6e5f52b2
:10e6a00065636f76657261626c655f4572726f72e9
:10e6b0000d0a0000537461747573312e54585f4e07
:10e6c0006f6e5f5265636f76657261626c655f4500
:10e6d00072726f720d0a0000537461747573312e7b
:10e6e00046534d5f53746174655f4572726f720d6e
:10e6f0000a000000537461747573312e5352414dfa
:10e700005f4543435f4572726f720d0a000000005f
:10e71000537461747573312e556e646572766f6cc7
:10e72000746167650d0a0000537461747573312e4e
:10e73000496e7465726e616c5f4275735f4572728b
:10e740006f720d0a00000000537461747573312eee
:10e7500054585f54696d657374616d705f43617087
:10e76000747572655f4f766572666c6f775f410d89
:10e770000a000000537461747573312e54585f544d
:10e78000696d657374616d705f43617074757265f6
:10e790005f4f766572666c6f775f420d0a0000000e
:10e7a000537461747573312e54585f54696d657379
:10e7b00074616d705f436170747572655f4f7665eb
:10e7c00072666c6f775f430d0a00000053746174ca
:10e7d0007573312e54585f54696d657374616d7033
:10e7e0005f436170747572655f4d69737365645fd3
:10e7f000410d0a00537461747573312e54585f547f
:10e80000696d657374616d705f4361707475726575
:10e810005f4d69737365645f420d0a0053746174e0
:10e820007573312e54585f54696d657374616d70e2
:10e830005f436170747572655f4d69737365645f82
:10e84000430d0a00537461747573312e4d434c4b64
:10e850005f47454e5f5374617475730d0a00000085
:10e86000537461747573312e675054505f50415f1b
:10e8700054535f45475f5374617475730d0a00000c
:10e88000537461747573312e457874656e64656474
:10e890005f426c6f636b5f5374617475730d0a0034
:10e8a000537461747573312e556e6b6e6f776e4550
:08e8b00072726f720d0a000084
:020000040000fa
:10e8b800f0b581ea030e0ef0004e40f20007cff6e5
:10e8c800e07717ea41051ebf95ea070f17ea4304e8
:10e8d80094ea070f00f0c5806d0da5eb545707f5b6
:10e8e80080674ff0004646eac12444ea5054c0020b
:10e8f80046eac32343ea5253d202801a9c4104d207
:10e908000018644180185c41013f5b084fea3202fd
:10e918000025002140f001004ff0070604e0801aae
:10e928009c4136d340416441801a9c4136d34041d2
:10e938006441801a9c4136d340416441801a9c410d
:10e9480036d340416441801a9c4136d340416441ea
:10e95800013e17d0801a9c4136d340416441801a49
:10e968009c4136d340416441801a9c4136d3404192
:10e978006441090201eb156190ea052520f0ff00ca
:10e988004540cce7801a9c4156d335e080185c415d
:10e99800c8d20018644180185c41c8d2001864418c
:10e9a80080185c41c8d20018644180185c41c8d204
:10e9b8000018644180185c41c8d200186441013ec7
:10e9c80017d080185c41c8d20018644180185c4197
:10e9d800c8d20018644180185c41c8d2001864414c
:10e9e800090201eb156190ea052520f0ff0045407a
:10e9f800cce780185c411fd3420918bf44f00104da
:10ea0800490101ebd56100f01f0000eb451021f42e
:10ea1800801141ea0e01013041f10001244208bf92
:10ea280020f00100b7f5006f3eda013f49dd01eb48
:10ea38000751bde8f0407047490101ebd56100f08e
:10ea48001f0000eb451021f4801141ea0e01b7f5d3
:10ea5800006f29da013f34dd01eb0751bde8f040d2
:10ea68007047004218bf41f00101124218bf43f03d
:10ea78000103b7eb410f2cbfb7eb430f1ce0b7eb1b
:10ea8800410f04bfb7eb430f16e017ea410f04bf6d
:10ea980017ea430f10e017ea410f12d017ea430fa5
:10eaa80002d0b7eb430f0cd04ef0fe4141f4700199
:10eab8000020bde8f04070474ff0fe4141f4780176
:06eac800f6e77146f4e7d9
:020000040000fa
:02eace0070478f
:020000040000fa
:10ead0002de9f04f85b00f21092016f0b3fc10f09e
:10eae000010f40f0de8005b0bde8f08fd5f81c8046
:10eaf000b8f804100c0a44ea0124a4b2a34240f07e
:10eb0000e280af69b8f8063013b112f4806f23d0f9
:10eb1000b8f80030180a40ea032080b2a8f80000d4
:10eb2000b8f802301e0a46ea0326b6b2a8f8026018
:10eb3000083ca8f80440d5f828a0674bd3f800900b
:10eb4000b9f1000f40f3c280644b1b68a3f1040cc1
:10eb50004ff0000ef04643e0fb6801933b690293df
:10eb600000228df80c2011238df80d30b8f80430f8
:10eb7000adf80e300c2101a810f0fef9c3439bb292
:10eb80002a6a12f0040f09d02246414628460ef0a8
:10eb900011fe6ff009010028bad07ee01a46214626
:10eba000404610f0e9f9f4e74146012331e043f033
:10ebb000020338e043f0040301e041f00401d4f81b
:10ebc0001cb0bbf1000f02d012f0100f36d041f094
:10ebd00008010b430f2b57d00ef1010ef14557d012
:10ebe0005cf8044f002cf7d094f8423013f0020f79
:10ebf000f2d094f86220636d9342edda638db342f4
:10ec0000ead194f83c30012bced0002be4d1012185
:10ec10004346226cb4f828b08345c8d012f0040fe4
:10ec200018bf41f00201d4f824b0da45c2d0bbf1dc
:10ec3000000fc2d012f0080fc1d0bee7aa69d26897
:10ec40009345c9d143f008030f2bc2d194f8483043
:10ec500013f0020f04d03b7c03f0f003e02b38d11b
:10ec6000294604f14c0017f04bffb4f8603013f460
:10ec7000807f16d0a66de36d9eb14ff48072a96ab5
:10ec8000b4f91200b0470ce0012384f83c30dde712
:10ec90006ff00e0101e06ff00d010922284615f01a
:10eca00043fd092018f022f9054600283ff41baf68
:10ecb000ab8d072befd92a6a12f4003f3ff416af51
:10ecc0006ff00e01e9e76ff00d01e6e76ff00e015e
:10ecd000e3e76ff00e01e0e764be002060be0020b5
:020000040000fa
:10ece0002d7300002d2d7365727665720000000093
:10ecf0002d7500002d2d7564700000002d62000040
:10ed00002d2d62616e647769647468004d000000a7
:10ed10004b0000000a476976656e20696e204257f5
:10ed20003a20256c752b256c753d256c750000000f
:10ed30002d7800002d2d786d697472617465000066
:10ed40002d6300002d2d636c69656e74000000005a
:10ed50002d7400002d2d74696d6500002d6e00006e
:10ed60002d2d6e756d0000002d5300002d2d746f3c
:10ed7000730000000a476976656e20544f53207671
:10ed8000616c75652069732025642c206d54797041
:10ed9000654f66536572766963653a2564000000c5
:10eda0002d4d00002d2d6d73730000002d2d696e0b
:10edb00074657276616c00002d7000002d2d706fef
:10edc000727400002d6c00002d2d6c656e0000002b
:10edd00069706572663a20546865206d696e696d68
:10ede000756d20646174616772616d2073697a6505
:10edf0002069732025640d0a0000000069706572a7
:10ee0000663a205573696e6720746865206465668c
:10ee100061756c7420696e74657266616365210d3d
:10ee20000a0000002d2d2d2d2d2d2d2d2d2d2d2dbc
:10ee30002d2d2d2d2d2d2d2d2d2d2d2d2d2d2d2d02
:10ee40002d2d2d2d2d2d2d2d2d2d2d2d2d2d2d2df2
:10ee50002d2d2d2d2d2d2d2d2d2d2d2d2d0d0a0052
:10ee600069706572663a20536572766572206c69c6
:10ee70007374656e696e67206f6e20005544500094
:10ee80005443500020706f72742025640d0a0000f6
:10ee90000d0a69706572663a20416c6c20696e7368
:10eea00074616e63657320627573792e2052657488
:10eeb0007279206c61746572210d0a000d0a697007
:10eec0006572663a205374617274696e6720736567
:10eed0007373696f6e20696e7374616e636520254c
:04eee000640d0a00b3
:020000040000fa
:10eee40004000000260000000000000000000000f4
:10eef400000001000000000000000000000100000c
:10ef04009100040060960000000000000001000071
:10ef140081000400800000000000000000010000e7
:10ef2400770001002800000000000000000100003c
:10ef340043000400ff000000000000000001000086
:10ef440044000400ffff0000000000000001000076
:10ef54004500040000000000000000000001000063
:10ef640053000400ff000000000000000001000046
:10ef740054000400ffff0000000000000001000036
:10ef84005500040000000000000000000001000023
:10ef94004000040002000000000000000001000026
:10efa4005000040002000000000000000001000006
:10efb400e9000400509e0000000000000001000071
:10efc400f5000400f81c000000000000000100002f
:10efd400f400040020c00000000000000001000054
:10efe400f8000400009b0000000000000001000085
:10eff400f9000400534e000000000000000100006e
:10f00400b000040003010000000000000001000043
:10f01400b10004001009000000000000000100001d
:10f02400b2000400261d00000000000000010000e2
:10f03400b30004002a0000000000000000010000ea
:10f04400b4000400030100000000000000010000ff
:10f05400b50004000d0700000000000000010000de
:10f06400b6000400201700000000000000010000aa
:10f07400b7000400270000000000000000010000a9
:10f08400b8000400090500000000000000010000b1
:10f09400b9000400130e000000000000000100008d
:10f0a400ba000400251c000000000000000100005c
:10f0b400bb0004002b000000000000000001000061
:10f0c4000c0000000001000000000000000100002e
:10f0d40081000400e00000000000000000010000c6
:020000040000fa
:10f0e4002de9f04f83b0019200930d9f7a4b9b78ea
:10f0f40083421bd90d4601f00503052b1ed001f0f8
:10f104000603062b43d001f00903092b4ad001f072
:10f114000a030a2b52d1704e582404fb0064b43401
:10f12400342303fb006606f5e67612e0002f00f0b8
:10f13400c080fd233b704ff0ff3025e0664b582420
:10f1440000fb044404341c44342606fb003606f554
:10f15400cc762368002b38d005f0200815f0300f4a
:10f164003ad0b8f1000f48d0b3684ff0010a002b31
:10f174003cd0594b5b78012b42d0002f00f0a58086
:10f18400fc233b704ff0ff3003b0bde8f08f524bcf
:10f19400582404fb00340434342606fb003606f5f8
:10f1a400b276d6e74c4b582404fb003404f586743d
:10f1b400342606fb003606f50076cae7002f7bd01e
:10f1c400fd233b704ff0ff30dee7002f77d0ff23a5
:10f1d4003b704ff0ff30d7e7636d002bc1d0009830
:10f1e40098470028bdd045f02005bde7002f69d021
:10f1f400ff233b704ff0ff30c6e74ff0000ab8e73b
:10f20400364b93f800b0bbf1000f2fd14ff000083c
:10f21400324908ebc8039b0001eb03090122ca54dd
:10f224002d4b5a7023680c9a009901989847a9f8b5
:10f234000600b0f1ff3f2fd008ebc803274a02ebca
:10f2440083039c60de609d800022da7007b13a700f
:10f25400baf1000f07d008ebc808204b03eb88086d
:10f26400012388f802300bf101008de71b4a0123ca
:10f274005ffa83fb984692f824100029c8d0013322
:10f2840024320a2bf4d1144b01225a7007b3fe2303
:10f294003b704ff0ff3077e7104a242303fb082824
:10f2a400002388f80030002f3ff46eaffc233b703e
:10f2b4006ae74ff0ff3067e74ff0ff3064e74ff045
:10f2c400ff3061e74ff0ff305ee74ff0ff305be760
:10f2d4004ff0ff3058e700bf18ab002064af0020a8
:020000040000fa
:10f2e4002de9f04f83b00d9e002e00f0e2800093d4
:10f2f40015460f46019104464ff0ff33336012f078
:10f30400f5fc8046002800f0d480002d3ed0002f6c
:10f314003cd0b8f800906a4a742303fb092393f89d
:10f32400643033b1742303fb09231b6ea34240f002
:10f33400c0804ff0740b0bfb09fb614b03eb0b0a12
:10f34400504609f02ff848b3b8f800e05c4b74223b
:10f3540002fb0e32d2f818c0d36ed06970b100220d
:10f36400834228bf002303ebc3010ceb81071cf885
:10f374002110f1b1013201338242f1d118f024fba2
:10f3840000284cd150460af09ffc92e00c9b002bc5
:10f3940000f08f80009b002bbbd18ae018f014fb97
:10f3a400002800f0868018f009fb464915f022fb7e
:10f3b4007fe001223a7000223a62414a742101fb43
:10f3c4000e21888c98f80020120242ea0042d8b23a
:10f3d4000243fa618a8c013292b24ff6ff718a427b
:10f3e40008bf01223649742000fb0e1eaef824200b
:10f3f4000133cef86c30009b7b60019bbb60012322
:10f404007b7500233b75bc61d8f818306bb1082bb1
:10f414001dd86d00fd600c9b5b003b6108e018f09b
:10f42400cdfa294915f0e6faace7fd600c9b3b6187
:10f43400fb693360daf820307bb1214b9b44dbf865
:10f444002030002b32d01a6a62bb1a462de0ad0080
:10f45400fd600c9b9b003b61eae7caf82070022325
:10f464007b75384608f096fd154a742303fb09237f
:10f47400db6ab3f1ff3f07d0114a742303fb09236e
:10f484001b6bb3f1ff3f17d10d4b742202fb0939fb
:10f49400d9f814305c683b697a68f968b868a047a1
:10f4a40004e01a46136a002bfbd1176250460af097
:10f4b4000bfc03b0bde8f08f384601f05ffff5e7c1
:0cf4c40060b700206012020060650200ca
:020000040000fa
:10f4d0002de9f04f9bb00f21062015f0b3ff8046b9
:10f4e00010f0010f06d118f0020f40f0a9801bb0f8
:10f4f000bde8f08f4ff006097ee005f11001a06a2b
:10f5000015f03efd10b16ff00e0171e0a56ae269e1
:10f5100000231370537053881846deb206f10801b9
:10f52000c9b261f30700072909d8c3f307230133e0
:10f53000dbb263f30f2013b9093666f3070050807e
:10f54000002626603246012120460df071f9a3699c
:10f55000da6816921b69179318953246214608a857
:10f56000fef76afe002847d14a466ff005012046a3
:10f5700015f0daf840e04e4b1d68002d5dd0b188e3
:10f580004ff0000c03e02b68ac4663b31d466b8a5a
:10f590008b42f8d12a8af3889a42f4d10df1040ef5
:10f5a00005f1080bbbe80f00aee80f009be8070071
:10f5b0008ee8070061463e4816f05bf929463d4853
:10f5c00017f09efa08360496083fadf81470cdf88f
:10f5d00008a0069e002e68d0079b0022294601a89d
:10f5e000b047022104e06ff00c0101e06ff00d0163
:10f5f0004a46204615f098f8484617f077fc04462e
:10f6000000283ff470afa78d072fefd9e669a569f1
:10f61000d5f80ca000233a46314620460ef0caf831
:10f6200040b93388082b3ff468af002ba3d06ff0ac
:10f630000c01dde76ff00901dae76ff00c01d7e7a5
:10f6400016f004f8054608a818f005fb184b1c68ce
:10f650009cb10021184e0ae0154816f00af921461f
:10f6600008a817f04dfa2368214633b11c46636899
:10f67000eb1a32689342f6d3eee70e4e03e02146d2
:10f68000304617f03dfa08a817f004f804460028a1
:10f690003ff42dafe569002df1d0236a4ff0ff3222
:10f6a000214604f10800a847e9e70221a0e700bfce
:0cf6b0002cbd002038bd002098be0020ba
:020000040000fa
:10f6bc002de9f04387b005464668022907dc614b0b
:10f6cc001b68002b0ddd0027dff8c4919ae003685e
:10f6dc001b685d49304698472b681b685b49304670
:10f6ec00984707b0bde8f083204618f07dfb2b68e7
:10f6fc005b680246564930469847204616f018fe7d
:10f70c000590142269460deb020012f037fb2b68b2
:10f71c005b686a464f4930469847204616f07cff96
:10f72c000590142269460deb020012f027fb2b68a2
:10f73c005b686a46484930469847204617f094fb68
:10f74c000590142269460deb020012f017fb2b6892
:10f75c005b686a46414930469847204617f090fb53
:10f76c000590142269460deb020012f007fb2b6882
:10f77c005b686a463a4930469847204617f08cfb3e
:10f78c000590142269460deb020012f0f7fa2b6873
:10f79c005b686a46334930469847204618f0a4fa0d
:10f7ac001422694613f0b4f82b685b686a462e493c
:10f7bc00304698472b685b682c4a2d493046984751
:10f7cc002b68d3f80480204616f034ff294a2a4bc4
:10f7dc00002808bf1a4629493046c0472b68d3f881
:10f7ec000480204617f079f9254a264b002808bfdb
:10f7fc001a4625493046c0470137124b1b68bb429d
:10f80c007ff76faf384616f017fc04461422694692
:10f81c0014f095f82b68d3f80480204618f00bfaf6
:10f82c0003466a4649463046c047204616f0e6fe77
:10f83c0000287ff459af2b681b6814493046984751
:10f84c00dae700bff0bd0020a82f0100bc2f01009b
:10f85c000c30010030300100443001005030010008
:10f86c00603001006c300100783001008c300100f8
:10f87c00a0300100882f01008c2f0100ac3001005a
:10f88c00942f01009c2f0100bc300100f82f0100c7
:04f89c00cc2f01006c
:020000040000fa
:10f8a0002de9f04393b0044600223f2115f0b8fa49
:10f8b0000021204617f04efa3f21204615f0c6fae7
:10f8c00000223f21204615f0abfa3f21204615f0db
:10f8d000bdfa00236365a4f84e30a4f84c30a4f8b8
:10f8e0005230a4f85030d4f8a8502069b0f1ff3f4e
:10f8f00004d0ab6998474ff0ff332361e068b0f163
:10f90000ff3f04d0ab6898474ff0ff33e3606ff0e0
:10f91000010120460df00efa94f89c30002b3fd0e8
:10f92000002604f160052fe0c7b1236a3946a069bb
:10f930009847236b13b10321284698470da816f06a
:10f94000adfd0746236b002beed0042128469847d7
:10f95000eae79fb1236a3946a0699847236b13b140
:10f960000321284698470aa816f098fd0746236bfe
:10f97000002beed0042128469847eae7013694f898
:10f980009c20f3b29a420bd9f3b2d4f88c1003eb5b
:10f990000313442201eb830101a816f0f5ffc8e729
:10f9a00094f89c30002b60d000274ff044082ee0e4
:10f9b000b9f1000f12d0a36a48469847236b13b1e0
:10f9c00005213046984703a816f068fd8146236b51
:10f9d000002bedd0062130469847e9e705eb850579
:10f9e0004fea8509d4f8983033f8253000258bbbd1
:10f9f000019921b1236aa069984700230193bff3bd
:10fa00005f8f013794f89c20fbb29a422dd9fdb24a
:10fa1000d4f88c3005eb0511424603eb810101a8b7
:10fa200016f0b2ff04f15c06c8e70023adf84030e1
:10fa3000019a42f82630029a42f83630029a02ebd6
:10fa4000c60673600135d4f8983033f80920abb29c
:10fa50009a42cdd9019b002bf4d0aeb253f82600c8
:10fa60000028e2d0a36a9847dfe7236b1bb102218d
:10fa700004f16000984700232375e38213b0bde8ca
:02fa8000f08311
:020000040000fa
:02fa82007047cb
:020000040000fa
:10fa84002de9f047037e032b3dd081460d466c4b98
:10fa9400d3f80c80b8f1000f23d1002900f0cc80fa
:10faa4000a791a7404885b6833b11ab9644b1b6809
:10fab400a34201d00bf0e4ffd9f80800604b986032
:10fac4001c60aa681a63ea685a632a699a636a69b5
:10fad400da632a6aa3f840206a6aa3f842205b68c2
:10fae4000bb3574c6568d9f8100017f097fe237cc8
:10faf400002b40f09a80524ad3680133d36001242a
:10fb04002046bde8f0874e4b1c7c0cb90124f7e776
:10fb14005d68006917f082fec0eb001005eb800001
:10fb240015f006fdece783683c2221469847444bd8
:10fb34005860002800f082802b6803eb430a4feae8
:10fb4400ca0a0af1280a3e4b1b68002b50dd00f15b
:10fb5400240623e00bf094ff0024d1e7a6f1100063
:10fb640016f008fc00283fd0304616f003fc0028ad
:10fb74003ad056f8243cda68ab6903fb02f36333ea
:10fb8400304aa2fb03235b093361eb69736108f11b
:10fb940001083c362a4b1b68434529dda6f124079e
:10fba400274b986843685146984704460028d1d0ab
:10fbb40000f1280303604760182383602b68c36047
:10fbc40001230361204b4361204b8361204bc361bc
:10fbd400204b036215f038fe46f8244ca6f12000b1
:10fbe40016f0c8fb0028b9d10bf04aff002487e7c0
:10fbf40015f0aaff124c60644ff4fa621649022011
:10fc040012f0a6fbe06104f1200018f081f8636ca7
:10fc14003bb1e3692bb120b1094b00229a615a61cf
:10fc24005fe70bf02dff00246ae7c0eb001005eb43
:10fc3400800015f07dfc5ee7002461e700245fe7a7
:10fc440040b900201f85eb517d6f0200e947020097
:0cfc54006d7902000d7e020015ab00006f
:020000040000fa
:10fc60002de9f04f83b007468a4690461e460d9810
:10fc700017f038fd002380f80831baf1000f00f0ca
:10fc8000b08081461d469b4648e058480df0a8f9d3
:10fc9000d34642e056480df0a3f9d3463de055481f
:10fca0000df09ef939e054480df09af935e05348cb
:10fcb0000df096f931e052480df092f92de05148df
:10fcc0000df08ef929e050480df08af925e04f48f3
:10fcd0000df086f921e04e480df082f91de04d4807
:10fce0000df07ef919e04c480df07af915e04b481b
:10fcf0000df076f911e04a480df072f90de049482f
:10fd00000df06ef9012389f8083106e046480df040
:10fd100067f90134e4b21f2c46d80135ecb2012357
:10fd2000ab403342f5d01d2cf0d801a353f824f09a
:10fd30008bfc000095fc00000dfd00000dfd000097
:10fd40000dfd00000dfd00000dfd00000dfd00008b
:10fd50000dfd00000dfd00000dfd00000dfd00007b
:10fd60000dfd00000dfd00000dfd00000dfd00006b
:10fd70000dfd00009ffc0000a7fc0000affc000090
:10fd8000b7fc0000bffc0000c7fc0000cffc000077
:10fd9000d7fc0000dffc0000e7fc0000effc0000e7
:10fda000f7fc0000fffc000086b100251f4c03e0bb
:10fdb00001213846faf714fd0195009401233246db
:10fdc0004146384616f00ef90028f1d0bbf1000f7d
:10fdd00004d0002389f8d43089f8903003b0bde80e
:10fde000f08f11480df0fcf8f8e700bf90e6000036
:10fdf000b4e60000d8e60000f4e6000010e70000da
:10fe000028e7000048e7000074e70000a0e70000d2
:10fe1000cce70000f4e700001ce8000044e8000024
:10fe200060e8000080e80000a0e80000512802001f
:020000040000fa
:10fe3000714b1b78002b00f0a380072800f2a280f2
:10fe40002de9f04f8bb0019106466b4b93f81232bf
:10fe50001bb1694b5b8a83422cd1674a93191d7a87
:10fe600005f00f0305f0f001cf1854687a02a05a8c
:10fe70004ff6ff72904211d07a1c04eb42224ff6eb
:10fe8000ff7c01339bb20f2b7ed8cf18bfb202f597
:10fe90000072a2f5007000886045f2d1564b5e8278
:10fea00017f00f034fd0012b51d1534b43f2761271
:10feb0009a824ce015f04efacfe7b9f8002063685b
:10fec00003eb42224ff4007104f1120017f052fcd0
:10fed00028e0012b04bf43f27613a382a9b2636822
:10fee00003eb412104f1120015f08cf827443d7218
:10fef000012384f81232984409f10409b8f1080f7b
:10ff000017d0258a08eb051515f024fa39f8027c7c
:10ff1000be42d2d167824ff4fe72019904f11600fd
:10ff200016f032fd15f00f03d3d144f64553a382ea
:10ff3000d4e715f00ffa584615f078fd2e4ba3f8cc
:10ff400010a0002019e02c4b44f645529a822a4d0d
:10ff50004ff4fe72019905f1160016f015fd04eb41
:10ff6000472105f1120015f04df82e443772bff30a
:10ff70004f8f012385f8123200200bb0bde8f08fbf
:10ff800004207047022070474fea151a1ffa8afbb7
:10ff90004fea0b1004eb40240123a4f50077451e23
:10ffa00002aa02eb83025902795a22f8041ce918ca
:10ffb00022f8021c0133092bf2d102aa0df1280c00
:10ffc00000f1080e04f58054174615887346002189
:10ffd000605aa84208bf7b8001339bb201f50071d3
:10ffe000b1f5805ff4d104326245edd10df10a091b
:0cfff0004ff00008004c84e74cad0020ee
:020000040000fa
:10fffc002de9f04184b00446d0f8c4205568b0f81f
:020000040001f9
:10000c00b030cbb113681b68644928469847236b02
:10001c0001332363a36a013be36215f011fbd4f8af
:10002c00a830c01a236898427ed294f8d030012ba5
:10003c007fd004b0bde8f081d0f89430002b4dd1c6
:10004c00574bc31adb1003ebc30103eb4103c3eba8
:10005c00432303eb8343126856685a42514928469e
:10006c00b047d4f8c80016f063f9d4f8c4301b6854
:10007c00b4f87e200292020e0192c0f30742009265
:10008c005e68c0f30723c2b247492846b047d4f88c
:10009c00c4301b68628a029294f84720019294f84b
:1000ac00462000925e6894f8453094f844203f490d
:1000bc002846b047d4f8c4301b685f68d4f8188061
:1000cc00d4f884304ff47a7606fb03f615f0ccfaac
:1000dc00b6fbf0f3424636492846b847a36a0133cb
:1000ec00a362d4f894300133c4f89430237c012bf0
:1000fc000ed0022b8ed1b4f8d20015f05cfe024665
:10010c000b46d4e90801fdf736fdc4e9080181e787
:10011c00e06816f04ffc02460b46d4e90801fdf7e7
:10012c002afdc4e9080175e700212046fcf75effb3
:10013c007be7237c012b09d0022b2ad0002384f8e7
:10014c00d43015f07dfac4f88c0072e794f8cc30fa
:10015c000133dbb284f8cc30092b15d8012b03d03a
:10016c000a23c4f88430e9e715f06afac4f88c0065
:10017c0001212046fcf73affd4f8c4301b681b68f9
:10018c000c4928469847ebe71221204611f0eef86f
:10019c00d4e70f21204611f0e9f8cfe7b065010054
:1001ac00e0b20020cc650100f0650100246601007e
:0801bc004866010078660100ad
:020000040000fa
:020000040001f9
:1001c4002de9f8436b4b1b78002b40f0ca800029c3
:1001d40000f0ca800b78012b00f2c9800d46654cf3
:1001e4004ff40d720021204617f0cef901266670f7
:1001f4004ff4b4720021604817f0c6f926702b78ca
:10020400a370002b00f0aa800027a0461ce05ffa30
:1002140087fc342202fb0c8c1c460cf5007c03f199
:10022400300e664620686168a268e3680fc6103421
:10023400b4467445f5d120683060013798f802203f
:10024400fbb29a4240f28a80fcb264016b6819598d
:1002540031b1f8b2582202fb0080043016f092fb50
:100264006b682344596839b1f8b2582200fb022064
:100274000430404416f086fb6b682344996831b11e
:10028400f8b2582202fb0080b43016f07bfb6b6896
:100294002344d96839b1f8b2582202fb008000f532
:1002a400867016f06ffb6b6823441b69bbb15ffa61
:1002b40087fe342202fb0e8e1e460ef5b27e03f13b
:1002c4003009f44630687168b268f368ace80f002e
:1002d4001036e6464e45f4d13068ccf800006b6821
:1002e40023445b69bbb15ffa87fe342202fb0e8ea6
:1002f4001e460ef5cc7e03f13009f4463068716871
:10030400b268f368ace80f001036e6464e45f4d107
:100314003068ccf800006b6823449b69bbb15ffa7a
:1003240087fe342202fb0e8e1e460ef5e67e03f196
:100334003009f44630687168b268f368ace80f00bd
:100344001036e6464e45f4d13068ccf800006b68b0
:100354001c44e369002b7ff45aaf6ee70548bde8ff
:10036400f8834ff0ff30fae74ff0ff30f7e74ff034
:0c037400ff30f4e718ab002064af00205d
:020000040000fa
:020000040001f9
:100380000b7b012b09d00b684968d0f8a420c2f878
:100390008030c2f8841000207047f0b58c684ff0b0
:1003a00000016379c3f30002c3f380156a4094f837
:1003b00004c0ccf300156a40e778c7f380056a40b3
:1003c000a678c6f300056a40c6f380156a406578d2
:1003d000c5f3001e82ea0e022478c4f3800e82ea7e
:1003e0000e0262f30001c3f34002c3f3c01e82eaaf
:1003f0000e02ccf3401e82ea0e02c7f3c00e82ea60
:100400000e02c6f3400e82ead61282ea0e02c5f34d
:10041000401e82ea0e02c4f3c00e82ea0e0262f3ac
:100420004101c3f38002ccf3000e82ea0e02ccf34a
:10043000801e82ea0e02c7f3001e82ea0e02c6f395
:10044000800e82ea0e02c5f3000e82ea0e02c5f3a8
:10045000801e82ea0e02c4f3001e82ea0e0262f3dc
:100460008201c3f3c002ccf3400e82eadc1282eabe
:100470000e02c7f3401e82ea0e02c6f3c00e82eae5
:100480000e02c5f3400e82ead51282ea0e02c4f3d0
:10049000401e82ea0e0262f3c301c3f30012ccf3e2
:1004a000800e82ea0e02c7f3000e82ea0e02c7f344
:1004b000801e82ea0e02c6f3001e82ea0e02c5f317
:1004c000800e82ea0e02c4f3000e82ea0e02c4f32a
:1004d000801e82ea0e0262f30411c3f34013ccf3d0
:1004e000c00c83ea0c03c7f3400283ead7135340de
:1004f000c6f340167340c5f3c0056b40c4f3400219
:1005000083ead413534063f34511d0f8a430d3f8f1
:100510008420d3f88060c9b201238b40dd173343b8
:1005200042ea0501d0f8a420c2f88030c2f8841055
:040530000020f0bdfa
:020000040000fa
:020000040001f9
:1005340055736167653a206d6163696e666f200d5e
:100544000a00000045783a206d6163696e666f2089
:100554000d0a0000496e746572666163653a202570
:10056400732044726976657220537461746973747c
:100574006963730d0a0000000d0a20526563656902
:10058400766520537461746973746963730d0a002a
:1005940009206e52784f6b5061636b6574733a2017
:1005a40025640d0a09206e527850656e64427566a2
:1005b400666572733a2025640d0a09206e527853d9
:1005c40063686564427566666572733a2025640dd6
:1005d4000a00000009206e52784572726f725061f1
:1005e400636b6574733a2025640d0a09206e527892
:1005f400467261676d656e744572726f72733a20ec
:1006040025640d0a09206e5278427566664e6f7431
:10061400417661696c61626c653a2025640d0a005b
:100624000d0a205472616e736d6974205374617481
:100634006973746963730d0a0000000009206e5425
:10064400784f6b5061636b6574733a2025640d0aaf
:1006540009206e547850656e6442756666657273df
:100664003a2025640d0a09206e54784572726f721f
:100674005061636b6574733a2025640d0a09206e1a
:100684005478517565756546756c6c3a2025640d12
:100694000a0d0a00096e6f7420737570706f72749e
:1006a40065640d0a00000000496e7465726661633a
:1006b400653a20257320486172647761726520521f
:1006c40065676973746572205374617475730d0a78
:1006d40000000000092025733a20307825780d0a9f
:0406e400000000bf53
:020000040000fa
:020000040001f9
:1006e800684b834240f0b880002800f0b7802de9bd
:1006f800f04387b0914688460023059304930393fb
:10070800604b1b6b13b105215f4898475d4c204631
:1007180016f0e4fd5d4b1870236b1bb1062104f144
:100728005c0098470127594d564c04f15c062b781c
:10073800ff2b1ed0009304ab03aa05a92046f9f7a6
:10074800b7f90746002800f08f80236b13b1052105
:10075800304698472978204613f066f9204616f067
:10076800bdfd2870236b002be1d006213046984749
:10077800dde7039b012b04dd059a136a43f00403ac
:1007880013627b1edbb2012b1bd80123b8f1000fcb
:1007980068d088f80030002b62d1059c2169394b5c
:1007a80093f8d2204b6813448b608a890e3a92b230
:1007b8008a810b68d3b1334890f8d200121a8a8123
:1007c80009e0002f53d02f4a136f013313676ff0de
:1007d8000a03dbe713465a689a601a68002af9d1b7
:1007e800284a92f8d22099890a449a8123699b68f9
:1007f80063610e33a36114f025ff6062059c236ad0
:1008080023f0700343f0080222629df8132012f0cf
:10081800800f06d112f0400f17d043f0480323622f
:1008280002e043f028032362b9f1000f02d0049bd1
:10083800c9f80030154b1978124817f0f1fa84f806
:100848002f00059807b0bde8f08312f0200f1cbff9
:1008580043f018032362e7e7002070470020704741
:100868000020efe74046ede7039b012b84dc054ab7
:10087800536e01335366b8f1000f8ed0002388f809
:1008880000308ae740bf00209cbf002076c00020cf
:020000040000fa
:020000040001f9
:1008980070b584b005460c460023adf80a300193c4
:1008a800836c03a920469847002820dbab6a01aa7d
:1008b800002120469847bdf80c30072b00f2b08085
:1008c800dfe803f0041734475972889a2b6d019ab0
:1008d800002120469847002809db012807d0012677
:1008e800adf80c60eb6c039920469847304604b08d
:1008f80070bd6b6d0df10a01204698470028f6dba4
:100908000128f4d09df90b30002b06da0021039161
:10091800eb6c204698470120e9e70223adf80c303c
:10092800eb6c0399204698470120e0e7ae6d019be8
:10093800228f00212046b0470028d8db0128d6d0d6
:100948000323adf80c30eb6c03992046984701203f
:10095800cde72b6d019a0021204698470028c6db79
:100968000128c4d00423adf80c30eb6c0399204661
:1009780098470120bbe76b6d0df10a0120469847a7
:100988000028b4db0128b2d0bdf80a30228f9a4380
:1009980049d1adf80e300523adf80c30eb6c039956
:1009a800204698470120a2e7bdf80e10228fae6db1
:1009b800019b4a4000212046b047002897db0128c8
:1009c80095d00623adf80c30eb6c03992046984778
:1009d80001208ce72b6d019a0021204698470028ba
:1009e80085db012883d00723adf80c30eb6c039925
:1009f8002046984701207ae76b6d0df10a012046e1
:100a080098470028fff673af01283ff470afbdf890
:100a18000a20238f1a4214bf4ff0ff30002066e7e8
:0c0a28006ff0080063e74ff0ff3060e75c
:020000040000fa
:020000040001f9
:100a34002de9f04f85b081464368029302295fddba
:100a4400144603394908083202ebc1074ff0000885
:100a5400cdf80c80cdf80480c346c24608e0304689
:100a640011f08dfe01904ff0010a0834a74229d0fd
:100a74006568a6684849284616f0e7fb0028eed0ca
:100a84004649284616f0e1fb70b14549284616f060
:100a9400dcfb20b14349284616f0d7fb58b9304651
:100aa40011f06dfe8046e0e7304611f068fe0390d9
:100ab4004ff0010bd9e7d9f800301b683a49029886
:100ac4009847d2e7b8f1000f23db384b1b68434546
:100ad4001fddbaf1000f34d0019b5a1e4ff6fe738e
:100ae4009a4222d8bbf1000f2ed1314bd82404fbfb
:100af4000834baf1000f3ad0019bc4f8b83036e09c
:100b04004ff00008cdf80c80cdf80480c346c246ef
:100b1400dbe7264b1a68d9f800305b68013a2549af
:100b24000298984705b0bde8f08fd9f800301b68eb
:100b3400214902989847f5e71d4bd82404fb083453
:100b440015e0bbf1000ff7d0039b5a1e4ff6fe735e
:100b54009a42ead8164bd82404fb0834baf1000fa1
:100b640002d0019bc4f8b830039bc4f8bc30d9f858
:100b740000305d68d4f8b83042461049029e3046d1
:100b8400a847d9f800305d68d4f8bc3042460c4917
:100b94003046a847c6e700bf0c6f0100106f010084
:100ba400146f0100186f0100206f010094be002033
:100bb400e0b20020546f0100886f0100a46f0100af
:040bc400cc6f0100f1
:020000040000fa
:020000040001f9
:100bc800f8b5002800f0af800446002900f0ae8098
:100bd8000d46036f13f1020f0ad00b46002211468f
:100be8000ef0a7ff07466ff48773984240f099808c
:100bf80004f12006236e5a1c22668022f254206ecd
:100c0800382822d9c0f140020021304416f0bafc3d
:100c18004023236604f11c0104f15c0051f8042f01
:100c2800130a03f0ff13120202f0ff2213434feae4
:100c380033430b608142f1d131462046faf7f0f890
:100c4800074600286dd100232366206ec0f13802c4
:100c58000021304416f096fc636ea16e5a0f02eb29
:100c6800c102a266db00636604f11c0104f15c00aa
:100c780051f8042f130a03f0ff13120202f0ff22a7
:100c880013434fea33430b608142f1d1a36ea3654e
:100c9800636ee36531462046faf7c2f80746002836
:100ca8003fd12646211f04f11c0000bf51f8042f34
:100cb800130a03f0ff13120202f0ff2213434fea54
:100cc80033430b608842f1d130687168b268f368c9
:100cd80028606960aa60eb6030697169b269f3697c
:100ce80028616961aa61eb61124b2360124b636052
:100cf800124ba360124be360124b2361124b6361ea
:100d0800124ba36103f17453a3f52303a3f6924393
:100d1800e361002323666366a366a36717f07bf885
:100d280020673846f8bd6ff0ac07fae76ff0ac07fc
:100d3800f7e700bf67e6096a85ae67bb72f36e3cea
:100d48003af54fa57f520e518c68059babd9831f8e
:020000040000fa
:020000040001f9
:100d58002de9f8435f4b834240f0b580002800f04e
:100d6800b58015460c46002a58d0084613f018ffdf
:100d78008146584bb3f84c30dbb9564bb3f84c109e
:100d88000c43a3f84c40b3f8502049ea0202a3f8f8
:100d98005020002c00f09c80b3f8522029ea020968
:100da8001ffa89f993f89c3093b34ff00008494f24
:100db8001be000223f21474814f02ef8dde724f419
:100dc800806424f00604a4b23146384616f066ff63
:100dd80022463146384616f065ff08f1010897f8b3
:100de8009c205ffa88f39a4212d95ffa88f606ebdc
:100df8008602d7f8983003eb82031a7c012a1abfbf
:100e080029f0d004a4b24c465b7c012bd7d1dbe798
:100e18003f21304814f02cf8284655e02d4b1b682c
:100e28001a8841f250082c4b42450cbf98464ff0a7
:100e38000008284bb3f84c502c40204613f0b0fe65
:100e480007469dbbe44324b2224bb3f84c20224012
:100e5800a3f84c20fa4312b2b3f850101140a3f88b
:100e68005010b3f84e100c40a3f84e40b3f852108f
:100e78000a40a3f8522093f89c308bb10024154dfa
:100e8800e6b23a463146284616f010ff3146284663
:100e980016f004ff013495f89c20e3b29a42efd88b
:100ea8000c4bb3f84c303bb901200de042463f21d2
:100eb800084813f0b1ffc5e742463f21054815f041
:100ec800f7fa012000e00020bde8f8830020fbe7e6
:0c0ed8002846f9e740bf002038bf00208a
:020000040000fa
:020000040001f9
:100ee4002de9f04383b0554b1f68002f40f09680e6
:100ef4000b468468e4b1d9b10d88cdb1504a146071
:100f0400504a0868496803c21b891380a3681822e1
:100f14002946204698474c4b1860a8b1494b1b887a
:100f2400002b6fd000f11808464ddff83c9133e0f8
:100f340016f04afd08b9002075e016f03ffd43495c
:100f44000df088fe00206ee016f03efd08b900208a
:100f540069e016f033fd3e490df07cfe002062e0ae
:100f64000122062130460ff01dfe30e003213046f9
:100f74000ff018fe70bb16f027fd01282ad916f0d1
:100f84001dfd3a4633490df065fe23e0013708f1b3
:100f940018082b88bb4235dd002401940094eb88ab
:100fa400224606212046fef79bf8064628f8180c30
:100fb40023464a464ff400710af038ffb6f1ff3f6a
:100fc40034d0002832d02b8913f0010fc8d16a889d
:100fd400002acbd1aa88002ad8d0022130460ff0ab
:100fe400e1fd0028d2d116f0effc0128ced916f08d
:100ff400e5fc3a4618490df02dfec7e7174b0022d1
:101004001a6016e0642216491a2011f0a1f9154b52
:1010140018600028f2d0114b00221a60074a1368a6
:1010240001331360012003b0bde8f0830b4b0022b1
:101034001a600df01dfa0020f5e700bf58be00202d
:1010440054be00205cbd002050be002014b6010038
:1010540044b6010068b6010090b601004cbe002001
:0c10640005c000005cbe0020cb71020043
:020000040000fa
:020000040001f9
:101070002de9f04784b004461e464568504b1b7866
:1010800023b90f4690464f4b1b683bb123681b6842
:101090004d492846984704b0bde8f0874b4b1b6884
:1010a000002bf3d1294611f00fff0028f3d0a6f151
:1010b0000a03dbb2042b9dbfa6f10a03444a52f88f
:1010c0002390dff83091434b1f80a6f10a03042bd5
:1010d00066d8dfe803f00322344554003e4b1b681a
:1010e0000df10f020092d3f82c8000233b4a1288a6
:1010f000394636480068c047002854d0314b186044
:101100002f4b1e70364b1c60364b1d606422364bd5
:101110001968202014f082f9bde72f4b1b680df1f0
:101120000f02019200220092d3f830a01ffa88f338
:101130002a4a1288394625480068d047dce7264b02
:101140001b68df6a294b1988224b19800df10f03a8
:1011500000930023214a12881c480068b847cbe757
:101160001d4b1b680df10f020092d3f8448002233f
:101170001a4a1288394615480068c047bce7164b22
:101180001b680df10f02019202220092d3f840a0d9
:101190004346124a128839460c480068d047abe7ec
:1011a000fe238df80f30012011f0fcfb23685c68f2
:1011b0009df90f304a460e492846a0476be700bf0d
:1011c000d1bc002004be0020580b0200f8bd002056
:1011d0004c74020026bf002000be00201ebf00206d
:1011e00014be0020f4bd002018be00200cbe00205c
:0811f000840b0200500b020009
:020000040000fa
:020000040001f9
:1011f8005d4b1b68002b00f0b68093f91b30002b69
:10120800c0f2b1802de9f041012b0dd0574b1b687e
:10121800002b73d013f01cfc544b1a68002313f0f6
:101228008ffc534b18606fe0002108460af07cffe2
:1012380015f0aef9002803db022806d0bde8f081de
:10124800494b1b68ff22da76f8e7474b1f687b7e1d
:10125800002b00f0838007f136080025454e11e089
:10126800008840f22e723146c0f3002014f010fcc2
:10127800238823f4e06343f44073238001357b7ea5
:101288009d426bda18f8010b14f0d8fe044640f2c0
:1012980019723146003018bf012014f0f9fb94f898
:1012a8006a0040f21a723146c0f3c00014f0f0fb35
:1012b80094f8730040f21b723146a84214bf002014
:1012c800012014f0e5fb04f13c0194f83c3013f0e4
:1012d800010f3ed138680ef059fd0446002838d079
:1012e800037813f0020fbbd0038823f4e06343f4c0
:1012f800407303800023c0f81330bfe716f068fb83
:101308001a4b1860002885d1194b1f68164b1b68ab
:101318001b68dd68002d91dd0024134e02e00134c6
:10132800a5428bd033682146186816f077f9037800
:1013380013f0010ff3d0038813f4807fefd14368d3
:10134800fb1a002bebdd33680146186815f082fda7
:10135800e5e7054b1b68ff22da766fe7024b1b684f
:101368000222da7652e770472cbe002030be0020f9
:0813780028be002058670200a6
:020000040000fa
:020000040001f9
:101380002de9f041044683695a48c3f307217422ca
:1013900002fb0101dbb203eb8303db00c9685f18ca
:1013a0005d5a02fb050300225a649a642269e368cd
:1013b0009a4251d3742101fb0501d31a4b644d4b62
:1013c000742606fb053622464b49f06a16f0c2f930
:1013d00022464a49306b16f0bdf9bb69002b42d05a
:1013e000082b4dd8434b742606fb05364ff480710d
:1013f000306b15f023fe4ff48071f06a15f01efe7d
:101400002369002b4bd1dff8ec80742707fb05869e
:1014100000221146306b15f02bfab36c0022b26437
:1014200032464032b16b306b05f0e4fde368002bcf
:1014300046d1304a742303fb052500221146e86a91
:1014400015f016fa6b6c00226a646a6b2c49e86a24
:1014500005f0d0fdbde8f0812648742101fb0501af
:101460009b1a8b64abe7234b742606fb05360021e1
:10147000306b15f0e3fd0021f06a15f0dffdbfe7ea
:101480001c4b742606fb05364ff40071306b15f0cb
:10149000d5fd4ff40071f06a15f0d0fdb0e7154ba3
:1014a000742606fb05364ff400620021306b15f000
:1014b000dff923696268b16b306b05f09bfdb5e71e
:1014c0000c4b742606fb053600224ff48061f06a4f
:1014d00015f0cef9b36c53b12369064a742101fbb0
:1014e00005256a6ba168e86a05f084fdb2e7e36848
:1014f000f3e700bf60b7002049180200f92c010093
:04150000f0bc00201b
:020000040000fa
:020000040001f9
:101504002de9f04fa9b0ddf8c8b0002800f0b08094
:101514000446002965d08360c0f814b0c0f804b054
:101524000023c36003749a4214bf242734279146ce
:1015340088468023029308ab019300200090034661
:1015440030224e4913f0cafd0146002840f08b803a
:101554000df11f05dff828a10df19f0650462a461c
:1015640012f8013f10f801cf83ea0c031943b24289
:10157400f6d1002977d141496ff001030693002089
:1015840005908023049308ab0393029001902023d9
:1015940000930b46102220310af030f9024600284d
:1015a40061d100bf15f8013f1af8011f4b401a43df
:1015b400b542f7d1002a56d184200ef0edffe06049
:1015c400d8b13a4608a920460df07efb38b3022371
:1015d40023740125e06808b111f08cfa0023e3605c
:1015e4000fe0002a47d18360c0f814b0c0f804b0fb
:1015f4000023c3600374342799e7022323746ff034
:101604007c0508ab1f441a460021134603f8011b4e
:101614001a46bb42f9d1cdb9012323741fe03946e0
:1016240008a80ef013f805460028d3d1cdf808b069
:10163400a3680193cdf8009043463a1f09a9e068d6
:101644000df0b5fb05460028dbd0c3e7032d0ad017
:10165400012d4ff00203237408bf6ff0c60528461e
:1016640029b0bde8f08f032323746ff0d005f6e7ab
:101674006ff0ac05f3e76ff0ac05f0e7e84a020061
:04168400b7dc0100ce
:020000040000fa
:020000040001f9
:101688002de9f84311f07afd002800f08680054620
:10169800554edff8688100bfd5f88c40002c75d016
:1016a8002369586840f2ba323146a84214bf002074
:1016b800012014f093f9e07b40f2bb323146022856
:1016c80014bf0020012014f089f9237b013bdbb211
:1016d800042b40d8a37b012b39d0237b013b58f83e
:1016e8002330214628469847a37b052b3bd8a37b6c
:1016f800042b4bd92769786840f2bc423b49a84281
:1017080014bf0020012014f069f9637b13f0010f66
:1017180012d1bb68002b42d0a27b531edbb2032b35
:1017280032d9062a27d8052a21d00022d7f80890ce
:10173800238921463846c847237b032b26d002231a
:1017480005f18c02214628460cf018fea4e7e8684b
:1017580016f069fac1e740f2c7323146002014f0aa
:101768003df90723a373e86816f062fabfe704237c
:10177800a3730022dae740f2f3421d49002014f077
:101788002df96ff01302d1e70122cfe716f0e2fa44
:101798002b7801332b7016f0e1fabde8f883237b30
:1017a800032bf3d005f18c0014f0c8fe074648b1ae
:1017b800f87b4ff483720f49022814bf00200120e0
:1017c80014f00cf940f256220b49bc4214bf002019
:1017d800012014f003f9394605f1980015f04bf98a
:1017e8000323fb7358e700bf3473020084730200bd
:1017f80098730200fc6d0200f4760200c0730200c8
:020000040000fa
:020000040001f9
:101808002de9f04fafb006464768012907dd0c46c1
:10181800904651684f4815f016fd054638b13368b3
:101828001b684d49384698472fb0bde8f08f16f031
:1018380093f88146022c09dc834633685b684a4684
:101848004649384698475d450bdbede7d8f8080070
:1018580010f093ff054600f1010beee70135ab45ab
:10186800e2d019a928b205f00ff80028f6d033689d
:10187800bdf8b2200392bdf8b0200292bdf8aa20ac
:101888000192bdf8a82000925c689df864302a4651
:1018980033493846a047dff8dca09df8b430c3f3dd
:1018a8004003dff8d4905af823304a46502105a85f
:1018b80015f08af90446dff8c4809df8b43003f0c7
:1018c800010358f82330274ac0f1500105a82044e5
:1018d80015f07af904449df8b430c3f3c0035af8fc
:1018e80023304a46c4f1500105a8204415f06cf98c
:1018f80004449df8b430c3f3800358f823301a4adf
:10190800c4f1500105a8204415f05ef904449df87f
:10191800b430c3f340135af823304a46c4f1500197
:1019280005a8204415f050f920449df8b430c3f3bd
:10193800001358f823300d4ac0f1500105ac20447b
:1019480015f042f933685b6805aa09493846984793
:1019580084e700bf2c990100e8930100409301003f
:1019680054930100b8930100c4930100d09301007f
:10197800d8930100047d0200ac9301000c7d0200a5
:020000040000fa
:020000040001f9
:101988002de9f04fadf6340d0646d0f80480012954
:101998000dd003681b684e494046984733681b685a
:1019a8004c49404698470df6340dbde8f08f15f0c8
:1019b800a9ffb0f1000af6dd00271ae033681b68ba
:1019c80045494046984733685b682a46434940463c
:1019d80098470dab32220ea9204613f0f3fc0028dd
:1019e80057d133681b683c49404698470137ba4588
:1019f800d9d0384614f022fb044616f07bf90128aa
:101a0800f4d1204616f019f9054633685b6802469a
:101a18003349404698470df608020df6180120464e
:101a280013f0bcfc0028c9d033685b682d494046d8
:101a380098473368ddf820280092d3f80490ddf841
:101a48001c38ddf8182828494046c8473368ddf8af
:101a58002c280092d3f80490ddf82838ddf82428e3
:101a680022494046c84733685b6821494046984741
:101a78003368ddf814280192ddf810280092d3f8b5
:101a88000490ddf80c38ddf808281a494046c847a4
:101a980099e700238df830300d9b002ba6dd00253b
:101aa8000eacdff854902422214603a815f0b4ffa9
:101ab8003368d3f804b0636a03aa49464046d84756
:101ac800013528340d9bab4290dd322debd18de7eb
:101ad800340501004805010098060100ac06010024
:101ae800580501007c05010094050100d805010096
:0c1af8002406010040060100d806010091
:020000040000fa
:020000040001f9
:101b040030b45c4c247f002c40f0ad80054604f0da
:101b1400ff0000294cd0002d4ad0574c646804f0d3
:101b24000704012c61d053480560426000244461dd
:101b3400846104614f488160002a5cd04d4ad360bf
:101b44004c4a012111774c4a127e12f0040f05d041
:101b5400494a916a117e11f0040ffad1464a518b19
:101b640041f004015183117e41f080011176414915
:101b74008a68c968914203d93e48c168891a0161db
:101b84003d49496811f0070f45d13a4989699142a5
:101b940035d2384a11680878374988629169013129
:101ba4009161002b5bd0344b04229a7501205be0d9
:101bb400002b59d0002a57d02f4c646804f0070436
:101bc400012c0cd02b4805604260002444618461e0
:101bd4000461002daed1274900208860ace70029bc
:101be40044d113f0010fedd03ee011f0010f3bd1d1
:101bf400002be7d0f5e71f4a0021d160a0e71d4a7a
:101c04001269002acdd01c4aff21916219490a6940
:101c1400013a0a61c5e7174a916849089160116958
:101c240049081161d1684908d160916892698a4272
:101c340008d2104a116808880f49886291690131f5
:101c44009161aee70b4a1269002aaad00a4a4ff6fc
:101c5400ff71916207490a69013a0a61a1e701200b
:101c6400054b987500e0002030bc704711f0010f5f
:0c1c7400b7d0f9e738bb0020003000407a
:020000040000fa
:020000040001f9
:101c80002de9f04f83b004460f4691461e460d984d
:101c900015f028fd002800f087808046002f00f016
:101ca00086800025444f03e001212046f8f798fd87
:101cb00001950097012332464946204614f092f9d7
:101cc00083460028f0d00024a146dff828a13de09b
:101cd0003a480bf085f938e039480bf081f934e0e7
:101ce00038480bf07df930e037480bf079f92ce0fb
:101cf00036480bf075f9d94627e035480bf070f9f6
:101d000023e034480bf06cf91fe033480bf068f91e
:101d10001be032480bf064f917e031480bf060f932
:101d200013e030480bf05cf90fe02f480bf058f946
:101d30000be050460bf054f907e032462b480bf00d
:101d40004ff90135edb21f2d26d80134e5b22146f9
:101d50000123a3403342f4d00c2deed801a353f855
:101d600025f000bfd11c0100d91c0100e11c0100bd
:101d7000e91c0100f11c0100fb1c0100031d010016
:101d80000b1d0100131d01001b1d0100231d01007f
:101d90002b1d0100331d0100b9f1000f04d00023f9
:101da00088f8d43088f8903003b0bde8f08f104840
:101db0000bf016f9f8e700bfd9450200f4d6000091
:101dc00018d7000044d7000070d7000098d7000053
:101dd000b8d70000d0d70000ecd7000004d800002e
:101de00038d800006cd80000a0d80000f8d8000057
:081df00020d90000d0d800004a
:020000040000fa
:020000040001f9
:101df8002de9f84f9946574b1b68002b00f0a4803b
:101e080006460d46904611f0020306bf174698464f
:101e1800002715f09fff504b1b78002b66d115f05b
:101e28009dff002f68d04d4b196800296add494b8a
:101e38001b681a68002a00f08a80002401348c424a
:101e48005fd053f8042f002af8d1454b18688368ef
:101e58006422012198478246002853d00ffa84fb58
:101e6800a0f812b03b4b1b6843f8240015f072ff32
:101e7800394a13780133137015f070ffaaf82a70e5
:101e8800aaf828808af83c6003238af83d308af84b
:101e980062309af8413066f305138af8413015f03c
:101ea800800f3cd00023aaf810309af8413043f054
:101eb80002038af8413015f4807f05d09af8413042
:101ec80043f008038af8413015f0010f2cd09af836
:101ed800403043f01c038af840309af8483043f009
:101ee80004038af848305846bde8f88f013b1a4a7f
:101ef800137015f033ff94e711f0e6fe074608b1ba
:101f080091e752b115f026ff134a13780133137085
:101f180015f024ff4ff0ff3be5e70c4695e7114b22
:101f28001b88aaf81030c6e7012edcd1b9f1000fe2
:101f3800d9d0d9f80030caf814309af8413043f0b3
:101f480001038af84130cee74ff0ff3bcbe700248e
:101f58007be700bf60be002021bf002064be0020d8
:081f680070be00202cbf002018
:020000040000fa
:020000040001f9
:101f70002de9f04f85b01746012931dc022900f325
:101f800092804ff0050a0af1ff33632b3bd84ff0e4
:101f900000094b4652464d4900200cf05dfe0020e2
:101fa00014f050f815f0a6fe494bff221a705a7033
:101fb0009a70da701a715a7150b3454a0168c2f8c2
:101fc000061083885381424888230373b5234373e3
:101fd0002a22aa21123015f0d9fa00273d4e29e015
:101fe0000e460a220021786815f0eefa8246022e8b
:101ff000c9dd0a220021b86815f0e6fa81460af127
:10200000ff33632b57d9344900200cf025fe5ae0ea
:102010002f4a0023c2f806305381d4e72d4c2268a2
:102020002e490cf019fe2368013b23604be0013779
:10203000574548d233680133336025491a0e8a73f5
:102040001a0cca731a0a0a744b740020019000908b
:1020500003463c2211f0f2ff0028dfd0326820490d
:1020600000200cf0f9fdb9f1000fe0d012f0f4fc03
:1020700080468b4615f0b0fc4ff47a720023a0fb2b
:10208000090112f061fdcde9020100bf12f0e4fc8c
:10209000b0eb080461eb0b05dde902239d4208bfac
:1020a0009442f3d3c3e70a220021b86815f08cfaf2
:1020b00081464ff0050ab9f57a7f7ff66aaf094984
:1020c00000200cf0c9fd05b0bde8f08f9cb7010001
:1020d00090ba0020f4be00205cb70100c4b7010034
:0820e000e8b701007cb7010024
:020000040000fa
:020000040001f9
:1020e8002de9f843002a00f09d800f461546002987
:1020f80000f09c8013f02efa0446002800f0988027
:10210800c36c002b00f0968012f082fb0646002874
:1021180000f09280854228bf0546adb2a06863688a
:102128004219934230d9a8464ff000094246394631
:10213800a06811f03dfda3684344a360226993425f
:1021480019d094f8757017f0800f2dd1934242d9a9
:102158009b1a9bb2b4f864000146984228bf1946fe
:10216800b4f86a508d4247d9b4f86e50b1eb550fa8
:1021780042d2984236d294f83e3013f0040f3fd042
:1021880008eb0906b6b24ee0a3eb00091ffa89f97d
:102198004a46394611f00cfd4f44a5eb09081ffad1
:1021a80088f82368a360c1e794f83e1011f0200f67
:1021b800ccd1751badb261682068091ab5eb610f07
:1021c800c4dc204613f0daf994f83e3043f02003db
:1021d80084f83e30d4e76168891a20681b1a0b44da
:1021e8009bb2b7e717f0080f06d194f93f30002be0
:1021f800c1dbe3689a42bed1204613f0bff9bfe7be
:1022080043f0040384f83e3013f01cfa0e4b1b68ad
:1022180003eb8303db000d4aa2fb032300eb9310bf
:10222800a062ade716463046bde8f8830026fae717
:102238000026f8e70026f6e794f87730012bf2d16c
:10224800204613f09bf9eee77cbe0020d34d6210c8
:020000040000fa
:020000040001f9
:1022580038b50d46144613f041f9002800f0a08067
:102268000346002c00f09e800f2d00f29d80dfe8d1
:1022780005f008111a232a31353a3f464b72798006
:10228800878e90f8403083f00403c3f380032370f3
:10229800012086e090f8403083f00803c3f3c003c0
:1022a800237001207de090f8403083f01003c3f3e1
:1022b80000132370012074e090f84030c3f3010349
:1022c800237001206de090f84130c3f38003237040
:1022d800012066e0038a2380012062e090f83d3007
:1022e800237001205de090f862302370012058e0ef
:1022f80090f8423003f001032370012051e090f878
:102308006330237001204ce090f8402002f01c025a
:102318001c2a14bf00220122416c09b142f00202ba
:1023280093f8481011f0010f18bf42f0040211f0a1
:10233800020f18bf42f0080293f8423013f0040f5e
:1023480018bf42f0100213f0080f18bf42f0200225
:102358002270012025e0b0f84830c3f3c50323708c
:1023680001201ee090f84930c3f340032370012098
:1023780017e0436c003318bf01232370012010e0dd
:1023880090f8483003f001032370012009e090f829
:10239800493083f00403c3f380032370012000e075
:0c23a800002038bd0020fce70020fae710
:020000040000fa
:020000040001f9
:1023b400f0b587b0a0f58854103c4f4a4ff48673ab
:1023c40003fb042393f80531002b00f08e804ff4b7
:1023d400867303fb04f3d35c012b24d011f00806ad
:1023e40028d0454a4ff4867303fb042393f8ff3047
:1023f400003318bf01234ff0ff305bb13f4b1a6825
:102404003f4b9a4222d13d4b9a683d4b9a421bd195
:102414004ff0ff304ff4867303fb04f4364b012274
:102424001a5507b0f0bd4ff4867303fb04f3002084
:10243400d054d3e7304a4ff4867303fb042393f854
:10244400013183f00103d6e7012700e000272a4b7e
:102454004ff4867505fb04350321a88801f044f97f
:10246400c5f88800b0f1ff3f42d0234b4ff4867586
:1024740005fb043595f8002122490df0ddfeeb68db
:10248400019301230293002303930493aa798df803
:1024940014208df8153001a9d5f8880012f09ffe9c
:1024a400284606f04df8c5f8ec0008b3134b144a5f
:1024b40043f8372003ebc7077d600f4b4ff4867555
:1024c40005fb0435002385f8903095f8ff3001337f
:1024d40085f8ff3015f094f985f8fd00311c18bf1c
:1024e400012185f80111384694e74ff0ff3098e751
:1024f4004ff0ff308ee700bfccb00020d4bc0020ea
:0825040023342123492d0200bc
:020000040000fa
:020000040001f9
:10250c00524b586a524b9b7d002b00f09d8070b54e
:10251c004f494c6804f007044c4b5a699d699e68fe
:10252c000b7e13f0040f56d0896a484bdb6893423c
:10253c0051d9002c41d1454b5b6899540132444b25
:10254c001b7e13f0010f15d0414b012119753f4b28
:10255c009b68ab4255d93d4b1b68595d3c4b99620e
:10256c0001353a4b1b690bb9b54263d0374bdb686d
:10257c00934263d0354b5a619d61354b1b7e13f0f2
:10258c00020f13d0334b1b78b3b1304bdb68934243
:10259c000fd12e4b00221a772d4907240c752d498b
:1025ac000a701b6a43b1294b1b6a9847294b1b784d
:1025bc0013b1274b02229a7570bd244b5b6823f82c
:1025cc0012100132224b1b7e13f0010fd2d0204b84
:1025dc000121197509e01e4b1b7e13f0010fc9d0a8
:1025ec001b4b01211975002cb1d0184b9b68ab42c9
:1025fc0013d9164b1b6833f81510154b996201351e
:10260c00afe7124b1b69002babd0114bff2199622a
:10261c000e490b69013b0b61a3e70c4b1b69002bab
:10262c009fd00b4b4ff6ff71996208490b69013b28
:10263c000b6196e7074b012119709be7044b0121b5
:10264c0099750421197595e7704700bf38bb0020b8
:08265c000030004036bf0020f1
:020000040000fa
:020000040001f9
:102664002de9f04194b004460023009301930293b2
:10267400039304930593456803290cd003681b68ee
:1026840040492846984723681b683f49284698478d
:1026940014b0bde8f0811646506810f0a3fe07465a
:1026a400b0b115f0b4f88046b66802223749304616
:1026b40014f05af990b104223549304614f054f913
:1026c400002844d023681b68324928469847dfe72e
:1026d40023681b68304928469847d9e7384613f0e1
:1026e40091ff28b123681b682c4928469847cfe7f7
:1026f4000021084609f01afd694611f0b3ff019e56
:10270400feb11ffa88f8c8ebc80806ebc8060df13d
:10271400180e06f13008f44630687168b268f36840
:10272400ace80f001036e6464645f4d130687168cf
:10273400aee803001a4b0e9306a9384608f072f867
:1027440012e023681b68174928469847a0e73846d3
:1027540013f058ff28b923681b6813492846984783
:1027640096e7384611f0b6fc28b123681b680f4978
:10277400284698478ce723681b680d4928469847e4
:1027840086e700bf2050010044500100a051010021
:1027940004520100e85001005c5001007c5001002b
:1027a400c050010098500100c850010008510100b8
:0427b40020510100af
:020000040000fa
:020000040001f9
:1027b8002de9f04104464568012904d09046494e68
:1027c80006f1c00754e00022464e06f1c00717e0a4
:1027d80023681b6844492846984723681b68b168e2
:1027e8002846984723681b68f16828469847236855
:1027f8001b683e492846984701221836be420ad02f
:102808007368002bf9d0002ae2d123681b68384985
:1028180028469847dce723681b68364928469847c6
:10282800354f07f10c063037dff8bc8023681b688a
:1028380041462846984723681b6856f80c1c2846ca
:10284800984723681b6856f8041c2846984723684d
:102858001b682649284698470c36b742e6d12368b4
:102868001b6826492846984733e01836be4232d0be
:102878007368002bf9d0d8f80410b06814f0e3fca2
:102888000028f2d177683368f3b10c374ff00008ad
:1028980023681b6814492846984723681b6857f81b
:1028a8000c1c2846984723681b6857f8041c2846c0
:1028b800984723681b680d492846984708f101087e
:1028c8000c3733684345e3d823681b680b4928460f
:1028d8009847bde8f08123681b680949284698474e
:1028e800f7e700bfb8b300200cca010014ca010002
:1028f800e0c901001cca0100dc5b020048ca0100f3
:042908004cca0100b4
:020000040000fa
:020000040001f9
:10290c002de9f84f044601eb011a4fea8a0ad0462a
:10291c00d0f88c3053445d6901eb81018f004ff08e
:10292c00010931e0036a23f008030362e36a41f210
:10293c00500201219847e36f0133e36705ebc902ad
:10294c00536823f400435360d4f88c304344a3f809
:10295c004090bff35f8f00233381f380b380236bf0
:10296c001bb1032104f160009847d4f88c0040445b
:10297c003146303014f063f8236b4ff000091bb173
:10298c00042104f160009847236b1bb1032104f16f
:10299c0060009847d4f88c004044243013f078fd44
:1029ac000646236b1bb1042104f160009847002eee
:1029bc0049d0b388d9006a185268002a2fda55f822
:1029cc00332062b33289b6f806906958d4f8cc003b
:1029dc000140b4f9c80008584ff6ff7cdff86ce0f2
:1029ec00013a92b262459dd005ebc301d1f804b017
:1029fc004bf0004bc1f804b0d1f804b00bea0e0b4d
:102a0c00c1f804b0002145f8331001339bb2d4f85f
:102a1c00981039444989994298bf0023e0e7236b09
:102a2c001bb1032104f160009847d4f88c30534457
:102a3c00314603f1240014f093f9236b1bb10421ec
:102a4c0004f1600098474846bde8f88f008000c04c
:020000040000fa
:020000040001f9
:102a5c0073686f77656e76003a2073686f772074b1
:102a6c0068652063757272656e74206e6574776f1d
:102a7c00726b20636f6e666967202852414d20731c
:102a8c006861646f77290000736574656e76000069
:102a9c003a20736574656e76203c6b65793e203cfc
:102aac0076616c3e2020286970302e2e2f646e7358
:102abc00312c206d6163302f6d6163312c20706c73
:102acc0063615f69642c20706c63615f636e742951
:102adc000000000073617665656e76003a207065c3
:102aec00727369737420636f6e66696720746f20ec
:102afc00454550524f4d20616e64206170706c7969
:102b0c00206974206c697665000000007265616450
:102b1c00656e76003a2072656c6f616420636f6e2f
:102b2c006669672066726f6d20454550524f4d2087
:102b3c00616e64206170706c7920286469736361c4
:102b4c0072647320756e7361766564206564697454
:102b5c00732900007265736574656e760000000061
:102b6c003a20726573657420746f20636f6d7069a1
:102b7c006c65642064656661756c74732c2070657b
:102b8c00727369737420616e64206170706c79006b
:102b9c00657468300000000065746831000000bf87
:020000040000fa
:020000040001f9
:102bac002de9f04f85b0d0f8a430039390f89c3009
:102bbc00002b00f092800446002301931d460fe089
:102bcc00d4f88c304b445b6823f00303039a936175
:102bdc00019b0133019394f89c20dbb29a427ad981
:102bec009df8048008eb081b4fea8b094e46d4f87d
:102bfc008c304b44dd609d601d6108eb880a4fea08
:102c0c008a0302931f46d4f89810e369042231f822
:102c1c002a10a0699847002861d0d4f88c2042f87b
:102c2c002b00d4f8983033f82a30f3b12b4600bf80
:102c3c00d4f88c2032449587d4f88c20925942f8e1
:102c4c002350d4f88c203244526842f83350d4f8d4
:102c5c008c203244526802ebc302556001339bb2a4
:102c6c00d4f89820d25b9a42e2d8d4f88c204a440b
:102c7c0003f10053013b516851f8332042f002023a
:102c8c0041f83320d4f89810029b19444b7c012b4b
:102c9c0096d14246498820460af0d0f8034600bb3c
:102cac00d4f89830029a1a4411462b464246898829
:102cbc0020460af0c3f8034698b9d4f8983033f894
:102ccc002a302a464146204600f03cfb03460028a9
:102cdc003ff476af05e0002303e0002301e04ff062
:0c2cec00ff33184605b0bde8f08f00bfb4
:020000040000fa
:020000040001f9
:102cf8002de9f04105460c468b694e48c3f3072180
:102d0800742202fb0101dbb203eb8303db00c96819
:102d18005f1833f8018002fb0802936c002b46d140
:102d2800742202fb080673699b6898470028fad149
:102d380097f91c30b3f1ff3f0fd07a7f002a51d1a9
:102d480003f01f02c3f34a1303f5020000f5807075
:102d580001219140c00115f079f8364b742000fb31
:102d680008307a6aa3699a424dd1012d48d0022dc4
:102d780004bfff23237594f91450e66914f045fc49
:102d88007b68002b41d02b4b742404fb083494f847
:102d98002630013384f826307b68ba6831462846e5
:102da800984794f82630013b84f826302de0214fcf
:102db800742606fb087500221146286b13f054fd93
:102dc8002a46ab6c4032a96b286b04f00ff9a06857
:102dd8002169ab6c6a6b0144e86a04f007f90023c7
:102de800ab641ce003f01f02c3f34a1303f50200af
:102df80000f5807001219140c00115f029f8ace779
:102e080001232375b7e714f000fc0a4a742303fb77
:102e18000828d8f8204014b1637d012b01d0bde803
:102e2800f081204605f0b4f8022363752046fef7ca
:082e3800a3faf4e760b70020e3
:020000040000fa
:020000040001f9
:102e4000002800f09a802de9f0410d461646044610
:102e500001b3036f13f1020f07d000230cf06dfed6
:102e600003466ff48772904219d1206e3f2800f21a
:102e70008880626eb31863669a4202d9a36e0133ea
:102e8000a36604f1200768b93f2e42d8002e6cd10a
:102e9000002304e0002a14bf6ff0ac03002318469f
:102ea000bde8f081c0f14008b04528bfb0464246b9
:102eb0002946384413f068fd236e43442366454495
:102ec000a6eb0806402bdfd104f11c0104f15c00e5
:102ed00051f8042f130a03f0ff13120202f0ff222d
:102ee00013434fea33430b608142f1d13946204608
:102ef000f7f79aff03460028d1d100232366c3e7e2
:102f000039462046f7f790ff03460028c7d13f2ee9
:102f1000bcd92b463a4605f1400100bfd3f80080ea
:102f2000d3f804e0d3f808c0d868c2f80080c2f82b
:102f300004e0c2f808c0d060103310328b42edd1eb
:102f40004035403e04f11c0104f15c0051f8042faf
:102f5000130a03f0ff13120202f0ff2213434fea99
:102f600033430b608842f1d1cae7324629463846de
:102f700013f00afd2666002391e76ff0ac031846b4
:082f800070476ff083038ae73c
:020000040000fa
:020000040001f9
:102f880055500000444f574e0000000052656164e0
:102f9800790000004e6f742052656164790000006a
:102fa80055736167653a206e6574696e666f0d0ac0
:102fb8000000000045783a206e6574696e666f0df2
:102fc8000a0000002d2d2d2d2d2d2d2d2d2d2049c4
:102fd8006e74657266616365203c25732f25733ea8
:102fe800202d2d2d2d2d2d2d2d2d2d200d0a0000c0
:102ff800496e7465726661636520697320646f77d2
:103008006e0d0a00486f7374204e616d653a202575
:1030180073202d204e424e532064697361626c65a3
:1030280064200d0a00000000495076342041646491
:10303800726573733a2025730d0a00004d61736b36
:103048003a2025730d0a0000476174657761793a63
:103058002025730d0a000000444e53313a20257391
:103068000d0a0000444e53323a2025730d0a000021
:103078004d414320416464726573733a2025730d92
:103088000a00000064656661756c7420495020610f
:1030980064647265737300002573206973204f4e52
:1030a8000d0a00004c696e6b2069732025730d0aa8
:1030b800000000005374617475733a2025730d0a7b
:0430c800000000bf45
:020000040000fa
:020000040001f9
:1030cc002de9f04704460d4690f83e3013f0010f01
:1030dc0019d090f8753013f0040f29d190f8743092
:1030ec0013f0030f0cbf012300234ff0000a0ce078
:1030fc008bb1036a13f0080f40f081800023e36466
:10310c0010f0e4f907e001239a46e06c18b194f84a
:10311c007720012aecd0e76fd4f88090b4f87a309d
:10312c001d4008d0bfb1b4f93c60d4f8488004e02d
:10313c0001239a46e9e70026b046baf1000f0ed0fb
:10314c00204610f0fff925b14b462a464146304641
:10315c00b847bde8f0870026b0463546ede7b4f831
:10316c006230a4f872302368a360e3602361636962
:10317c00e361236294f83e3003f081036ff3c713cd
:10318c0084f83e3094f83f3003f0fe0343f0020322
:10319c006ff3820384f83f3094f8743094f8752000
:1031ac006ff3410284f8752003f0fb036ff3c30344
:1031bc0084f874300021a163616361654ff0ff30c6
:1031cc00e0650120a4f86400a4f86e00a4f8601077
:1031dc00216484f8791003f0030384f87730d2b2b9
:1031ec0012f0200f08bfa16412f0400f04bf00239f
:1031fc006364002384f8873084f87630a3e70023d7
:04320c00e36488e708
:020000040000fa
:020000040001f9
:103210002de9f04fadb09046ddf8e0a0ddf8e4b068
:103220008df80730c2f3571303f0ff13d20202f0f8
:10323000ff2213434fea33432a9318f01f0918bfa4
:103240004ff0010901238df8af3019eb58196fd0f9
:1032500007460d4600263ee09df8af3001338df85d
:10326000af3004222aa90ba8fff7eafd0446002884
:1032700041d19df80730042b41d1379a36990ba8dc
:10328000fff7defd0446002835d1baf1000f02d069
:10329000bbf1000f3dd103a90ba8fdf795fc044637
:1032a0000ba80cf09aff9cb9b8f1200f3ad90df198
:1032b0000c0cbce80f0028606960aa60eb60bce8f9
:1032c0000f0028616961aa61eb61a8f1200820352f
:1032d0000136b1452dd0fa6fb96f0ba80bf0f4fe93
:1032e000044630bb01220df1af010ba8fff7a8fd8a
:1032f00004460028b0d00ba80cf06fffe8e70122cd
:103300000df107010ba8fff79bfd04460028f2d141
:10331000b3e75a4651460ba8fff792fd0446002832
:10332000e9d1b8e7424603a9284613f02dfbcfe7c1
:10333000012403aa00200ba9134603f8010b1a4627
:103340008b42f9d1201c18bf01202db0bde8f08fb1
:020000040000fa
:020000040001f9
:103350002de9f04f87b00446039116461d4601eb58
:1033600081039b009b46d0f89820d35a059301eb2c
:1033700001134fea830a002301930be0b1464feaa1
:103380008608d4f88c3053f80a3053f82630ebb165
:10339000013dadb2b5b1d4f898105944d4f88c3091
:1033a0005344ca881b699342e8da0023039a0989c7
:1033b000204609f049fd0190b0f1ff3fded1a36f37
:1033c0000133a367019807b0bde8f08f236b1bb1f1
:1033d000052104f15c009847d4f88c005044083073
:1033e00013f05cf80746236b002b42d004f15c021b
:1033f0000621049210469847002fc9d03b695b68ac
:1034000023f003030293236b13b10521049898471b
:10341000d4f88c3053445b6803ebc90300225a6034
:10342000d4f8983033f80b30013b9e42d4f88c30fe
:1034300053445b68029a08bf42f0020243f8392005
:10344000236b1bb1062104f15c0098470d4bbb6058
:10345000fc6000233b62d4f88c2052f80a2042f82a
:1034600008703b600136b6b2059bb34298bf002698
:103470008ee700288cd03b695b6823f0030302933e
:08348000c6e700bf19e20100dc
:020000040000fa
:020000040001f9
:103488002de9f84f8046d0f8a4a002eb02194feac4
:103498008909d0f88c0048444569c78fd8f8983016
:1034a80002eb820203eb82025689b0f84030bb423d
:1034b80034d9db1b98b2002934d00a4600230133e3
:1034c8009bb21268002afad198426fd305ebc70263
:1034d80055f837300320002b69d13b46002450684b
:1034e80000f04040506088681060d2f804c08889b5
:1034f800c0f30d0040ea0c00506001339bb29e42bd
:1035080098bf002309680134a4b269b105ebc3026e
:1035180055f833000028e2d0032048e09819c01b72
:1035280080b2c8e73b460024d8f88c204a44d387a9
:10353800c3b906f1ff3b1ffa8bfb05ebcb025368bf
:1035480043f400435360d8f88c004844303012f0fc
:10355800a1ff01460481a0f806b08780c4b1013eee
:10356800b6b20ae0013b1ffa83fbe6e70bf1ff3b2b
:103578001ffa8bfb013ca4b254b105ebcb02536894
:1035880023f000435360bbf1000fefd1b346f1e7de
:10359800d8f88c004844243013f053fadaf8003095
:1035a80043f40073caf80030002000e00320bde8af
:0235b800f88f8a
:020000040000fa
:020000040001f9
:0235ba00704758
:020000040000fa
:020000040001f9
:1035bc00002840f0918038b5484a41f28813012028
:1035cc00d054b1b1454a41f27013d35cdbb2012b3c
:1035dc0022d0022b5ad04148002341f2701283545e
:1035ec0041f28812835400f58b53196814f002f8d9
:1035fc0038bd104641f28c130122c254002341f213
:10360c008b12835441f27c12835200f58b531a684f
:10361c00082107f055ffd5e7304b41f2da02995cef
:10362c0041f2d8029a5c41f2d9001b5c013b5b1a57
:10363c00dbb29342cfd2531e0b40284841f2d40246
:10364c00825841f27a0000fb032303f63c0241f25c
:10365c0078001b5a043bd418d05c10f0400f0fd1eb
:10366c0010f0200f0cd01d4de078c0f3440041f257
:10367c0083142855d35c03f01f0341f28412ab541e
:10368c000131164a41f2da03d154a4e7134b41f24b
:10369c005b129a5c41f25811595c41f25a101b5c56
:1036ac00013b9b1adbb28b4204d201320b4841f234
:1036bc005b13c254094b41f25e129a5c41f25d10ed
:1036cc001b5c013b9b1adbb2994284d90132034942
:1036dc0041f25e13ca547ee7704700bfe85e0020db
:020000040000fa
:020000040001f9
:1036ec0038b538b9474b93f87030012b10d04ff0e8
:1036fc00ff3038bd14f064f910b94ff0ff30f8e723
:10370c0014f058f9404911f071f94ff0ff30f0e71f
:10371c003c4b002283f8702093f91030022b48d1d7
:10372c00384b1b78002b44d0364b5b78002b50d198
:10373c00344b5b68002b53d1324b9d68002d59d014
:10374c00da681046d3784bb1283200230133ab42f0
:10375c0050d010462832c478002cf7d10122c27008
:10376c0011f0080f02d0274a01245470254a5468de
:10377c0001345460948cdbb243ea04434362938c6f
:10378c0001339bb24ff6ff72934208bf01231d4acf
:10379c009384012382f8703041f00401817000237e
:1037ac0043608360ff22027780f820300380406af8
:1037bc009fe714f005f930b9124b012283f8702001
:1037cc004ff0ff3095e714f0f5f8104911f00ef9b1
:1037dc00f2e70c4b012283f870204ff0ff3088e7a2
:1037ec0011f0080fa8d0074b012283f870204ff07e
:1037fc00ff307ee7034b012283f870204ff0ff303f
:10380c0077e700bf60b70020a4400200bc40020074
:020000040000fa
:020000040001f9
:10381c002de9f0410546846990f84460143620780f
:10382c00042767f30710b70867f303002070b5f897
:10383c00460010f0010f1fd004f1140795f845e075
:10384c0007eb8e0c17f82e0060f07f0000f09f0045
:10385c004ff0140868f3040007f82e0004208cf8cd
:10386c0001000020acf802000cf10407a0198742fb
:10387c003cbf00208cf8040000206070fbb118786d
:10388c0010f0200f03d0607840f0040060701878be
:10389c0010f0100f03d0607840f0080060701878ba
:1038ac0010f0080f03d0607840f0100060701878aa
:1038bc0010f0070f03d0677860f347176770324436
:1038cc0092b2100a40ea022262801c48028801323d
:1038dc0092b20280100a40ea0222a2800022e28008
:1038ec0013b39a781ab1e27942f04002e2715b7834
:1038fc00002b08bf64232372617200236381ab6bbe
:10390c00e360eb6b23612b6c93f8683013f0040fbe
:10391c000cd02a69938933449381ab691e44ee61c0
:10392c002b6cab62bde8f0816423e4e700223146e6
:10393c0020460bf01bfb6081ebe700bf28bf00208b
:020000040000fa
:020000040001f9
:10394c00f0b540f2ff7681ea030c16ea115e1ebf59
:10395c00b64516ea1355b54252d021ea465141f408
:10396c008011a1fb024723ea465343f48013ae4473
:10397c00a0fb03650cf0004c36197d41a1fb0347fd
:10398c0047f10003a0fb0217f619654153f1000340
:10399c00094218bf46f0010640f2fe74b3f5007ff1
:1039ac0013d2aef5806ea64523d24cea0331280320
:1039bc0041ea155140ea16503203450872f10042b3
:1039cc0050f1000051eb0e51f0bdaef2ff3ea6459a
:1039dc000fd24ceac321e80241ea555140ea565055
:1039ec00f202450872f1004250f1000051eb0e5109
:1039fc00f0bd1eea0e0f2dd50cf000410020f0bddd
:103a0c0016ea115f04bf01f000410020004218bf0c
:103a1c0041f0010116ea135f04bf03f000430022da
:103a2c00124218bf43f0010306ea1354b44218bf04
:103a3c00b64503d00cf000410020f0bd21f0004150
:103a4c0023f00043b1eb065f0cd8b3eb065f09d84b
:103a5c0041b13bb10cf0004141f0fe4141f4700129
:103a6c000020f0bd40f20001c7f6f8710020f0bd57
:020000040000fa
:020000040001f9
:103a7c00002800f09080f8b50446002900f08d80f5
:103a8c000e46a1f1100514f063f994f84430e3b933
:103a9c0014f062f956f80c7c636ae3b1ab422dd991
:103aac0005eb071293421bd046f8103c6562236b62
:103abc00db1b236314f04cf994f84430013384f885
:103acc00443014f049f93801f8bd013b84f8443016
:103adc0014f042f9dee746f8103ca5626562e6e7b1
:103aec005b683b4446f80c3c636a1b6846f8103c28
:103afc00a26a636a9a42d9d1a562d7e7a26aaa429e
:103b0c0029d2536802eb03118d4205d015600023b6
:103b1c0046f8103ca562cae73b445360c7e75268bd
:103b2c003a4446f80c2c1a68126846f8102ca16a14
:103b3c001a6891421ad1a56218e056f80c1c0a4476
:103b4c005a6056f8102c1a60a26aaa42afd1a3622e
:103b5c00ade71b688bb19d42fbd91a68aa42f8d914
:103b6c0005eb07118a42dad046f8102c5a6803eba1
:103b7c0002118d42e1d01d6099e7f82384f83830aa
:103b8c0014f0e6f894f84430013384f8443014f01f
:0e3b9c00e3f8002098e700207047002094e72f
:020000040000fa
:020000040001f9
:023baa00704762
:020000040000fa
:020000040001f9
:103bac002de9f84f434b1b680bb9bde8f88f06465f
:103bbc0014f0cef8404b1b7873b914f0cdf8736940
:103bcc0001279f403d4b1b68002b38dd0024dff89c
:103bdc00f0a0dff8e8900ae0013b374a137014f0cc
:103bec00bbf8ece70134d9f800309c4227dadaf85c
:103bfc00003053f82450002df4d0d5f824804046e2
:103c0c0013f008fe0028eddb012383403b42e9d092
:103c1c000121b5f9120007f05dfad5f858b0bbf1e7
:103c2c00000fdfd0b5f8603013f4005fdad0eb6d25
:103c3c004ff400524146b5f91200d847d2e7337e13
:103c4c00022b2dd11b4b1c68013c1c6044bb1b4b35
:103c5c001b68002b0edd1a4e184d05e00ef0b4f863
:103c6c0001342b68a34205dd336853f82400002887
:103c7c00f4d1f5e7134b1868114cc36821689847c9
:103c8c0000232360104b186820b113f0cafd0e4bb3
:103c9c0000221a6000230b4a1360084a136084e761
:103cac0014f056f8044a13780133137014f054f8d6
:103cbc007be700bf6cbe002021bf002064be00204b
:0c3ccc0060be002070be002068be00201a
:020000040000fa
:020000040001f9
:103cd80038b53d4b1b68bbb93c4b1b68002b6bd1ff
:103ce800037e002b6ad10c460546374b02221a6028
:103cf800836813b109b10b68e3b913f063fe98b98f
:103d08000020314b186002e0012b01d0002038bda3
:103d18002e4b1b68002b53dd027e002a52d1013343
:103d28002a4a13600120f2e713f046fe28490af0f8
:103d38008fffe5e711f09afc264b1860a868264b20
:103d480018602568a288254b1a80e288244b1a80bf
:103d58008368042229469847224b1860c8b1224b31
:103d68001d60052221490a200ef0f0fa204b186048
:103d7800e0b1164d2b6801332b6013f0ebff0124e3
:103d88001c4b1c7013f0eaff2c600f4b1c60204684
:103d9800bde713f017fe18b900200b4b1860b6e703
:103da80013f00afe14490af053fff5e70bf0f2fd91
:103db8000020054b1860aae70020a8e70020a6e726
:103dc8000020a4e70120a2e788be002084be0020ce
:103dd800d81902007cbe002080be002030bf002021
:103de8002ebf002074be002078be00208d02000087
:0c3df8008cbe002025bf0020081a02002d
:020000040000fa
:020000040001f9
:103e0400f0b58bb00d461446444a13680133136071
:103e1400434b1b6863b948f6b5039c421cd0414b25
:103e24001b6823f00203012b51d000200bb0f0bd1e
:103e34004e6913f0fff901460028ecd0002eead0b9
:103e44000622304612f090fd0028e4d12b699989ae
:103e540030460cf0b1fadee7334f3b6801333b6088
:103e64006c69a37be67b360446ea0366637c1e43e7
:103e7400237c46ea032628220021684613f084fbab
:103e840010f0e8fdcde900013b680293039648f683
:103e9400b503adf810302b699a89adf812200022d1
:103ea4008df81a208df81c2054f8062fcdf81d200b
:103eb400a288adf821209a896969684602f07cf9e4
:103ec40001220221284610f02dfc0120aee7282211
:103ed4000021684613f058fb10f0bcfdcde9000149
:103ee4000e4b1b680293adf810402a699389adf814
:103ef400123000248df81a4002238df81c306969b1
:103f04000b4653f8060fcdf81d009b88adf8213001
:103f14009289684602f050f9204687e7f8be0020ef
:0c3f2400e8be0020e4be0020f0be00203b
:020000040000fa
:020000040001f9
:103f30002de9f04182b005460c461746002a3bd1d8
:103f40000026b04674220021204613f01ffba8680b
:103f500000283ad004f13c0108f036f904f11801c8
:103f6000e86800f00ffd04f11c01286900f00afd6b
:103f700004f12001686900f005fd04f12401a8693d
:103f800000f000fd04f12801e86900f0fbfcab6ad9
:103f90006364002b51d01a8862809b7884f86b3060
:103fa000013bdbb2032b15d90123002f47d183f04e
:103fb000010002b0bde8f08107226c31684613f0c1
:103fc0002ffd666db4f86080bce70022e263a4f8c0
:103fd0004020c3e704f12c006b68d3f800c0596897
:103fe0009a68db68c4f82cc041608260c3600ef040
:103ff000b7fcab8ca4f8483094f8433043f010037e
:1040000084f84330b4f8423023f00703a4f8423078
:10401000204610f09fff636a2361a36a636194f8ee
:10402000423043f0200384f84230b4f8423023f0a9
:104030001803a4f842300023b7e70123b5e700983e
:10404000e066bdf804009df80610a4f8700084f83e
:0a40500072106665a4f86080a9e70d
:020000040000fa
:020000040001f9
:02405a007047ad
:020000040000fa
:020000040001f9
:10405c002de9f0470d4616461f4611f03dfa002893
:10406c007fd0044690f83c80002d32d1b8f1000f7f
:10407c0079d10027b94613f06bfe3e4b1b78002b11
:10408c0046d113f069fe002e50d1668d002e45d01e
:10409c0013f05efe374a13780133137013f05cfe95
:1040ac0094f842306ff3410384f8423084f83c506a
:1040bc003a46494620460df0c7fd0fb100284dd0b9
:1040cc006685012094f8423043f0020384f84230b4
:1040dc0042e06b1edbb2012b47d8b8f1000f01d0c8
:1040ec00a84544d197b1012d02d04ff00009c2e789
:1040fc003b6813b94ff00009bde70021384611f0b9
:10410c00a1fc81460028b6d1002025e0b946b2e7d3
:10411c00013b184a137013f01ffeb4e70ff0d2fde9
:10412c000646b0fa80fa4fea5a1a09e0638db34298
:10413c00aed030460ef0e2fe80f001005ffa80fa5d
:10414c0013f006fe0b4a13780133137013f004fec0
:10415c000020baf1000fa3d0bde8f08784f83c80b2
:10416c00b0e70020f8e70020f6e70020f4e7002095
:08417c00f2e700bf21bf0020a3
:020000040000fa
:020000040001f9
:104184004661696c656420746f206372656174654f
:104194002074686520436f6e736f6c6520415049cd
:1041a4000d0a0000202a2a2a20436f6d6d616e6477
:1041b4002050726f636573736f723a20506c65613f
:1041c4007365207479706520696e206120636f6d5a
:1041d4006d616e642a2a2a0d0a0000000a0d20541b
:1041e4006f6f206d616e7920617267756d656e7495
:1041f400732e204d6178696d756d2061726773202f
:10420400737570706f727465643a202564210d0aa9
:1042140000000000202a2a2a20436f6d6d616e641d
:104224002050726f636573736f723a20756e6b6e94
:104234006f776e20636f6d6d616e642e202a2a2a5b
:104244000d0a00003e000000081b5b4b25731b5b3e
:1042540025644400081b5b4b000000001b5b4b25de
:10426400731b5b256444000025731b5b25644400b9
:10427400202a2a2a20436f6d6d616e642050726f6c
:10428400636573736f722062756666657220657804
:104294006365656465642e2052657472792e202ae4
:0842a4002a2a0d0a000000bfe8
:020000040000fa
:020000040001f9
:1042ac0050696e672055736167653a2070696e6757
:1042bc00203c73746f703e2f3c6e616d652f616492
:1042cc0064726573733e203c6920696e7465726616
:1042dc006163653e203c6e206e50696e67733e20b4
:1042ec003c74206d73506572696f643e203c732082
:1042fc0073697a653e0d0a0073746f7000000000dc
:10430c0050696e673a20636f6d6d616e6420696ee3
:10431c002070726f67726573732e20526574727998
:10432c00206c617465722e0d0a00000050696e6776
:10433c003a20486f7374206e616d6520746f6f2026
:10434c006c6f6e672e2052657472792e0d0a000008
:10435c00690000006e000000740000007300000093
:10436c0050696e673a20446174612073697a6520e4
:10437c00746f6f206269672e204d61783a20256436
:10438c002e2052657472790d0a00000050696e6718
:10439c003a20556e6b6e6f776e20706172616d6531
:1043ac007465720d0a00000050696e673a207265e0
:1043bc00736f6c76696e6720686f73743a2025731f
:0443cc000d0a0000d6
:020000040000fa
:020000040001f9
:1043d0005365742069702061646472657373204f43
:1043e0004b0d0a0053657420697020616464726526
:1043f0007373206661696c65640d0a0055736167ab
:10440000653a207365746970203c696e74657266e4
:104410006163653e203c697076342f3620616464a8
:10442000726573733e203c697076346d61736b2fd7
:104430006970763620707265666978206c656e3eac
:104440000d0a000045783a20736574697020504960
:10445000433332494e54203139322e3136382e30e2
:104460002e38203235352e3235352e3235352e3038
:10447000200d0a004e6f207375636820696e7465a5
:1044800072666163652069732075700d0a00000013
:10449000416e20616464726573732073657276691e
:1044a000636520697320616c72656164792072753f
:1044b0006e6e696e672e2053746f702044484350af
:1044c0002c205a434c4c2c206574632e2066697254
:1044d00073740d0a00000000496e76616c696420f7
:1044e0004950206d61736b20737472696e67200d83
:0444f0000a0000bfff
:020000040000fa
:020000040001f9
:1044f400f8b5037e032b74d03b4b1b882bb13a4a8f
:104504001388013313800120f8bd0c468268374bb1
:104514001a600023364a1360364a1360364a136021
:1045240053609360d360354a136053609360344a98
:104534001360344a136053609360d360324a13604b
:1045440000293bd00b684bb94ff0ff3413f03cfa11
:1045540000283fd10af046fd0020d5e700222b4970
:1045640003200df0f5fe234b186050b3224811f0e0
:1045740001ff10b96ff00204e8e7224813f0c8fb0a
:1045840010b31a4b186883681022216898471c4b93
:104594001860e0b1194813f05cfb194b1d682368df
:1045a400002bacd00026154f2946384612f0a6fa47
:1045b400013610352368b342f6d8a0e74ff0ff3434
:1045c400c4e76ff00104c1e76ff00304bee76ff0c6
:1045d4000404bbe713f0f2f922460d490af03afb52
:1045e400b8e7012090e700bf2abf002040be0020aa
:1045f4003cbe002044be002000bd002020bd0020a1
:1046040038be002010bd002034be002001cb0000c5
:0446140094540200b8
:020000040000fa
:020000040001f9
:104618002de9f04f85b08246d0f804b0002303930b
:10462800022953dd1446a1f1030828f0010808f116
:10463800030801260193994614e003a9384600f0bf
:104648009df9019050b9daf800301b682e49584698
:10465800984741e038460ef090f881460236083413
:10466800b0451ad06568a7682849284612f0ebfdbe
:104678000028e2d02649284612f0e5fd0028e9d0b6
:104688002449284612f0dffd0028e3d0daf800308c
:104698001b68214958469847e0e7019bb3b1b9f137
:1046a800000f1cdb1d4b1b684b4518dd1c4ad8232b
:1046b80003fb092393f8ce20012a1ad0daf8003038
:1046c8005b684a4617495846984705e0daf80030cb
:1046d8001b6815495846984705b0bde8f08f0f4b41
:1046e8001a68daf800305b68013a1049584698476a
:1046f800f2e7039ac3f88020daf800305b684a468c
:104708000b4958469847e7e758750100547501006a
:10471800146f0100186f01007c75010094be002021
:10472800e0b20020c075010098750100546f0100c7
:044738000476010002
:020000040000fa
:020000040001f9
:10473c002de9f047441ea4b2092c7cd824b204eb1a
:10474c00c400434b13f82030002b78d0034640486c
:10475c0000eb83039b681f6d002f4bd015460e4654
:10476c0004ebc4033a4a02eb83039b8813f0200842
:10477c0051d004ebc40302eb83039b78042b41d18f
:10478c0004ebc40302eb8303db68d3f81890b9f194
:10479c00000f37d0d3f82c80b8f1000f32d0dff8ef
:1047ac00b0a004ebc4030aeb8303b3f90600b847cb
:1047bc00074604ebc4040aeb84041c340022314683
:1047cc002046c84728b131462046c04780b28742b0
:1047dc0037d2002d37d0002229462046c847034641
:1047ec0050b329462046c04780b287422cbf2b4687
:1047fc00002321e004ebc40400eb8404ff23e370ea
:10480c00002319e004ebc404114b03eb8404ff23d5
:10481c00e370002310e004ebc4040d4b03eb8404a1
:10482c00b4f90600b8470346864205d96db18542f6
:10483c0088bf434600e000231846bde8f0870023fc
:10484c00fae73346f8e72b46f6e72b46f4e700bfca
:04485c0064af002025
:020000040000fa
:020000040001f9
:104860002de9f04f0e4649683568d6f80890f7688c
:104870008bb0cde903230029acbf25f0020501214f
:1048800015f010030593039b8346d3e900232fd033
:1048900052ea03002cd0a9f10208346915f008008f
:1048a00004f1ff3408904ff00000385518bf08f1ac
:1048b000ff388a46012c1ddc059b002b54d1089b38
:1048c00013b1013c20233b5532690095013a4b4618
:1048d000121b3919584608f02bffdbf80430db05b2
:1048e00003d573689842b8bf18460bb0bde8f08f87
:1048f000c846d2e752ea030009d1baf1000f06dc3c
:10490000a8eb010050440028d6dda807d4d502f05a
:104910000f000928d4bf00f1300e00f1570e0498a3
:10492000a0f1410cbcf1190f04f1ff3410d84ef086
:10493000200cacf1610cbcf1190f09d8704609913b
:10494000cde9062312f0abffdde90623099986467f
:10495000100940ea03704fea131c07f804e00af15b
:10496000ff3a02466346a5e7039bd3e9000150eafc
:104970000103a4d03a19049b02f8013c023c302305
:044980003b559ce720
:020000040000fa
:020000040001f9
:10498400f0b482b00d4609b100230b60002871d049
:104994000378002b70d0002101300c460a463f4eac
:1049a40010e0032a16d0fe2b31d0092b6cd801322b
:1049b400d2b2090263f3070110f8013b002b69d05e
:1049c400032c5dd8303bdbb2002aead1092beed9a7
:1049d400002052e0fe2b55d1b14201d900204ce019
:1049e400621c02ab1c44c1f3074303eb830303ebd8
:1049f4008307c1f3072303eb83035b0003eb870304
:104a0400194404f8041c0021d4b20a46d4e7b14284
:104a140001d9002031e0621c02ab1c44c1f30743fe
:104a240003eb830303eb8307c1f3072303eb830344
:104a34005b0003eb8703194404f8041c0021d4b27f
:104a44000a46b9e7154b994220d8c1f3074303eb53
:104a5400830303eb8302c1f3072303eb83035b00ac
:104a640003eb820319448df807108db1019b2b6071
:104a7400012002e0012000e0012002b0f0bc7047f8
:104a84000020fae70020f8e70020f6e70020f4e72a
:104a94000120f2e7032cd5d00020eee70505020043
:020000040000fa
:020000040001f9
:104aa4002de9f047894609b100230b60002863d043
:104ab40004463f4811f0ecfd824600285fd0268a68
:104ac4000836b6b2022300223146482010f06cfab0
:104ad4000546002864d0374b83604ff00008c0f8c7
:104ae4000c80c76908233b7087f80180a7f802800f
:104af4006389bb802389fb80228ae16807f108006f
:104b040011f040ff4246314638460af033fa7880c5
:104b14006368eb63434605f1380205f13c01206804
:104b24000df085fa286478b30af108070fcc0fc793
:104b340094e8070087e807002a699389334493813e
:104b44004346324601212846fef766fe284612f007
:104b5400fffe10b96ff0020418e010f075fdcaf8fa
:104b640004005146144811f0c9ffb9f1000f09d0ef
:104b7400c9f800a0444610e06ff003040de06ff0a4
:104b840004040ae0002408e06ff0010451460848d8
:104b940011f0b4ff28460ef09dfc2046bde8f087d6
:104ba4005146034811f0aaff4ff0ff34f5e700bf68
:0c4bb40038bd0020357d02002cbd002023
:020000040000fa
:020000040001f9
:104bc000002874d0f0b5a5b00646002973d0002a9d
:104bd00074d015460c46436913f1020f16d1b5f592
:104be000803f6fd8337c012b6fd12a462146f06875
:104bf000f7f776fb0346022810d0002b5fd0032b7b
:104c000050d0022333746ff0c60358e00bf00cfe53
:104c100003466ff48772904251d1e0e780230293fc
:104c200004ab019320230093294b30222949012012
:104c300010f056fa0146002834d10df10f02264833
:104c40000df18f0c12f8013f10f8017f7b401943e2
:104c50006245f7d131bb242204a930460af036f868
:104c600050b1012304a900240da80a4602f8014b03
:104c700011468242f9d1c0e7242104a80af0e8fcd9
:104c800003460028eed1202205a9f06805f0c0fcfb
:104c900003460028e6d12a462146f068f7f720fbb4
:104ca0000346dfe7032333746ff0d00307e06ff0b0
:104cb000ac03184670476ff0ac0300e000231846c1
:104cc00025b0f0bd6ff0ac03f9e76ff0c603f6e76f
:0c4cd00044620200b84a020037dc010018
:020000040000fa
:020000040001f9
:104cdc0070b506460c46154610f03afc00287ad002
:104cec0003460b2c79d8dfe804f0061b384478789f
:104cfc0050785b636e72002d71d02a7882f00102bd
:104d0c0090f8741062f3861180f874106a7882f04f
:104d1c000102c9b262f3c71180f8741001205be084
:104d2c00002d5ed0287893f83f2060f3861283f82c
:104d3c003f20002857d0002283f879206a8842f25d
:104d4c001071002a08bf0a46a3f870202a79002a9d
:104d5c0008bf062283f884203ee0b5f5803f01d3de
:104d6c00002039e024230022a9b23046f6f764fb78
:104d7c0032e0b5f5803f01d300202de01823aab214
:104d8c0000213046f6f758fb26e0003518bf012508
:104d9c0090f8752065f3c30280f8752001201be0a4
:104dac0090f83f2065f3051280f83f20012013e0b6
:104dbc00003518bf012590f83f2065f3c71280f825
:104dcc003f20012008e080f88550012004e080f8a5
:104ddc008650012000e0002070bd0020fce7002080
:0a4dec00fae70020f8e70120f6e7df
:020000040000fa
:020000040001f9
:024df600704704
:020000040000fa
:020000040001f9
:104df8002de9f84f0446924601eb01139b009846b3
:104e0800d0f88c2013445d6901eb81018f0031e0fb
:104e1800036a23f008030362e36a41f25002514631
:104e28009847d4f884300133c4f8843005ebc902bc
:104e3800536823f400435360d4f88c304344a3f8f8
:104e48004090bff35f8f00233381f380b380236bdf
:104e58001bb1032104f160009847d4f88c0040444a
:104e68003146303011f0edfd236b1bb1042104f104
:104e780060009847236b1bb1032104f16000984739
:104e8800d4f88c004044243011f004fb0646236b10
:104e98001bb1042104f16000984776b33289b388c6
:104ea800b6f8069055f83310d4f8cc000140b4f9a0
:104eb800c80008584ff6ff7cdff844e0013a92b288
:104ec8006245a5d005ebc301d1f804b04bf0004b07
:104ed800c1f804b0d1f804b00bea0e0bc1f804b065
:104ee800002145f8331001339bb2d4f898103944a7
:104ef8004989994298bf0023e0e7bde8f88f00bfd1
:044f0800008000c065
:020000040000fa
:020000040001f9
:104f0c00f0b587b00446456801290fdd56680222ca
:104f1c003349304611f024fd98b104223149304612
:104f2c0011f01efd00283dd007b0f0bd03681b68d2
:104f3c002d492846984723681b682c4928469847d2
:104f4c00f2e70021084607f0edf8b0f1ff3f05d07d
:104f5c0023681b68264928469847e5e7254b1e68b9
:104f6c00d6b16f460fce0fc796e8030087e8030053
:104f7c0023685b682049284698476946002007f05b
:104f8c00d1f823681b681d491d4ab0f1ff3f18bfbb
:104f9c00114628469847c7e723681b6819492846d5
:104fac009847c1e70021084607f0bcf80646b0f167
:104fbc00ff3f05d123681b68134928469847b3e780
:104fcc00124f39460ff04afb0a4b1f60304611f066
:104fdc003ffb23681b680e4928469847a4e700bf8f
:104fec00a0510100045201006051010084510100e4
:104ffc00a451010010be0020d85101003451010011
:10500c0048510100b85101000c520100a8bc00200d
:04501c003452010009
:020000040000fa
:020000040001f9
:1050200055736167653a206966203c696e746572e4
:10503000666163653e203c646f776e2f75703e201d
:105040000d0a000045783a20696620504943333202
:10505000494e5420646f776e200d0a00556e6b6eba
:105060006f776e20696e7465726661636520737018
:1050700065636966696564200d0a00005468697398
:1050800020696e7465726661636520616c7265612a
:1050900064792075700d0a004f7065726174696fd4
:1050a0006e206661696c65642e204e6f20636f6ea2
:1050b00066696775726174696f6e0d0a00000000a1
:1050c00066756c6c000000005468697320696e742a
:1050d00065726661636520616c72656164792064e4
:1050e0006f776e0d0a00000057726f6e6720706157
:1050f00072616d6574657220737065636966696558
:1051000064200d0a000000004f7065726174696fc1
:105110006e207375636365737366756c210d0a0089
:105120004f7065726174696f6e206661696c656449
:04513000210d0a0043
:020000040000fa
:020000040001f9
:10513400537461636b207570206661696c65640dde
:105144000a000000537461636b20757020737563eb
:105154006365656465640d0a00000000557361674a
:10516400653a20737461636b203c75702f646f77ac
:105174006e3e203c70726573657276653e0d0a0062
:1051840045783a20737461636b20646f776e207086
:10519400726573657276650d0a0000007570000013
:1051a400537461636b20616c7265616479207570fe
:1051b400210d0a005475726e20537461636b206470
:1051c4006f776e20616e64207468656e207570213f
:1051d4000d0a000052657374617274696e672074fd
:1051e400686520737461636b207769746820256433
:1051f40020696e746572666163652873290d0a00ff
:10520400646f776e00000000537461636b20646ff9
:10521400776e3a2063616e6e6f74206765742061e7
:1052240020737461636b2068616e646c650d0a00a1
:10523400537461636b20646f776e20646f6e650dc9
:045244000a0000bf9d
:020000040000fa
:020000040001f9
:105248002de9f04180460cf04ffd70b10546048809
:105258003a4a742303fb042393f87030012b0ed0d1
:1052680012f0b0fb20bbbde8f08112f0abfb0028c8
:10527800f9d012f0a1fb32490ff0bafbf3e774231f
:1052880003fb04f62d4a9719002287f87020384648
:1052980003f086f890b1294a742303fb04231b6e9c
:1052a800434515d0274a324400264ff0010c1fe031
:1052b80012f082fb24490ff09bfbd4e712f082fb2b
:1052c8000028d0d012f078fb20490ff091fbcae7f4
:1052d800742303fb0423002283f864209a664ff0aa
:1052e800ff321a66012283f87220dbe703f12002fd
:1052f800136873b19869696a8842f7d1597d0129a1
:10530800f4d1196a11605e7583f814c01e621e70ac
:10531800eee7384604f0d6fc084b742202fb04344e
:105328006368013b6360002363704ff0ff326a6279
:10533800eb70012384f8703095e700bf60b7002058
:105348002812020080b700204012020060120200fa
:020000040000fa
:020000040001f9
:10535800002a68d12de9f04188b04389344a12887f
:105368009a1a18bf01220189324b1b88994218bf2b
:1053780042f002028046038a2f490f68bb4228d0b8
:1053880042f008029f42a8bf1f46c168002f12dde5
:105398002a4b187811f8013b98420ad1284c00236f
:1053a8000133bb4218da14f8016b11f8015bae4205
:1053b800f6d042f01002234b1b681b685b68224939
:1053c800224800689847224b00221a6008b0bde8be
:1053d800f081c168002fdbdc002aecd110f032f933
:1053e8001c4b1c68001b4ff47a7404fb00f410f08b
:1053f8003df9b4fbf0f4002c08bf0124142203a9e2
:1054080008f104000cf0bcfc0e4b1b681b685d68bf
:10541800114b1a6801321a60009403ab0f490b480c
:105428000068a847cfe70a4b00221a60704700bf00
:1054380066bd0020d2bc0020a0c00020889a0020b1
:10544800899a002014be0020d0120200d0bd00208e
:10545800e0bd0020e8bd0020ccbd0020fc12020009
:020000040000fa
:020000040001f9
:10546800556e6b6e6f776e20686561702074797009
:10547800652e205573653a205b312c2025645d0d1f
:105488000a0000004e6f206865617020696e666fc3
:105498002065786973747320666f722074797065fb
:1054a8003a202573210d0a004865617020747970cf
:1054b800653a2025732e20496e697469616c2063f2
:1054c80072656174656420686561702073697a65c6
:1054d8003a2025642042797465730d0a00000000a3
:1054e800416c6c6f6361626c6520626c6f636b20ea
:1054f800686561702073697a653a2025642042796d
:105508007465730d0a000000416c6c206176616956
:105518006c61626c6520686561702073697a653ab0
:105528002025642042797465732c20686967682097
:1055380077617465726d61726b3a2025640d0a009b
:105548004c6173742068656170206572726f723a7d
:1055580020307825780d0a004e6f205472616365fb
:1055680020696e666f206578697374732e0d0a0062
:020000040000fa
:020000040001f9
:105578002de9f0479ab0441ea4b2092c77d824b27a
:1055880004ebc4003c4b13f82030002b71d00346c9
:10559800394800eb83039d8815f020054bd004ebb8
:1055a800c40300eb8303db68df694fb181b104eb0f
:1055b800c404314800eb84001c30b84785b24be086
:1055c80004ebc40400eb8404ff23e370002543e0ec
:1055d8002a4ba3fb02384fea58184ff0640a0afb1b
:1055e80018221ffa82fa1ffa88f8b8f1000f20d0a3
:1055f80004ebc409204b03eb890909f11c090025b8
:105608002e46642201a94846b8470544adb2013682
:105618004645f6d1baf1000f1ed004ebc404164873
:1056280000eb8400524601a91c30b8470544adb2ce
:1056380012e00025eee704ebc4030f4800eb8303f8
:105648009b685e6c66b104ebc4040b4b03eb8404eb
:10565800b4f90600b047054628461ab0bde8f087f9
:1056680004ebc40400eb8404ff23e370f4e7002593
:10567800f2e70025f0e700bf64af00201f85eb517b
:020000040000fa
:020000040001f9
:10568800404b93f81432012b02d00423184670477c
:105698002de9f047adf5007d90468946044683081c
:1056a800394aa2fb03235b099fb2364a002182f8dc
:1056b8001412c3ebc313a0eb83039bb2dbb9b8f599
:1056c800fe7f53d399f800308df80430651cadb2d5
:1056d8002e46a246a044454527db01a93846faf7dd
:1056e800a3fb0346274a012182f8141218460df538
:1056f800007dbde8f08701a9384609f02bfe034676
:1057080000283ad12646a246a0444445eada25466e
:105718000be000bfa6eb0a0619f8062001ab1a55e4
:105728000135adb22e464545d7daab08164aa2fb7d
:1057380003235b09c3ebc313a5eb8304a4b2002cba
:10574800e8d101a93846faf76ffb03460028c9d10a
:105758000137bfb201a9384609f0fcfd034600280d
:10576800d8d0084a012182f81412bfe701a93846a7
:1057780009f0f0fd03460028a4d0024a012182f86e
:0c5788001412b3e74cad00200502814074
:020000040000fa
:020000040001f9
:10579400ffffffffffffffffffffffffffffffff15
:1057a400ffffffffffffffffffffffffffffffff05
:1057b400fffffffffffffffffffffffffffffffff5
:1057c400ff00010203040506070809ffffffffffae
:1057d400ffff0a0b0c0d0e0f1011121314151617e0
:1057e40018191a1b1c1d1e1f20212223ffffffff57
:1057f400ffff0a0b0c0d0e0f1011121314151617c0
:1058040018191a1b1c1d1e1f20212223ffffffff36
:10581400ffffffffffffffffffffffffffffffff94
:10582400ffffffffffffffffffffffffffffffff84
:10583400ffffffffffffffffffffffffffffffff74
:10584400ffffffffffffffffffffffffffffffff64
:10585400ffffffffffffffffffffffffffffffff54
:10586400ffffffffffffffffffffffffffffffff44
:10587400ffffffffffffffffffffffffffffffff34
:10588400ffffffffffffffffffffffffffffffff24
:0a589400ff000102040703060500ef
:020000040000fa
:020000040001f9
:02589e00704751
:020000040000fa
:020000040001f9
:1058a0002de9f0418ab00446456800230293019334
:1058b000039305930493069308930793099305f1c3
:1058c0008c08384f15e0314601a811f0d8f810e0e7
:1058d000c07b4ff483723946022814bf0020012098
:1058e00010f080f833699c42edd0314604a811f0e5
:1058f000c6f8404610f026fe06460028e8d105f11d
:105900008c0304aa07ca83e80700019941b1022663
:10591000334601aa284608f035fd01990029f7d140
:1059200005f198081f4f15e0314601a811f0a7f8be
:1059300010e0c07b4ff483723946032814bf002067
:10594000012010f04ff833699c42edd0314607a892
:1059500011f095f8404610f0f5fd06460028e8d114
:1059600005f198030aaa12e9070083e807000199e4
:1059700041b10326334601aa284608f003fd0199e8
:105980000029f7d100232380ff23237362689388c3
:10599000013b93806268538823f0040353800ab06c
:0859a000bde8f081fc6d02007e
:020000040000fa
:020000040001f9
:1059a8001b5b324a1b5b33316d1b5b316d4d696389
:1059b800726f636869702054656c6e6574205365f6
:1059c8007276657220312e311b5b306d0d0a4c6f7b
:1059d80067696e3a20000000546f6f206d75636828
:1059e80020646174612e2041626f727465640d0acf
:1059f800000000000d0a4163636573732064656edf
:105a08006965640d0a0d0a000d0a00005061737380
:105a1800776f72643a20fffd2d0000000d0a4c6f6d
:105a28006767656420696e20737563636573736661
:105a3800756c6c790d0a0d0a000000000d0a2d2df9
:105a48002d2054656c6e657420436f6e736f6c65a2
:105a5800202d2d2d0d0a547970652068656c7020f5
:105a6800666f7220636f6d6d616e64730d0a3e0020
:105a78004661696c656420746f20636f6e6e656340
:105a88007420746f2074686520636f6d6d616e6437
:105a98002070726f636573736f722e2041626f722c
:085aa80074696e67210d0a000c
:020000040000fa
:020000040001f9
:105ab0002de9f84fd0f8a4a090f89c30002b75d0b9
:105ac00004464ff000094f461de000bfd4f88c306b
:105ad000434405f10055013d5b6903ebc5056b6867
:105ae00043f080436b60d4f88c3043445b6923f00f
:105af0000303caf81c3009f1010994f89c205ffaed
:105b000089f39a4252d95ffa89f303eb03184feafb
:105b100088084646d4f88c204244d76197611762c2
:105b2000d4f88c204244576317639763d4f88c20d1
:105b3000424497625762d76203eb83039b009b4604
:105b4000d4f8982013445d89002dbfd03d4600bf96
:105b5000d4f88c303344df87d4f88c303344a3f846
:105b60004070d4f88c3033445b6943f83570d4f816
:105b70008c3033445b6903ebc5034ff080225a60dd
:105b8000e3690c220121a0699847d4f88c30334492
:105b9000014603f1300010f058ff0135adb2d4f8e2
:105ba00098305b445b89ab42d2d88fe70020bde8d8
:045bb000f88f00bfab
:020000040000fa
:020000040001f9
:105bb4002de9f04100296dd01e460025dff8f08064
:105bc400364f1ce0364807f009fa17e0354807f06d
:105bd40005fa13e0344807f001fa0fe0384607f0fd
:105be400fdf90be0314807f0f9f9bde8f0814046d2
:105bf40007f0f4f90134e4b21f2cf6d80135ecb205
:105c04000123ab403342f5d01f2cf0d801a353f845
:105c140024f000bfc95b0100d15b0100d95b010026
:105c2400e15b0100f35b0100f35b0100f35b010046
:105c3400f35b0100f35b0100f35b0100f35b010024
:105c4400f35b0100f35b0100f35b0100f35b010014
:105c5400f35b0100f35b0100f35b0100f35b010004
:105c6400f35b0100f35b0100f35b0100f35b0100f4
:105c7400f35b0100f35b0100f35b0100f35b0100e4
:105c8400f35b0100f35b0100f35b0100f35b0100d4
:105c9400e95b0100064807f0a1f9a6e7acd00100d2
:105ca40068d0010080d0010098d00100c0d001006c
:045cb400d8d0010043
:020000040000fa
:020000040001f9
:105cb8002de9f04182b0044638220021083011f065
:105cc80061fc354b2360032363600025019501a91e
:105cd8003248fef753fe019ba3600195dff8d080a0
:105ce80001a94046fef74afe019b236101952c4f0e
:105cf80001a93846fef742fe019ba3610195294e92
:105d080001a93046fef73afe019b2362019501a9dd
:105d18002548fef733fe019be360019501a9404643
:105d2800fef72cfe019b6361019501a93846fef739
:105d380025fe019be361019501a93046fef71efe91
:105d4800019b6362194b1b6884f82850042284f86d
:105d58002920252284f82a201a0c84f82b201a0ad4
:105d680084f82c20dbb284f82d30224652f8281f04
:105d7800c4f82e1092886286013384f833300723e2
:105d880063630823a3633c2120460df099f9e0637f
:105d980002b0bde8f08100bf454e414cb42a020074
:105da800d42a0200e02a0200e82a0200fc618000ee
:045db800c42a0200f7
:020000040000fa
:020000040001f9
:105dbc0038b53c4b834227d130b39b7d13f0010f98
:105dcc0022d0384cd4f8a8502b69e068984794f945
:105ddc001430012b19d0334bb3f8d03013f0040f1f
:105dec0004d1304b9b7d13f0100f04d02d4b93f846
:105dfc00d330012b08d12b4c4ff0ff31204606f04d
:105e0c0093ff002384f8d33038bd2469eb69204616
:105e1c0098470128f8d02b6a20469847044628bb9f
:105e2c00204b9a7d42f004029a75b3f8a03013f01f
:105e3c00010f2cd01b4a937d43f0080393750ff090
:105e4c00fffb184ca0630ff00ffcb4f89e3000fb66
:105e5c0003f303f2e733144aa2fb03239b09e36326
:105e6c00002384f8463002232375cde70d4d2846d8
:105e7c00f9f710fdff232b7511f0a2fd0028c3d0fc
:105e8c0011f098fd2246094908f0e0febce703f04a
:105e9c000203002b034814bf0f220022818e07f04f
:105eac0073facce740bf0020d34d6210806402002f
:020000040000fa
:020000040001f9
:105ebc002de9f04710240026dff8f0804ff6ff772d
:105ecc001de0911901f580531888935b834268d0cb
:105edc000b4601f5606100bfb3f80022824260d02e
:105eec0003f500738b42f7d1c5f30f100ff098fd3b
:105efc001ce01f2c42d806f500561034a4b2a4f1b5
:105f0c0010039bb2d8f8041031f80690b945f0d0c4
:105f1c001f2c10d84fea131a254600bfd8f80420be
:105f2c006b02d35abb4201d09945cad01035adb2e1
:105f3c001f2df3d9dfe700231c485a028a5a072a7f
:105f4c009cbf121813720133202bf6d1174b4ff64e
:105f5c00ff721a820b4601f5005501224ff6ff74b1
:105f6c001888a04218bf002203f500739d42f7d198
:105f7c0032b100230d4a1382bde8f0870023dbe722
:105f8c00102301204ff6ff755c020c5bac4218bf6e
:105f9c00104601339bb2202bf6d10028ecd0012304
:105fac00e8e750460ff03cfdc0e700bf4cad0020c9
:020000040000fa
:020000040001f9
:105fbc00982f8a4291443771cffbc0b5a5dbb5e968
:105fcc005bc25639f111f159a4823f92d55e1cabdc
:105fdc0098aa07d8015b8312be853124c37d0c556a
:105fec00745dbe72feb1de80a706dc9b74f19bc1b2
:105ffc00c1699be48647beefc69dc10fcca10c24a2
:10600c006f2ce92daa84744adca9b05cda88f97685
:10601c0052513e986dc631a8c82703b0c77f59bfef
:10602c00f30be0c64791a7d55163ca06672929141b
:10603c00850ab72738211b2efc6d2c4d130d3853b8
:10604c0054730a65bb0a6a762ec9c281852c72927a
:10605c00a1e8bfa24b661aa8708b4bc2a3516cc7a8
:10606c0019e892d1240699d685350ef470a06a10e1
:10607c0016c1a419086c371e4c774827b5bcb03430
:10608c00b30c1c394aaad84e4fca9c5bf36f2e68ce
:10609c00ee828f746f63a5781478c8840802c78c5d
:1060ac00faffbe90eb6c50a4f7a3f9bef27871c660
:020000040000fa
:020000040001f9
:1060bc002de9f843002872d00c469046064600297c
:1060cc003cd000683f2870d8726808eb02037360fc
:1060dc009a4202d9b3680133b36006f10c05b0bb28
:1060ec00b8f13f0f4fd9a8f1400727f03f074037d1
:1060fc00274423462a4604f1400900bfd3f800e0a8
:10610c00d3f804c09868d968c2f800e0c2f804c09b
:10611c009060d160103310324b45efd1403429469a
:10612c003046edf70bfb8146bc42e2d108f03f084c
:10613c00b8f1000f2bd14846bde8f88392bb036839
:10614c00402b34bf4ff000096ff08309f3e7c0f127
:10615c004007474528bf47463a462146284410f099
:10616c000dfc33683b4433603c44a8eb0708402be0
:10617c00b6d129463046edf7e1fa81460028dad14e
:10618c0000233360ace727464ff00009d0e74246c6
:10619c003946284610f0f2fbc6f80080cbe76ff0ca
:1061ac00ac09c8e76ff0ac09c5e76ff08309c2e72b
:020000040000fa
:020000040001f9
:1061bc002de9f8433c4bd3f8006a013606f03f0654
:1061cc00d3f8043ab34228d0054640f2ee54944238
:1061dc0028bf1446354845f6e063c758002939d026
:1061ec00002a3ad0c7f5bd436033a1469c421bd967
:1061fc002d4ad2f8040ad2f8002a90424bd02a4aef
:10620c00d2f8040a00eb800002ebc00252699442ff
:10621c0041d99cb24ff0010808e0234ad2f8083a61
:10622c000133c2f8083a34e04ff00008bcb1224602
:10623c001e48384410f0a2fb04eb070945f6df6357
:10624c00994588bf4ff00009184a45f6e06342f8bb
:10625c00039004e04ff0000801e04ff000086f617c
:10626c002c8385f81b80104fd7f8004a04eb84046c
:10627c0007ebc4040fcd0fc40fcd0fc495e803007a
:10628c0084e80300d7f80c3a0133c7f80c3ac7f886
:10629c00006abde8f8834a46044810f06ffb4ff0e3
:1062ac0000084746d0e700bf7870002000000020af
:020000040000fa
:020000040001f9
:1062bc002de9f04f83b005464768012949dc0023de
:1062cc0001934ff0040a0126304b03eb860800bf04
:1062dc0058f8049b0021f0b211f08af8044600280b
:1062ec004ad0036998472b68d3f804b003464a4652
:1062fc0027493846d8472b68d3f804906369204661
:10630c009847024623493846c8472b68d3f804906f
:10631c00a369204698478346e3692046984703467d
:10632c005a461d493846c8472b68d3f80490236a4f
:10633c0020469847024619493846c8472b681b68bf
:10634c001749384698470136b245c1d803b0bde865
:10635c00f08f50680cf00ffa0646431e022b04d83f
:10636c0000f1010a01230193aee72b685b6803225d
:10637c000c4938469847e9e7019b002be3d02b6882
:10638c005b684a46084938469847dce704770200c0
:10639c00b0540100e85401001055010048550100ab
:0c63ac0060550100685401008c54010091
:020000040000fa
:020000040001f9
:1063b800374b00221a7403f50063364a9a621a466c
:1063c800536813f0100ffbd1334b4222c3f88420db
:1063d8001a4600bfd2f8843013f0400ffad02f4b82
:1063e80000229a6377225a631a46d36b13f0040f7c
:1063f800fbd12a4b022283f830201a46d36b13f0c4
:10640800020ffbd1254a136c03f00303032bfad1c7
:10641800234b01225a711a46d37813f0010ffbd08f
:106428001d4b204a1a621a46536813f0040ffbd119
:10643800194b1d4a5a621a46536813f0080ffbd1cc
:10644800154b4122c3f89c201a4600bfd2f89c3055
:1064580013f0400ffad0104b4122c3f8a0201a467f
:10646800d2f8a03013f0400ffad00b4b4122c3f8fa
:10647800a4201a46d2f8a43013f0400ffad0084be3
:106488006ff07f421a6147f2ff725a61704700bf8e
:106498000014004006013000001c004000100040bd
:0c64a8000008004007010100070102008d
:020000040000fa
:020000040001f9
:1064b4002de9f04387b005939df8385000f58a53d1
:1064c40093f819e01c7e1433db7aaeeb0303dbb2e2
:1064d400a34264d24b1e032b65d8dfe803f0020508
:1064e40005024ff0010c01e04ff0000c90460f46fe
:1064f4000646013c04ea0e04c4eb0414a40041f271
:106504005413c25802eb040900231351c9f8043090
:10651400c9f80830c9f80c306db310230293cdf8d4
:10652400049005ab0093012342460021604601f02c
:10653400c9fc68b3c9f83480a9f8380089f8287010
:1065440089f83a50109bc9f82030119bc9f82430bf
:10655400059bc9f82c300f9bc9f8303006f58a53d7
:106564005a7e01325a7606f58b531968304611f07b
:1065740045f8012014e010230293cdf8049005abf4
:106584000093012342460021604603f0b3f8d0e7ac
:1065940006f58b531a680921304604f095ff002054
:0a65a40007b0bde8f0830020fae71d
:020000040000fa
:020000040001f9
:0265ae00704734
:020000040000fa
:020000040001f9
:1065b00069706572663a20536f636b65742073650a
:1065c0006e64206661696c65640d0a000d0a69706d
:1065d0006572663a20696e7374616e636520256426
:1065e0002073746172746564202e2e2e0d0a0000d3
:1065f000202020202d204c6f63616c202025752edb
:1066000025752e25752e257520706f7274202575c1
:1066100020636f6e6e656374656420776974680dbe
:106620000a000000202020202d2052656d6f746527
:106630002025752e25752e25752e257520706f72d7
:10664000742025750d0a0000202020202d20546183
:10665000726765742072617465203d20256c64202a
:106660006270732c20706572696f64203d20256c08
:1066700064206d730d0a0000202020202d2d2d2d6b
:106680002d2d2d2d2d2d2d2d2d2d2d2d2d2d2d2d3a
:106690002d2d2d2d2d2d2d2d2d2d2d2d2d2d2d2d2a
:0866a0002d2d2d2d2d0d0a00fa
:020000040000fa
:020000040001f9
:1066a8002de9f04104469df8180000284ad011f061
:1066b80007006bd10f292dd9c9084f1ebfb2b7eb00
:1066c800930f27d8264604f1080ca1f1020e1ffaf1
:1066d8008efe0cebce0e02e0083474451cd0257bf0
:1066e800637b1b0443ea0563e57b2b43a57b43eaf5
:1066f8000523db4394f80880657a2d0445ea08658c
:1067080094f80b8045ea080594f80a8045ea0825bc
:10671800ab42e1d0bde8f081043a023989b20ceb12
:10672800c10c317a737a1b0443ea0163f17a0b4393
:10673800b17a43ea012342f8043f0836b445f0d160
:106748003846e7e70839c1f38f00b0eb930f1fd83d
:106758000028dfd004f10c01043a431e9bb2103428
:1067680004eb830411f8045c11f8033c1b0443eaae
:10677800056311f8015c2b4311f8025c43ea052319
:1067880042f8043f0431a142ecd1c3e70020c1e73d
:046798000020bfe737
:020000040000fa
:020000040001f9
:10679c005443364572726f725f53756363656564fb
:1067ac0065640d0a000000005443364572726f7226
:1067bc005f4e6f48617264776172650d0a0000006c
:1067cc005443364572726f725f556e6578706563af
:1067dc0074656453760d0a005443364572726f72b9
:1067ec005f556e6578706563746564447645760da7
:1067fc000a0000005443364572726f725f42616446
:10680c00436865636b73756d0d0a00005443364520
:10681c0072726f725f556e657870656374656443f0
:10682c0074726c0d0a0000005443364572726f721c
:10683c005f4261645478446174610d0a0000000089
:10684c005443364572726f725f53796e634c6f733b
:10685c00740d0a005443364572726f725f5370693f
:10686c004572726f720d0a005443365f4572726f37
:10687c007220756e6b6e6f776e5f666c61673d250f
:04688c00640d0a008d
:020000040000fa
:020000040001f9
:1068900038b50c460ef026fe00286cd00546002cbc
:1068a0006bd054220021204610f070fe95f83c3049
:1068b000012b55d0002323702b8da4f844306b8d11
:1068c000a4f846306b6aa3646b6da4f84c306b6817
:1068d0002a689b1aa4f84e30002384f8503095f8ab
:1068e000403013f0040f04bf012384f8503095f8b2
:1068f0003f3013f0010f05d094f8503043f00203fd
:1069000084f8503095f8403013f0080f05d194f812
:10691000503043f0040384f8503095f83f3013f0c2
:10692000020f05d094f8503043f0080384f850303b
:1069300095f8403013f0100f05d194f8503043f023
:10694000100384f8503095f83f3013f0040f16d040
:1069500094f8503043f0200384f85030012038bdc3
:106960006b696360ab696361eb6963622b6a636344
:1069700001232370a0e70020f1e70020efe70120ca
:02698000ede741
:020000040000fa
:020000040001f9
:0269820070475c
:020000040000fa
:020000040001f9
:1069840038b5037e032b59d02f4b1b68002b35d110
:106994000d4604468368002b35d0002950d011f0f1
:1069a400dbf92a4b01221a7011f0daf90022284986
:1069b40009200bf0cdfc274b1860002842d0a068ba
:1069c400836804222988984748b3a168224a116041
:1069d4002988224a11606988214a1180214a10605d
:1069e400194a13680133136011f0b6f9174a137882
:1069f4000133137011f0b4f9012003e00133124a9a
:106a04001360012038bd10f0dfff08b90020f9e75a
:106a140010f0d4ff144908f01df90020f2e710f03b
:106a2400d3ff28b90b4b186810f0fffe0020e9e7ec
:106a340010f0c4ff0d4908f00df9f3e70120e1e778
:106a44000020dfe70020dde76cbe002021bf00202e
:106a5400d1ea000068be002070be002064be0020a1
:106a64002cbf002060be0020e82902000c2a02008e
:020000040000fa
:020000040001f9
:106a74002de9f84f0b9f9df83080a8f10404e4b28f
:106a8400012c03d91f295cd81f2a5ed899461646c3
:106a94000d4601210bf08ef88346002858d0d0f81b
:106aa40004a0baf8023013f0020f40d013f0080f1c
:106ab40041d10af180000ff043fd044600283ed086
:106ac400c07b4ff483722449012814bf00200120a5
:106ad4000ef086ff84f80c80a580e6809df82830af
:106ae4006373c4f808900123a373c4f810b0b8f119
:106af400030f15d021460af18c000ff0beff0223cc
:106b0400e373002511f028f99af8003001338af86c
:106b1400003011f025f907b13d702046bde8f88f2b
:106b2400baf8023043f00803aaf80230e2e700247e
:106b34006ff00305e6e700246ff00705e2e702259e
:106b4400e0e76ff004050024e5e76ff00505fae7d8
:0c6b54004ff0ff35f7e700bffc6d0200ba
:020000040000fa
:020000040001f9
:106b600070b500284bd1344b1b78002b55d1324bdc
:106b7000012083f8700083f8710083f872001870a8
:106b80000d685d61ca6a9a618a6ada6100221a62d6
:106b90004c69dc608c699c605a6098844ff0ff30cf
:106ba000986283f826205a704868d8628c681c6303
:106bb000ce685e630e699e63ce69de640e6a1e65f2
:106bc0004e6a5e65096bd96583f864209a66da6659
:106bd0001a4a531e0f32ff2103f8011f9342fbd1c3
:106be000b0f1ff3f02d0b4f1ff3f03d1eb6812498f
:106bf00013489847104b02221a74002070bd10f001
:106c0000e5fe10b94ff0ff30f8e710f0d9fe0d495e
:106c10000df0f2fe4ff0ff30f0e710f0d7fe10b9a4
:106c20004ff0ff30eae710f0cbfe07490df0e4fe2d
:106c30004ff0ff30e2e700bf60b70020f0bc00205b
:0c6c4000397601000846020020460200e0
:020000040000fa
:020000040001f9
:106c4c002de9f0410646884610f0030f4ff4cd7243
:106c5c0033490cbf012000200ef018ff746b378ee7
:106c6c00304b1d68304b1b68e2689b1aea689342f4
:106c7c0024d82269b2b921e00023d3f11f031dd41b
:106c8c000121994022ea010222612b4493f836003b
:106c9c000ff0d2f920b190f8422012f0400f1fd122
:106cac0022695ab1002ae7db4ff0804101231142df
:106cbc00e3d101339bb24908202bf8d117f0010f17
:106ccc0022d017f0020f1bd0314605f11c000ff03b
:106cdc0011ff214605f128000ff00cffbde8f081f3
:106cec000022326031460df00bfa0028d8dbb8f1e7
:106cfc00000ff3d0d8f808300133c8f80830ede7ae
:106d0c0030460cf0e3fbe4e76368f360a368b36020
:106d1c0027226ff0150130460df000fdd9e700bfba
:0c6d2c003c6702002cbe002028be0020a6
:020000040000fa
:020000040001f9
:106d38002de9f04383b01c4613f4804f1cd106465e
:106d48000d469046334b5f6810f066fdc0eb0010af
:106d5800800007eb00092946385809f017f805465e
:106d6800002853d0037813f0020f17d1038803f0db
:106d7800c00373bb03200ee000230193264b00934e
:106d88000b68126804f00f0103f08afb002814bf97
:106d980006206ff0080003b0bde8f083211101f46c
:106da800807114f4005f18bf41f4007109f12403e5
:106db80000220df0dbf9ab6800220192164a00921e
:106dc800d8f8002004f00f01304603f069fb0120d9
:106dd800e1e70a9b23b100691860ab8a0a9a93809d
:106de8002b8813f0800f01d10220d4e709f1140990
:106df8002c1d214648460cf043f8064b5b69eb60b6
:106e0800214648460cf0bafd0220c4e76ff00100a5
:0c6e1800c1e700bf40b9002094c000207a
:020000040000fa
:020000040001f9
:106e2400f8b504460ef032ff002868d0a38e678cb4
:106e3400b4f824c0e58ca268517894f8200010f0ce
:106e4400010f31d03a0a02f0200000280cbf0126bd
:106e5400052612f0040f1abf46f010060120002088
:106e640012f0080f27d046f02006012215f4006f17
:106e740002d01cf4007f24d115f4806f02d01cf4de
:106e8400807f31d13b4013f4807f1cd113f0800ffd
:106e940036d113f0400f25d113f0200332d126f060
:106ea400010646f4005620e010f0100f05d00b2622
:106eb40000221046dae70022d8e703260022104613
:106ec400d4e70a2300e0122301f0010502ea61017c
:106ed40045ea0102024092000143294206d042f0f1
:106ee400080203e02223efe70c230022a16a11b178
:106ef4000e804b800a71002120460ef0d9f9f8bdae
:086f04001423f2e72423f0e757
:020000040000fa
:020000040001f9
:106f0c002d7478002d7278002d6900002d2d696e7e
:106f1c006465780055736167653a206970657266bf
:106f2c0073203c2d74782073697a653e203c2d7259
:106f3c00782073697a653e203c2d6920696e646502
:106f4c00783e0d0a000000000d0a69706572663a01
:106f5c0020496e76616c69642073657373696f6e1a
:106f6c00206e756d6265722e204d696e3a20302c44
:106f7c00204d61783a2025640d0a00006970657215
:106f8c0066733a2030203c2073697a65203c2036a9
:106f9c00353533360d0a00006970657266733a2018
:106fac004f4b2c20696e7374616e636520256420d1
:106fbc0074782073697a652069732025640d0a0042
:106fcc006970657266733a204f4b2c20696e73742e
:106fdc00616e63652025642072782073697a652060
:086fec0069732025640d0a0001
:020000040000fa
:020000040001f9
:106ff40070b40401354d25442d7b04f1824404f51d
:10700400204494f84e4014f0030f02d1edb2002d49
:1070140055d1040104f1824505f52045032685f880
:107024004e602a4d254401262e73294d2c5b14f401
:10703400806f19bfc91805eb0014254c04eb00142c
:1070440061600101224c615a11f4006f27d01a4487
:1070540004eb00118a601e4902018c18895a9bb204
:10706400c1f301210b419bb2638002f1824303f51a
:1070740020431a6c42f002021a641a6c12f4fe4f96
:107084001fd193f8463013f0400f1dd111490c69fc
:10709400012202fa00f323430b61104612e00d496a
:1070a400498811f4404f04d1094901eb00118a6069
:1070b400d1e71168064a02eb00129160cbe7002089
:1070c40000e0012070bc70470120fbe7f8bb002002
:0870d400d8bb002000a0004120
:020000040000fa
:020000040001f9
:1070dc00656e76202852414d20736861646f772964
:1070ec003a0d0a00202065746825642020000000f9
:1070fc006970200020206d61736b20002020677761
:10710c00200000002020646e732000000d0a000097
:10711c0020206574683020206d61632025730d0a72
:10712c000000000020206574683120206d61632010
:10713c0025732020286170706c696564206174204f
:10714c00626f6f74290d0a002020706c636120201f
:10715c00696420256c752020636f756e7420256c16
:10716c0075202028657468302f543153290d0a007e
:10717c0020202873617665656e76203d20706572df
:10718c00736973742b6170706c792c2072656164f7
:10719c00656e76203d2072656c6f61642c20726583
:1071ac00736574656e76203d2064656661756c74dc
:0871bc0073290d0a000000bf59
:020000040000fa
:020000040001f9
:1071c40038b504460ef062fd002850d0a18e638fbe
:1071d4001943a068028a12f0060f08bf42f00402a5
:1071e40012f0380f08bf42f0200212f0010f1ed037
:1071f40012f0100f0cd002f00203002b44f208032b
:1072040008bf082312f0040f03d043f4005300e036
:10721400082312f0200f15d012f0020f18bf43f408
:10722400805312f0040f0dd043f400630ae012f00f
:10723400100f1dd002f00203002b14bf4ff4804343
:107244004ff4005343f4807343f001030b4001f403
:1072540080751d4315d0026123840023e36340f24b
:1072640001138b4313d0042363830323a38338bd07
:1072740002f00203002b14bf4ff480534ff4006359
:10728400e0e76ff0020120460ef012f8efe70f215d
:1072940020460cf017fe0028e9d004236383022360
:0472a400a383e4e7f5
:020000040000fa
:020000040001f9
:1072a8005443502f495020537461636b3a205469fa
:1072b800636b20726567697374726174696f6e209d
:1072c8006661696c65643a2025640d0a0000000057
:1072d8005443502f495020537461636b3a20496ed0
:1072e800697469616c697a6174696f6e2053595366
:1072f80020544d52206661696c65643a20256420eb
:107308002d2041626f7274696e6721200d0a00009a
:107318005443502f495020537461636b3a20496e8f
:10732800697469616c697a6174696f6e20456e640d
:107338006564202d2073756363657373200d0a00df
:107348005443502f495020537461636b3a20496e5f
:107358007465726661636520496e697469616c69f8
:107368007a6174696f6e206661696c65643a203071
:10737800782578202d2041626f7274696e6721200c
:047388000d0a0000ea
:020000040000fa
:020000040001f9
:10738c002de9f04182b00446456802290cdc036803
:10739c001b682b492846984723681b6829492846af
:1073ac00984702b0bde8f0810e46174650680cf0c5
:1073bc0015f8804650b190f8423013f0400f0bd1c5
:1073cc0023681b68204928469847eae723681b680e
:1073dc001e4928469847e4e701a9b868fdf7ccfa9e
:1073ec0028b923681b681a4928469847d9e74046ac
:1073fc0010f026fc40b9032e12dd6946f868fdf743
:10740c00bbfa38b16a460ce023681b681149284660
:10741c009847c6e723681b680f4928469847c0e77a
:10742c000022012301a9404608f0e0fc23681b68f8
:10743c000a490b4a002808bf114628469847b0e76e
:10744c00fc43010044440100744401005c50010001
:10745c000c99010090440100d8440100d043010074
:04746c00e4430100f4
:020000040000fa
:020000040001f9
:10747000d4cd0000bdf60000dccd0000f8cd00004a
:107480008192010000ce00001cce0000a9cc0100ba
:1074900024ce000038ce0000c191010040ce000093
:1074a00054ce00008d7301005cce000078ce000049
:1074b00079d1010080ce000098ce000025ff0100a8
:1074c000a0ce0000bcce0000a1c70100c4ce0000c9
:1074d000d8ce000065260100dcce0000fcce000006
:1074e0000d4f010004cf000018cf0000bd62010065
:1074f00024cf000038cf0000a5d4000040cf00000a
:1075000058cf00008919010060cf000078cf00003b
:107510003db7000080cf000090cf000009180100a7
:1075200094cf0000a4cf000011860100a8cf000076
:10753000b8cf000019d40100c4cf0000d8cf00009c
:1075400039aa0100dccf0000e4cf0000f18f000079
:04755000eccf00007c
:020000040000fa
:020000040001f9
:107554002d6100006970657266693a207573652053
:10756400612076616c6964204950206164647265ad
:107574007373210d0a0000006970657266693a2010
:10758400556e6b6e6f776e20706172616d65746598
:10759400720d0a0055736167653a206970657266f9
:1075a40069202d612061646472657373203c2d69c8
:1075b40020696e6465783e0d0a0000000d0a69704a
:1075c400657266693a2063616e6e6f7420636861e8
:1075d4006e676520746865206970206164647265f3
:1075e4007373207768696c652073657373696f6e54
:1075f4003a2025642072756e6e696e67210d0a004b
:107604006970657266693a204f4b2c20736574204b
:1076140074686520495020616464726573732074d2
:107624006f20696e7374616e63653a2025640d0a78
:04763400000000bf93
:020000040000fa
:020000040001f9
:107638000378002b68d090f91030022b64d170b514
:107648000446056aab69c3f307223049742000fb7e
:107658000212dbb203eb8303d66806ebc30696f986
:107668001c00b0f1ff3f0ed0737fcbb900f01f03b1
:10767800c0f34a1000f5020000f58070012199401e
:10768800c00110f0e3fb726aab699a4216d020463b
:107698000ff0bbff256a15b16b7d012b27d070bd9c
:1076a80000f01f03c0f34a1000f5020000f58070d7
:1076b80001219940c00110f0cbfbe4e701232b75b1
:1076c800ed6920460ff0a1ff7368002be2d094f813
:1076d8002630013384f826307368b26829460120c1
:1076e800984794f82630013b84f82630d2e728469c
:1076f80000f04efc02236b7563695c682b696a684d
:10770800e968a868a047cae7704700bf60b70020cb
:020000040000fa
:020000040001f9
:107718002de9f04fadf5017d334b93f81432012b71
:1077280006d04ff0040948460df5017dbde8f08ffd
:1077380093468846074686082c4ba3fb06367609ef
:10774800294b002283f8142201a9304607f002fed3
:107758008146d0b9bb08254aa2fb03235b09c3ebca
:10776800c313a7eb83039bb2a3b99df8043088f831
:1077780000307c1ca4b22546ba465f44bc4217dbe5
:10778800194b012283f81422cde7174b012283f805
:107798001422c8e73c46eee7a5eb0a0501ab13f84f
:1077a8000b3008f805300134a4b22546bc42e7daac
:1077b800a3080e4aa2fb03235b09c3ebc313a4eb84
:1077c800830b1ffa8bfbbbf1000fe5d10136b6b274
:1077d80001a9304607f0befd0028ddd0024a01218c
:1077e80082f8141281469ee74cad002005028140c4
:020000040000fa
:020000040001f9
:1077f8002de9f8430f46002850d005464368002b72
:1078080050d08268002a51d0c468002c52d020463b
:1078180098478046002851d00f3020f00f00a0eb89
:107828000801611a21f00f01a1f15009b9f5806f23
:1078380048d34fea1919fef7b6fe044600f1500e78
:107848000646dff888c0bce80f000fc6bce80f008a
:107858000fc6dcf800303360c4f824e0c4f8549054
:1078680000262665c4f828e0c4f82c9026636663d1
:1078780084f838606b7884f83930c4f83c80ab6899
:10788800236410f067fa012384f8443010f066fa94
:10789800334607b13b702046bde8f88304464ff0f5
:1078a800ff33f6e74ff0ff330024f2e74ff0ff33e2
:1078b8000024eee74ff0ff330024eae704466ff0b8
:1078c8000103e6e76ff003030024e2e7745a0200bd
:020000040000fa
:020000040001f9
:1078d8002de9f843002a63d0894616460df0fefdcf
:1078e8000446002860d0036b33b1076be58ea846c9
:1078f800c5b14ff0000826e090f8423013f0010fb0
:1079080002d14ff000080ae00ff0bafd276b4ff0e4
:107918000008002fead102e00023a386a363e38ec8
:10792800002b3ed194f8423013f0010f39d0204695
:107938000ff0a6fd35e0002ef1d0276b002feed01a
:10794800e58e002deed0a38eb34228bf33469d426c
:1079580028bf1d46b5b1b9f1000f05d02a46a16b65
:1079680048460cf025f9a944761bb6b2a8441ffa7c
:1079780088f8e38e5b1be386a38e5b1ba386a36b51
:107988001d44a563a38e002bd5d13f682763002f24
:10799800c2d0bb89a386bb68a363002ed0d1bee743
:0e79a80090464046bde8f8834ff00008f9e72e
:020000040000fa
:020000040001f9
:0279b600704718
:020000040000fa
:020000040001f9
:1079b800f8b5344c656b63689b699847606160698a
:1079c8000ff044fbd4e90a67321847f10003c4e911
:1079d8000a23002d4cd094f83030013384f830302d
:1079e8000df01ef8646b2cb1a3681bb901250027a4
:1079f800244e10e0244d00242e461fe0e0690bf0d1
:107a080039fee3680bb120699847746b002cf1d0fc
:107a1800a368002beed125756575a37813b9e368c3
:107a2800002bebd1204608f09ffea378002be8d16d
:107a38006770e6e701342035052c13d006eb4413b4
:107a48005b7d002bf6d006eb441300225a75ab7809
:107a5800012befd16b6806eb44118b60284605f0cb
:107a680003f8e7e7074a92f83030013b82f83030f4
:107a780010f070f9044602f06dfd204610f06ef922
:0c7a8800f8bd00bf10ba00201cb50020a3
:020000040000fa
:020000040001f9
:107a94002de9f74f984604468b46d2f80890d2e970
:107aa400037a0bf0bbfed8f800301844c8f8000085
:107ab400b9f1000f01d10af1ff3900254d452dda46
:107ac4000af1ff33ab4229dde36be26c934235d21a
:107ad4005a1ce2631e7830460ef07eff00283dd12a
:107ae400012d16d130460ff0d1fe782811d13b7804
:107af400302b0ed1e36be26c93422bd25a1ce2631f
:107b04001878e36c13b1e36b013be3630ef064ff9d
:107b140020bbe36c13b1e36b013be36300237b55b0
:107b2400102201a938460ff0a6fb019bbb42cbe90a
:107b340000010cbf6ff00106012607e0204609f0a2
:107b440099fa06460130c6d1002de7d1304603b07c
:107b5400bde8f08f204609f08dfad2e77e55d8f8bb
:0c7b6400003001330135c8f80030a7e7fd
:020000040000fa
:020000040001f9
:107b70002de9f0410d46002945d0b1f93c70304b5c
:107b80001c68002c4dd0002f4fdb2e4b1b689f42f2
:107b900050d254f827308b4204d000242646a04609
:107ba000254634e003691b8a03f00803002b14bf49
:107bb0004ff003084ff00108b1f87a3018ea0308d3
:107bc00008d0ce6fd1f88040826aeb6c834205d03a
:107bd00015461ce0002426462246f6e70025a3f8b9
:107be0005650a3f854509d64a3f86e50a3f86c50ff
:107bf0001d6619690d601b699d81036a23f00803e6
:107c00000362154605e00c4600263746b0460bf0e9
:107c100063fc26b12346424629463846b047bde8b4
:107c2000f08125460026b046f1e700242646a0460e
:107c30002546ece700242646a0462546e7e700bf98
:087c400074be002078be002094
:020000040000fa
:020000040001f9
:107c48002de9f84300295ed00f4600242f4e304b13
:107c580000f1010edff8bcc006e00cf801809a6064
:107c6800621c0134974244d9726802f00702012a63
:107c780018d09968dd684a1cd3f81080424528bf9f
:107c88000022954236d010f80480756805f0070583
:107c9800012de2d14d000cf81180691c00250cf86b
:107ca8000150dce7d3f80880d96808f101021d69a2
:107cb800aa4228bf002291421cd01ef8145010f886
:107cc800141041ea0521756805f00705012d05d056
:107cd800c9b20cf808109a60621cc2e74fea48055e
:107ce8005ffa81f90cf818900135090a0cf80510ab
:107cf800f1e714460ff056f910b1044b01229a75ba
:107d08002046bde8f8830c46f4e700bf0034004085
:087d1800ccb900208882002094
:020000040000fa
:020000040001f9
:107d2000f0b585b005460c4617460023adf80a307d
:107d30000193836c03a92046984700280edbbdf809
:107d40000c60ab6a01aa002120469847012e16d08c
:107d500033b22bb1022e3dd06ff0080005b0f0bd5c
:107d60002b6d019a1b21204698470028f6db01283d
:107d7000f4d0eb6c0121204698470120eee76b6db3
:107d80000df10a01204698470028e7db0128e5d0dd
:107d9000bdf80a3003f0100317f4007f0ed0adf8e1
:107da0000a300223adf80c30bdf80a30adf80e30c1
:107db000eb6c0399204698470120cfe717f4006f3a
:107dc00006bf6fea43436fea534343f42043adf8e1
:107dd0000a30e6e7bdf80e20adf80a20ad6d019b34
:107de0001b212046a8470028b8db012814bf00202b
:047df0000120b3e7d4
:020000040000fa
:020000040001f9
:107df40070b584b0002851d12e4b1b78002b52d083
:107e04002c4b93f82430002b50d12a4bda69526959
:107e14000021d88890470546b0f1ff3f29d0264b72
:107e24000193244e06f1240473699b682146234878
:107e34009847029000238df80c30f3699b6901a9df
:107e44002846984700281cdb1a4bda691a635d63dd
:107e540000229a63012183f82410db62d9689962b5
:107e64009a8783f85420da87a3f840200222da8420
:107e740016e040f22732124900200df057fd2c463f
:107e84000ee0f369db69284698474ff44e720c49bb
:107e940000200df04bfd4ff0ff3401e04ff0ff34b4
:107ea400204604b070bd4ff0ff34f9e74ff0ff34c3
:107eb400f6e700bfd4b70020000e270704fc01003a
:047ec400d47602006e
:020000040000fa
:020000040001f9
:107ec8002de9f843099f03f1ff3c5ffa8cfc1cf095
:107ed800800f58d103f10108bdf82840a408b4eb7d
:107ee800480f52d318bb00233b60c2f3034343ea55
:107ef80001113b78194341ea401038707b7843ea16
:107f080012237b70bb781a43ba700cf07f0cfc7894
:107f180044ea4c0464b2fc7038460cf0acfa00f049
:107f280001000443fc704feac800bde8f88307eb82
:107f3800c30e9eb2002ed6d0aef10804089d05eb04
:107f48008303aef1100e013eb6b2aeebc60e00bf13
:107f580053f8045dee434fea166984f808904fea37
:107f6800164984f809904fea162984f80a90e672af
:107f78002e0e26712e0c66712e0aa671e571083c2c
:107f88007445e5d1afe70020cfe70020cde700bf7b
:020000040000fa
:020000040001f9
:107f98002de9f04186b080468169304ec1f3072053
:107fa800742202fb0060cbb203eb8303db00c068e2
:107fb8001d181c5a02fb0462936a99423bd001ae19
:107fc80005f10c070fcf0fc63b683360234b7422b3
:107fd80002fb04346a69236d53f8223003932a693b
:107fe800636d53f822300293aa69e36c53f8223088
:107ff800049363691b68002101a89847d8f81830d2
:10800800a362002385f8203095f91c00b0f1ff3fea
:108018000ed06b7fa3b900f01f03c0f34a1000f520
:10802800020000f5807001219940c0010ff010ff97
:1080380006b0bde8f08195f82030002be4d0bee70b
:1080480000f01f03c0f34a1000f5020000f580702d
:1080580001219940c0010ff0f9fee9e760b700205f
:020000040000fa
:020000040001f9
:1080680010b5037e032b41d0214b1b6833b1204a46
:108078001368013313600124204610bd02881d4b8c
:108088001a601d4b1d4a13211d4804f0f1fa0446dd
:10809800b0b100221b4b1a601b4920200af056f988
:1080a8001a4b1860b0b10023194a1370194a1a49bb
:1080b80011601a4a13801a4a13601a4a1360d6e7e5
:1080c8000ff080fc0028d7d00ff076fc164906f098
:1080d800bffdd1e70ff076fc08b90024cce70ff01c
:1080e8006bfc124906f0b4fd0024c5e70124c3e780
:1080f800c8bd0020f0bd002078f501008cf5010016
:1081080070740100ccbd002069a1000018be0020d9
:10811800d1bc002000be00207c22020022bf00202b
:10812800f8bd002004be002094f50100b8f5010058
:020000040000fa
:020000040001f9
:10813800002864d070b50646002952d001f10f0519
:108148002d0901350ff006fe96f8443073b90ff08b
:1081580005fe736a002b36d05a68954243d91c68cd
:108168008cb36268aa4207d22346f8e7013b86f837
:1081780044300ff0f3fdece7511b022919d9954261
:1081880016d0616004eb01146560336b1d443563e0
:10819800736b9d4288bf75630ff0dcfd96f8443021
:1081a800013386f844300ff0d9fd04f1100017e0d0
:1081b8003bb1216819601546b26aa242e5d1b362a3
:1081c800e3e7234612e0fa2386f838300ff0c2fdc1
:1081d80096f84430013386f844300ff0bffd002094
:1081e80070bd0020fce7511b022905d8196871628f
:1081f80015461c460b46dfe71c460023bfe77047c1
:020000040000fa
:020000040001f9
:1082080008b52249002006f023fd2149002006f088
:108218001ffd2049002006f01bfd1f49002006f025
:1082280017fd1e49002006f013fd1d49002006f029
:108238000ffd1c49002006f00bfd1b49002006f02d
:1082480007fd1a49002006f003fd1949002006f031
:10825800fffc1849002006f0fbfc1749002006f037
:10826800f7fc1649002006f0f3fc1549002006f03b
:10827800effc1449002006f0ebfc1349002006f03f
:10828800e7fc1249002006f0e3fc08bdb4630000d7
:10829800cc630000006400003864000090640000b3
:1082a800e0640000346500007c650000cc650000d7
:1082b8001066000060660000b4660000f06600000a
:1082c8003467000074670000b0670000f8670000ba
:020000040000fa
:020000040001f9
:1082d8002de9f04f91b0002952d0814688460027f9
:1082e8003e46ba463c4621e000208df810006a461a
:1082f800254906f0adfc2e461fe055469bf80020a8
:108308002249002006f0a4fc01369bf80020a2f1c7
:108318002003dbb25e2b05f1010a88bf2e2210abc9
:108328001d4405f8402c0134a0450dd009eb040b81
:1083380014f00f05e1d1002fd6d15a461449002078
:1083480006f086fc0127d9e70f2e08d8114d002426
:108358002946204606f07cfc01360f2ef8d910abd2
:108368009a4400240af8404c6a460b49204606f015
:108378006ffc0a49204606f06bfc11b0bde8f08f8f
:108388008a460e46e2e700bfec560200fc560200a1
:10839800f456020004570200085702001057020062
:020000040000fa
:020000040001f9
:1083a80070b590f82630002b5ed190f87130012b13
:1083b80001d0002559e00446002380f87130c66dcd
:1083c800c36ab3f1ff3f20d0036bb3f1ff3f1cd06a
:1083d800357835b1b6f904000af024fb84f83e007c
:1083e80043e00ff0b7fc0546b6f910000af01afb97
:1083f80084f83d00b6f914000af014fb84f83c0038
:1084080028460ff0abfc01252fe0357835b1b6f9d9
:1084180004000af007fb84f85b0026e00ff09afce2
:1084280005467068b0f1ff3f0cd1b068b0f1ff3f6e
:108438000ed1f068b0f1ff3f10d128460ff08efc46
:10844800012512e000b20af0edfa84f85800ece7d2
:1084580000b20af0e7fa84f85900eae700b20af035
:0e846800e1fa84f85a00e8e70125284670bdc5
:020000040000fa
:020000040001f9
:0284760070474d
:020000040000fa
:020000040001f9
:108478002d4b83424fd1002850d070b515460c467d
:10848800c9b11b6b13b1052128489847264e06f140
:108498006c0206f16801304604f036ff336b1bb1fd
:1084a800062106f15c009847214e0fce0fc496e8ce
:1084b800030084e80300002d33d01b4b1b6b13b162
:1084c80003211c489847184b0022c3f8802093f8d2
:1084d8009c40a4b1d3f88c30013ca4b204eb041244
:1084e80003f1440404eb82040f4800bfd0f8801065
:1084f8001a6a1144c0f880104433a342f6d10a4bdb
:108508001b6b13b104210b4898470b4b0fcb85e825
:108518000f00002070bd6ff0050070476ff0050078
:1085280070470020f6e700bf40bf00209cbf002036
:0c853800a4bf0020a0bf0020bcbf00209a
:020000040000fa
:020000040001f9
:108544002e4b1b780bb10020704770b505460126f1
:108554002a4b1e702a4c41f29012002120460ff043
:1085640013f8002341f28112a35441f274122549f5
:10857400a15041f283121821a15404f58b521560c5
:1085840041f2cc02a45041f2d0020421a15441f2a0
:10859400d102a35441f2d202a35404f1500141f296
:1085a400d402a15041f2d802a65441f2d902a354f4
:1085b40041f2da02a35441f2db02a35441f2541211
:1085c4001149a15041f258120221a15441f2591209
:1085d400a35441f25a12a35441f25b12a35441f240
:1085e4005c12a35441f25d12a35441f25e12a354ef
:1085f40041f25f12a354204670bd00bf34bf002077
:0c860400e85e002078354248c46f00207a
:020000040000fa
:020000040001f9
:108610002de9f04393b005464668012907dd0f4672
:108620009046516828480ef012fe044638b12b6877
:108630001b6826493046984713b0bde8f0830ff019
:108640009bf98146022f09dc07462b685b684a4686
:108650001f4930469847bc420adbede7d8f80800ce
:108660000af08ff80446471cefe70134a742e3d035
:1086700004a920b205f00dfe0028f6d02b689df865
:1086800046200292bdf836200192bdf834200092b7
:10869000d3f804809df8103022460e493046c0477a
:1086a0002b68bdf844200292bdf8422001929df84b
:1086b0003c200092d3f80480bdf84030bdf83e2045
:1086c00005493046c047d0e72c990100d0990100f8
:0c86d000349901004899010090990100c4
:020000040000fa
:020000040001f9
:1086dc002de9f0411446002a59d088460cf038ff99
:1086ec000546002850d00df05ffe074600284dd0ff
:1086fc00844228bf0446a4b2296aae690b199e4273
:10870c0029d2761a0136b6b2b8f1000f04d032462f
:10871c0040460bf04bfab044a41ba4b26b692b621d
:10872c00b8f1000f04d02246296a40460bf03efafd
:10873c002b6a23442b623444a4b2284609f070fe01
:10874c0028bb3f1bbc4208db95f83e3043f080034e
:10875c0085f83e301be00026e2e795f83e3013f03a
:10876c00040f14d143f0040385f83e300cf068ff7d
:10877c00084b1a68c82303fb02f3074aa2fb032326
:10878c0000eb9310a86202e0002400e004462046af
:0c879c00bde8f0817cbe0020d34d6210cf
:020000040000fa
:020000040001f9
:1087a800002951d0f8b50e46002850d12c4c012391
:1087b80084f838300b686360db689847e0600746e8
:1087c8000021c300420f1b1a62eb0102550145ea62
:1087d800d3655801181842eb05051fa3d3e90023f8
:1087e800c01945eb01010cf0abf902302062b6f973
:1087f80004302381002121614ff6ff73a36147f6fe
:10880800ff73e36100220023c4e90a23616384f84b
:10881800301063681b681348984763681b690bb17d
:10882800208b98470e4ce06963685b6980b2984773
:1088380063685b689847a02200210b480ef0a2feef
:10884800022323702046f8bd4ff0ff3070474ff0e9
:10885800ff30f8e7aff30080000e270700000000a4
:0c88680010ba0020b97901001cb50020f6
:020000040000fa
:020000040001f9
:048874000120704728
:020000040000fa
:020000040001f9
:1088780053ec102bc3f30a512de9f04140f2fd707f
:108888004e1e86421d4645d8a1f2ff30002835db32
:10889800332831dc284bc0f120084ff0ff3c03faa5
:1088a80008f2a1f21f412cfa00fc10ee104a4cea23
:1088b800020c23fa01f24cea020c23fa00fe04ea45
:1088c8000c0605ea0e0724ea0c0256ea070425ea14
:1088d8000e030fd0002a73f100040bda4ff4801551
:1088e80005fa08f425fa01f10c43121925fa00f0eb
:1088f80040eb030343ec102bbde8f081002a73f131
:10890800000303db9fed080bbde8f0819fed080b2a
:10891800bde8f0810029efd10a4603f0004343ec9b
:10892800102be9e7aff30080000000000000000012
:0c893800000000000000f0bfffff0f0077
:020000040000fa
:020000040001f9
:108944002de9f84381460d4690461f460cf0c8fdbc
:10895400002852d0044690f83c600dbb002e4ed146
:1089640090f842306ff3410380f84230002380f8de
:108974003c30a4f8288094f83f3013f0010f05d15f
:1089840094f840306ff3820384f8403094f8423016
:1089940043f0020384f8423001231846bde8f8830b
:1089a4006b1edbb2012b2cd80eb1ae422bd194f846
:1089b40042306ff3410384f8423084f83c50002f76
:1089c400d7d03a462946484609f07bfb034658b1be
:1089d40094f83f3013f0040fcbd194f840306ff388
:1089e400041384f84030c4e784f83c6094f84220cf
:1089f40042f0020284f84220cfe70023cde70023af
:0a8a0400cbe70023c9e70023c7e712
:020000040000fa
:020000040001f9
:028a0e00fee781
:020000040000fa
:020000040001f9
:108a1000f0b587b00f4600230593466808460bf073
:108a2000e3f93378012b04bf0023337005a9d6f88e
:108a3000ec0009f0ebfe8446f8b1396929b3002255
:108a4000134614468d68059805518889059d25446f
:108a5000a880184483b20132d2b209680834b1b197
:108a60009445efd1d6f880300133c6f880306ff0ee
:108a700005000123337007b0f0bdd6f88430013310
:108a8000c6f884306ff00b00f3e700221346f16f55
:108a90000131f167396a41f008013962d6f8ec001a
:108aa00002970c49019100210091059908f07cfe84
:108ab00008b10020dde7f36f013bf3673b6a23f069
:108ac00008033b62d6f884300133c6f884306ff077
:088ad0000b00cee78f510200fc
:020000040000fa
:020000040001f9
:108ad80010b50ef043fe02f0adf8fdf769fc0af0a0
:108ae8006ffa04f0a5ff0af06bfdfdf746ff05f0ed
:108af800f9fc1e490020fef72ff81d4c20611d4b84
:108b08001b681d490020984760610021084607f04e
:108b1800c1fb206207f0defc1849002009f012fdb5
:108b28001749012009f00efd16490020fff738fe0d
:108b380060601549002008f06ffca06013480bf036
:108b4800dffe134900200df081fea06111490020cd
:108b5800f7f734fbe0610cf093fae0600ef0eafc02
:108b680008f0d6ff00f066fa10bd00bf7c43020093
:108b7800b0bb00207c220200747d020050c000209f
:108b880064c00020947d0200f0790200c8be002075
:088b9800e47902008c7d02006b
:020000040000fa
:020000040001f9
:108ba0002de9f04186b02349002006f055f8224c0b
:108bb0000025dff8b0802e46204f2a464146304639
:108bc00006f04af854f8041b38460cf0a3fd61681f
:108bd0001b480cf09ffde1681a480cf09bfd616991
:108be00019480cf097fd1949304606f035f8013563
:108bf000022de2d101a9002009f0a8fc01aa144924
:108c0000002006f029f801a9012009f09ffc01aa23
:108c10001049002006f020f80f4a936b526b0f4961
:108c2000002006f019f80e49002006f015f806b0ed
:108c3000bde8f081dc70010058ba0020fc70010032
:108c4000007101000871010010710100187101002c
:108c50001c7101003071010050ba002054710100f4
:088c60007c710100f0700100bd
:020000040000fa
:020000040001f9
:108c68002f4b834249d12de9f0410c46002847d0cb
:108c780091f82f302a4a92f89c20934243d22849ef
:108c8800d1f8b41011f80380b8f1ff0f26d042458f
:108c98003cd92369002b3fd008eb0817bf00204db3
:108ca80005f1600607e0236a43f00803236224689d
:108cb800bcb123696bb32b6b13b1032130469847c2
:108cc800d5f88c003844214618300df0bafe2b6bcd
:108cd800002be8d0042130469847e4e74ff000081d
:108ce800d7e70f4c4146204602f0d8fd41462046c2
:108cf8000df0f3fa0020bde8f0816ff00500704731
:108d08006ff00500f7e76ff00a00f4e76ff00a006c
:108d1800f1e76ff00a00eee76ff00a00ebe700bf3b
:048d280040bf002028
:020000040000fa
:020000040001f9
:108d2c005443502f495020537461636b3a20257380
:108d3c00204d414320696e697469616c697a617474
:108d4c00696f6e206661696c65640d0a0000000035
:108d5c005443502f495020537461636b3a20257350
:108d6c00204d4143204f70656e206661696c6564cf
:108d7c000d0a00005443502f495020537461636b0b
:108d8c003a204d6f64756c65206e6f3a2025642017
:108d9c00496e697469616c697a6174696f6e206679
:108dac0061696c65640d0a005443502f495020537f
:108dbc007461636b3a202573204d414320657665c1
:108dcc006e74206e6f74696669636174696f6e206e
:108ddc0073657474696e67206661696c65640d0aed
:048dec00000000bfc4
:020000040000fa
:020000040001f9
:108df0002de9f0410d4616461f460cf0affb00284a
:108e00004ed0044690f87620d31edbb2022b49d90f
:108e1000082a4bd090f877300bb1ab4248d15fb104
:108e2000012d01d000233ee0002138460cf010fe59
:108e3000804618b9002336e0d4f84880e6b1b4f88b
:108e40006230b34204d030460af07ef8034650b395
:108e500084f87750c4f848803a46294620460bf0fb
:108e600084f8a4f8626094f83e3013f0010f0ad041
:108e7000a4f87260012316e00af046ff06460028b7
:108e8000e6d100230fe0b4f84230b4f84020134498
:108e9000b4f8602013445e40a4f87260012302e03d
:108ea000002300e000231846bde8f0810023fae724
:048eb0000023f8e7bc
:020000040000fa
:020000040001f9
:108eb40038b50d4614460cf04ffb002854d0002c56
:108ec40054d00b2d54d8dfe805f00617242a535349
:108ed4003153383f454a90f8742082f04002c2f37f
:108ee4008012227090f87430db43c3f3c0136370b4
:108ef40000236380012038e090f83f20c2f3801201
:108f04002270b0f87020628090f8843023710120c0
:108f14002be082694369d31a2380012025e042684b
:108f24000368d31a0133238001201ee090f87530c2
:108f3400c3f3c0032370012017e090f83f30c3f35c
:108f440001132370012010e090f83f30db092370f7
:108f540001200ae090f885302370012005e090f8a4
:108f640086302370012000e0002038bd0020fce79b
:048f74000020fae7f8
:020000040000fa
:020000040001f9
:108f780070b5441ea4b2092c54d824b204ebc40220
:108f88002b4b13f82230002b4fd01346284a02eb04
:108f980083039b68196a00293cd004ebc403244a64
:108fa80002eb8303b3f906008847054600283ad048
:108fb80004ebc4031e4a02eb83039b8813f0200fc3
:108fc80031d004ebc40302eb83039b78012b2ad92d
:108fd80004ebc40302eb83035b789bb104ebc4038b
:108fe80002eb8303db681b6963b1164604ebc4001c
:108ff80002eb80001c30984704ebc40306eb8306a1
:109008000023737004ebc404094b03eb84040123ad
:10901800a37008e004ebc40402eb8404ff23e370ac
:10902800002500e00025284670bd0025fbe700bfad
:0490380064af002001
:020000040000fa
:020000040001f9
:10903c0010b42e49cb6823f4e0631b041b0c43f0e3
:10904c00bf6343f40033cb60bff35f8f62b6284b32
:10905c00e02283f81f234ff00040186083f8202390
:10906c000120586083f82e234ff48040586083f819
:10907c002f234ff40040586083f830234ff4803096
:10908c00586083f831234ff40030586083f8322352
:10909c004ff48020586083f833234ff4002058603d
:1090ac0083f834234ff48010586083f835234ff441
:1090bc0000145c6083f85423986083f86b234ff49e
:1090cc000062da604b6a43f480234b624b6943f0d5
:1090dc0010034b614b6a43f400334b624b6a43f40d
:1090ec0080334b625df8044b704700bf00ed00e02d
:0490fc0000e100e0af
:020000040000fa
:020000040001f9
:109100004369002b46d130b585b0044690f8313024
:10911000032b22d05a1ed2b2012a32d8012b3bd0c7
:10912000c3680df10f020192002200921d6b838e25
:10913000c28e418e0069a8470346d8b99df90f3009
:10914000022b08bf03201ad040f247121b4900200f
:109150000cf0eefb6ff0010011e0c3680df10f029f
:109160000092dd6a0023c28e418e0069a847034643
:109170000028e3d063610223012084f8303005b079
:1091800030bd40f23b120d4900200cf007fc4ff0bf
:10919000ff30f4e703207047c3680df10f0201921e
:1091a000012200921d6b838ec28e418e0069a847fa
:1091b0000028c3d000231846dfe700bf4864020040
:020000040000fa
:020000040001f9
:1091c0002de9f04182b00446456804290cd00368bb
:1091d0001b6823492846984723681b68214928466d
:1091e000984702b0bde8f0811646506809f0c9fa08
:1091f0000746431e012b05d923681b681a492846d8
:109200009847eee7b0680af0eff88046b0b101a9e0
:10921000f068fbf7b7fbb8b1012f1bd001a940469e
:109220000df0e4f922685468104b114a002808bf79
:1092300013463a460f492846a047d2e723681b68e1
:109240000d4928469847cce723681b680b492846f8
:109250009847c6e701a940460df0baf9e2e700bf1a
:1092600030df01005cdf010080df0100dc970100de
:109270003819020094df01005c5001000c990100d4
:020000040000fa
:020000040001f9
:109280002de9f04186b00446456801290add0e4605
:109290001746d2f80480204940460df0d8ff28bb7d
:1092a000022e0cdc23681b681c492846984723685b
:1092b0001b681b492846984706b0bde8f081b8688e
:1092c0000af092f860b10cf0adfe23685b68154ab5
:1092d0001549002808bf0a46144928469847ebe775
:1092e00023681b68124928469847e5e7114940461c
:1092f0000df0adff0028d5d10ef002fb142201a91c
:109300000af023fb23685b6820b90b4a0b49284607
:109310009847d1e701aaf9e77cc20100bcc201006d
:10932000e0c2010060c201006cc2010084c2010001
:109330005c50010080c2010074c20100a0c20100a3
:020000040000fa
:020000040001f9
:1093400055445020736f636b6574733a2025642015
:109350000d0a000009736b7449783a2025642c20ab
:10936000616464547970653a2025642c2072656dbf
:109370006f7465506f72743a2025642c206c6f6393
:10938000616c506f72743a2025642c20727851758c
:1093900065756553697a653a2025642c2074785385
:1093a000697a653a2025640d0a0000002725735369
:1093b0007469636b79200000257320506f727427e5
:1093c0002c2000002573204e6574272c000000001f
:1093d00025732041646427000920666c6167733a35
:1093e0002025730d0a00000075736167653a2075ca
:1093f000647020696e666f203c6e3e0d0a0000bfef
:020000040000fa
:020000040001f9
:1094000070b5fab004460023089309930a930b93ae
:1094100001930293039304930593069307931021fa
:1094200008a80af049f90ca80ef0d8f894f877309b
:10943000012b33d0002201a90ca80df0e3fb01a9f8
:109440000ca80df0ebfb0bf007fb04460d460ef0ed
:10945000c3fa6a01630142ead4611b1b61eb050197
:109460004a0242ead3525e021146331945eb01012a
:109470008e0146ea93669a01d31a66eb01011b1925
:1094800045eb01019c090246002344ea81608909f9
:109490000bf05afb019b18447ab070bd636c0193ca
:1094a000236c0293b4f86220b4f8603003eb0243fb
:1094b000039308ab04ac0fcb84e80f001c22bae77f
:020000040000fa
:020000040001f9
:1094c0002b4b1b68012b00d070472a4b1b68002bcd
:1094d000fadd2de9f0470646254b02221a60436962
:1094e00001279f40244b1b6873b30024dff88c9046
:1094f000dff8848018e095f83e3003f0010a43f06d
:10950000010385f83e304ff400520021284608f050
:1095100057f895f83e306af3000385f83e30013481
:10952000d8f80030a3420fd9d9f8003053f82450ae
:10953000002df4d0a86c0ef073f90028efdb0123a6
:1095400083403b42ebd0d6e7337e022b04d0084b5e
:1095500001221a60bde8f087064a1368013b1360d8
:10956000002bf4d106f01afa014b00221a60f1e741
:1095700088be002084be002078be002074be00207b
:020000040000fa
:020000040001f9
:10958000f0b585b005460c4617460023adf80a3005
:109590000193836c03a92046984700280edbbdf891
:1095a0000c60ab6a01aa002120469847012e16d014
:1095b00033b22bb1022e31d06ff0080005b0f0bdf0
:1095c0002b6d019a1221204698470028f6db0128ce
:1095d000f4d0eb6c0121204698470120eee76b6d3b
:1095e0000df10a01204698470028e7db0128e5d065
:1095f0009df80a3017f0010f18bf43f48043adf80f
:109600000a300223adf80c30bdf80a30adf80e3048
:10961000eb6c0399204698470120cfe7bdf80e2058
:10962000adf80a20ad6d019b12212046a847002805
:0c963000c4db012814bf00200120bfe7ac
:020000040000fa
:020000040001f9
:10963c0030b583b0044600238df80730d0f8a8501d
:10964c00eb6900699847012826d02b6a2069984756
:10965c0020bbb4f8403013f0010f43d06b6b0df10d
:10966c000701206998479df8073013f0080f19d0af
:10967c00b4f8423043f40053a4f8423094f8442038
:10968c00b4f84210204603f07ffea37d43f0100394
:10969c00a375002384f8463003b030bd20460cf08f
:1096ac000bfef9e713f0040f06d0b4f8423043f484
:1096bc008053a4f84230e1e713f0020f08d0b4f85d
:1096cc0042306fea43436fea5343a4f84230d5e784
:1096dc0013f0010fd2d0b4f8423043f48043a4f815
:0c96ec004230cbe720460cf0e7fdd5e74c
:020000040000fa
:020000040001f9
:1096f8002de9f041079d9e1cbdf82040b6eb940f64
:109708004fd85f1effb217f0800f4cd130b34fea2d
:10971800830c05eb0c081ffa83febef1000f1dd069
:10972800a8f10404069b9c44a8f108080ef1ff3335
:109738009bb2a8eb830800bf5cf8043d4fea136ea8
:1097480084f804e04fea134e84f805e04fea132e3c
:1097580084f806e0e371043c4445edd100232b6016
:10976800c2f3034343ea01112b78194341ea40103d
:1097780028706b7843ea12236b70ab781a43aa708f
:1097880007f07f07ec7844ea470464b2ec70284697
:109798000af071fe00f001000443ec70b000bde86f
:0c97a800f0810020fbe70020f9e700bf83
:020000040000fa
:020000040001f9
:1097b4006172700055736167653a20697034206185
:1097c40072702f6677642f7461626c6520697820eb
:1097d400636c720d0a000000737563636573730034
:1097e400495076342041525020537461743a2025f4
:1097f400730d0a00706f6f6c3a2025642c2070651d
:109804006e643a2025642c2074785375626d6974f3
:109814003a2025642c206677645375626d69743a26
:109824002025640d0a0000007478536f6c7665641b
:109834003a2025642c20667764536f6c7665643a0d
:109844002025642c20746f74536f6c7665643a2001
:1098540025642c20746f744661696c65643a202514
:0c986400640d0a004661696c6564000038
:020000040000fa
:020000040001f9
:1098700053657420676174657761792061646472ef
:10988000657373204f4b0d0a000000005365742070
:1098900067617465776179206164647265737320b0
:1098a0006661696c65640d0a0000000055736167ac
:1098b000653a207365746777203c696e74657266db
:1098c0006163653e203c697076342f3620616464a4
:1098d000726573733e203c76616c696454696d6592
:1098e0003e200d0a0000000045783a207365746739
:1098f00077205049433332494e54203139322e318a
:1099000036382e302e31200d0a000000496e766167
:109910006c696420495020616464726573732073bc
:0c9920007472696e67200d0a000000bf21
:020000040000fa
:020000040001f9
:10992c00696e666f0000000054435020736f636bc8
:10993c006574733a202564200d0a000009736b745a
:10994c0049783a2025642c20616464547970653a16
:10995c002025642c2072656d6f7465506f72743a9b
:10996c002025642c206c6f63616c506f72743a20ec
:10997c0025642c20666c6167733a20307825303270
:10998c00780d0a0009727853697a653a2025642c9f
:10999c0020747853697a653a2025642c207374619d
:1099ac0074653a2025642c20727850656e643a20d8
:1099bc0025642c20747850656e643a2025640d0a59
:1099cc000000000075736167653a2074637020694c
:0c99dc006e666f203c6e3e0d0a0000bf5e
:020000040000fa
:020000040001f9
:1099e800037bc3f303139b00143b13f0ff0343d023
:1099f80070b483b01430c6181fe0022b42d900237c
:109a0800adf806305378042b0cd0bdf8060040f2b0
:109a1800b453984228bf1846b0f5067f38bf4ff4b4
:109a2800067037e093788df80730d3788df80630d4
:109a3800ebe7881c10445b1adbb2c5180246013bf1
:109a48001844831adbb2aa4222d0b24211d2144679
:109a580014f8011b99b1012909d00229cdd0012b95
:109a680013d951789942e4d94ff4067012e022468e
:109a7800e7e74ff406700de04ff4067070474ff4b7
:109a8800067007e04ff4067004e04ff4067001e03a
:0a9a98004ff4067003b070bc704775
:020000040000fa
:020000040001f9
:029aa200fee7dd
:020000040000fa
:020000040001f9
:109aa40070b5044685682a4b9d420cbf1d460025af
:109ab400838b012b14d01ab232b1022b2bd04ff06e
:109ac400ff310bf0f5fb70bd4ff4004200210af0aa
:109ad40014fa0028f7d0032363830123a383f2e756
:109ae40000210af0eff90028edd00bf0adfd064699
:109af4002b6a1d680bf0bcfd00fb05f000f2e7309b
:109b0400144da5fb003006eb9010e0620323638341
:109b14000223a383d7e70cf0b9f80028d3d094f933
:109b24003530002b04db042363830023a383cae7bb
:109b34000bf08afde36a984204d203236383012372
:109b4400a383c0e74ff0ff3120460bf0b1fbbae727
:089b5400d4b70020d34d6210cc
:020000040000fa
:020000040001f9
:109b5c0030b583b005469df81840d0f8ec00042cc5
:109b6c003ed8dfe804f003152642360000230193ab
:109b7c000093012301f00f021f490cf02dfa03464c
:109b8c00a0b395f8fc30013385f8fc3000232de0b0
:109b9c000023019300930123022218490cf01cfab4
:109bac00034618b395f8fc30013385f8fc300023dc
:109bbc001ce000230093124b012212490cf0a0fc74
:109bcc00034698b195f8fc30013385f8fc3000233e
:109bdc000ce072b1d5f8e4100b401360012305e0e2
:109bec00ff2385f89030002300e00023184603b0d3
:109bfc0030bd0023fae700bfd8000400da000400ef
:089c0c00d14e0200d900040052
:020000040000fa
:020000040001f9
:109c140010b40b684a68b3fbf2f3082b0cd9102b71
:109c24002ed9202b2ed9302b2ed9402b2ed9612b77
:109c340034bf0524062400e00024026812f0080260
:109c440031d0016821f008010160036813f0040faa
:109c54002dd0036823f004030360436823f4e01366
:109c640043ea844343601ab1036843f00803036082
:109c7400036843f00403036000205df8044b70475d
:109c84000124dae70224d8e70324d6e70424d4e73e
:109c9400036823f004030360436823f4e01343eaf6
:109ca40084434360e4e7036813f0040ff0d143688e
:109cb40023f4e01343ea84434360002adcd00368be
:089cc40043f008030360d7e739
:020000040000fa
:020000040001f9
:109ccc0090f8263003b1704770b50446c56dc36a71
:109cdc00b3f1ff3f1fd0036bb3f1ff3f1bd02b78c9
:109cec0033b190f83e10b5f904000cf075fa1ae097
:109cfc000ef02ef8064694f83d10b5f910000cf055
:109d0c006bfa94f83c10b5f914000cf065fa304677
:109d1c000ef022f807e02b784bb194f85b10b5f9f4
:109d2c0004000cf059fa012384f8713070bd0ef068
:109d3c000ff806466868b0f1ff3f0bd1a868b0f188
:109d4c00ff3f0dd1e868b0f1ff3f0fd130460ef068
:109d5c0003f8e8e794f8581000b20cf03dfaede780
:109d6c0094f8591000b20cf037faebe794f85a104b
:089d7c0000b20cf031fae9e736
:020000040000fa
:020000040001f9
:109d84002a4b1b8803b970472de9f04385b0074679
:109d9400066901a80df05dff25480bf07bfddff897
:109da4009090dff890800ae0a56813e02379013be6
:109db400dbb2012b1ad9214640460cf09ffe4846df
:109dc4000cf066fc0446c0b12379012becd0022bc5
:109dd4001cd1a56860790cf033f9002ee6d08642d8
:109de400e4d0214601a80cf089fee8e703226ff0d5
:109df400040128460af096fcdde70d4b04aa12e99b
:109e0400070083e8070018460cf050fc3b7e022b49
:109e140002d005b0bde8f083044a1388013b9bb22d
:109e24001380002bf5d105f0ddf8f2e72abf0020fe
:089e340000bd002020bd00204c
:020000040000fa
:020000040001f9
:109e3c00f8b504464568012908d01646032920d0f8
:109e4c0023681b681f4928469847f8bd03681b68a0
:109e5c001d492846984700221c4b1b68934221dd64
:109e6c001b49d82303fb021393f8ce10012922d0ef
:109e7c00012183f8cf1023685b6816492846984760
:109e8c00e3e75768144938460df0dbf928b113495c
:109e9c0038460df0d6f90028d2d1b06808f06bfc2a
:109eac00021ed9da094b1a6823685b68013a0c491f
:109ebc0028469847c9e723681b680a4928469847eb
:109ecc00c3e700bf88d5010020d5010094be002057
:109edc00e0b2002058d50100146f0100186f01008a
:089eec00546f010038d501009c
:020000040000fa
:020000040001f9
:109ef400037e032b45d02de9f041244b1e68002e30
:109f040037d1234b01221a60224c4ff0d808002588
:109f1400214f4246294620460df036fb012384f8a2
:109f2400ce3084f8cf504ff6ff7363872387a3871f
:109f34004ff48052c4f8b820c4f8bc2084f8d5503b
:109f440084f8d45023752a463946212008f000fab3
:109f5400c4f8c000c0b10136d8340d4b1b68b342fd
:109f6400d7dc0e4b0e4a04210e4802f083fb034655
:109f740020b1064a13680133136001231846bde873
:109f8400f0810123184670470023f7e790be0020b4
:109f940094be0020e0b2002015110000c867020042
:089fa400dc67020048480200de
:020000040000fa
:020000040001f9
:109fac00f8b52b4e06f11c0406f5c276294f0ce0d1
:109fbc0054f8143c5b6934f9160c984710b17b7853
:109fcc00012b1dd02434b44240d0254614f81c3c3f
:109fdc00002bf7d034f8183c13f0200ff2d014f803
:109fec001a3c012be4d05ab2002aebd0032be9d84f
:109ffc0055f8103cdb682846984705f81a0ce1e741
:10a00c0000237b7054f8103c9b6a984730b954f885
:10a01c00103c1b6854f8140c984768b101237b70f2
:10a02c0055f8103c9b68294635f9160c984748b1f1
:10a03c00012305f81b3cdbe7052304f81a3c01233c
:10a04c007b70bfe7052305f81a3cbbe7f8bd00bfe2
:08a05c0064af002018ab0020e6
:020000040000fa
:020000040001f9
:10a064002de9f041294e2a4c4ff00108294f13e005
:10a07400226afab1616a236a40469847a36a0133a7
:10a08400226b934228bf002314e0a26aedb2bd54b0
:10a09400a36294f83430fbb9337e13f0040f32d04a
:10a0a400b56aa36a0133226b934228bf0023e26a94
:10a0b4009a42ddd0e26a9a42eed0726802f0070258
:10a0c400012ae2d1a16a4a00e8b207f8110001327c
:10a0d400c5f30725bd54dbe70cf072ff236a002ba0
:10a0e400dad0616a94f83c3033b1a36b9842d3d38d
:10a0f400236a00209847cfe7a36b9842ccd1236a08
:10a1040000209847c8e7bde8f08100bf0034004054
:08a11400ccb90020887a00207c
:020000040000fa
:020000040001f9
:10a11c00002851d070b50446002950d00d46064693
:10a12c0056f80c3b5a1c02608022f2540068382806
:10a13c0033d82068c0f13802002130440df020fae9
:10a14c006368a1685a0f02ebc102a260db00636076
:10a15c006364a26431462046e9f7f0fa234653f8cb
:10a16c004c0f59689a68db6828606960aa60eb60dc
:10a17c00144be36403f18833236503f12943a3f5fe
:10a18c009613a3f68b636365a3f18833a365002054
:10a19c0020606060a060206670bdc0f140020021ac
:10a1ac0030440df0edf94023236031462046e9f7a9
:10a1bc00c5fa00232360bce76ff0ac0070476ff06a
:08a1cc00ac00e9e7012345673f
:020000040000fa
:020000040001f9
:10a1d400432d72756e74696d6520686561703a20ef
:10a1e400746f74616c3d257520206c6172676573b2
:10a1f40074206672656520626c6f636b3d25752003
:10a2040020286e616e6f2d6d616c6c6f633b206ee8
:10a214006f206578616374206672656520636f756d
:10a224006e74290d0a0000005443502f49502068d1
:10a234006561703a2020202073697a653d25752078
:10a2440020667265653d257520206d6178626c6fae
:10a25400636b3d2575202068696768776174657252
:10a264003d25750d0a0000005443502f49502068c5
:10a274006561703a20202020286e6f2068616e642a
:08a284006c65290d0a0000bf02
:020000040000fa
:020000040001f9
:10a28c00436869702d5265766973696f6e000000c2
:10a29c00504c43412d456e61626c656400000000ba
:10a2ac00504c43412d53746174757300504c4341b1
:10a2bc002d4e6f6465496400504c43412d4e6f64c4
:10a2cc0065436f756e740000504c43412d4275729e
:10a2dc007374436f756e7400504c43412d4275720c
:10a2ec00737454696d6572005443362d4368756ef2
:10a2fc006b53697a6500000054582d43757454688b
:10a30c00726f75676800000052582d43757454685d
:10a31c00726f75676800000050726f6d69736375ba
:10a32c006f757300535049204672657175656e6385
:04a33c00790000bfe5
:020000040000fa
:020000040001f9
:10a340002de9f04385b00f469046994601a80df0df
:10a3500082fc26480bf0a0fa244e0be0a56814e01e
:10a360006ff00301032228460af0def92146204857
:10a370000cf0c6fb30460cf08df9044648b3237947
:10a38000012bebd0022b2dd1a56860790bf05afe82
:10a39000e2683b689a4217d1b9f1000fe0db6b69c4
:10a3a000d8f800201a60b8f804209a8000232b60a7
:10a3b00038b1294609f0aafe0028d7da6ff0040167
:10a3c000d0e76ff00401cde7214601a80cf098fb1f
:10a3d000d0e7064b04aa12e9070083e807001846f5
:10a3e0000cf066f905b0bde8f08300bf00bd0020a9
:04a3f00020bd00206c
:020000040000fa
:020000040001f9
:10a3f400f8b500294cd00b46b1f91240274a12682f
:10a40400002a46d0002c44db254909688c4240daf6
:10a4140052f824209a423cd1828e5ab1002383867a
:10a42400036a43f04003036201220146806a05f097
:10a4340045fd17e0b3f8602012f0010f13d09d6db5
:10a44400de6d876ada68824211d093f83e20013ac1
:10a4540083f83e2009f03ef825b1334601223946ff
:10a464002046a847f8bd002635463746eae7026984
:10a474000021918193f8412012f0020f12bfa0f83d
:10a4840054101a689a60036a23f008030362e3e72e
:10a494000024002635463746dce700bf60be0020b6
:04a4a40064be002072
:020000040000fa
:020000040001f9
:10a4a8002de9f04707468a4691469846089d099e39
:10a4b800274b5c6c1cb1236a13f0080f06d00bf015
:10a4c80041fb0446002841d0214b5864a36901226e
:10a4d8001a804ff400625a8006221a7104225a71b7
:10a4e800a3f806a00eb332689a60b2889a81c3f8be
:10a4f8000e902a68c3f81220aa88da82c3f8188056
:10a5080018460bf02bfe23691c229a8138460cf062
:10a5180067ff40f6060302462946204609f09cfbe1
:10a52800034640b91846bde8f087f86b9860b7f85d
:10a5380040209a81dbe700232360a7622146384642
:10a5480009f0e0fdc043c0f3c013ebe70023e9e7df
:04a5580040b90020e6
:020000040000fa
:020000040001f9
:10a55c002de9f8432a4b5a6b59691961002a40d0ee
:10a56c009368b3f5004f33d3254b5b6947f6ff7403
:10a57c00002514eb030845f10009214e73689b6913
:10a58c00984782b200233169814206d94ff6ff7198
:10a59c0052184ff0000141eb03031949096a561890
:10a5ac0043f10007b94508bfb04524d20a44144b07
:10a5bc00da61134bdb699bb213b9114b0122da61df
:10a5cc000f4bd8695b685b6980b29847bde8f8832c
:10a5dc0094680b4b5b69002514eb030845f10009eb
:10a5ec00cbe7074b5b6947f6ff74002514eb0308b8
:10a5fc0045f10009c1e7024bc3f81c80d9e700bf45
:04a60c0010ba002060
:020000040000fa
:020000040001f9
:10a61000002850d02de9f04192b0074615460c466f
:10a6200037263246002104a80cf0b0ff07f10808d5
:10a63000039502940196cdf800800123324604a9c7
:10a640003846f8f7e5fd002838d104ae44460df150
:10a65000400c35460fcd20606160a260e3602e465d
:10a6600010346545f5d128682060aa88ab79a280ae
:10a67000a37104aa00200df14701134603f8010b52
:10a680001a468b42f9d10023039302933722019299
:10a69000cdf8008007f13f013846f8f7b9fd0346d1
:10a6a00070b901223a6000227a6087f8802018464b
:10a6b00012b0bde8f0810123184670470123f6e788
:04a6c0000123f4e797
:020000040000fa
:020000040001f9
:10a6c4004f4e00004f46460065746830285431539d
:10a6d400292d3e65746831206d6972726f723a205b
:10a6e40025730a0d00000000202043617074757208
:10a6f40065206f6e20746865205043202865746857
:10a70400312920696e2057697265736861726b2004
:10a71400746f20736565207468652054315320621a
:10a72400757320747261666669633a0a0d000000ed
:10a73400202052582028656e64706f696e74202d35
:10a744003e206272696467653a207265706c69655f
:10a75400732f4152502920414e4420746865206271
:10a7640072696467652773206f776e2054582e0ac8
:04a774000d0000bf15
:020000040000fa
:020000040001f9
:10a778002de9f04f85b0ddf838a0002a4ed0934679
:10a7880099460e46804600273d4614e0cdf80ca0b9
:10a79800cdf8089000230193537b009353687258b7
:10a7a80001214046fbf782fe78b10137bfb201357f
:10a7b800adb2ab4509d929017218147b012c08d018
:10a7c80063b2002be2d0022c16d0384605b0bde8a3
:10a7d800f08fcdf80ca0cdf8089093680193537bc7
:10a7e80000935368725803214046fbf75ffe002828
:10a7f800ebd00137bfb2dae7cdf80ca0cdf808905e
:10a8080000230193527b0092725802214046fbf7c5
:10a818004dfe0028d9d00137bfb2c8e71746d4e7a4
:020000040000fa
:020000040001f9
:10a8280070b5002847d00546b0f8422044f24000f1
:10a83800104243d1002943d00e46224b1d61b5f882
:10a8480060205a6103221a76012229463046f9f718
:10a858006bfb044660b1306a09f01aff044600f049
:10a86800fd03012b17d00df0adf860b9002423e0eb
:10a878000df0a8f800b30df09ff8b5f86020124964
:10a8880004f0e6f918e00df097f822460f4904f0b5
:10a89800dff9002410e00b48447600231a463146bd
:10a8a800f3f78afa044638b90323042229460548ef
:10a8b80005f0d0fa00e00024204670bd0124fbe733
:10a8c8000024f9e774bc0020d83a02000cd4000038
:020000040000fa
:020000040001f9
:10a8d800f8b505460c4617461e4609f02dfa00281d
:10a8e80042d0234b93f90030022b05d04ff0ff34b0
:10a8f8000bf094f92046f8bd002c2fd0ac4230d391
:10a908001c4b1b7853b11c4a0123117841b1013308
:10a918002032052bf9d14ff0ff34e9e70023154a1f
:10a928000121117000215170117551759df8181091
:10a9380091705460d7601661641b94600f49098850
:10a948009bb243ea0144d4614b1c9bb24ff6ff72a1
:10a95800934208bf0123094a1380c9e74ff0ff3427
:10a96800c6e74ff0ff34c3e74ff0ff34c2e700bf3c
:10a9780010ba00201cb500203cb5002062c00020a1
:020000040000fa
:020000040001f9
:10a988004950204c617965722044756d702064656a
:10a998002d6163746976617465640a0d00000000b6
:10a9a8004950204c617965722044756d702061634f
:10a9b80074697661746564206f6e20657468300a06
:10a9c8000d0000004950204c617965722044756d76
:10a9d8007020616374697661746564206f6e2065a8
:10a9e8007468310a0d0000004950204c6179657285
:10a9f8002044756d702061637469766174656420a4
:10aa08006f6e206574683020616e642065746831eb
:10aa18000a0d0000506172616d65746572206f7572
:10aa280074206f662072616e67650a0d000000bfb2
:020000040000fa
:020000040001f9
:10aa3800f0b58bb004464668012906dd0d46174679
:10aa48001e4950680cf0fffb30b123681b681c4995
:10aa5800304698470bb0f0bd022d11dd1949b86892
:10aa68000cf0f1fbb0fa80f1490902a80df0e6f903
:10aa780023685b6830b9144a144930469847e9e7b7
:10aa88000021f2e7124a1149304698472368059a8f
:10aa98000192049a00925d68039b029a0d49304620
:10aaa800a8472368099a0192089a00925c68079b54
:10aab800069a09493046a047cce700bfb497010081
:10aac800b89701002085000068980100e49701000c
:0caad800dc970100f89701002c980100a9
:020000040000fa
:020000040001f9
:10aae40010b5441ea4b2092c37d824b204ebc40216
:10aaf400244b13f8223083b31346224a02eb830318
:10ab04009b8813f0200f0dd004ebc40302eb8303e6
:10ab1400db681a6932b104ebc4001a4b03eb800002
:10ab24001c30904704ebc403164a02eb83039b6872
:10ab3400996a99b104ebc403124a02eb8303b3f993
:10ab440006008847104b5b78012b0ed004ebc4043d
:10ab54000c4800eb8404fc23e37010bd04ebc40434
:10ab640002eb8404ff23e370f7e704ebc40424221c
:10ab74000021044800eb84000cf006fd024b012286
:0cab84005a70eae764af002018ab002014
:020000040000fa
:020000040001f9
:10ab900008b5431e9bb2092b47d81bb203ebc30178
:10aba000254a12f82120002a41d00a46224901eb09
:10abb0008202908810f020001ed003ebc30201eb4c
:10abc00082029278042a34d103ebc30201eb8202a1
:10abd000d268126a42b103ebc303174800eb83004b
:10abe0001c30904780b217e003ebc30301eb8303f3
:10abf000ff22da7000200fe003ebc3020e4901ebe5
:10ac000082029268d16c41b103ebc3030a4a02eba2
:10ac10008303b3f90600884708bd03ebc303064a64
:10ac200002eb8303ff22da70f6e70020f4e700204e
:0cac3000f2e70020f0e700bf64af002056
:020000040000fa
:020000040001f9
:10ac3c0010b4294b012283f84c2083f84d2083f863
:10ac4c004e2083f84f2083f8512083f8522083f84c
:10ac5c005320bb2183f8361083f83710b02083f8cb
:10ac6c00380083f83910412483f8d84083f8d94050
:10ac7c00222083f8bc004ff49020c3f800014ff45d
:10ac8c009820c3f81001062083f84e01402083f869
:10ac9c004f01002083f8520183f8542183f8562188
:10acac0083f8572183f8594183f85b2183f85c21a1
:10acbc0083f8370183f839010b2283f83a2183f8a2
:10accc003b11202283f83c2183f83d21022283f89a
:0cacdc003e215df8044b704700800041f1
:020000040000fa
:020000040001f9
:10ace800882910b536d012dc812943d003dc8029ad
:10acf80040d0002010bd82290ed08429f9d11968ce
:10ad080002b30a1d1a60b1f90020d3171ee0a0296a
:10ad18002bd00bdc9029ecd11968073121f0070101
:10ad280001f108021a60d1e900230fe0c02901d01f
:10ad3800f029ded11a68111d196013680360002319
:10ad4800436005e00a1d1a600a880023c0e9002351
:10ad58000120cfe7196822b10a1d1a6091f9002075
:10ad6800d3e70a1d1a600a78efe71a68111d1960ff
:10ad78001268cae719681ab10a1d1a600a68c4e796
:0cad88000c1d1c600b68c0e90032e1e704
:020000040000fa
:020000040001f9
:10ad940038b504468168058c0b6915f0080f2dd071
:10ada40013f0010f2ad0ea0a520142f001024b7853
:10adb40013f0010f18bf42f48062b0f84410222946
:10adc40014d013f0020f18bf42f40062042120468d
:10add40009f093f858b340f20113ab434ff0040366
:10ade40063830cbf06230823a38320e0b0f8461036
:10adf40001f4b151b1f5b15fe3d1e7e715f4c04215
:10ae040006d003f01002002a0cbf00224ff40052b7
:10ae140015f4a04f18bf42f4807213f4807f18bf5a
:10ae240042f480420021204609f067f800b938bd99
:0aae3400042363830a23a383f9e7d4
:020000040000fa
:020000040001f9
:10ae3e0070b590f87630023b082b06d8dfe803f0a9
:10ae4e0007074b4b4b4b074b4600012044e0044693
:10ae5e0090f8743013f0400f14d1f1b98268036981
:10ae6e009a4218d1002094f83f306ff3c30384f850
:10ae7e003f3094f87630082b0cbf0923042384f856
:10ae8e00763029e003680361c360836009b1112540
:10ae9e0004e00020e7e7102500e0112501263246e8
:10aeae0029462046e9f705fe002808dbb4f8643091
:10aebe00002bd8d0a26823699a42f0d1d3e794f838
:10aece003f3043f0080384f83f3005e00021f8f7e7
:0aaede00f6f8002000e0002070bd2f
:020000040000fa
:020000040001f9
:10aee80038b505460c468b7b022b3cd0032b1cd077
:10aef800012b08d040f26642224900200af06efd7c
:10af08000723a37338bdc0680cf0eafc0028f9d108
:10af1800a288c2f38311c2f3440241f01001e86829
:10af28000af046f90323a373ece7c0680cf0d8fcd9
:10af38000028e7d1e8680cf056ffa060a188c1f3ab
:10af48004402c1f3831142f0010241f01001e868a4
:10af58000af02ef9637b03f00103002b0cbf0223d8
:10af68000623a373cee7c0680cf0bafc0028c9d149
:10af7800e8680cf038ffa36843ea0040a0600623a5
:08af8800a373bfe7146e020081
:020000040000fa
:020000040001f9
:10af9000f8b5224b1868b0f1ff3f32d1204b1c6846
:10afa000204b1b886bb100251e4e03273b46022217
:10afb0002146304604f052ff013574343388ab42e9
:10afc000f4dc0cf0c1fc174b986848b1c368144a14
:10afd00011689847134b98680cf07cfe002817db2b
:10afe000104a0023936013730d490b601380536064
:10aff0000d4a13700d4a13600d4a1360536093603d
:10b00000f8bd08f03bfb054b4ff0ff321a60c5e777
:10b010000849002003f020fee2e700bf9cc00020aa
:10b02000bcbd002074bc002057bc0020acbd00207b
:08b03000e4bc002040410200d5
:020000040000fa
:020000040001f9
:10b03800284b1b6898423ed100283fd0f0b58db010
:10b04800174600680cf0eafa0546002839d0182699
:10b0580006ac28686968aa68eb680fc4286969693a
:10b0680003c46c46286869680fc42869696903c401
:10b078003246694606a80bf075fc0028e8d19df811
:10b08800183013f0010f1fd00fb309983860bdf8be
:10b098002830bb80bdf818301b0abb719df82a30d8
:10b0a800fb71079bbb60089bfb60ddf82b303b61a5
:10b0b80000200db0f0bd6ff00b0070476ff00b0073
:10b0c80070476ff00d00f4e76ff00e00f1e7002015
:08b0d800efe700bf2cbe0020d1
:020000040000fa
:020000040001f9
:10b0e00038b50d460af0fef900284bd0044690f81a
:10b0f000413013f0300f3dd094f842306ff34103ec
:10b1000084f8423094f84130c3f3011284f83c20b3
:10b1100013f0400f04bf0022626213f0800f09d1c8
:10b120000022a26194f8403003f07f0362f386139b
:10b1300084f8403094f8483013f0040f06d094f8a7
:10b14000403013f0040f1cbf00232385adb120460f
:10b150000af015fe04f14c000bf09cfa0146204663
:10b1600007f050fd94f8423043f0020384f8423077
:10b17000012038bd09f020fbbee7e16a204601f05e
:08b180009df9efe70020f4e760
:020000040000fa
:020000040001f9
:10b18800f8b5022838d014460d460ab113685bb9e1
:10b1980000232a4619460120f0f746fc0646b0f17e
:10b1a800ff3f2fd13046f8bd002110460af04cfc75
:10b1b800074620b300232a4619460120f0f734fc3d
:10b1c8000646b0f1ff3fedd0164b1b6853f82650ea
:10b1d800af64224695f87710284608f0c2fe95f825
:10b1e800753043f0200385f8753095f8753043f0d5
:10b1f800400385f87530d5e74ff0ff36d2e74ff0ba
:10b20800ff36cfe7074b1b6853f826500023ab6483
:10b21800224695f87710284608f0a3fe002cc1d0e6
:08b22800e3e700bf74be002043
:020000040000fa
:020000040001f9
:10b2300070b582b0254d264c264e14e0f25c8df898
:10b240000620013322699a4298bf0023e3606b68ad
:10b2500003f00703012b14bf9df80630bdf806303c
:10b26000ab62237dbbb92b7e13f0010f2cd0a268fb
:10b27000e3689a4225d06a6802f00702012addd10c
:10b280005a0016f813108df806100132b25c8df8d2
:10b2900007200133d6e70cf01ff92368002be2d01a
:10b2a0006168237f33b1a3699842dcd3236803200c
:10b2b0009847d8e7a3699842d5d1236803209847d7
:10b2c000d1e7024b01221a7502b070bd0034004074
:08b2d000ccb9002088820020a7
:020000040000fa
:020000040001f9
:10b2d800b4a4000009820100bca40000d8a40000a6
:10b2e800e5430200e4a40000fca400007d04020081
:10b2f80004a5000038a500001d04020040a50000b8
:10b308007ca500000dc7010084a50000aca50000c5
:10b31800b9b60100b4a50000eca500006dfa010063
:10b32800f8a5000028a60000dde5010034a600000d
:10b3380070a600005100020078a60000a0a6000038
:10b3480049300200aca60000eca60000711f010005
:10b35800f8a6000044a700006562020050a700009c
:10b368006ca70000b143020078a700009ca700006a
:08b3780085080200a4a70000f3
:020000040000fa
:020000040001f9
:10b380002de9f041d2e900230c4686b007465fea7a
:10b39000d37820684968a5680590e66841d0524294
:10b3a00063eb4303002908db20f002000590b8f1ad
:10b3b000000f02d1059948072ad5691e05a80290f9
:10b3c0000a20cde90010204603f0acfab8f1000fd6
:10b3d00002d1059b59071fd5b8f1000f00f1ff30ce
:10b3e00014bf2d232b2333542269059b0093013a6c
:10b3f0002b46121a3118384602f09af97b68db05a1
:10b4000003d563689842b8bf184606b0bde8f0811e
:10b410000807d2d42946d1e71a07e5d501382023f9
:08b42000e1e70029c0dac5e7ed
:020000040000fa
:020000040001f9
:10b42800002832d070b504468068244b984229d150
:10b43800b4f90230022b3dd1002929d0002a2ad0a4
:10b448001e4b5b6953b3186858b3586860b39b6860
:10b458006bb316460d468b6813b1214618489847ba
:10b46800164b2a685a80aa881a61aa795a81ea79f9
:10b478005a70a662012020830023a383638360801f
:10b48800e08370bd6ff00a00fbe76ff00a007047b9
:10b498006ff00800f5e76ff00800f2e76ff00800ba
:10b4a800efe76ff00800ece76ff00800e9e76ff0ee
:10b4b8000800e6e76ff00900e3e700bfd4b7002013
:04b4c80004fc01007f
:020000040000fa
:020000040001f9
:10b4cc0038b50c4610460cf007f9a8b10546082c07
:10b4dc002fd8dfe804f0050912161a1e22262a00be
:10b4ec00164801f077fd07e0154801f073fd0023c5
:10b4fc0085f8d43085f8903038bd124801f06afddb
:10b50c00fae7114801f066fdf6e7104801f062fd1c
:10b51c00ede70f4801f05efde9e70e4801f05afd3a
:10b52c00e5e70d4801f056fde1e70c4801f052fd4e
:10b53c00dde721460a4801f04dfddde79c6701007f
:10b54c00b4670100cc670100e467010000680100ea
:10b55c0018680100346801004c6801006068010043
:04b56c0074680100fe
:020000040000fa
:020000040001f9
:10b5700055736167653a207365746d6163203c693a
:10b580006e746572666163653e203c783a783a78fd
:10b590003a783a783a783e200d0a000045783a2009
:10b5a0007365746d6163205049433332494e5420b2
:10b5b00061613a62623a63633a64643a65653a6625
:10b5c00066200d0a00000000617267765b325d3a0a
:10b5d0002025730d0a000000496e76616c696420b5
:10b5e0004d414320616464726573732073747269a2
:10b5f0006e67200d0a000000536574204d41432002
:10b6000061646472657373206661696c65640d0ab8
:04b61000000000bf77
:020000040000fa
:020000040001f9
:10b6140074656c6e6574204e554c4c2064796e6173
:10b624006d696320616c6c6f636174696f6e20680f
:10b63400616e646c652f696e697420646174610065
:10b644002074656c6e65742044796e616d69632045
:10b65400616c6c6f636174696f6e206661696c659f
:10b66400640000002074656c6e65743a2053657440
:10b6740074696e6720545820427566666572206648
:10b6840061696c65643a2025640d0a002074656c58
:10b694006e65743a2053657474696e67205258203d
:10b6a400427566666572206661696c65643a202538
:04b6b400640d0a0017
:020000040000fa
:020000040001f9
:10b6b8002de9f04182b0224d224bed1a15d02f46cc
:10b6c8004ff00008012605e007f012fa661ca046b4
:10b6d800be420bd8bc1b06eb5404204604f05affac
:10b6e8000028f1d114b1671ef2e7a84643462a465e
:10b6f8001549002003f0acfa002101200bf07afe76
:10b708000446c0b10cf096f8054620460cf0a0f8a7
:10b71800064620460cf095f8074620460cf09ff8a0
:10b728000190009733462a460849002003f090fa12
:10b7380002b0bde8f0810649002003f089faf7e776
:10b74800b0400220b0c00020d4a101002ca201000a
:04b758006ca20100de
:020000040000fa
:020000040001f9
:10b75c005b4e6f49505d20636f756e74206d757311
:10b76c007420626520312e2e3130300d0a0000001d
:10b77c005b4e6f49505d206761705f6d73206d7516
:10b78c00737420626520302e2e313030300d0a005b
:10b79c005b4e6f49502d54585d2073746172742048
:10b7ac00636f756e743d2575206761705f6d733db9
:10b7bc0025750d0a000000005b4e6f49502d545842
:10b7cc005d2073656e64206661696c6564206174cc
:10b7dc00207365713d25750d0a0000005b4e6f49a5
:10b7ec00502d54585d2073656e74207365713d2522
:04b7fc00750d0a00bd
:020000040000fa
:020000040001f9
:10b8000070b5a6b02d9d002b3fd01e46002d3fd019
:10b8100010b12b9b002b3ed02e9b802b3ed10b4694
:10b820000446309902912f99019100922a9a31464b
:10b8300005a803f0befac8b92cb12c9a2b9905a81b
:10b84000fef7e6fef0b98022294605a8f0f748fd8c
:10b8500010b14ff0ff340be08022294605a8f0f725
:10b860003ffd003018bf0120444201e04ff0ff349b
:10b8700005a808f09dfa002818bf4ff0ff342046b5
:10b8800026b070bd4ff0ff34f2e76ff0ac04f6e77e
:10b890006ff0ac04f3e76ff0ac04f0e74ff0ff3467
:02b8a000ede7d2
:020000040000fa
:020000040001f9
:02b8a200fee7bf
:020000040000fa
:020000040001f9
:10b8a4002de9f84304460f46036b13b103216030be
:10b8b400984707eb07194fea8909c846012500bfd5
:10b8c400d4f88c00404418300af0e6fd0646b8b1be
:10b8d4003a4631692046f7f7d5fd05460328efd1ee
:10b8e400d4f888300133c4f88830d4f88c00484444
:10b8f400314618300bf038fa236b1bb901200ce0e9
:10b90400236b1bb1042104f160009847ebb2012bb7
:10b9140014d9032d08bf012001d1bde8f883d4f860
:10b9240084300133c4f88430e36a41f250026ff08a
:10b934000201304698476ff00a00eee70020ece77a
:020000040000fa
:020000040001f9
:10b94400254b834244d1002844d02de9f0411b68a3
:10b954001a8841f25003214f9a4218bf00271e4b08
:10b96400b3f84c3013b90020bde8f0810c4608460a
:10b9740009f018f98046184d3a463f21284609f047
:10b984004dfab5f84e1021ea0401a5f84e10b5f8a9
:10b99400523023ea0803a5f8523095f89c3083b15d
:10b9a4000024e6b2314628460cf07af94246314684
:10b9b40028460cf079f9013495f89c20e3b29a42b8
:10b9c400efd83a463f2104480af074fd0120cbe742
:10b9d400002070470020704740bf002038bf00207f
:020000040000fa
:020000040001f9
:10b9e400012946d190f83e1090f83d30994243d257
:10b9f40070b590f8411001f00803002b0cbf002330
:10ba04004ff4000311f0020f1abf43f00403602641
:10ba140048261546044643f00203028a08213046ac
:10ba240009f0c2fa0346a8b1144a8260c46094f8cb
:10ba3400412012f0020f0fd0026900f14801116099
:10ba44000122a0f8582000224db994f83e2001327a
:10ba540084f83e20184670bdc2690832f4e72260bb
:10ba6400218a11446160a260012284f83c20e360d1
:10ba7400ebe70023184670470023fbe7f5a301001a
:020000040000fa
:020000040001f9
:10ba840070b5264b5c6864b31b68002b22dd24343c
:10ba94000025224e19e008f0cdfd204608f01ffdd8
:10baa400a4f1100008f01bfda4f1200008f017fd1c
:10bab400b068c36854f8241c9847002344f8243c15
:10bac40001353c343368ab4204dd54f8240c0028bf
:10bad400e1d1f5e7114ca068c36861689847002379
:10bae40063600e4ca16804f120000bf011fe0023ea
:10baf400a360e06918b10bf098fe0022e261074be5
:10bb0400586c30b1036a13f0080f03d0034b0022c2
:10bb14005a6470bd07f0defcf8e700bf40b90020ae
:020000040000fa
:020000040001f9
:10bb2400f8b50c461746012106f044f8002840d029
:10bb340006464568214605f05dfe0446002835d0da
:10bb440037b1837b043bdbb2022b9cbf83683b6031
:10bb5400a27b531edbb2032b1ed9062a13d8052a57
:10bb64000dd00027a37b052b18d835b10cf0f4f8c1
:10bb74002b7801332b700cf0f3f83846f8bd04230e
:10bb8400a3730027f1e740f2f3420b49002009f0c8
:10bb940027ff6ff01307e5e70127e3e77268032344
:10bba40098322146284602f0ebfbdee76ff00107ee
:0cbbb400dbe74ff0ff37e0e7987302007a
:020000040000fa
:020000040001f9
:10bbc0002de9f041adf5007d0026234b1e82304665
:10bbd00009f02cff4ff400551024dff87c8022e0a0
:10bbe000200909f023ff14f0080f16d14ff400725a
:10bbf000ff2168460bf0cafcadf8006044f64553df
:10bc0000adf80230d8f804102944684609f0faf972
:10bc100020460af0f7f90136b6b20134a4b205f5b0
:10bc20000075202c14d014f00f07d9d014f0080f91
:10bc3000f3d14ff40072ff2168460bf0a7fcadf87a
:10bc40000060012fded143f27613adf80230d9e760
:0cbc50000df5007dbde8f0814cad00203a
:020000040000fa
:020000040001f9
:10bc5c00f8b5022837d01d4614460e460ab11368b3
:10bc6c005bb90023324629460120f6f7bff805469a
:10bc7c00b0f1ff3f2dd12846f8bd0021104609f048
:10bc8c00e1fe074610b30023324629460120f6f7a1
:10bc9c00adf80546b0f1ff3fedd0134b1b6853f8e0
:10bcac00256022463946304605f0ceff96f84130e5
:10bcbc0043f0c00386f8413096f8423043f002035b
:10bccc0086f84230d7e74ff0ff35d4e74ff0ff3519
:10bcdc00d1e7054b1b6853f825600022114630460e
:0cbcec0005f0b2ffe8e700bf60be0020da
:020000040000fa
:020000040001f9
:10bcf800202020202d205b25326c752d2025326ccc
:10bd080075207365635d2025336c752f2025336c92
:10bd180075202825326c75252529202020202534da
:10bd28006c75204b6270730d0a00000020202020e3
:10bd38002d205b302e302d20256c752e256c75201e
:10bd48007365635d2025336c752f2025336c752052
:10bd58002825326c752525292020202025346c754e
:10bd6800204b6270730d0a0069706572663a20692b
:10bd78006e7374616e636520256420636f6d706ceb
:0cbd880065746564202e2e2e000000bfa4
:020000040000fa
:020000040001f9
:10bd940038b5431e9bb2092b42d81bb203ebc30434
:10bda400214810f8240000283cd020461e4c04eb07
:10bdb4008000808810f0200018d003ebc30004eb4f
:10bdc4008000c068446a44b103ebc303164800eb27
:10bdd40083001c30a04780b21ae003ebc303124a6d
:10bde40002eb8303ff22da70002011e003ebc304ab
:10bdf4000d4d05eb8404a468646b54b103ebc303d9
:10be0400094800eb83000023b0f90600a04780b284
:10be140038bd03ebc30305eb8303ff22da70f7e7b6
:0cbe24000020f5e70020f3e764af0020e9
:020000040000fa
:020000040001f9
:10be300070b5441ea4b2092c40d824b204ebc4054a
:10be4000204810f8250000283ad0eab104ebc400dd
:10be50001c4d05eb80008068c66be6b104ebc400a6
:10be6000184d05eb80000069e8b9164804ebc405dd
:10be700000eb85056a61ab612b46134ab5f90600f4
:10be8000b0472861b8b170bd0e4b03eb8504f823b1
:10be9000e3700020f7e704ebc40405eb8404ff2300
:10bea000e3700020efe704ebc40405eb8404f923fe
:10beb000e3700020e7e7f723eb70e4e70020e2e718
:0cbec0000020e0e764af0020b95b020046
:020000040000fa
:020000040001f9
:10becc00244b002908bf1946234a136823f00203a8
:10bedc001360d369002bfcd100282ed00368b3eb80
:10beec00510f2cd830b45b00b1fbf3f3013b1a4a71
:10befc00116821f04051116014688168456829432c
:10bf0c0021431160ff2b28bfff23dbb2137353684f
:10bf1c0023f0070353605368c1680b435360d36924
:10bf2c00002bfcd101200c4a136843f00203136070
:10bf3c00d369002bfcd130bc7047002000e00020fe
:10bf4c00054a136843f002031360d369002bfcd13c
:0cbf5c00704700bf0087930300300040d6
:020000040000fa
:020000040001f9
:10bf680000283cd138b5214b1b78012b2fd04b69c9
:10bf78001e4ad361002b35d013468a8bda80012202
:10bf88001a7002229a80002018814a68da60ca680a
:10bf98005a61174c9c61096a196283f82400938ad4
:10bfa800bbb11249a1f85c30d38a104ca4f85e30ba
:10bfb800104d40f2b1222946012009f0ebfc40f275
:10bfc800b2222946012009f0affc204638bd0748b7
:10bfd800fce7064b4ff48241a3f85c10e4e74ff00e
:10bfe800ff3070474ff0ff30f0e700bfd4b70020b4
:08bff80004fc01003c6d020095
:020000040000fa
:020000040001f9
:10c0000070b50446838b33b1012b23d06ff0080148
:10c0100009f050f91de085686b691b691b4a002b0c
:10c0200008bf134603640023c36309f00ffb0646f1
:10c030002b6a1d6809f01efb00fb05f000f2e730db
:10c04000134da5fb003006eb9010e06201236383e3
:10c05000a38370bd036c01460e489847014660b14a
:10c0600000280fdb09f0f2fae36a9842f1d36ff08f
:10c070000101204609f01ef9ebe702236383002348
:10c08000a383e6e7204609f015f9e2e799080100e5
:08c09000d34d621004fc010015
:020000040000fa
:020000040001f9
:10c0980038b50c468b7b022b3bd00546032b1dd0b5
:10c0a800012b08d040f293421e49002009f096fc6b
:10c0b8000723a37338bdc0680bf012fc0028f9d120
:10c0c800a288c2f383112389c2f3440241f010010c
:10c0d800e86808f00fff0323a373ebe7c0680bf0d1
:10c0e800fffb0028e6d1a188c1f34402c1f3831104
:10c0f800638942f0010241f01001e86808f0fafe95
:10c10800637b03f00103002b0cbf02230623a373f8
:10c11800d0e7c0680bf0e4fb0028cbd10623a3735b
:08c12800c8e700bf2c6e020005
:020000040000fa
:020000040001f9
:10c130001a4b1b680bb11a48704700292bd010b559
:10c140000c460020174b1860174b1860174b1860ef
:10c15000174b1860174b1860174b1860104b18607e
:10c1600058609860d860186158619861134908f068
:10c1700043fc134b01221a706369124a13600bb11e
:10c18000074810bd2046ebf7b7f90028044808bf60
:10c190004ff0ff30f5e74ff0ff307047bcbd002097
:10c1a00074bc0020c4bd0020a0bd0020a4bd0020a0
:10c1b000a8bd0020b0bd0020b4bd00206c5402001a
:08c1c00057bc0020c0bd0020a7
:020000040000fa
:020000040001f9
:10c1c8002de9f04f83b08a4611b100230b608b80b4
:10c1d800002839d00378cbb3c41c0025e94603e016
:10c1e80001350334062d1ed014f8036c30460af0ce
:10c1f800f1fb68b314f8027c38460af0ebfb48b34d
:10c2080067f3070866f30f281ffa88f007f0caf8e3
:10c2180009f8010b14f8013c2bb13a2be0d02d2b77
:10c22800ded000200de0baf1000f06d00098caf861
:10c238000000bdf80430aaf80430052d14bf002012
:10c24800012003b0bde8f08f0120fae70120f8e7ec
:08c258000020f6e70020f4e7e6
:020000040000fa
:020000040001f9
:10c260007375636365737366756c00006661696cf2
:10c27000656421004e6f6e650000000073657400f8
:10c280006765740044656661756c7420696e7465d9
:10c290007266616365207365742025730d0a000062
:10c2a00044656661756c7420696e7465726661635d
:10c2b000652069733a2025730d0a00005573616784
:10c2c000653a206465666e6574207365742f6765d2
:10c2d00074203c696e746572666163653e0d0a0088
:10c2e00045783a206465666e6574207365742065d0
:08c2f0007468300d0a0000bf64
:020000040000fa
:020000040001f9
:10c2f800037e032b31d070b51b4b1b682bb11a4a38
:10c30800136801331360012070bd212217490620ec
:10c3180006f01cf8164b186008b316480bf097fc8b
:10c3280015480bf094fc154c124e04f1900521466b
:10c3380030460af0e1fb2434ac42f8d109f096f912
:10c348004ff4fa7303fb00f303f2e7330c48a0fb46
:10c3580003239b090b4a1360d1e7012070470af0b9
:10c3680015fe0020d0e700bf9cbe0020d1f40000dd
:10c37800a0be002038bd00202cbd00204cb60020f7
:08c38800d34d621098be0020a5
:020000040000fa
:020000040001f9
:10c3900038b5431e9bb2092b40d81bb203ebc30434
:10c3a000204810f8240000283ad020461d4c04eb09
:10c3b0008000808810f0200018d003ebc30004eb4d
:10c3c0008000c068446944b103ebc303154800eb27
:10c3d00083001c30a04780b218e003ebc303114a6e
:10c3e00002eb8303ff22da7000200fe003ebc304ab
:10c3f0000c4d05eb8404a468a46c44b103ebc303a7
:10c40000084800eb8303b3f90600a04738bd03ebef
:10c41000c30305eb8303ff22da70f7e70020f5e79b
:08c420000020f3e764af0020e7
:020000040000fa
:020000040001f9
:10c428004d69696d2025733a203078253034782c91
:10c43800206e657449783a2025642c206164643a3a
:10c448002025642c2076616c3a20307825303878a5
:10c458000d0a00004d69696d2025733a2025642c6a
:10c46800206e657449783a2025642c206164643a0a
:10c478002025642c2076616c3a2030782534780d9c
:10c488000a00000050696e673a20444e53206661e6
:10c49800696c75726520666f722025730d0a00003d
:10c4a8004d69696d202573206572726f723a202577
:04c4b800640d0a0005
:020000040000fa
:020000040001f9
:10c4bc00002946d070b582b00d4690f83c20012a78
:10c4cc0001d002b070bd8a69d268c26190f8411087
:10c4dc0011f0010f01d0416c01b942610446ab6906
:10c4ec001e690196066290f8403013f0200f0cd0b4
:10c4fc00ab6a6362238d23b194f8483013f0010fbb
:10c50c00dfd1eb691b882385dbe701a9a86a08f05a
:10c51c0031fd0028ecd106f0f006e02ee8d0019bae
:10c52c00a2699a4206d094f840206ff3c71284f89f
:10c53c004020a36194f8403043f0400384f840302d
:04c54c00d6e7704777
:020000040000fa
:020000040001f9
:10c5500000293cd0f8b50c460968002939d00028dc
:10c5600039d090f8421011f0400f01d1002031e095
:10c5700015461b4b5e680bf053f9c0eb00108000b2
:10c5800037182146305803f0a1f9044628b3038830
:10c5900003f0c0030bb900201ce01db10069286046
:10c5a000a38aab80238813f0800f01d1012011e012
:10c5b0001437251d2946384606f066fc084b5b6992
:10c5c000e3602946384607f0ddf9012002e000204b
:10c5d00070470020f8bd0020fce70020fae700bf0c
:04c5e00040b900203e
:020000040000fa
:020000040001f9
:10c5e40000b3f0b40446dab10d1f013ad2b201eb44
:10c5f40082011f4f4ff47a762278a2f13003dbb226
:10c60400092b32d912f0df0f0ad000bf14f8012f22
:10c61400a2f13003dbb2092b27d912f0df0ff5d1d9
:10c62400f0bc704700230b607047644603eb830340
:10c6340002eb4303303b04f1010c6278a2f13000b9
:10c64400c0b20928f1d902f0df024b2a05d04d2ae5
:10c6540006bf7b430234644602e006fb03f3023464
:10c6640045f8043f8d42c7d1dae722780023dde79d
:04c6740040420f0031
:020000040000fa
:020000040001f9
:10c678002de9f8430546884616461f46204b4ff0dd
:10c68800ff39002404e0a14601341833082c2bd0cc
:10c698005a68002af7d0aa42f6d104eb4403184a94
:10c6a80002ebc303996830460af0cdfd20bb04ebca
:10c6b8004403134a02ebc303d3f810e0d3f814c0c1
:10c6c800b4f1ff3f13d00e4b62001019c0001918c7
:10c6d8004d6043f800808e60cf60c1f810e0c1f86b
:10c6e80014c00120bde8f8834ff0000ce646b9f10c
:10c6f800ff3f03d04c46e6e70020f3e70020f1e7d0
:04c70800b8b30020a2
:020000040000fa
:020000040001f9
:10c70c00f0b591b01d4b04931d4b059304ac06aed4
:10c71c001c4f0be02a461c4902f098fa04e02a460a
:10c72c003946002002f092fab44225d054f8045b4a
:10c73c00284606f053fe0028ecd006aa0aa908f0f9
:10c74c002bfe0028ebd0079b0293099b0193089bbf
:10c75c000093069b2a460d49002002f077fa0b9baa
:10c76c0002930f9b01930d9b00930a9b2a46084949
:10c77c00002002f06bfad7e711b0f0bda4a40000c2
:10c78c00aca4000004e10100a4e00100b4e001004d
:04c79c00dce00100dc
:020000040000fa
:020000040001f9
:10c7a000f0b583b00446456803290bd003681b68c5
:10c7b00019492846984723681b681849284698470e
:10c7c00003b0f0bd1646506806f00efe074680b175
:10c7d00023685b68b2681249284698476946b06882
:10c7e000fff7f2fc58b923681b680e4928469847a2
:10c7f000e6e723681b680c4928469847e0e7694646
:10c80000384609f089fa0028dad123681b680749fd
:10c8100028469847d4e700bf70b501009cb50100d9
:10c82000c8b50100d8b501005c500100f8b50100a1
:020000040000fa
:020000040001f9
:10c83000f8b505461646806aac69e368236143682b
:10c84000e3606288130a43ea02236380e288130ae2
:10c8500043ea0223e380237a0bb9642323722f690e
:10c8600023789b0003f03c03ba891a44ba8131b1a2
:10c870000022628190f8682012f0040f05d05eb9a2
:10c880002b6a43f002032b62f8bd002219462046b2
:10c8900002f072fb6081f2e769690a4652f8063fce
:10c8a0000b6093888b80ab6a03b13c331868c1f886
:10c8b00006009b8893802a6993890e339381dfe772
:020000040000fa
:020000040001f9
:10c8c0003a20203c69706572663e20737461727410
:10c8d00020636d640000000069706572666b000083
:10c8e0003a203c69706572666b3e206b696c6c2007
:10c8f000636d640069706572666900003a203c6986
:10c90000706572666920616464726573733e20208d
:10c91000696e7465726661636520636d6400000012
:10c9200069706572667300003a203c6970657266d2
:10c93000732074782f72782073697a653e2074783a
:10c940002f72782073697a6520636d64000000bfe0
:020000040000fa
:020000040001f9
:10c950002de9f04f83b080468b4601f10803019327
:10c9600018460af0b3fb88b381460746d8f8006042
:10c97000d8f8045008f1200ad8f81c40a4eb0a04a7
:10c98000a04207da3368134928469847013ca7427a
:10c99000f8d14c4634b1104f336839462846984791
:10c9a000013cf9d1019950460bf034f833680b493a
:10c9b0002846984733685146284698470aeb0903aa
:10c9c000c8f81830c8f81c30c8f8d4b003b0bde8b7
:10c9d000f08f00bfb4790200b8790200bc79020080
:020000040000fa
:020000040001f9
:10c9e0000d0a2d2d2d2d2d2d2d20537570706f724c
:10c9f00074656420636f6d6d616e642067726f751e
:10ca00007073202d2d2d2d2d2d0000000d0a202ab4
:10ca10002a2a2000202a2a2a000000000d0a2d2d93
:10ca20002d2d2d2d2d2d2d2d204275696c742069f5
:10ca30006e20636f6d6d616e6473202d2d2d2d2d15
:10ca40002d2d2d2d2d0000000d0a00000d0a556e14
:10ca50006b6e6f776e20636f6d6d616e64206772b1
:10ca60006f75702e205472792068656c700d0a0005
:020000040000fa
:020000040001f9
:10ca700030b32de9f0418646204b5a6bd0f8088040
:10ca8000c2b193684046002198451bd3002400257d
:10ca90009368e41845f100059369dbb1d3f808c049
:10caa00014eb0c0645f10007b94208bfb04211d3a0
:10cab0001a46ede7c0f80880104b586301201ae0d1
:10cac000002070470d4bc3f834e0cef81820002446
:10cad000012004e0cef81830c2f818e00020a8ebde
:10cae0000404cef80840def8183023b1def8081050
:10caf0009a68521a9a60bde8f08100bf10ba00200f
:020000040000fa
:020000040001f9
:10cb000055736167653a206c616e5f777269746511
:10cb1000203c616464726573735f6865783e203c95
:10cb200076616c75655f6865783e0a0d00000000ef
:10cb30004578616d706c653a206c616e5f777269e3
:10cb400074652030783030303430303030203078f8
:10cb500031323334353637380a0d00004552524fe2
:10cb6000523a2050726576696f7573204c414e20a1
:10cb70006f7065726174696f6e207374696c6c207c
:10cb8000696e2070726f67726573730a0d0000bf63
:020000040000fa
:020000040001f9
:10cb900078b338b5044685681f48854226d1b4f974
:10cba0000200012834d1208b012825d1608b012877
:10cbb00001d0042823d194f8300018bb204601246a
:10cbc00080f8304041869df81010002914bf0221e2
:10cbd000214680f831108286c386fcf791fa00283e
:10cbe00013db032814bf0020012038bd6ff00a00ba
:10cbf000fbe76ff00a0070476ff00900f5e76ff090
:10cc00000900f2e76ff00800efe76ff00800ece7cb
:0ccc10006ff00900e9e700bfd4b7002076
:020000040000fa
:020000040001f9
:10cc1c002de9f04105460b4653f8382fc0f8922009
:10cc2c009b88a0f896300b4600f12002403100bfe3
:10cc3c00d3f800c05f689e68dc68c2f800c057601b
:10cc4c009660d460103310328b42f1d1012380f8fe
:10cc5c009a300022a0f8982040f2dc52a0f89c20d8
:10cc6c0080f80531038aabb100244ff001080a4f5c
:10cc7c0005f1b406688a2b6b42460146984701467b
:10cc8c008760c560304606f077fe0134e4b22b8a2b
:0ccc9c00a342efd8bde8f081d55c020097
:020000040000fa
:020000040001f9
:10cca800f8b504461546466803290cd003685b6846
:10ccb800126817493046984723685b682a681549ff
:10ccc80030469847f8bd506806f08afb98b1af68bf
:10ccd80002221149384609f045fe28b102220f49bf
:10cce800384609f03ffe60b923685b682a680c493a
:10ccf80030469847e6e723681b680a493046984754
:10cd0800e0e723681b68084930469847dae700bf20
:10cd1800acdf0100d0df0100401902004419020015
:0ccd280010e00100e8df0100fcdf01006a
:020000040000fa
:020000040001f9
:10cd340090f89c30002b3fd02de9f0418846044602
:10cd4400002716e00021204609f08afe42462946c3
:10cd54002046f8f74ff82946204609f0b9fb01218f
:10cd6400204609f07dfe013794f89c20fbb29a42dc
:10cd740020d9fdb205eb0516b600d4f88c30334447
:10cd84009b6983b10021204609f06afe4246294688
:10cd9400204604f0dffc2946204609f099fb0121d6
:10cda400204609f05dfed4f88c301e44736a002bd3
:0acdb400c8d1d8e7bde8f081704750
:020000040000fa
:020000040001f9
:02cdbe00fee78e
:020000040000fa
:020000040001f9
:10cdc00068b310b5044683681e4883421fd1b4f986
:10cdd0000200012832d1208b012823d1608b012849
:10cde00001d0042821d194f8300008bb012384f835
:10cdf00030306186032384f83130e2862046fcf728
:10ce00007ff9002817db032804d0002010bd6ff045
:10ce10000a00fbe7002384f830300120f6e76ff0ca
:10ce20000a0070476ff00900f0e76ff00900ede7c6
:10ce30006ff00800eae76ff00800e7e76ff009001d
:08ce4000e4e700bfd4b70020b5
:020000040000fa
:020000040001f9
:10ce480000293bd02de9f0478a469946044602eb73
:10ce580082084fea880802eb02129600002516e0c5
:10ce6800236b1bb1052104f15c009847d4f88c00b2
:10ce780030443946083009f0e4fd236b1bb1062124
:10ce880004f15c0098470135adb2aa4514d0d4f836
:10ce980098304344d9890e39676a002289b238200c
:10cea800b847074660b1b9f1000fd9d00269138ab3
:10ceb80043f004031382d3e7002003e00020704707
:08cec8004ff0ff30bde8f087d8
:020000040000fa
:020000040001f9
:10ced00038b50546d0f8a4401d4b1a6942f480428b
:10cee0001a61da6942f00402da61236823f0080368
:10cef0002360236823f0040323604ff0ff33e362d1
:10cf0000236843f0200323600f23236240f23f1382
:10cf10006361636a90f8d2309b039bb20d4a1a4357
:10cf2000626090f8b1301bb1636843f08073636056
:10cf300005f19001284607f05dffd5f8ac309b7aeb
:10cf400013f0010f14bf00230123e36038bd00bfbd
:08cf50000008004003210e005f
:020000040000fa
:020000040001f9
:10cf5800f8b5002837d00546002937d0002a37d041
:10cf680041f287102c5c7cb305f58656777c307cc3
:10cf78000c36b679be1bf6b286422bd241f2cc06ed
:10cf880005eb060c0138384000eb80008000af59f3
:10cf98003e18b160b28132820122b274f374069bea
:10cfa8007360079b3b509cf8053013448cf80530a0
:10cfb80041f28813eb5c0bb11c4605e028460021c2
:10cfc800e8f7a6ff00e000242046f8bd0024fbe7b0
:08cfd8000024f9e70024f7e74b
:020000040000fa
:020000040001f9
:10cfe0000fb430b583b00af0c1fe06f029fb044649
:10cff000184b1b681bb3c31ab3f57a7f1fd3164bac
:10d000001a68052a15d8134b00221a60124b012208
:10d010001a6007ab0193114d069a5021284603f080
:10d02000edfa0c4b1c602a460d49002001f014fe5d
:10d030000be0053a0b49002001f00efee3e7064a3b
:10d04000136801331360052be3d903b0bde830400a
:10d0500004b0704790bd0020d4bb0020a0b80020d1
:08d0600030730200207302008e
:020000040000fa
:020000040001f9
:10d06800457874426c6f636b2e5350495f457272fa
:10d078005f496e740d0a0000457874426c6f636beb
:10d088002e4d41435f424d47525f496e740d0a0071
:10d09800457874426c6f636b2e4d41435f496e74e3
:10d0a8000d0a0000457874426c6f636b2e484d582a
:10d0b8005f496e740d0a0000457874426c6f636bab
:10d0c8002e47494e545f4d61736b0d0a00000000f6
:10d0d800457874426c6f636b2e556e6b6e6f776e0e
:08d0e8004572726f720d0a001f
:020000040000fa
:020000040001f9
:10d0f0002de9f84304460f46d0f81080436998475d
:10d10000e368002b35d00546a36803fb00f32268d3
:10d1100002eb0309d35c13f0010f25d00026e3696d
:10d120003a46494620469847d8b14544e368ab4261
:10d1300098bfed1a0136b34218d9a36803fb05f373
:10d14000226802eb0309d35c13f0010fe7d1236ad5
:10d150003a46494620469847a9f80260636a013377
:10d1600063624846bde8f8830026f0e74ff0000907
:08d17000f7e74ff00009f4e7b6
:020000040000fa
:020000040001f9
:10d17800f0b583b00446456803290bd003681b68e3
:10d1880017492846984723681b6816492846984730
:10d1980003b0f0bd1646506806f022f9074650b1b4
:10d1a80001a9b068f7f7eafb58b923681b680e496c
:10d1b80028469847ece723681b680c492846984797
:10d1c800e6e701a9384609f0f1f923681b68084920
:10d1d800084a002808bf114628469847d8e700bfe4
:10d1e800ac980100e89801000c9901005c5001001e
:08d1f800709801008c98010001
:020000040000fa
:020000040001f9
:10d2000070b506460d464ff4127003f0c7f9044698
:10d21000002830d04ff4127200210af0b7f92660ce
:10d22000656004f12003a361e36104f1d80304f510
:10d23000127108e0c4f8cc30c4f8d0301b605b60d9
:10d240005c338b420ed0d4f8cc20002af2d01a6086
:10d25000d4f8d0205a601360d4f8cc205360c4f8be
:10d26000cc30ede70023a360064b1b682bb1054bc8
:10d270005a6894605c60204670bd024b1c605c6024
:08d28000f9e700bf70bd0020ba
:020000040000fa
:020000040001f9
:10d2880008b5194b9847194b9847eff3108172b6b8
:10d29800174ad2f8883043f47003c2f88830bff3d5
:10d2a8004f8fbff36f8f01b962b6124a936823f0ac
:10d2b800010393601346da6812f0010ffbd10d4b9e
:10d2c80024225a6001229a6006f0a6fd0a4b23f038
:10d2d8007f03074a9360094b9847094b9847094bc6
:10d2e80098470af0cafafee77784010077840100bc
:10d2f80000ed00e00060004100000000e1080200cd
:08d30800778401007784010025
:020000040000fa
:020000040001f9
:10d310002de9f04190f89cc0bcf1000f2ed0d0f860
:10d3200098500024a646a04616e003f108069f4246
:10d330000dd033461e6836f00306f6d01e6816f090
:10d34000010f14bf08f101080ef1010eede70134e1
:10d350001435a3b29c4514d96b7c012bf7d12f88cf
:10d36000002ff4d0d0f88c3004eb041603eb8603c6
:10d370005b68013fbfb203ebc707dbe74ff0000e6e
:10d38000f04609b1c1f800800ab1c2f800e00020ff
:04d39000bde8f08183
:020000040000fa
:020000040001f9
:10d3940070b5d0f8a460336823f0080333603368b1
:10d3a40023f004033360736811f0020f14bf43f0d9
:10d3b400020323f0020311f0100f14bf43f0010322
:10d3c40023f0010312f0080f14bf43f4005323f4b5
:10d3d4000053736011f4804f19d00023f36090f868
:10d3e4009c305bb105460024e1b2284609f070f890
:10d3f400013495f89c20e3b29a42f5d8336843f09f
:10d4040004033360336843f00803336070bd0123c1
:04d41400f360e4e7f6
:020000040000fa
:020000040001f9
:10d418002de9f04182b004464568022907dc2368fb
:10d428001b6816492846984702b0bde8f0811646a1
:10d43800906805f0a2f9804677681149384609f0e6
:10d4480002ffc0b10f49384609f0fdfe0028e6d1b9
:10d4580000210ffa88f00af0f5fc23685c680a4b93
:10d468000a4a002808bf13460093434672680849d1
:10d478002846a047d8e70121ebe700bf6c19020056
:10d488004019020044190200dc9701003819020013
:04d49800481902002d
:020000040000fa
:020000040001f9
:10d49c002de9f04188461746382838bf3820c31c80
:10d4ac0023f003039cb201f11d0525f00f05adb26d
:10d4bc00174b186805f13201214489b2436898472b
:10d4cc00064608b304f1180200210af059f8344456
:10d4dc00e5811a35658204f12f0222f00f02626099
:10d4ec0042f8086c0122228234616268911ca160ae
:10d4fc00716127f001073762b8f1000f01d01032cb
:10d50c00b261002386f82f303046bde8f08100bfb1
:04d51c001cbe002011
:020000040000fa
:020000040001f9
:10d5200069706572666b3a205573696e6720696e23
:10d5300064657820300d0a000d0a697065726620f6
:10d5400073657373696f6e3a206e6f7420737461c4
:10d5500072746564210d0a000d0a69706572663a7d
:10d5600020747279696e6720746f2073746f7020f5
:10d57000697065726620696e7374616e63652025db
:10d58000642e2e2e0d0a000055736167653a2069de
:10d59000706572666b203c2d6920696e6465783e0b
:04d5a0000d0a000070
:020000040000fa
:020000040001f9
:10d5a40010b582b000230193030103f1824303f514
:10d5b400204393f84e30dbb20193019b13f0020f2a
:10d5c4000dd0010101f1824202f52042022382f8ca
:10d5d4004e30134b0b4400221a73012400e0022442
:10d5e400019b13f0010f0cd0010101f1824202f5fd
:10d5f4002042012382f84e30094b0b4400221a7357
:10d604000224074b03eb00135b6833b1044a02ebbb
:10d61400001399685b682046984702b010bd00bfac
:04d62400f8bb00202f
:020000040000fa
:020000040001f9
:10d628002de9f0411c4ad36a956a89b30e46ab428c
:10d6380008bf002227d00122dff864c0174ca0f1f0
:10d64800020e0138144f0ce0e15c81540133396b50
:10d65800994298bf0023b24214d2511cab4212d057
:10d668000a46dcf8041001f007010129ecd1590041
:10d6780014f813800ef812800131615c00f8121062
:10d688000133e4e71d46044bdd621046bde8f08136
:10d698001d460a46f7e700bfccb90020887a00206b
:04d6a800003400400a
:020000040000fa
:020000040001f9
:10d6ac00f0b51f4c2568a446002d36d00022294623
:10d6bc0016461346d1f800e00f6986450ad132b1ff
:10d6cc00176101f110031846f0bd3946f2e7ccf8aa
:10d6dc000070f6e705d9ebb11c68a6453cbf1646b1
:10d6ec000b460a46002ff0d1002becd019461f69cf
:10d6fc0051f8102b121a102a05d918600844103a48
:10d70c000761026007469d420cbfccf80070376180
:10d71c000b46d8e716460b46e3e72b46d3e700bf8c
:04d72c000cbf00200e
:020000040000fa
:020000040001f9
:10d730002de9ff471d460c9b13f0010906468a465a
:10d74000144601d195420bd822465146304606f088
:10d75000a3f8a54204d82546284604b0bde8f087c2
:10d760002f1b102f3a464ff0200128bf1022684689
:10d77000b84609f00bff00bfb8f10f0f11d83b09f5
:10d780006ff00f0202fb03726946304606f084f820
:10d79000b9f1000fe0d122465146304606f07cf840
:10d7a000dae710226946304606f076f8a8f110084c
:04d7b000e2e700bfed
:020000040000fa
:020000040001f9
:10d7b4000ab9184670472de9f0470f4616469846b1
:10d7c400012201f0bbfa054658b34ff00009ca46de
:10d7d40009e0361bb6b2a1441ffa89f980442d68ca
:10d7e400fdb1af68eeb1eb89ac681c44e41ba4b294
:10d7f400ab8913b19c4228bf1c46b44228bf3446af
:10d80400002cecd052462146384601f0b3fbc0430d
:10d8140080b219f0010fdcd0030a43ea002080b281
:10d82400d7e740460af024f8c04383b21846bde85f
:02d83400f0877b
:020000040000fa
:020000040001f9
:02d83600fee70b
:020000040000fa
:020000040001f9
:10d8380028b338b5044680681c4a90421cd1b4f914
:10d848000220012a2ed1228b012a1bd1628b012aa8
:10d8580001d0042a19d194f83020022a18d10d4693
:10d86800204600f04ffd002815db022816d0bdb178
:10d87800a38e2b80002038bd6ff00a00fbe76ff005
:10d888000a0070476ff00900f5e76ff00900f2e74a
:10d898006ff00800efe76ff00800ece70120eae717
:10d8a8000020e8e76ff00900e5e700bfd4b70020e3
:020000040000fa
:020000040001f9
:10d8b80070b5044685681c4b9d420cbf1d4600256b
:10d8c80008f0e2f968b1a38e638413f4007f09d0ed
:10d8d80007f0b8fee36a984220d20021204606f0fd
:10d8e800effa70bd07f0aefe06462b6a5d6807f0da
:10d8f800bdfe00fb05f000f2e7300c4da5fb003043
:10d9080006eb9010e0620121204606f0d9fa0028c3
:10d91800e7d0052363830023a383e2e76ff00601c2
:10d92800204607f0c3fcdce7d4b70020d34d6210d3
:020000040000fa
:020000040001f9
:10d93800496e76616c6964204d41435048592c20ea
:10d948006f75693d307825582c206d6f64656c3d86
:10d95800307825580d0a0000496e76616c6964209c
:10d9680043686970205265766973696f6e0d0a00a5
:10d97800636869705f6572726f722120506c6561af
:10d98800736520636f6e74616374206d6963726f71
:10d998006368697020737570706f727420666f7237
:10d9a800207265706c6163656d656e742e0d0a007a
:020000040000fa
:020000040001f9
:10d9b80038b518b14ff0ff34204638bd0c461b4827
:10d9c80005f0dcfb0546a0b114f0080101d08388fe
:10d9d80093b92b8a9bb105f120042b8c23b34ff00c
:10d9e800ff340af0b7f92b7801332b700af0b6f937
:10d9f800e2e74ff0ff34dfe74ff0ff34f1e705f1de
:10da0800100400220023a360e360012323806280c6
:10da180065600223237319b16b8843f004036b809c
:10da2800ab880133ab80dce70122ebe778b4002058
:020000040000fa
:020000040001f9
:10da38001c4b1d4a1a604ff622029a814ff440325d
:10da48005a601a46d369002bfcd1164a136843f072
:10da580002031360d369002bfcd1144b00221a6215
:10da68009a62da6283f8342083f83c209a63da8772
:10da78001a609a60da601a751a779a61094b5b68be
:10da880003f00703012b094b14bf4ff400624ff456
:10da980080621a631a61034b80229a7504229a7570
:10daa800704700bf0034004004011040ccb900208a
:020000040000fa
:020000040001f9
:10dab8000eb430b5adf6080d0df6140353f8042b6b
:10dac80001934ff4006102a802f094fd421e40f257
:10dad800fe739a4221d8044602ab00221a54124b14
:10dae8001b680344b3f5006f24bf0f4b1a600e4b3d
:10daf8001b680e4d1d4402a9284609f087ff2946d8
:10db0800002008f087fe14f0030318bfc3f10403d4
:10db1800054a1c4413681c4414600df6080dbde842
:10db2800304003b0704700bfa8be0020888a00209c
:020000040000fa
:020000040001f9
:10db38002de9f84380b3894617460546002414e0ca
:10db4800b8f1000f2cd008f101062221304609f067
:10db580023fd18b3864226d000230370bc4238bf89
:10db680049f824600134451c1ad02221284609f0be
:10db780013fd804608b1002303700c4e3146284639
:10db880004f004fd03460028dad0bc4238bf49f847
:10db9800243001340025f1e7002401e04ff0ff3480
:10dba8002046bde8f8834ff0ff34f9e75c7e0200b9
:020000040000fa
:020000040001f9
:10dbb8004c414e38363578004d4348505f4c414e05
:10dbc80038363578000000003139322e3136382e9b
:10dbd800302e3230300000003235352e3235352eb9
:10dbe8003235352e300000003139322e3136382e9c
:10dbf800302e3100382e382e382e3800382e382e58
:10dc0800342e340066756c6c00000000474d4143ab
:10dc1800000000004d434850424f4152445f4300ca
:10dc28003139322e3136382e302e3231300000bfa5
:020000040000fa
:020000040001f9
:10dc380004eec63bb231df2c630a1afbe724949d3d
:10dc4800005a587851e1aa795e477347c8b05662be
:10dc58001c18bddcdd8d99fc5fc2b92053d8cfac50
:10dc6800fb0bb8831205fad1ddd6c071318a601872
:10dc7800f03b73f5ede4d4d071f9de03fd7aea10d8
:10dc88005d9299b8af99aa075bdb4db9aa28c18df7
:10dc9800174b56ee2a014d098896ff2282c955a8ce
:10dca8001969e069fa8ce007a180183a07dfae1716
:020000040000fa
:020000040001f9
:10dcb800d3e160c35b99f340b2628264d1751060ae
:10dcc800e0045da383ff57a57d73a673d2b8d80d72
:10dcd800aaf6a6c35a91bb4579d73fd0c8fed11141
:10dce800b0391306828adfed528f018121b3febd60
:10dcf800c343e797b87dbb63db1333ded9d1ece1cf
:10dd080077cfa6b71fe8ab1da46624ed6415e51c04
:10dd1800cde2c7ca86e283990eeaeb911204155246
:10dd28008b2295910281b02dd431f4c9f70427dff5
:020000040000fa
:020000040001f9
:10dd380030b50d4689b0044620220021684609f016
:10dd480021fc2878b0b16b786bb1013d012000bf90
:10dd580015f8013f83b921460125084611f8013b12
:10dd6800c3b9001b06e023461a46013311788142e5
:10dd7800fad0101b09b030bd5a0908a901eb82027c
:10dd880003f01f0352f8201c00fa03f30b4342f878
:10dd9800203cdde75a090df1200c0ceb820203f060
:10dda8001f0352f8202c05fa03f31342d5d1d8e704
:020000040000fa
:020000040001f9
:10ddb80010b5044607f068ff08b3a28ed3b213f07b
:10ddc800200f0fd013f0040f1ad012f4807f23d045
:10ddd8000f21204606f074f888b1022363830023dc
:10dde800a3830ce0a36a2bb14ff480521a8000225f
:10ddf8005a801a716ff00701204607f057fa10bdd4
:10de0800a36a1bb100221a805a801a716ff00701a9
:10de1800204607f04bfaf2e70621204606f050f8b4
:0ede28000028ecd0052363830023a383e7e7e3
:020000040000fa
:020000040001f9
:10de360000293bd070b40c460378ff2b06d14278fc
:10de4600ff2a08bf013011d100e0013070bc7047d5
:10de560002f11003dbb2092b0ed80230002cf5d0ec
:10de66000378ff2bf2d14278ff2aeed0531ddbb2a6
:10de7600032bedd80330f1e7fa2ae7d1022ce5ddd2
:10de8600032ce3dd831c0444661e01e0b342ddd0af
:10de96001a46e11a01331578ff2df7d11d78f02dba
:0edea600f4d18c1e0232d1d01046d7e770475f
:020000040000fa
:020000040001f9
:10deb4005365742042494f53204e616d65204f4b8a
:10dec4000d0a00005365742042494f53204e616d82
:10ded40065206661696c65640d0a000055736167ad
:10dee400653a2073657462696f73203c696e74656a
:10def40072666163653e203c782e782e782e783edb
:10df0400200d0a0045783a2073657462696f7320a6
:10df14005049433332494e54204d434850424f41b7
:0cdf240052445f3239200d0a000000bf9b
:020000040000fa
:020000040001f9
:10df300055736167653a20736574646e7320312f81
:10df400032203c696e746572666163653e203c7880
:10df50002e782e782e783e200d0a000045783a2043
:10df6000736574646e7320312065746830203235b7
:10df7000352e3235352e3235352e30200d0a000043
:10df8000556e6b6e6f776e20444e5320696e6465dc
:10df9000780d0a0053657420444e53202564206197
:0cdfa0006464726573732025730d0a0021
:020000040000fa
:020000040001f9
:10dfac0055736167653a202573203c696e74657200
:10dfbc00666163653e203c6f6e2f6f66663e200d7a
:10dfcc000a00000045783a2025732050494333322b
:10dfdc00494e54206f6e200d0a000000556e6b6e7a
:10dfec006f776e20696e746572666163650d0a00e9
:10dffc00556e6b6e6f776e206f7074696f6e0d0a55
:10e00c0000000000556e6b6e6f776e207365727634
:0ce01c006963652025730d0a000000bf39
:020000040000fa
:020000040001f9
:10e0280030b597b004b2b4f1ff3f31d01a4b1b8919
:10e0380013f0020f09d001220df157012046f7f71e
:10e0480097fa38b39df8570007e0522201a92046f5
:10e05800fdf79cfe014610b9002017b030bd01a89d
:10e06800451800234354fff7e2fe854214bf10f819
:10e07800013b00238df8573001aa821a02d19df87e
:10e088005700eae792b200212046f7f771faf6e75f
:0ce098000020e2e70020e0e75cbd002073
:020000040000fa
:020000040001f9
:10e0a40025733a206e6f7420666f756e640a0d00d6
:10e0b40025732054583a206f6b3d25642065727295
:10e0c4003d2564207146756c6c3d25642070656e39
:10e0d400643d25640a0d000025732052583a206fd0
:10e0e4006b3d2564206572723d2564206e6f6275f8
:10e0f40066733d25642070656e643d25640a0d00d9
:10e1040025733a207374617473206e6f7420617682
:0ce1140061696c61626c650a0d0000bf5f
:020000040000fa
:020000040001f9
:10e12000882930b52cd012dc812930d003dc80293d
:10e130002dd0002030bd82290ed08429f9d1196854
:10e1400000680a1d1a600b6818800120f2e7a029f8
:10e150000fd00adc9029ecd119680a1dd0e90045de
:10e160001a600b68c3e90045efe7c02901d0f02928
:10e17000dfd11a680168101d186013681960e4e7a0
:10e18000196800680a1d1a600b681870dde71968c5
:0ce1900000680a1d1a600b681860d6e7d2
:020000040000fa
:020000040001f9
:10e19c00842910b523d00cdc812903d0822913d01b
:10e1ac0080290bd119680c1d1c600b6803601a6068
:10e1bc0013e0902921d003dc882917d0002010bd52
:10e1cc00a029efd0c029ece719680c1d1c600b6866
:10e1dc000360d1171046c3e900010120efe719686d
:10e1ec000c1d1c600b6803601a80f6e719680c1d87
:10e1fc001c600b6803601a70efe719680c1d1c603b
:0ce20c0009680160d317c1e90023e6e7b0
:020000040000fa
:020000040001f9
:10e21800002839d0f8b50c4605460369002b32d0e2
:10e22800002718e0236b1bb1052104f15c00984717
:10e23800d4f88c002946083008f003fc236b1bb186
:10e24800062104f15c009847eeb1b4f9c830726851
:10e25800d5582b69bbb11e681f602b691b8a13f048
:10e26800040fdfd1b4f8d03013f0020f07d1d4f87f
:10e278008c20d4f89830db8812699a42d2dda36ae0
:0ae2880028469847e0e7f8bd70470c
:020000040000fa
:020000040001f9
:10e2920070b506460d4607f060f9002833d00446f3
:10e2a20038220021284609f070f994f87730012bc2
:10e2b20022d0b4f86030ab84b4f86230eb84a36c43
:10e2c200ab6294f8763085f82c30a36962699b1aa8
:10e2d200eb85636822689b1a2b86204608f069f852
:10e2e2006886304604f029faa886204605f075ffb4
:10e2f20085f83600012070bd236c6b60636c6b6126
:0ae3020001232b70d5e70020f5e79a
:020000040000fa
:020000040001f9
:10e30c0010b582b090f83030022b18d10446006959
:10e31c00e8b1e3689b6b01aa61699847012827d093
:10e32c0000281cdb94f83130032b04bf019ba3861f
:10e33c0000200023636184f8303002b010bd4ff42c
:10e34c00b6720c49002007f0edfa0020f5e74ff407
:10e35c00b972084907f01cfb4ff0ff30ede74ff4a2
:10e36c00bf720449002007f0ddfa6ff00100e0e70e
:08e37c000220e2e7c059020093
:020000040000fa
:020000040001f9
:10e38400f8b507460c4616461d46c87b40f22a528d
:10e394001849984214bf0020012007f021fb2146b0
:10e3a400304604f075fa844208d040f236521149de
:10e3b400002007f015fb022d18d0f8bd267b0023a2
:10e3c40023606360a360e3602361214607f180005a
:10e3d40008f053fb0123e373032eecd1f868f6f73e
:10e3e40008fd7b8823f008037b80e4e7f86809f0e4
:08e3f40021fce2e7446e020087
:020000040000fa
:020000040001f9
:10e3fc002de9f047884692461e4617689df8202066
:10e40c00394600f097fc20b3054656b33a464ff018
:10e41c0000090fe022463946404605f0c7fba044f0
:10e42c00361bb6b23a19a1441ffa89f92d689db171
:10e43c00af688eb1ec89ab682344db1b9bb2ac8913
:10e44c00b44228bf34469c4228bf1c46002cedd059
:10e45c00e0e73a464ff00009caf800204846bde80c
:08e46c00f087b1463a46f7e7dc
:020000040000fa
:020000040001f9
:10e47400f8b5194b1c68194b1b88cbb1183400250f
:10e48400164f06e0fcf72cfb013518343b88ab42f1
:10e494000edd264654f8140c20b101f0a5fd00232e
:10e4a40044f8143c36f9180cb0f1ff3fecd0e9e71e
:10e4b4000b4b1868084cc3682168984700232360f5
:10e4c400064a1380074b186820b109f0aef9054bd2
:10e4d40000221a60f8bd00bf50be00205cbd0020c1
:08e4e40054be00205cbe0020c4
:020000040000fa
:020000040001f9
:10e4ec0070b4174a0021117051609160117311744e
:10e4fc005161916111771348134b5863134c9c6312
:10e50c005c6944f081345c61114c1c6440f2094438
:10e51c00048083f8451001251570032483f84d40c1
:10e52c000c4e1e6540f60906068283f855101574cc
:10e53c0083f85d4040f602721a8070bc704700bfd1
:10e54c00f8bb0020d8bb002000a0004118bc002064
:08e55c0000052000000420006e
:020000040000fa
:020000040001f9
:10e564001b480368013303601a4b1b68023b012bf1
:10e5740001d90020704730b58bb015460c462822cf
:10e584000021684609f000f806f064facde90001bc
:10e594000f4b1b680293adf8105023699a89adf8ac
:10e5a400122001228df81a2003228df81c209a686b
:10e5b40052f8061fcdf81d109288adf821209a89d3
:10e5c40099686846f7f7f8fd00200bb030bd00bf2e
:08e5d400fcbe0020e4be0020a3
:020000040000fa
:020000040001f9
:10e5dc0010b503291ad11446134b1b78fbb9002232
:10e5ec001146606808f0eaff104b186000221146d3
:10e5fc00a06808f0e3ff0e4b186000230d4a13705f
:10e60c000d4a1370084b02221a7010bd0b490020e2
:10e61c0000f01cfb0a49002000f018fbf5e7094943
:10e62c00002000f013fbf0e73fbf0020d8be002015
:10e63c00e0be00203dbf00203cbf002000cb01000d
:08e64c0030cb01005ccb0100a2
:020000040000fa
:020000040001f9
:10e6540030b583b0134b1b78f3b904460d46124b07
:10e6640018700146002009f037f9104b104a1a605f
:10e6740044ea05230f4a136000200f4a10700f4a22
:10e684001070084a0221117000932b4622460c494f
:10e6940000f0e0fa03b030bd0a49002000f0dafad5
:10e6a400f8e700bf3fbf002077c00020d8be00209d
:10e6b40002ca0400e0be00203dbf00203cbf002091
:08e6c400f0f60100bcf60100b4
:020000040000fa
:020000040001f9
:10e6cc0055736167653a2064756d70203c616464b4
:10e6dc00726573735f6865783e203c636f756e740a
:10e6ec003e0a0d004578616d706c653a2064756d5d
:10e6fc007020307832303030303030302036340ac0
:10e70c000d000000436f756e74206d75737420627c
:10e71c0065203e20300a0d004d656d6f72792064c6
:10e72c00756d703a203078253038582020257520aa
:08e73c0062797465730a0d0097
:020000040000fa
:020000040001f9
:10e744003d3d3d3d3d3d3d3d3d3d3d3d3d3d3d3df5
:10e754003d3d3d3d3d3d3d3d3d3d3d3d3d3d3d3de5
:10e764003d3d3d3d3d3d0a0d000000005431532028
:10e774005061636b657420536e6966666572202d03
:10e78400204275696c6420496e666f0a0d000000b2
:10e794004275696c642054696d657374616d703a77
:10e7a4002041756720203720323032362031353a07
:08e7b40034353a34310a0d003e
:020000040000fa
:020000040001f9
:10e7bc007265736574656e763a20726573746f72e8
:10e7cc00656420636f6d70696c6564206465666157
:10e7dc00756c74732c207065727369737465642026
:10e7ec00616e64206170706c6965642e0d0a0000a6
:10e7fc007265736574656e763a2064656661756cd6
:10e80c007473206170706c69656420627574204546
:10e81c004550524f4d207772697465204641494ce2
:08e82c0045442e0d0a0000bf57
:020000040000fa
:020000040001f9
:10e8340073617665656e763a207065727369737478
:10e84400656420746f20454550524f4d20616e64bd
:10e85400206170706c6965642028616e20495020c5
:10e864006368616e67652064726f70732074686595
:10e874002063757272656e7420636f6e6e65637467
:10e88400696f6e292e0d0a0073617665656e763a9e
:10e8940020454550524f4d2077726974652046419a
:08e8a400494c45442e0d0a0009
:020000040000fa
:020000040001f9
:10e8ac0030b50d46097889b0044609b16b782bb99f
:10e8bc00204601f03dfe001b09b030bd2022002196
:10e8cc00684608f05dfe013d012000bf15f8013fd0
:10e8dc00a3b921460125084611f8013b002bead0cb
:10e8ec005a090df1200c0ceb820203f01f0352f8b5
:10e8fc00202c05fa03f31342edd0dce75a0908a9e2
:10e90c0001eb820203f01f0352f8201c00fa03f300
:08e91c000b4342f8203cd9e74f
:020000040000fa
:020000040001f9
:10e924002de9f84f04460c9f6668d4f80cb02469ae
:10e9340010463a68013c002502f0020a0b9a0bf8d3
:10e944000450002e1946b8bf0126012390464fea11
:10e95400e279002c03dcd3b12046bde8f88f50eafd
:10e96400010209d1721b002a06dc0a9a521b002af2
:10e97400f1ddbaf1000feed042464b4606f0e2f864
:10e98400013c134630320bf804200135e1e73b68c3
:08e9940023f010033b60dfe7f4
:020000040000fa
:020000040001f9
:10e99c002de9f04781460f46144698460d68013a1a
:10e9ac0092b22946fdf7f0f910b90020bde8f087c6
:10e9bc00064600232b5401462846fff736fa8246ba
:10e9cc00421bb61a52b9e6b10d21284608f0e2fdf9
:10e9dc0058b13d60c8f800600120e7e792b2002111
:10e9ec004846f6f7c3fd5546ede70a21284608f0e0
:10e9fc00d1fd0028edd1013cb4420cbf0220002017
:06ea0c00d4e70020d2e770
:020000040000fa
:020000040001f9
:02ea1200fee71d
:020000040000fa
:020000040001f9
:10ea1400f8b504468668194b9e420cbf1e46002674
:10ea240007f034f9c8b1a38e6384a36ab3b106f0c6
:10ea34000bfe0746336a9d6806f01afe00fb05f0dc
:10ea440000f2e7300e4da5fb003007eb9010e062ba
:10ea54000021204605f036fa58b9f8bd01212046b8
:10ea640005f030fa0028f8d0032363830023a3833e
:10ea7400f3e7042363830023a383eee7d4b70020e2
:04ea8400d34d6210fc
:020000040000fa
:020000040001f9
:10ea8800f8b50f4615461e46069808f027fe20b32f
:10ea9800044690f8023103bbd0f8ac3073b11b695f
:10eaa800986832463946284407f06affedb1d4f831
:10eab800ac301a6993891e4496810ee0d0f8b430c0
:10eac80063b1b43004f0c8fcc4f8ac000369002298
:10ead8009a81d4f8ac30002be1d1f8bd012380f83d
:10eae8000231436f01334367f7e7d4f8ac301b6951
:04eaf8009e81f2e722
:020000040000fa
:020000040001f9
:10eafc0038b5184b186920b108f093fe154b00225d
:10eb0c001a61144b186840b105f090fd114c606807
:10eb1c00c36821689847002323600f4c204607f0f8
:10eb2c00b3fd034618b1184604f0d0fcf6e7094dc6
:10eb3c0005f1280402e06868c3689847204607f08e
:10eb4c00a3fd01460028f6d10023044a1360044ab1
:10eb5c00136038bdccba0020e8ba00202cbe0020cf
:04eb6c0024be0020a3
:020000040000fa
:020000040001f9
:10eb70002de9f04106460c461746194b5d6808f032
:10eb80004ffe238813f0400f1dd1c0eb001005eba2
:10eb9000800513f0800f0ed1211d05f1240004f033
:10eba00073f94ff0010805f114033a46802120461d
:10ebb00005f0e0fa09e0211d05f1140004f064f904
:10ebc0004ff00208efe74ff00308434604f110024c
:10ebd00004f10801304602f0a5fbbde8f08100bf5a
:04ebe00040b9002018
:020000040000fa
:020000040001f9
:10ebe40070b50546d0f8c4305e6890f8cd301bb3dc
:10ebf4000121284602f0befb134beb1adb1003eb9a
:10ec0400c30403eb4403c3eb432303eb83435c429e
:10ec1400d5f8c4301b685b6822460c4930469847d7
:10ec2400284603f0fbf8d5f8c4301b685b6822461d
:10ec340007493046984770bd0221eef7dbf90123fe
:10ec440085f8cd30d4e700bfe0b20020281a0200d6
:04ec5400581a020048
:020000040000fa
:020000040001f9
:10ec580000282fd10eb410b583b0174b93f90030ac
:10ec680033b1154b5b681bb1144b1b78012b04d0d7
:10ec780003b0bde8104003b07047104b00221a7073
:10ec880006ab0193059a4ff400610d4801f0b2fc00
:10ec9800421e40f2fe739a4208d8094900230b54d9
:10eca800054b5a68546902469868a047034b0122ed
:10ecb8001a70dde7704700bf44bd002039bf00204f
:04ecc800889200200e
:020000040000fa
:020000040001f9
:10eccc00f8b50f46164609f04bf800eb800000eb48
:10ecdc00800008f0a5fe5eb308f016fa4342c0b2fd
:10ecec00dbb258bf584238703e44013e3d46c7f136
:10ecfc00010707e009f034f800eb800000eb80001e
:10ed0c0008f08efe7c19b54212d008f0fdf9434292
:10ed1c00c0b2dbb258bf584205f8010f634204f091
:10ed2c00070403f0070358bf5c42072cead1e1e764
:04ed3c000020f8bdfe
:020000040000fa
:020000040001f9
:10ed40004ab30369002b32d0c06915e0884201d86c
:10ed50008a420bd21b6813b908e01b6833b19a686a
:10ed60008a42fad8d88902449142f6d818465df80a
:10ed7000044b70471b68d3b19a688242fad810b42a
:10ed8000dc8922449042e1d91b68002beed09a68be
:10ed90008242f9d8f4e7036913b908e01b6833b17c
:10eda0009a688a42fad8d88902449142f6d818461d
:02edb0007047aa
:020000040000fa
:020000040001f9
:10edb2002de9f04184b004460e4617469846842257
:10edc200002108f0e2fb0b9ba3670c9be36704f1b5
:10edd20008050a9b0393cdf8088001970096042347
:10ede200372229462046f4f712fa20b101231846a9
:10edf20004b0bde8f081002303930293372201920d
:10ee0200009504f13f012046f4f701fa034630b9b8
:10ee1200012222600022626084f88020e7e7012359
:02ee2200e5e722
:020000040000fa
:020000040001f9
:10ee2400f0b50c4649682368a768e56887b00029ef
:10ee34000593a4bf23f00203059305ab02930823b3
:10ee4400cde900730646d2e900232046fff768fdaa
:10ee5400059bd90642bf00f1ff3030232b54059b9c
:10ee64001a0742bf00f1ff3020232b542269059b6f
:10ee74000093013a3b46121a29183046fef756fc15
:10ee84007368db0503d563689842b8bf184607b0ba
:02ee9400f0bdcf
:020000040000fa
:020000040001f9
:02ee9600fee795
:020000040000fa
:020000040001f9
:10ee98001a4ad42303fb0023b3f8503019402bd06f
:10eea80010b51346d42202fb0032b2f852300b439d
:10eeb800a2f85230cb0003f010034c1204f0020405
:10eec800234301f0040423430c0104f48064234326
:10eed800490001f480710b43b2f84e100b43a2f8bd
:10eee8004e30526d3ab1054bd42101fb0033b3f8d3
:10eef8004e00996d904710bd704700bf40bf00207d
:020000040000fa
:020000040001f9
:10ef080001eb81018900d0f898205318525a32b386
:10ef18005a8932b3da89511e89b2b1f5c06f22d24b
:10ef280010b4597c012940f2064118bf00211b7c0e
:10ef3800012b08bf41f40761d0f8a43092090b4cab
:10ef480044ea02421a6190f8b2201ab11a6942f4ee
:10ef580000621a61996200205df8044b7047062030
:10ef68007047062070476ff00200704704070001e1
:020000040000fa
:020000040001f9
:10ef7800a0b330b40346104613f0010507d013f8c8
:10ef8800014b02eb042262f30f00013989b24a08ef
:10ef9800541ea4b2cab1013403eb440433f8022b63
:10efa8001044a342fad111f0010f1cbf2378c018f6
:10efb800030c13fa80f000eb10439bb23db963f3e6
:10efc8000f00c04380b230bc70471c46ebe7dab292
:10efd8001b0a43ea022363f30f00f2e7002070479d
:020000040000fa
:020000040001f9
:10efe80008b5144b186820b106f0befd114b00227d
:10eff8001a60114b1968114808f088fb104b002261
:10f008001a60104805f069fa0f4b186820b108f02b
:10f018000afc0d4b00221a600c4b196831b1064be3
:10f028001868c3689847094b00221a60024b0022ef
:10f038001a6008bd3cbe002040be002010bd002064
:10f0480034be002000bd002044be002038be002091
:020000040000fa
:020000040001f9
:10f05800b8db0100c0db010050c00020d0db01009c
:10f06800e0db0100f0db0100fcdb010004dc010057
:10f078000cdc010000000000a00a020000000000f3
:10f08800000000000000000014dc01001cdc01008e
:10f0980064c0002028dc0100e0db0100f0db010097
:10f0a800fcdb010004dc01000cdc010000000000b6
:10f0b800480a0200000000000000000000000000f4
:020000040000fa
:020000040001f9
:10f0c80020b3f8b5044617460e46124b0360124ba0
:10f0d8004360124b8360124bc360124b0361124ba7
:10f0e8004361124b836103f17453a3f52303a3f621
:10f0f8009243c3610025056645668566856708f005
:10f108008afee666276765672846f8bd6ff0ac009b
:10f11800704700bf67e6096a85ae67bb72f36e3c4d
:10f128003af54fa57f520e518c68059babd9831fca
:020000040000fa
:020000040001f9
:10f138005b4c4f475d20746f74616c3d2575207082
:10f14800656e64696e673d2575206f766572666cbd
:10f158006f77733d25752062756673697a653d25fd
:10f16800750d0a005b4c4f475d20706f6f6c5f6fc9
:10f1780066667365743d257520706f6f6c5f736983
:10f188007a653d257520282575206672616d657341
:10f198002078202575206279746573290d0a00008e
:020000040000fa
:020000040001f9
:10f1a800f0b585b0184e194c04f1080706e003a91c
:10f1b800284607f009fa0434bc421bd056f8040b61
:10f1c80004f00ef905460028f5d0a36800932369da
:10f1d8000193a3690293236a0393012301aa694651
:10f1e80000f006fe02a9284607f0e0f9039b002b71
:10f1f800e1d0dce7054b93f8381093f83400fff7bb
:10f2080025fa05b0f0bd00bfb47d020050ba002059
:020000040000fa
:020000040001f9
:10f2180070b5028c418c85682b8a12f0080f04bfe8
:10f2280023f001039bb211f4405f04bf23f00803ed
:10f238009bb212f4c04f04bf23f010039bb212f428
:10f24800c05f04bf23f020039bb202f4a04401f482
:10f258008076344304bf23f002039bb202f42052a9
:10f2680001f080010a4304bf23f004039bb22b6121
:0cf27800826a1380002106f019f870bdb6
:020000040000fa
:020000040001f9
:10f2840050bb174b93f803310bb11548704770b559
:10f29400134e4ff486720021304608f075f9114b75
:10f2a400c6f8d830002386f80031012386f80331ec
:10f2b400344604f8043b0c4d0fcd0fc495e8070009
:10f2c40084e8070006f1b40007f054f806f1c4001e
:10f2d40007f050f8024870bd4ff0ff30704700bf90
:0cf2e400ccb0002037251672e068020054
:020000040000fa
:020000040001f9
:10f2f000f8b550bb184e96f90630022b03d173882f
:10f3000013f0010f1fd10d46a4220021124808f06e
:10f310003df9edb108f022fd0f4c0127277008f0f0
:10f3200021fd67800223a371002323816b68e360c2
:10f33000303404f15005e7732146284607f09ffb5f
:10f340001434ac42f7d13046f8bd4ff0ff36fae73f
:0cf350004ff0ff36f7e700bf78b4002054
:020000040000fa
:020000040001f9
:10f35c00184b1b7853b307282ad810b5adf5007d90
:10f36c000c46144b93f812321bb1124b5b8a83423e
:10f37c0014d0104b1844027a5b6803eb42224ff412
:10f38c000071684608f0f0f94ff4fe7201a92046ae
:10f39c0007f0f4fa00200df5007d10bd4ff4fe725d
:10f3ac000549204607f0eafa0020f4e704207047ec
:0cf3bc00022070474cad002062ad002024
:020000040000fa
:020000040001f9
:10f3c80010b582b0002300938df80430154b5c68ab
:10f3d8002388072b0bd86388adf80030b4f80232c5
:10f3e800adf802301049684607f02dffb0b104f5ba
:10f3f80000531b88072b0ed804f500535b88adf823
:10f40800003004f508546388adf8023006496846b0
:10f4180007f019ff20b1002002b010bd0120fbe762
:0cf428000120f9e74cad0020cc7c020074
:020000040000fa
:020000040001f9
:10f4340038b5194b93f81432012b02d00023184627
:10f4440038bd154c002584f81452042384f8133273
:10f454002570fcf7b3fb84f81252f6f72dfd228acf
:10f464004ff6ff739a4209d10b4b032283f8132200
:10f474000023094a012182f81412e0e7fff7a2fff2
:10f48400034620b184f8135201212170f1e7024aa6
:0cf49400032182f81312ece74cad0020bd
:020000040000fa
:020000040001f9
:10f4a00070b586b00d460023039304930593009333
:10f4b0000193029300eb4000134c04eb80042046c0
:10f4c00007f0e8f8014638b1836aab420cbf03a8e5
:10f4d000684607f015fbf2e701266ff00a0504e025
:10f4e00032462946184605f01ff903a807f0d2f85e
:10f4f00003460028f4d1009b1bb16946204607f063
:0cf500000cfb06b070bd00bfbcb50020c5
:020000040000fa
:020000040001f9
:10f50c000200000085fa0000e52302000300000061
:10f51c00f5440100859d010006000000f9c20100c0
:10f52c00ad5502000900000085690100ad3b0100ea
:10f53c000a000000d93c0100c19401001a0000002f
:10f54c00e50e0100bd54020020000000698001009e
:10f55c00f13b020021000000f59e0100cd130200da
:0cf56c00270000008d880000bd5a02003e
:020000040000fa
:020000040001f9
:10f578003a20737461636b20636f6d6d616e6473a1
:10f588000000000074637069700000004661696cd7
:10f59800656420746f2063726561746520544350fc
:10f5a800495020436f6d6d616e64730d0a00000051
:10f5b800544350495020636f6d6d616e64732074bd
:10f5c80061736b20726567697374726174696f6eb9
:0cf5d800206661696c65640d0a0000bfcc
:020000040000fa
:020000040001f9
:10f5e40070b5174c23681b6840f277721549834243
:10f5f40014bf0020012006f04dfa23681b68dd6863
:10f60400002d1bdd00240e4e02e00134a54213d070
:10f6140033682146186808f003f8037813f0010fe3
:10f62400f3d0038813f4807fefd1074b1b68426843
:10f634009b1a002be9dd00e0002070bd0020fce7f0
:0cf644002cbe00207467020028be0020cd
:020000040000fa
:020000040001f9
:10f650002de9f043a1f1040e7346042b28bf0423c7
:10f66000bef1000f26d08446002738460cf1ff3843
:10f6700009e0002c08bf03200437cb1b042b28bf54
:10f680000423be4517d9fe18002b11dd08eb070532
:10f690000ceb060263441e44002400bf12f8013b39
:10f6a00015f8019f83ea09031c43b242f6d1e0e753
:0cf6b0000320e1e70020bde8f08300bf6c
:020000040000fa
:020000040001f9
:10f6bc005b504c43415d204c414e20627573792068
:10f6cc002d206170706c7920736b6970706564208b
:10f6dc00287265747279207768656e2069646c6530
:10f6ec00290d0a005b504c43415d206e6f64652010
:10f6fc0049442073657420746f20257520284e4f63
:10f70c0044455f434e543d25752c207265673d3052
:0cf71c00782530386c58290d0a0000bf19
:020000040000fa
:020000040001f9
:10f7280010b50446838b012b12d01ab232b1022bca
:10f738001fd04ff0ff3105f0b9fd10bd022104f0d4
:10f74800bffb0028f9d0022363830123a383f4e7d6
:10f7580006f09afa0028f0d0a38ea4f844300321ca
:10f76800204604f0adfb0028e7d002236383a3837f
:10f77800e3e706f089fa0028dfd0a38ea4f8463024
:0af78800032363830023a383d7e764
:020000040000fa
:020000040001f9
:10f7920038b50d46049807f0a4ff50b1044690f81e
:10f7a200023103b935b9002384f80231e36e013323
:10f7b200e36638bdd0f8ac100023c0f8ac30436e1d
:10f7c200013343660a6993684b610e338b61936818
:10f7d2001b78ff2b1abf0b6a43f0100320230b6226
:10f7e200c43004f0cef8b4f8a40040f01000a4f83d
:0af7f200a400236c616c9847dbe76c
:020000040000fa
:020000040001f9
:10f7fc0010b5044606f046fa48b3a28ea3681b8add
:10f80c0013f0010f0fd013f0080f21d003f00201f9
:10f81c0000290cbf00214ff4005113f0040f0dd040
:10f82c0041f480510ae013f0080f13d003f00203e7
:10f83c00002b14bf4ff400514ff4805102ea010326
:10f84c0063840023e363042363830323a38310bd36
:08f85c000021f3e70021f1e7b0
:020000040000fa
:020000040001f9
:10f864002de9f0410c46164981421dd100b30bb17c
:10f874002d211960fcb12d2aa8bf2d221746e2b113
:10f884000026104ddff8388024222946204608f04f
:10f89400c5f86b6a404698476062013628342835bb
:10f8a400b742f1d1002001e06ff00500bde8f0811e
:10f8b4006ff00500fae70020f8e70020f6e700bf44
:08f8c40040bf002040300000ad
:020000040000fa
:020000040001f9
:10f8cc002de9f84305468846076943699847eb6874
:10f8dc003bb30446002607e03c44eb68a34298bfc8
:10f8ec00e41a0136b34217d9ab6803fb04f32a6858
:10f8fc0002eb0309d35c13f0010fedd0eb69424628
:10f90c004946284698470028e6d199f800306ff30d
:10f91c00410389f8003001e04ff000094846bde88a
:08f92c00f8834ff00009f9e730
:020000040000fa
:020000040001f9
:10f934000288130a43ea022303804288130a43ea33
:10f944000223438043681a0e42ea0362190201f457
:10f954007f010a431b0a03f47f4313434360836814
:10f964001a0e42ea0362190201f47f010a431b0ad8
:10f9740003f47f4313438360c289130a43ea0223d7
:10f98400c381028a130a43ea02230382428a1302ce
:08f9940043ea1223438270478d
:020000040000fa
:020000040001f9
:10f99c0070b5154b1b68a3b1144b1b688bb10024bd
:10f9ac00114e124d07e00022022101f003fe01343a
:10f9bc002b68a34205d9336853f824000028f2d1f0
:10f9cc00f5e70b4b1868084cc3682168984700236f
:10f9dc002360064a1360074b186820b107f021ff1b
:10f9ec00044b00221a6070bd74be002078be00204b
:08f9fc0080be00208cbe00203b
:020000040000fa
:020000040001f9
:10fa040072657365740000003a2052657365742052
:10fa1400686f737400000000710000003a20717573
:10fa2400697420636f6d6d616e642070726f6365bd
:10fa340073736f720000000068656c700000000052
:10fa44003a2068656c7000001b5b41001b5b420040
:10fa54001b5b43001b5b44001b5b317e000000000a
:08fa64001b5b347e000000bfb3
:020000040000fa
:020000040001f9
:10fa6c0008b5022913d11346104a1278c2b90022e4
:10fa7c001146586807f0a2fd0d4b186000230d4a83
:10fa8c0013700d4a1370094b01221a7008bd0b49f3
:10fa9c000020fff7dbf80a490020fff7d7f8f5e75d
:10faac0008490020fff7d2f8f0e700bf3fbf002065
:10fabc00d8be00203dbf00203cbf00208830020093
:08facc00a83002005ccb010030
:020000040000fa
:020000040001f9
:10fad400f8b50f4614461d4605f03efd38b30646fc
:10fae4003cb306f065fc2b198342c4bf401b84b2af
:10faf400316a2944b5698d4203d27369eb1adb4339
:10fb040019446d1a0135adb2ac4205d822463846c7
:10fb140004f050f820460de02a46384604f04af82e
:10fb2400621b7169781904f045f8204602e0002050
:06fb340000e02046f8bdd0
:020000040000fa
:020000040001f9
:10fb3a00f0b58fb00f4616461d46044608b3006f4f
:10fb4a0004f09dff08b3436813b300230793089397
:10fb5a0009930a930b930c930d93012301930623a4
:10fb6a00029306940397049605954368826801a94f
:10fb7a000068984710f1ae0f08bf6ff487700fb096
:10fb8a00f0bd002002f0b9fcdce76ff48770f6e7fd
:06fb9a006ff48770f3e731
:020000040000fa
:020000040001f9
:10fba00010b50446838b33b1012b0ed06ff00801e2
:10fbb00005f080fb10bd002104f086f90028f9d083
:10fbc000022363830123a383f4e706f061f800288e
:10fbd000f0d094f93530002b04db0021204605f0ed
:10fbe00069fbe7e705f032fde36a984204d202239d
:10fbf00063830023a383dde74ff0ff31204605f048
:04fc000059fbd7e7ee
:020000040000fa
:020000040001f9
:10fc040069bf0100255e0200a9720200656c020052
:10fc1400454d0200f57d010079590200055e0200a0
:10fc2400e55d0200dd520200194d020029b4010015
:10fc3400bd320200f9320200092d0200a5210200a2
:10fc4400b9160200c92c0200ed4c020055590200fd
:10fc5400c1cd010039d80100b3760200c376020099
:04fc6400316a0200ff
:020000040000fa
:020000040001f9
:10fc6800f8b5174b834222d120b393f89c40013c4e
:10fc780064b2002c21db04eb8405ad001e460de0c8
:10fc8800e7b23946304606f028fb39463046fbf7de
:10fc980005fe013c64b2143d002c06dbd6f8983012
:10fca8002b441b7c002bf4d0eae7002001e06ff026
:10fcb8000500f8bd6ff00500fbe70020f9e700bf7d
:04fcc80040bf002019
:020000040000fa
:020000040001f9
:10fccc0038b5174b83421fd108b393f91430022b6c
:10fcdc0020d111b30c46124d284604f075f90323bc
:10fcec00e3800123237240f2dc53638195f8b13039
:10fcfc00237395f8b230637395f8b330a37395f80a
:10fd0c00b830e373002001e06ff0050038bd6ff0f0
:10fd1c000500fbe76ff00100f8e70020f6e700bff5
:04fd2c0040bf0020b4
:020000040000fa
:020000040001f9
:10fd300038b505460c468b7b012b0ad0022b1bd015
:10fd400040f2f2321249002005f04cfe0723a37363
:10fd500038bdc06807f0c8fd0028f9d1a288e18845
:10fd6000e86805f029fa637b03f00103002b0cbf60
:10fd700002230623a373ebe7c06807f0b5fd002854
:10fd8000e6d1e86808f033f8a0600623a373dfe744
:04fd900048730200b2
:020000040000fa
:020000040001f9
:10fd940038b504460d46fdf7a9f9034658b11a785b
:10fda40012f0010f0ebf42f003021a786ff3410202
:10fdb4001a70184638bd616ae2689142f9d1a269a5
:10fdc400002af6d02046904703460028f1d0027856
:10fdd40012f0010f06d002786ff300020270636a1a
:10fde400013b636229462046fdf780f9034600285b
:04fdf400d5d1dee7a0
:020000040000fa
:020000040001f9
:10fdf8002de9f04160b3054690f8420010f0400f3d
:10fe080003d100242046bde8f081984617460e46e7
:10fe18000021284607f0a9f904460028f2d056b177
:10fe280033686b60b8f1000f05d0ab614fb13b6828
:10fe3800ab60eb6105e027b13b68ab60b8f1000f40
:10fe4800f7d195f843306ff3041385f84330d9e7b9
:04fe58000024d7e7c4
:020000040000fa
:020000040001f9
:10fe5c00f8b505460e460161b1f8601041610276b5
:10fe6c004376134ca4f16c070c3ca36828469847c6
:10fe7c00bc42f9d131460120fff70cfb306d10b1bb
:10fe8c00736c1b6a9847f06c10b1736cdb68984705
:10fe9c0000233365f36496f8432063f3861286f8e7
:10feac00432096f8422063f3861286f84220f8bd70
:04febc0078f50100d4
:020000040000fa
:020000040001f9
:10fec00038b5044615460a6a42f008020a62086913
:10fed00082890e3a82818c620f4806f011fe05b9c4
:10fee00038bd07f03bffb4f8623043f01003a4f8cc
:10fef00062300a4a136801331360094c238b43f0c4
:10ff00000103238307f02eff0022012104f11000da
:10ff100006f034fbe4e700bfc8b50020c4bd0020f4
:04ff200098a800207d
:020000040000fa
:020000040001f9
:10ff240070b50446456803290ad003681b68104964
:10ff34002846984723681b680e492846984770bd91
:10ff44001646506803f04efa60b1b16804f0aefa98
:10ff540023681b680849094a002808bf1146284637
:10ff64009847ece723681b68054928469847e6e765
:10ff7400e0de010008df0100b4de0100c8de01009c
:04ff84005c500100cc
:020000040000fa
:020000040001f9
:10ff88000d0a69706572663a205761726e696e670c
:10ff98002c2054435020736572766572206469730f
:10ffa800636f6e6e656374206465746563746564fd
:10ffb8000d0a000069706572663a204661696c65d1
:10ffc8006420746f206765742025642062797465e5
:10ffd8007320736f636b657420545820737061636a
:04ffe800650d0a0099
:020000040000fa
:020000040001f9
:10ffec0008b5174b1b6833b338b30246834205d0b0
:10fffc009868f8b1824212d00346f9e7104b5b685f
:020000040002f8
:10000c00834207d081680e4b1960104602f06efdda
:10001c0001200fe00a4b002119605960f5e7826856
:10002c009a60074a5268824204bf054a536002f044
:10003c005dfd012008bd0020fce70020fae700bfb1
:04004c0070bd002063
:020000040000fa
:020000040002f8
:1000500038b5032908d013490020fef7fdfd1249e9
:100060000020fef7f9fd38bd1446002211466068f5
:1000700007f0aafa054600221146a06807f0a4fa84
:10008000044650b103462a4608490020fef7e4fd25
:1000900021462846f8f720f9e5e70549fef7dcfd9b
:1000a000e1e700bfcce60100f0e6010024e7010033
:0400b00010e7010054
:020000040000fa
:020000040002f8
:1000b40038b505460139052904d8dfe801f00528db
:1000c4000d1b2428002023e007f046fe01242c7099
:1000d40007f046fe20461be007f03efe2b781bb9d6
:1000e40007f03efe002013e0013b2b7007f038fec2
:1000f40001200de007f030fe2b7801332b7007f060
:100104002ffe012004e000230360012000e0012011
:0201140038bdf4
:020000040000fa
:020000040002f8
:1001160010b50c4605f0e3f9a8b1034624b194f8ee
:10012600422012f0400f10d100225a6219e093f8d3
:100136003f2012f0020f14d193f840206ff3c30250
:1001460083f840200de0002012e090f842206ff383
:10015600410280f84220446290f8492012f0040fd0
:10016600e5d093f8422042f0020283f842200120b3
:0201760010bdba
:020000040000fa
:020000040002f8
:1001780019b310b582b00c46096809b318b390f8e2
:10018800421011f0400f03d16ff0050002b010bd0e
:10019800214653b190f8433013f0100f16d1009256
:1001a8000123021df6f7c4fdf0e7fcf7cdf900289e
:1001b80014bf02204ff0ff30e8e76ff004007047eb
:1001c8006ff00400e2e76ff00500dfe76ff007006b
:0201d800dce762
:020000040000fa
:020000040002f8
:0201da0070476c
:020000040000fa
:020000040002f8
:1001dc0038b50c468b7b012b0ad0022b1dd040f27c
:1001ec0013421249002005f0f7fb0723a37338bd17
:1001fc000546c06807f072fb0028f8d12389a28855
:10020c00e188e86804f074fe637b03f00103002bc3
:10021c000cbf02230623a373e9e7c06807f05efb5b
:10022c000028e4d10623a373e1e700bf5c7302004e
:020000040000fa
:020000040002f8
:10023c00f8b50f46164601f055fd78b10546048811
:10024c00104b742202fb04342046f8f7a7f878b15f
:10025c006f60ae602046f9f733fdf8bd07f0b0fbd8
:10026c000028fad007f0a6fb074904f0bffbf4e71f
:10027c0007f0a6fb0028f0d007f09cfb034904f024
:10028c00b5fbeae760b700202812020060120200fa
:020000040000fa
:020000040002f8
:10029c0038b50546154c042384f81332012384f831
:1002ac0014324ff47c236360002384f81232f5f788
:1002bc00fffd228a4ff6ff739a420ad0fff77ef8b1
:1002cc0068b10a4b002283f8132201221a702846c7
:1002dc0038bd032284f813224ff0ff30f8e7034bac
:1002ec00032283f813224ff0ff30f1e74cad0020ce
:020000040000fa
:020000040002f8
:1002fc0038b504460d460f4b186820b101f0b0fd1f
:10030c000c4b00221a6000220b4b1968202005f0c0
:10031c007ff80a4b00221a7044b123685c68084bc2
:10032c001b68084a126808492846a047074b002258
:10033c001a6038bde0bd002018be0020d1bc0020e2
:10034c00ccbd0020d8bd0020283c020014be0020eb
:020000040000fa
:020000040002f8
:10035c0008b590f87730012b02d04ff0ff3008bd74
:10036c00036c13b94ff0ff30f9e7b0f84230b0f836
:10037c0040201344b0f860201344b0f8622053407e
:10038c00a0f87230002380f87830084b1b689b086b
:10039c00036501220221e4f78dfb28b10028ccbfb4
:1003ac0001204ff0ff30dae70020d8e77cbe0020b8
:020000040000fa
:020000040002f8
:1003bc0058b370b506464b1e9bb240f2ed508342cb
:1003cc001ed80c4600223820fdf762f80546b8b15d
:1003dc000369986868612246314606f0cffa2b69aa
:1003ec009c816b690e33ab61084bab600023eb60f7
:1003fc00012005f021fe20b12946006df8f72efcf6
:10040c0070bd284603f062f8fae77047ad7d020034
:020000040000fa
:020000040002f8
:10041c0008b501290edc104b1968104a104b002945
:10042c0008bf1a460f490020fef710fc0a4b1b6848
:10043c004bb908bd134600221146586807f0bef8a8
:10044c00054b1860e7e708490020fef7fffb07495a
:10045c000020fef7fbfbece7e8be0020c4a6010081
:10046c00c8a60100cca60100eca6010034a701002f
:020000040000fa
:020000040002f8
:10047c0008b550681022002107f0a0f80e4b186048
:10048c0058b101280dd0022810d003280cbf0b49fd
:10049c000b490020fef7dafb08bd0a49fef7d6fb34
:1004ac00fae709490020fef7d1fbf5e707490020e0
:1004bc00fef7ccfbf0e700bfe4be0020f0a9010082
:1004cc001caa010088a90100a8a90100cca901005f
:020000040000fa
:020000040002f8
:1004dc0030b591b007f008fa032817d0684602f03f
:1004ec00c1fab0b10e4c6d460fcd0fc40fcd0fc479
:1004fc000fcd0fc495e80f0084e80f00094b0a4a92
:10050c0005210a48fcf7b2f811b030bdfef78cff9c
:10051c00e4e70348f5f7cafb03f022f9eee700bf66
:10052c0050ba0020a8370200e0370200e43702007e
:020000040000fa
:020000040002f8
:10053c00c9b2f8b50446f1b103469a0718461ed164
:10054c004ff001354d431e4656f8044b84ea05071f
:10055c00a4f10132a7f1013022ea040220ea0700db
:10056c00024312f0803f11d0184613f8012b2ab128
:10057c008a42f9d102e006f0a3fd2044f8bd13f83d
:10058c00012b002afad08a42d7d1f7e73346dae7b3
:020000040000fa
:020000040002f8
:10059c0037b5154d2b68044673b105f07dfe0190ff
:1005ac0001a806f059fe0f30019920f00f0006f05b
:1005bc009ffd60b100232b60002c08bf01240f3479
:1005cc0034f00f0405d1094b0c221a60204603b0fd
:1005dc0030bd042c38bf04242046fdf761f80028f8
:1005ec00f5d040f8044cf2e7a4c0002010bf002066
:020000040000fa
:020000040002f8
:1005fc00f0b59bb004460d46164600214c2207a8c8
:10060c001f4606f0bdff4ff0ff33029303f20313b6
:10061c00039304b901accde9044555b16a1e002d14
:10062c00069208da094b4f221a604ff0ff301bb0cc
:10063c00f0bd2a46f3e71cbf002323703a4631462f
:10064c0002a8cde9074406f0d1f9f0e710bf00206d
:020000040000fa
:020000040002f8
:10065c0010b50446837d13f0200f10d0a37d13f04a
:10066c00080f18d0d4f8a8309b6b002211462069d3
:10067c009847002816db032384f8463010bd04f09d
:10068c00dfffa36bc01ae36b9842f7d3a37d43f053
:10069c002003a375e2e743f01003a375002384f84d
:0c06ac004630ebe7204605f007fee7e7cc
:020000040000fa
:020000040002f8
:1006b8002de9f04182b00f4690461e46089807f093
:1006c8000df808b3054690f8064124b100242046e9
:1006d80002b0bde8f081012380f80631d0f8880027
:1006e80005f18c0301930096434632463946eef7ee
:1006f800f5fdd5f88c30b3f1ff3f01d00124e6e7d2
:0c070800002385f80631e2e70024e0e75a
:020000040000fa
:020000040002f8
:10071400134b1b682bb1834200d07047104b00224f
:100724001a60104b1b68104a1088b8b193f8422025
:1007340012f0400f0bd1002201327433824205d0f3
:1007440093f8421011f0400ff6d000e00023044a61
:100754001268002ae1d1024a136070470023fae7c5
:0c076400b8bd0020bcbd002074bc00200b
:020000040000fa
:020000040002f8
:10077000154b5a6b1ab310b40146824204d18369f7
:10078000abb1002206e01a469369d3b19942fad17f
:100790008b6923b18c689868204498604ab18b6952
:1007a0009361002000238b615df8044b70471a466b
:1007b000f4e7054b5a6b92695a630120f2e7002077
:0c07c00070470020f0e700bf10ba0020d6
:020000040000fa
:020000040002f8
:1007cc0008b5124b1b68abb9104b02221a60104bc8
:1007dc0000221a6007f0bcfa0e4b01221a7007f0c7
:1007ec00bbfa0d4806f057ff002807da0020074b2c
:1007fc00186008bd012b04d00020fae7044b064a10
:10080c001a600120014b1860f3e700bfc4be002042
:0c081c00c0be00203bbf0020d8b100206f
:020000040000fa
:020000040002f8
:10082800f0b58fb00f4616460546e0b1406904f0b2
:1008380027f90446e4b16368ebb12422002105a836
:1008480006f0a0fe042301930295039704966368bb
:10085800a26801a92068984710f1ae0f08bf6ff48d
:1008680087700fb0f0bd002001f048fe0446e1e7b4
:0c0878006ff48770f5e76ff48770f2e70b
:020000040000fa
:020000040002f8
:1008840000b583b01149d1f8003ad1f8040ad1f87f
:100894000c2ad1f8081a1b1a40200190009103f089
:1008a4003f030b490020fef7d5f945f6e06240f21c
:1008b400ee53019310230093134606498a580649c0
:1008c4000020fef7c7f903b05df804fb7870002040
:0c08d40038f10100000000206cf1010070
:020000040000fa
:020000040002f8
:1008e0000e4a38b5002313600d4a0e4c13600e4ab1
:1008f0000e4d13600e4a13600e4a13600e4a536287
:1009000013610123936006f075ff00f0d4feac4242
:1009100000d338bd54f8043b9847f8e718bf0020cf
:10092000fcb8002070020000f8b80020740200003b
:0c093000f0b80020f4b8002000b900204e
:020000040000fa
:020000040002f8
:10093c0000b583b0e2b941f28c13c35cc3b900f5c6
:10094c008b530833d3e90023134301d1002302e076
:10095c0000f58b53083300f58b521268009241f26c
:10096c007812825a0121fef70eff03b05df804fbea
:10097c00002141f28c13c15400f58b531b6800937a
:0a098c000b460a46fef7fffeefe7f8
:020000040000fa
:020000040002f8
:100996008268917a138a13f4c07f1cbf23f0010387
:1009a6009bb213f0010f04bf23f400739bb211f046
:1009b600080f07d043f40053136101234383002338
:1009c6008383704711f0040f02d043f48053f3e79a
:1009d60011f0020f02d043f40043ede711f0010fce
:0809e60018bf43f48043e7e76a
:020000040000fa
:020000040002f8
:0209ee00704750
:020000040000fa
:020000040002f8
:1009f000144b834220d110b310b586b00c460023af
:100a00000093adf8043029b106226946204605f06e
:100a1000adff60b900220023cde902238df8143028
:100a200002a90848eff7acfc002006b010bd049402
:100a300001238df81430f3e76ff0050070476ff075
:080a40000500704740bf0020d3
:020000040000fa
:020000040002f8
:100a4800501001009c7c02002d970000c55f020039
:100a580083fa0000a9450200bd5d0100c94d0200ee
:100a6800a55f020035220200f10902007588010025
:100a7800698c0100e906010069fc01007984010024
:100a8800cdfc010065f80100ed210200590d0100bf
:080a980045b90100656402008c
:020000040000fa
:020000040002f8
:100aa00010110100c47c0200d74b0200bb350100cd
:100ab000ab3b0100dd7d0200ad1e0000b52301004f
:100ac000473102002d7e0200e37d0200317e0200ec
:100ad000118a0100c32b0200e97d0200e91f020018
:100ae0000553020025bd0000693a0200257c020082
:080af00009400200bd7c020078
:020000040000fa
:020000040002f8
:100af80021b370b40e68eeb1114b1968114b1a8806
:100b0800d2b100230de091f8424014f0400f04d018
:100b18004c6874408d682c4209d00133743193427b
:100b280004d00028efd08842f7d1ece7002108462e
:100b380070bc70470021fae70021f8e708467047c3
:080b4800bcbd002074bc0020bc
:020000040000fa
:020000040002f8
:100b5000756e6b6e6f776e006d69696d3a20416ed0
:100b60006f74686572206f7065726174696f6e2052
:100b70006f6e676f696e672e205265747279210df2
:100b80000a0000006d69696d2025733a20616e20ae
:100b90006572726f72206f636375727265643a205a
:080ba0002564210d0a0000bfcd
:020000040000fa
:020000040002f8
:100ba800013880b2092820d810b500b200ebc00483
:100bb800104b13f82430d3b123460e4c04eb8303b7
:100bc8009b681c6944b100ebc0000a4b03eb800032
:100bd800b0f90600a04710bd00ebc000054b03ebc1
:100be8008000ff23c3700020f5e700207047002035
:080bf800f1e700bf64af00202b
:020000040000fa
:020000040002f8
:100c0000013880b2092820d808b500b200ebc00234
:100c1000104b13f82230d3b113460e4a02eb830374
:100c20009b689a6942b100ebc0000a4b03eb80005d
:100c3000b0f90600904708bd00ebc000054b03eb80
:100c40008000ff23c3700020f5e7002070470020dc
:080c5000f1e700bf64af0020d2
:020000040000fa
:020000040002f8
:100c5800013880b2092820d808b500b200ebc002dc
:100c6800104b13f82230d3b113460e4a02eb83031c
:100c78009b68da6942b100ebc0000a4b03eb8000c5
:100c8800b0f90600904708bd00ebc000054b03eb28
:100c98008000ff23c3700020f5e700207047002084
:080ca800f1e700bf64af00207a
:020000040000fa
:020000040002f8
:100cb000013880b2092820d808b500b200ebc00284
:100cc000104b13f82230d3b113460e4a02eb8303c4
:100cd0009b68da6a42b100ebc0000a4b03eb80006c
:100ce000b0f90600904708bd00ebc000054b03ebd0
:100cf0008000ff23c3700020f5e70020704700202c
:080d0000f1e700bf64af002021
:020000040000fa
:020000040002f8
:100d0800013880b2092821d808b500b200ebc0022a
:100d1800104b13f82230dbb113460e4a02eb830363
:100d28009b681a6b4ab100ebc0000a4b03eb8000ca
:100d3800b0f90600904780b208bd00ebc000054b33
:100d480003eb8000ff23c3700020f5e70020704705
:080d58000020f1e764af002068
:020000040000fa
:020000040002f8
:100d600008b5144b9b7df3b1124a137edbb2927d22
:100d700012f0800f18d10f4a137edbb2927d12f071
:100d8000010f04d013f0010f01d0faf751fa094a0c
:100d9000137edbb2927d12f0040f04d013f0040f27
:100da00001d0f9f75ff908bd13f0800fe3d001f02f
:080db00083f8e0e70034004085
:020000040000fa
:020000040002f8
:100db8002de978480546134c63689b69984760613c
:100dc800606906f043f9064603f02afe06f0c2ff02
:100dd800d4e90abc1beb06024cf10003c4e90a2360
:100de80006f0bcff2846fbf73ffe08b9bde8788847
:100df80006f0b0ff0446f9f7adfb204606f0aeff5b
:080e0800f4e700bf10ba00205e
:020000040000fa
:020000040002f8
:100e100038b5044602f094ff10b3204602f0f2fb0e
:100e20000546b0b14378b3b983680bb943688360b2
:100e30000c4b93f8303043b92846fff7bdff002430
:100e40002c756c7501236b7006e02846fbf710fecd
:100e5000f5e7012400e0002404f0e4fe204638bd5c
:080e60000124fbe710ba002099
:020000040000fa
:020000040002f8
:100e680003000000c4770200060000000000000034
:100e780002000000c456020009000000a47d020020
:100e88000a0000009c7d02001a000000fc790200a4
:100e98002000000000000000210000000000000009
:100ea8000100000078c0002050100000783d0200ca
:080eb800270000002462020083
:020000040000fa
:020000040002f8
:100ec000757c02005d400100458901005922010046
:100ed00091930000054c020000000000000000009b
:100ee000e1b00100000000009d23020091680100b4
:100ef00041d9000000000000a15d0200d94f0200ae
:100f0000295b0200d97801007d2002000d55020006
:080f1000291102009f7102008b
:020000040000fa
:020000040002f8
:100f18006b7c02005d4001004589010059220100f7
:100f280091930000054c0200000000000000000042
:100f3800e1b00100000000009d230200916801005b
:100f480041d9000000000000a15d0200d94f020055
:100f5800295b0200d97801007d2002000d550200ae
:080f6800291102009f71020033
:020000040000fa
:020000040002f8
:100f70004f6b0200f18d010013160200b58e0100c7
:100f8000dd4c0100bf58020061520200e171020015
:100f9000696b0200334c02008d35020093e20100c0
:100fa000e5580200d5fa01000b590200614c02001d
:100fb000955b0200dd860100e92001005b760200fe
:080fc000836b0200897102003d
:020000040000fa
:020000040002f8
:100fc80089b10100f18d010013160200b58e0100f0
:100fd800dd4c0100bf58020061520200e1710200bd
:100fe800696b0200334c02008d35020093e2010068
:100ff800e5580200d5fa01000b590200614c0200c5
:10100800955b0200dd860100e92001005b760200a5
:08101800836b020089710200e4
:020000040000fa
:020000040002f8
:1010200072656164656e763a2072656c6f616465a5
:10103000642066726f6d20454550524f4d20616ea1
:1010400064206170706c6965642e0d0a00000000f8
:1010500072656164656e763a206e6f2076616c69a8
:101060006420636f6e66696720696e204545505243
:081070004f4d2e0d0a0000bfd8
:020000040000fa
:020000040002f8
:1010780038b5036d04463bb1426d934204dc00234e
:10108800e3644ff0ff3038bd204604f07bfb0028b6
:10109800f5db236dd4e90f12a3b1656d5b1b551aff
:1010a800ab420fdc013b0b44e36422b1636d521a7f
:1010b80001321a44626511f8013c834218bf01f8f5
:0810c800010ce0e71346efe71d
:020000040000fa
:020000040002f8
:1010d0002de9ff41134dd1f80080af88adf80c70b9
:1010e00006462868029002aca8798df80e00002a06
:1010f00018bf1446d1e901571a461bb9204605f01e
:10110000e5ff0246002d02dbaa4228bf2a46cdf8a1
:1011100000803b4621463046fcf70afb04b0bde8a0
:08112000f08100bfd47d020044
:020000040000fa
:020000040002f8
:1011280010b504f0dbf910b3044690f83c30012bfd
:1011380018bf002000d010bdc3682bb11b6a13f084
:10114800080f07d00023c360012211462046faf792
:1011580045fc70b194f8413013f0020f02d04ff4ff
:10116800b860e8e76068a368c01a80b2e3e70020c7
:06117800e1e70020dfe7c3
:020000040000fa
:020000040002f8
:10117e00f0b50c4649682368a668e76887b0002971
:10118e000593a4bf23f00203059305ab02930a2334
:10119e00cde900630546d2e900232046fdf7bbfbef
:1011ae002269059b0093013a3346121a39182846d4
:1011be00fcf7b7fa6b68db0503d563689842b8bfd6
:0611ce00184607b0f0bd59
:020000040000fa
:020000040002f8
:1011d40038b50c468b7b012b0dd05ab2bab1043b07
:1011e400dbb2012b13d80831c06806f023feb0b17e
:1011f4000523a37313e00546c06806f073fb70b9ba
:10120400a288e188e86806f013fea07307e04ff4b3
:1012140086620349002004f0e3fb0723a37338bd6f
:0412240070730200e1
:020000040000fa
:020000040002f8
:10122800496e76616c6964204472697665722048fb
:10123800616e646c650000004661696c65642074c9
:101248006f2067657420636c69656e74206d7574b2
:101258006578206c6f636b004661696c6564207407
:101268006f20676574207265736f75726365206c93
:041278006f636b0035
:020000040000fa
:020000040002f8
:10127c0008b528b1104b186804f0eefe0346b0b95f
:10128c000e4b1b680e4a108898b1002203e0013205
:10129c00743382420ad093f8421011f0400ff6d00a
:1012ac0093f86a1011f0010ff1d000e000231846fa
:1012bc0008bd0023fbe700bfb8bd0020bcbd00206b
:0412cc0074bc0020ce
:020000040000fa
:020000040002f8
:1012d00050696e673a2077726f6e67207265706c26
:1012e000792072656365697665642e204d61736b44
:1012f0003a2030782532780d0a00000050696e6778
:101300003a207265706c795b25645d2066726f6d42
:101310002025733a2074696d65203d2025646d7326
:041320000d0a0000b2
:020000040000fa
:020000040002f8
:101324002de9f04383b00546894690461f460f4c8d
:1013340004f1200004f0aefa246a84b90c4805f0e4
:10134400b5f903b0bde8f083a368009366683b4633
:10135400424649462846b0472468002ceed0e3684c
:10136400002bf1d0ab42f7d1eee700bf40b900202b
:0413740060b900203c
:020000040000fa
:020000040002f8
:1013780038b504460d4690f8ce30012907d0012b28
:101388000cd00f4b1b78a3b184f8ce5038bd012b7d
:10139800f7d00b4a1378013b1370f2e7084a137829
:1013a8000133137000224ff48071212000f098fa65
:1013b800e7e74ff48071212004f040f8e4e700bf2c
:0413c80035bf00200d
:020000040000fa
:020000040002f8
:1013cc0070b5114b1c68002c02dd037e022b00d083
:1013dc0070bd013c0c4b1c60002cf9d10b4b1b68f5
:1013ec00002bf5dd0a4d094e09e006f01afa002330
:1013fc00c5f8c0300134d8353368a342e8ddd5f8e0
:10140c00c0000028f1d1f5e790be002094be00206a
:04141c00e0b200201a
:020000040000fa
:020000040002f8
:10142000114b1b7823b90123104a13700e4a137015
:10143000a0b9b1b10e4b93f9003013b14ff0ff30aa
:10144000704710b588680a4b98604a685a60022451
:101450001c70536809689847002010bd4ff0ff309a
:1014600070474ff0ff3070473abf002039bf00206f
:0414700044bd002057
:020000040000fa
:020000040002f8
:10147400f0b583b01f4603b9f8b122b94ff0ff3479
:10148400204603b0f0bd14460e4605460c4bd86802
:101494004ff47a720023a0fb040103f053fb00977e
:1014a40033462a4601460020f9f714fa0446b0f1ff
:1014b400ff3fe5d0fff7aafce2e74ff0ff34dfe798
:0414c40010ba00203a
:020000040000fa
:020000040002f8
:1014c80070b404468ab10b7804f8013b551e7bb111
:1014d8008618284406e011f8015f03f8015b021b37
:1014e8004db11c46a6422346f5d1204670bc704734
:1014f80023462a460446002af7d01a44002100bf92
:1015080003f8011b9a42fbd1002c08bf1446204661
:0415180070bc7047ec
:020000040000fa
:020000040002f8
:10151c0038b50d46012100f049fbf8b14468294665
:10152c0000f064f90146b0b1837b052b87bf04f151
:10153c009802032304f18c0202232046fcf71cffc3
:10154c00002534b106f004fc23780133237006f037
:10155c0003fc284638bd6ff00105f2e74ff0ff356c
:02156c00f7e79f
:020000040000fa
:020000040002f8
:10156e0038b520b3054606f0f2fb95f84430b3b912
:10157e0006f0f1fb6b6ac3b100245a68944238bf7f
:10158e0014461b68002bf8d106f0e1fb95f84430a9
:10159e00013385f8443006f0defb200138bd013bf7
:1015ae0085f8443006f0d7fbe4e70024ece700248e
:0215be00f3e751
:020000040000fa
:020000040002f8
:1015c00070b504460d46164690f87630023b072b60
:1015d00011d8dfe803f0080808081004080811f023
:1015e000020f08d114e003680361c3608360002226
:1015f0001421e3f765fa15f0030f05d094f8753060
:1016000043f0040384f8753031462046f1f75efd5f
:0216100070bdab
:020000040000fa
:020000040002f8
:101612002de9f0410746884616461d4603f09dff18
:10162200a8b1044690f87620d31edbb2022b10d963
:10163200082a12d035b12a464146384600f019ff31
:10164200034638b15eb1a4f86060012302e00023d2
:1016520000e000231846bde8f0810023fae70123e9
:02166200f8e7a7
:020000040000fa
:020000040002f8
:1016640070b500239ab098420393a6bf00f10043db
:1016740003f1ff334ff0ff330d4611900490002126
:10168400044602a81646129305f04efddde91e231a
:101694003146cde9002302a80122e6f739fb35b132
:1016a400dde911329b1a179a13441c442c601ab0ba
:0216b40070bd07
:020000040000fa
:020000040002f8
:0216b60070477b
:020000040000fa
:020000040002f8
:1016b800d0b110b4014684681048844211d1b1f900
:1016c8000200022816d192b18a620b8402230b838e
:1016d80000238b834b8301204880c8835df8044b2b
:1016e80070476ff00a00f9e76ff00a0070476ff073
:1016f8000800f3e76ff00900f0e700bfd4b7002057
:020000040000fa
:020000040002f8
:10170800f8b58668104b9e420cbf1e460026836ab9
:101718001bb9002103f0cafdf8bd044603f092ff8f
:101728000746336a1d6803f0a1ff00fb05f000f2cd
:10173800e730064da5fb003007eb9010e06202236e
:1017480063830023a383e7e7d4b70020d34d621057
:020000040000fa
:020000040002f8
:101758002de9f0410446904601eb01118e0000f19d
:10176800600502e0d7b1e36a93b9236b13b1032193
:1017780028469847d4f88c003044183004f08afe84
:101788000746236b002bedd0042128469847e9e74c
:1017980041f25002414638469847e6e7bde8f081f5
:020000040000fa
:020000040002f8
:1017a800f8b541f28711445ce4b141f2cc068519e1
:1017b800297901396f79394001eb8101890087590d
:1017c8007e18b27433829df81830f374079b7360e7
:1017d800089b7b506b7901336b7141f28813c35cb2
:1017e80013b11c462046f8bd0021e4f791fbf9e748
:020000040000fa
:020000040002f8
:1017f80009b310b50c46c87b831edbb2012b01d997
:10180800002010bd8b7b052b0ad840f213520b49e0
:10181800022814bf0020012004f0e0f82046f0e779
:1018280040f217520549032814bf0020012004f094
:10183800d5f82046e5e70846704700bfac730200bc
:020000040000fa
:020000040002f8
:101848008b691148c3f30721742202fb0101dbb243
:10185800c96803eb830331f8333002fb0302526c8f
:1018680002b9704710b5742202fb03040022114626
:10187800e06a04f0f9ff636c626b0449e06af5f70b
:10188800b5fb0023636410bd60b70020f0bc0020e6
:020000040000fa
:020000040002f8
:10189800e0b12de9f04180460f4b1c680f4b1f88c3
:1018a800bfb1002503e001357434bd420ad0666c2f
:1018b800002ef8d07168404605f0c5fc0028f2d12a
:1018c800308801e04ff48050bde8f0814ff480503b
:1018d80070474ff48050f7e7bcbd002074bc00206f
:020000040000fa
:020000040002f8
:1018e80001281cd938b515460c460e4b03eb0010e1
:1018f80003890b430381002204f03cfe14f4807f2b
:1019080003d0094a1368013313600db1284638bd66
:1019180000222146054804f02dfe0120f7e70020ab
:10192800704700bf98a80020acbd0020a8a80020e0
:020000040000fa
:020000040002f8
:101938006661696c656400006f6e00006f66660022
:1019480074637020747261636520257320666f72fa
:1019580020736f636b65743a2025642025730d0a24
:101968000000000075736167653a207463707472d3
:10197800616365206f6e2f6f6666206e0d0a00002a
:020000040000fa
:020000040002f8
:10198800495076343a204661696c656420746f204a
:10199800726567697374657220415250206e6f7466
:1019a800696669636174696f6e21200d0a00000021
:1019b800495076343a2041525020656e74726965f8
:1019c8007320706f6f6c20656d707479210d0a003b
:020000040000fa
:020000040002f8
:1019d800544350204e554c4c2064796e616d6963b8
:1019e80020616c6c6f636174696f6e2068616e64ee
:1019f8006c652f696e697420646174610000000071
:101a0800205443502044796e616d696320616c6c89
:101a18006f636174696f6e206661696c656400004c
:020000040000fa
:020000040002f8
:101a2800697065726620696e7374616e63652025de
:101a3800643a20547820646f6e652e20536f636b70
:101a4800657420636c6f7365642e0d0a00000000d6
:101a580069706572663a20696e7374616e63652099
:101a6800256420636f6d706c657465642e0d0a00c3
:020000040000fa
:020000040002f8
:101a780038b503681b680e4940689847c0220021a2
:101a88000c4805f07ffd0c4b186868b11c46002512
:101a98006368834207bf656025608368236001f03f
:101aa80027f820680028f3d1044b01221a6038bdba
:101ab80010420200b8b3002070bd0020acbe002068
:020000040000fa
:020000040002f8
:101ac80008b583b2cbb9184603eb43020f4b03ebbf
:101ad80082035a68a2b100eb40000c4b03eb800074
:101ae800536a8068984701280cd043b263b1022832
:101af8000cbf01204ff0ff3008bd4ff0ff30fbe76f
:101b08000020f9e70220f7e70020f5e744bd0020b0
:020000040000fa
:020000040002f8
:101b180010b582b000240d4b1c700d490d4804f01f
:101b280041fe4ff47a7004f0adfe01230093234682
:101b3800094a0146204604f0b3fe084b1860fff737
:101b480063f904f0f3fe02b010bd00bf1cbf002013
:101b5800d4be0020313702005175020000bf0020ba
:020000040000fa
:020000040002f8
:101b680061646d696e00000070617373776f7264f1
:101b78000000000054656c6e6574204163636573f2
:101b8800732041757468656e746963617465640a6d
:101b98000d00000054656c6e6574204163636573c5
:101ba80073204465636c696e65640a0d000000bfac
:020000040000fa
:020000040002f8
:101bb800e8b110b504460288dab190f90c20022a7f
:101bc80019d169b94068b8b190f90620022a14d130
:101bd800428802f00102002a14bf204600200be0d0
:101be800406801f0cbfa002818bf204604e0002026
:0e1bf8007047002000e0002010bd0020fce738
:020000040000fa
:020000040002f8
:101c060010b370b505460368fbb105f07cfe0646c9
:101c1600012813dd002402e00134a6420ed020463e
:101c260004f00dfa04f01bfa02460028f4d02b68e3
:101c360041684b4081680b42eed103e00120fff77b
:0e1c46001afb0246104670bd70470022fae7f6
:020000040000fa
:020000040002f8
:101c5400416279b190f8493013f0040f0ad190f839
:101c64003f3013f0020f05d190f840306ff3c303f7
:101c740080f840308ab190f83c30012b01d000202c
:101c840070471368836190f8403043f060036ff34a
:0e1c9400c71380f840300120704700207047d1
:020000040000fa
:020000040002f8
:101ca20010b5044603f0f3ffa0b194f8343013f0fa
:101cb200040f01d1228c72b9a26a3ab1c3f3800136
:101cc20013f0100f18bf41f00401118000212046cb
:101cd20003f0effa10bd0121204602f0f4f80028cb
:0c1ce200f8d0022363830023a383f3e700
:020000040000fa
:020000040002f8
:021cee0070473d
:020000040000fa
:020000040002f8
:101cf000431e13f1030f16d810f47f4f15d1c3b252
:101d00000d4a9268934212d203eb83020a4bdb68be
:101d100003ebc2035a6a82420bd1da78002a08bf69
:101d20000023184670470023fbe70023f9e7002350
:0c1d3000f7e70023f5e700bf60b70020d4
:020000040000fa
:020000040002f8
:101d3c0008b510f0160f09d1b1f862301843a1f8ac
:101d4c0062000c4a13680133136012e0b1f8623080
:101d5c001843a1f86200074a136801331360064860
:101d6c00038b43f00103038300220121103004f0a4
:0c1d7c00fffb08bdc4bd002098a800209b
:020000040000fa
:020000040002f8
:101d8800e8b1f1b130b589b015460c46c378019376
:101d980083780093437802780b4903a804f021ff65
:101da80003a805f08ff90130a84202d9002009b034
:101db80030bd03a9204605f029fe0120f7e70020e1
:0c1dc80070470020704700bf187902002f
:020000040000fa
:020000040002f8
:101dd40010b5044602f0eefc94f842306ff3410370
:101de40084f84230204603f0c8ffe06a20b109229b
:101df4006ff0100102f096fcb4f91220054b1b6839
:101e0400002143f82210044b1868c3682146984700
:0c1e140010bd00bf60be002070be0020aa
:020000040000fa
:020000040002f8
:101e200040f2b453a0f8d23040f2be53c360002257
:101e30000023c0e908238362c36203634363c0f8dd
:101e4000943080f8cd30c0f88830c0f88c30c0f8bd
:101e50009830c0f89c30c0f8a030c0f8a430c0f86a
:0c1e6000a83080f8d030c0f8b4307047d3
:020000040000fa
:020000040002f8
:101e6c0078b103460f4a116871b110b588420ed093
:101e7c000c681cb1a3420cd02146f9e76ff00500a9
:101e8c000fe06ff0050070476ff0050070470c46cf
:101e9c000021044803f0e7fc2146034804f02afe25
:0c1eac00002010bd2cbd002038bd00201f
:020000040000fa
:020000040002f8
:101eb80008b5104b5b8b13f0070300d108bd0e4a21
:101ec800d3870c4b80221a7607225a831b7e13f085
:101ed800040f05d0074b9a6a1a7e12f0040ffad144
:101ee800054b1b6a002be9d0034b596a1b6a022079
:0c1ef8009847e3e700340040ccb900201c
:020000040000fa
:020000040002f8
:101f040030b591b0684600f0b1fd98b10c4c6d4607
:101f14000fcd0fc40fcd0fc40fcd0fc495e80f0024
:101f240084e80f00fdf73ef906490020fcf792fe15
:101f340011b030bd04490020fcf78cfef8e700bf67
:0c1f440050ba00202010020050100200d3
:020000040000fa
:020000040002f8
:101f500001f000428b1aa3f16051b1f5801f0adb3a
:101f6000b1f17f6f09d242eac102c10071f10041b3
:101f700042eb507070471046704701285b4113f5e3
:101f8000001f02d842f0ff407047c90041ea50707c
:0c1f9000104340f4800040f08040704797
:020000040000fa
:020000040002f8
:101f9c0010b50f4c236863b1002813da0d4b22687f
:101fac001b68d21a43429a4208db22681044206014
:101fbc0006e002f0dbfd2368002bedd14ff0ff3281
:101fcc00104610bd044b1a682368d21a8242ebe704
:0c1fdc0050bd002058bd002054bd002066
:020000040000fa
:020000040002f8
:101fe800e9b1f0b40c46eab14368194651f8605fac
:101ff80048688f68ce6825606060a760e6600d69f4
:1020080048692561606153f8784f58689968db68ba
:10201800146050609160d3600020f0bc70476ff08e
:0a202800050070476ff00500f7e7b0
:020000040000fa
:020000040002f8
:1020320070b50e46154660b1044690f8422012f083
:10204200400f13d13bb93046fff7dcfd044690b197
:102052000de0002bf7d029460020fef74cfd044688
:1020620048b93046fff7cefd044604e01bb92046ce
:0a20720004f023ff2860204670bd33
:020000040000fa
:020000040002f8
:10207c0070b5d9b10d46dab1144603f02dfa064607
:10208c00c8b103f039fd08b9002412e0b0687368d8
:10209c001b1a9ab2944228bf144654b122462946c0
:1020ac0001f084fdb3682344b36002e0002400e037
:0a20bc001446204670bd0024fbe727
:020000040000fa
:020000040002f8
:1020c600fab138b515460c4603f009fa034620b1b5
:1020d60090f83c20a24201d0002038bd012a01d050
:1020e6000020fae793f8402012f0030f0bd12a687c
:1020f6005a6193f8412042f0010283f84120012001
:0a210600ebe7002070470020e7e738
:020000040000fa
:020000040002f8
:1021100010b590f948305a1e134380f84830d0e982
:1021200005239a42044603d90022c36a1146984700
:1021300060680023a362c4e90533830755bfd4e96f
:10214000023240f010009b18606056bfc4e90f33a4
:0a2150004ff0ff3040f3c00010bd57
:020000040000fa
:020000040002f8
:10215a00c1f30a5340f21e42d21a0edd202a0ad8cf
:10216a00cb0243ea505040f00040d04090eae17080
:10217a00b0ebe1707047002070474b00004218bf77
:10218a0043f0010313f5001f88bf21f0004111f04d
:0a219a00004058bf6ff0004070478e
:020000040000fa
:020000040002f8
:1021a4000346a8b180680f4988420ed1b3f90210e2
:1021b400022913d17ab19a6204221a8300229a83e3
:1021c4005a8301205880d88370476ff00a00704703
:1021d4006ff00a0070476ff0080070476ff0090055
:0821e400704700bfd4b70020d2
:020000040000fa
:020000040002f8
:1021ec0030b40f4c844216d1b0b10bb1382018600a
:1021fc00a1b1372a01d800200ee00c46094d0fcdb5
:10220c000fc40fcd0fc40fcd0fc495e8030084e8a5
:10221c000300382000e0002030bc70470020fbe7b2
:08222c0040bf0020d0bf0020dc
:020000040000fa
:020000040002f8
:102234000f4b834216d1b8b19b7d13f0040f15d018
:1022440010b50b4cd4f8a8301b69e068984794f893
:102254004620084b53f8223020469847a07dc0f30f
:10226400001010bd00207047002070470020704708
:0822740040bf0020d0720200ff
:020000040000fa
:020000040002f8
:10227c00f1f201009f580100714002002d53020041
:10228c0089160100b9d90100092e0200f75c020081
:10229c005d7102006b260200a13a0200b56d0200ce
:1022ac00996a0200cd6d020025bb01001d150200cc
:0822bc00b36a0200e56d0200a7
:020000040000fa
:020000040002f8
:1022c400b0f5805f16d010b40d4b1b680d4a14880e
:1022d4009cb15a88824209d0002201327433a2424e
:1022e40003d059888142f8d100e0002318465df8f4
:1022f400044b70470023184670470023f6e700bfdd
:08230400bcbd002074bc0020e8
:020000040000fa
:020000040002f8
:10230c0009680e4b994217d010b40d4b18680d4b41
:10231c001c887cb14368994209d000230133743086
:10232c00a34203d042689142f8d100e000205df84e
:10233c00044b70470020fae7704700bf7f00000194
:08234c00bcbd002074bc0020a0
:020000040000fa
:020000040002f8
:10235400c9b130b40c46831e9bb2252b15d80c4949
:102364000301c818cd5825b1a54202d0002030bcc5
:102374007047cc5022b1074b1b689a4238bf1ab23f
:1023840082814281f3e7002070470020efe700bf1d
:0823940098a80020b4bd002050
:020000040000fa
:020000040002f8
:10239c0010b503f0a1f808b9002010bd044605f0f3
:1023ac00d7fc0c4b1b7873b905f0d6fc2046fff715
:1023bc000bfd05f0cdfc074a13780133137005f0c3
:1023cc00cbfc0120e9e7013b024a137005f0c4fc89
:0823dc00ece700bf21bf002067
:020000040000fa
:020000040002f8
:1023e400104bdb68002b1cdd10b5027e042a04d0e0
:1023f400013b0c4ad3608bb110bd0a4b1b7c002bf4
:10240400fad0084b5c68006905f008fac0eb0010cc
:1024140014eb8000f0d003f08bf8ede7f9f730fb14
:08242400eae7704740b900200f
:020000040000fa
:020000040002f8
:10242c0070b50546b0f8666084694369e41aa4b2d5
:10243c0003f0baff201a80b284420cd0864211d22b
:10244c006408801bb5f86c309c4228bf1c46a04227
:10245c0001dc002007e0012210212846e2f72afbcc
:08246c00012000e0002070bd1a
:020000040000fa
:020000040002f8
:10247400f2b138b515460c4603f06ef8034620b1a8
:1024840090f87720a24205d0002038bd2a681a644b
:102494000120fae790f87600c11ec9b2022909d9d1
:1024a400082808bf0020f0d0012aefd00020ece774
:0824b400002070470020e8e75a
:020000040000fa
:020000040002f8
:1024bc004cfa0100d36302000300000050fa010043
:1024cc000d7002000300000054fa0100a561020027
:1024dc000300000058fa010001680200030000002c
:1024ec005cfa0100d94802000400000064fa010003
:0824fc00a948020004000000e1
:020000040000fa
:020000040002f8
:1025040007281cdc00eb40030e4a52f8233013f179
:10251400020f0cd100eb40030a4a02eb83030130a3
:1025240008280ad053f80c2f12f1020ff7d000eb51
:102534004000044b03eb80007047002070470020ec
:08254400704700bf40b8002001
:020000040000fa
:020000040002f8
:10254c00012802d900230b70704710b586b00c46d9
:10255c000b4900eb40035b002833ca1850790490f8
:10256c0010790390d0780290907801905278009274
:10257c00cb5c044a1221204604f024fb06b010bdab
:08258c0050ba00208462020035
:020000040000fa
:020000040002f8
:1025940070b50e4604460f4d08b92c6844b1204668
:1025a4003146fbf7c7fb044423781bb92b601c4658
:1025b400204670bd31462046fcf776f92044286059
:1025c400037823b1431c2b6000230370f0e72b60d6
:0825d400eee700bf08bf002084
:020000040000fa
:020000040002f8
:1025dc00812910b50fd0832903d0802912d0002077
:1025ec0010bd1368191d1160d0e900011b68c3e907
:1025fc0000010120f4e71368191d11601b68d0e974
:10260c000001f4e713681c1dd0e9000114601c687c
:08261c00fff798fc2060ece7d9
:020000040000fa
:020000040002f8
:1026240038b50446d0f8a850eb69006998470128ea
:1026340010d02b6a2069984768b9b4f8403013f079
:10264400010f0cd0a37d13f0100f14bf002302233d
:1026540084f8463038bd204603f032fefae72046bf
:0626640003f02efef6e774
:020000040000fa
:020000040002f8
:10266a0038b51546a9b10c460121fff7a0fa034671
:10267a00b0b184600db100222a705d6805f069fb73
:10268a002b7801332b7005f068fb204638bd2846ad
:10269a00fce76ff00203002df9d02b700020f5e75c
:0626aa004ff0ff33f7e7db
:020000040000fa
:020000040002f8
:1026b00010b502688a420bd082b11468a14208bfeb
:1026c00014460dd0acb122688a4209d01446f9e70d
:1026d0000c4603f0dfff0ce0446006e0144608e01f
:1026e0000a68226042688a42f6d08368013b8360b0
:0626f0000c46204610bd5f
:020000040000fa
:020000040002f8
:1026f600a9b130b583b00c460a689ab103f0affcb5
:1027060098b190f8433013f0100f11d100230093c5
:102716000123021d2146f4f70cfb03b030bd6ff018
:10272600040070476ff00400f7e76ff00500f4e768
:062736006ff00700f1e75f
:020000040000fa
:020000040002f8
:10273c0010b502f00dffd0b1044690f87730012ba4
:10274c0001d0002010bdc36c9bb190f87630032be8
:10275c0003d0082b01d00020f4e7204602f056f8f5
:10276c00636822689b1a013b181a80b2eae70020c2
:06277c00e8e70020e6e79b
:020000040000fa
:020000040002f8
:1027820010b50278202a034600f10100f9d0a2f127
:1027920009010429f5d92b2a07d02d2a11d10121ab
:1027a2000133013b00200a2403e00021f8e76043e3
:1027b200801a13f8012f303a092af8d901b9404298
:0627c20010bd0021ede74f
:020000040000fa
:020000040002f8
:1027c80010b5044603f060fab0b1a28e638c13f41e
:1027d800005f12bf42f4007222f4007292b213f446
:1027e800805f12bf42f4807222f4807292b2092193
:1027f800204601f080fb00b910bd04236383082341
:04280800a383f9e7c6
:020000040000fa
:020000040002f8
:10280c0041f28713c35ccbb110b400f58652547cf3
:10281c00137c0c329279a21ad2b29a4210d2013b9a
:10282c00234003eb830341f2cc02825802eb830377
:10283c0008330b6001205df8044b70470020704793
:04284c000020f8e789
:020000040000fa
:020000040002f8
:10285000f0b583b00446099804f044ff90f80831bd
:1028600093b1002380f80831084f1e46084d0096aa
:102870002b4601223946204603f048fe20b90121ab
:102880002046e7f7adfff2e703b0f0bd87000a008e
:04289000b55b010033
:020000040000fa
:020000040002f8
:1028940008b503688b420cd002467bb118688142ac
:1028a40008bf18460cd0a0b103688b4208d0184664
:1028b400f9e703f045fe0ce0506006e0184608e036
:1028c4000b68036053688b42f6d09368013b9360b6
:0428d400084608bded
:020000040000fa
:020000040002f8
:1028d800e0b970b582b00c4615461e462f21204639
:1028e80004f0fcfb034648b15c1c00962b462246cc
:1028f80007490020fcf7acf902b070bd5c21204606
:1029080004f0ecfb03460028efd0ede7704700bf6a
:04291800483b020036
:020000040000fa
:020000040002f8
:10291c00d0b10346d1b1112a01d80020704700b5bf
:10292c0085b0024608465b79039313790293d378fa
:10293c0001939378009353781278054904f04ff97a
:10294c00012005b05df804fb0020704700207047a3
:04295c00a460020071
:020000040000fa
:020000040002f8
:10296000f8b507460024c473451ee6b215f8010ffa
:1029700004f095ffc0b2287018b101340f2cf4d1c7
:10298000f8bd0e2efcd83446bb1901373c44c6f1c5
:102990000e0654fa86f4202203f8012ba342fbd141
:0429a000eee700bf9f
:020000040000fa
:020000040002f8
:1029a40038b505460a4c0b4b1b68db692068984711
:1029b40000232360084a136005b938bd1a46074b43
:1029c4001968202002f028fd054b00221a70f4e754
:1029d400f8bd002000be002004be002018be002068
:0429e400d1bc002042
:020000040000fa
:020000040002f8
:1029e800554450204e554c4c2064796e616d696396
:1029f80020616c6c6f636174696f6e2068616e64ce
:102a08006c6500005544502044796e616d696320ff
:102a1800616c6c6f636174696f6e206661696c6567
:042a2800640000bf87
:020000040000fa
:020000040002f8
:102a2c0038b5044604f01cfe002c16db63090c4977
:102a3c0051f8235004f01f04e54005f00105012274
:102a4c0002fa04f4203341f82340bff34f8fbff355
:102a5c006f8f04f00efe284638bd0025f9e700bf45
:042a6c0000e100e0a5
:020000040000fa
:020000040002f8
:102a700010b50446402201460020f4f74dfea0b9ef
:102a800022680b4b9a4201d0002010bd6368032bd3
:102a900001d00020f9e73c21204600f015fbe36b54
:102aa000834214bf00200120efe70020ede700bfc4
:042ab000454e414c02
:020000040000fa
:020000040002f8
:102ab4003139322e3136382e302e3230300000008b
:102ac4003235352e3235352e3235352e3000000074
:102ad4003139322e3136382e302e3100382e382e00
:102ae400382e38003139322e3136382e302e3231ec
:042af400300000bfef
:020000040000fa
:020000040002f8
:102af80070b590b10e4d2a68a0f110042e46a2b10f
:102b080050f8101c43189a42136807d11033126901
:102b180002600b4440f8103c2c6070bd1033d5188f
:102b2800ac4202d10b441360f7e702603460f4e76b
:042b38000cbf0020ae
:020000040000fa
:020000040002f8
:102b3c00eab10378c9b28b421ad0431c02449342c7
:102b4c00184603f1010312d010b404788c4207d05c
:102b5c009342184603f1010305d004788c42f7d157
:102b6c005df8044b704700205df8044b7047002063
:042b7c00704700bfdf
:020000040000fa
:020000040002f8
:102b800038b50446d0f8a850eb6900699847012889
:102b90000ed02b6a2069984758b9eb6b04f14002bc
:102ba000002120699847002807db042384f8463079
:102bb00038bd204603f086fbfae7204603f082fb8f
:022bc000f6e736
:020000040000fa
:020000040002f8
:102bc20038b50d4614464368d3f8c40098b103f1f2
:102bd200c40000f044fc2db1002814bf00236ff0a4
:102be2000d032b7034b1021c18bf0122637962f30a
:102bf2000413637138bd11b16ff00d03f1e708469c
:022c0200f0e7f9
:020000040000fa
:020000040002f8
:102c040038b504460d46c06a18b10922022101f004
:102c140089fde5627db1ea692b6923639b89083be1
:102c2400a3869388e386eb690833a3632946204689
:102c3400f9f742fc38bd00232363a386e386a3632c
:022c4400f4e7b3
:020000040000fa
:020000040002f8
:102c460090f8753013f0100303d0826c0ab101209e
:102c5600704710b50446003318bf012300f1440243
:102c660000f14001806cfff7e1f9a06438b194f8f7
:102c7600753043f0100384f87530012010bd002034
:022c8600fce769
:020000040000fa
:020000040002f8
:102c880010b5054c227832b9044b13b10448aff3a0
:102c980000800123237010bd58bc002000000000f4
:102ca8000000000008b5034b1bb103490348aff30c
:102cb800008008bd000000005cbc0020000000008f
:020000040000fa
:020000040002f8
:102cc8000346a0b180680d4a90420dd1b3f90220a5
:102cd800022a0fd1996206221a8300229a835a8304
:102ce80001205880d88370476ff00a0070476ff052
:102cf8000a0070476ff00900704700bfd4b7002082
:020000040000fa
:020000040002f8
:102d08000346a0b180680d4988420dd1b3f902107d
:102d180002290fd19a6203221a8300229a835a83c6
:102d280001205880d88370476ff00a0070476ff011
:102d38000a0070476ff00900704700bfd4b7002041
:020000040000fa
:020000040002f8
:102d4800dab908b5b0f1ff3f01d048b908bd0b4b5f
:102d5800d3f880200132c3f88020da6e0132da66b7
:102d6800064b002283f80621012814bf0021012107
:102d780093f8fd00f0f71efce8e77047ccb00020a0
:020000040000fa
:020000040002f8
:102d8800a8b90e4890f99000022813d100b583b075
:102d980005980190049800900848d0f8ec0003f0da
:102da8001df980f0010040b203b05df804fb6ff03c
:102db800120070476ff00400704700bfccb00020cd
:020000040000fa
:020000040002f8
:102dc80030b583b00446084604f088fc054604f094
:102dd800c9ff00f031fcc5f8e80000230093074b59
:102de80001220821204603f08dfb08b103b030bd55
:102df80001212046e7f7f0fcf8e700bf811c01003d
:020000040000fa
:020000040002f8
:102e080038b5b9b10d460121fef7d2fea8b1446824
:102e18002946e068f6f7fafe0546638843f00203a0
:102e2800638004f097ff23780133237004f096ff42
:102e3800284638bd6ff00605fae74ff0ff35f7e78b
:020000040000fa
:020000040002f8
:102e480030b40d4b1b680d4a14889cb1002203e076
:102e580001327433a24209d093f8421011f0400fa6
:102e6800f6d05d6801688d42f2d100e00023184673
:102e780030bc70470023fae7bcbd002074bc0020ba
:020000040000fa
:020000040002f8
:102e880038b5437b13b90025284638bd0d4604469e
:102e980004f060ff237b73b904f060ff29462046e5
:102ea800fff702fc054604f055ff237b013323732b
:102eb80004f054ffe8e7013b237304f04fffede70c
:020000040000fa
:020000040002f8
:102ec80038b505460c460a4b1b685b690021094a60
:102ed80010889847431e13f1030f05d92b681b6808
:102ee8000549204698470020044b186038bd00bfac
:102ef80000be0020fcbd0020046f0200f8bd0020c9
:020000040000fa
:020000040002f8
:102f080010b40d4b1c68002c14dd0c4b19680439e7
:102f1800002302e00133a34208d051f8042f002a0d
:102f2800f8d0528d8242f5d1002000e001205df8f2
:102f3800044b70470120fae764be002060be002001
:020000040000fa
:020000040002f8
:102f480010b40d4b1c68acb10c4b19680439002344
:102f580002e00133a34209d051f8042f002af8d027
:102f6800b2f862208242f4d1002000e001205df82e
:102f7800044b70470120fae778be002074be002099
:020000040000fa
:020000040002f8
:102f8800013880b2092813d800b200ebc0020b4bfd
:102f980013f822307bb110b4084bc200111803ebb0
:102fa80081010024cc70b1f906005df8044b70472c
:102fb8006ff0040070476ff00400704764af0020a2
:020000040000fa
:020000040002f8
:102fc8000d4b01221a601a46136913f0010ffbd149
:102fd800094b10221a6003221a734ef65f229a8355
:102fe80033229a72054a0021116020225a721a4629
:102ff8001369002bfcd170470038004068bd0020e1
:020000040000fa
:020000040002f8
:1030080008b50d4b1b683bb104f0a4fe0b4b1b78b5
:103018005bb904f0a3fe05e0fdf7d4fb064b1b6883
:10302800002bf1d1044b186808bd013b034a13700b
:1030380004f094fef6e700bfc0be00203bbf0020ae
:020000040000fa
:020000040002f8
:1030480010b501290ddd134600221146586804f019
:10305800b7fa044604f0d4fc0146e0b2fbf7f6faee
:1030680010bd054b1c7804f0cbfc034622460349ef
:103078000020fbf7edfdf3e777c000200c510200bc
:020000040000fa
:020000040002f8
:1030880055736167653a206c616e5f726561642093
:103098003c616464726573735f6865783e0a0d000d
:1030a8004578616d706c653a206c616e5f72656120
:1030b8006420307830303034303030300a0d000041
:020000040000fa
:020000040002f8
:1030c800a9b130b4441e4b1ec5184ff0ff300b4950
:1030d80001e0ac420fd014f8013f5840082240f3f9
:1030e80000030b4083ea5000013af8d1f1e74ff0b2
:1030f800ff30c0437047c04330bc70472083b8edf1
:020000040000fa
:020000040002f8
:1031080010b5044602f0c0fd40b1a38e13f4704f11
:103118000ad00921204600f0d3fe00b910bd0323d0
:1031280063830023a383f9e70621204600f0c8fe45
:0e3138000028f3d0052363830023a383eee772
:020000040000fa
:020000040002f8
:1031460038b5054644682378012b04bf0023237055
:10315600d4f88800f2f775f84ff0ff33c4f88830da
:1031660094f8ff30013b84f8ff30002384f80131e6
:0e317600012222702b606b6084f8903038bd0f
:020000040000fa
:020000040002f8
:1031840038b5a8b10446054690f90620022a11d1a3
:10319400428812f0010f10d004f0defd237813b939
:1031a40004f0defd07e0013b237004f0d9fd02e0ea
:0e31b400002500e00025284638bd0025fbe779
:020000040000fa
:020000040002f8
:1031c200d0b110b50446426a82b1026b42b92422e0
:1031d200002104f0daf9236ce06b9847002010bd5f
:1031e200f92280f838206ff00600f8e7f92280f81b
:0e31f20038206ff00600f2e76ff0080070471b
:020000040000fa
:020000040002f8
:1032000070b50d46164602f06df998b1044602f00d
:1032100079fc034678b14eb1a26815442268aa42ef
:103220000bd86268aa4203d2002304e02268f4e7c4
:0e323000a56000e00023184670bd0023fbe7f8
:020000040000fa
:020000040002f8
:10323e0090f83f30c3f3011363b1012b14bf002389
:10324e00012383f0010390f8752063f3c71280f811
:10325e0075207047436802689a1ab0f86a3003eb1b
:0e326e004303b2eb630facbf01230023e9e77b
:020000040000fa
:020000040002f8
:10327c002de9f041846b02f58077064688461546a9
:10328c0000213a462046fff753fc00b1071bbd4214
:10329c0028bf3d4621462a46404603f06ffb631982
:0e32ac003c44f3633464b4632846bde8f0810b
:020000040000fa
:020000040002f8
:1032bc00034698b181680c4a91420cd1b0f90220b6
:1032cc00022a0ed105221a8300229a835a830120e6
:1032dc005880d88370476ff00a0070476ff00a006f
:0c32ec0070476ff009007047d4b7002055
:020000040000fa
:020000040002f8
:1032f80090b182680b4b9a420bd10b4bdb6803f001
:103308000103002b0cbf0123022341b10b700020e5
:1033180070476ff00a0070476ff00a00704700208e
:0c332800704700bfd4b70020000800422e
:020000040000fa
:020000040002f8
:1033340010b5044602f0aafcb8b1a28e12f0200f18
:103344000fd102f081f9e36a984204d201212046a8
:1033540000f0b8fd09e06ff00701204601f0a8ff76
:0c33640003e0618c204601f0ecf810bd85
:020000040000fa
:020000040002f8
:1033700098b90d4890f99000022811d100b583b09a
:10338000049800900848d0f8ec0003f0bff880f0f3
:10339000010040b203b05df804fb6ff0120070470b
:0c33a0006ff00400704700bfccb00020ac
:020000040000fa
:020000040002f8
:1033ac000346020a462a84bf203a62f30f23c0b2b6
:1033bc00462884bf203860f30703c3f3072039285d
:1033cc008cbf37383038c2b2dbb2392b8cbf373bad
:0c33dc00303bd8b240ea0210c0b270478b
:020000040000fa
:020000040002f8
:1033e800f8b506460b4b1c680b4b1f8857b10025d8
:1033f800314604f16c0003f026ff48b101357434fe
:10340800bd42f5d13046fef743fafef757ff0446b2
:0c3418002046f8bdbcbd002074bc0020a4
:020000040000fa
:020000040002f8
:1034240038b50446154600eb40000a4b03eb800018
:1034340003f064fb0db9012038bd074800eb04100c
:10344400038943f0010303810022012103f094f86e
:0c345400f1e700bfbcb5002098a80020e4
:020000040000fa
:020000040002f8
:1034600038b5437b13b90025284638bd044604f01f
:1034700075fc237b6bb904f075fc204603f00af958
:10348000054604f06bfc237b0133237304f06afcd4
:0c349000eae7013b237304f065fceee763
:020000040000fa
:020000040002f8
:10349c0038b5437b03b938bd044604f059fc237b93
:1034ac007bb904f059fc2546284603f0edf80028ba
:1034bc00fad104f04dfc237b0133237304f04cfc54
:0c34cc00e9e7013b237304f047fcece748
:020000040000fa
:020000040002f8
:1034d800036a13f0010f16d170b50546016961b191
:1034e800094e01e0214644b10c680b8a13f0010f24
:1034f800f8d13068c3689847f4e7034b1868c36885
:0c3508002946984770bd70471cbe00208b
:020000040000fa
:020000040002f8
:10351400022815d008b5184613460a46014601206c
:10352400eef768fcb0f1ff3f09d0074b1b6853f876
:10353400202092f8423043f0020382f8423008bd62
:0c3544004ff0ff30704700bf60be002059
:020000040000fa
:020000040002f8
:1035500038b504460c2380f87630b0f93c20094b8e
:103560001b68002143f82210074d2868c368616971
:1035700098472868c368216898472868c368214627
:0c358000984738bd74be002080be0020bb
:020000040000fa
:020000040002f8
:10358c0010b501f0e5ffa8b1044690f97430002b9a
:10359c0009db90f8753043f0040380f87530012195
:1035ac00f7f747fc40b1002201212046fef702f854
:0c35bc00012000e0002010bd0120fce711
:020000040000fa
:020000040002f8
:1035c8000b4b00221a621a779a60da60094b4ff4a3
:1035d80000325a601a46d369002bfcd1054b0122f0
:1035e8001a73054a1a601a46d369002bfcd1704732
:0c35f80038bb0020003000400e003010f6
:020000040000fa
:020000040002f8
:10360400431e13f1030f0fd883b2042b0ed80a4aba
:1036140002eb4312d26982420ad15a0106498a5cfa
:1036240042b101eb431070470020704700207047ff
:0c36340000207047002070471cb50020eb
:020000040000fa
:020000040002f8
:1036400038b5024600244301c10e181a61eb04018b
:103650008b0043ea907385001946a81844eb0101da
:10366000cb0043ea5073c20010461946024bda6899
:0c367000234601f069fa38bd10ba0020b2
:020000040000fa
:020000040002f8
:10367c0010b5044600f05efbb0b12046fff7bcff6e
:10368c00044678b1437843b90020207560752070ea
:10369c00044602f0c1fa204610bdfdf763f8002382
:0c36ac006370f1e70124f4e70124f4e767
:020000040000fa
:020000040002f8
:1036b80038b5b8b1054611b90c46204638bd0c4698
:1036c800fff79efc60b12246294603f0affa04f0ea
:1036d80041fb054a13780133137004f03ffbece714
:0c36e8000024f4e70024e8e73bbf0020ca
:020000040000fa
:020000040002f8
:1036f4000346a8b1c1650c4ac26402f1883202656e
:1037040002f12942a2f59612a2f68b624265a2f159
:103714008832826500201860586098601866704787
:0c3724006ff0ac00704700bf0123456748
:020000040000fa
:020000040002f8
:1037300010b50c46094903f08afd20b90849204616
:1037400003f085fd28b107490020fbf785fa00202a
:1037500010bd0549fbf780fa0120f9e7681b02005c
:0c376000701b02009c1b02007c1b02007e
:020000040000fa
:020000040002f8
:10376c0010b50c4c0c4b2360032363603c212046aa
:10377c00fff7a4fce063402221460020f1f77eff16
:10378c0008b1002010bd01f0c9fbb0fa80f040096f
:0c379c00f8e700bf50ba0020454e414c39
:020000040000fa
:020000040002f8
:1037a8003a2070657273697374656e74206e6574ff
:1037b800776f726b20636f6e666967202873617616
:1037c80065656e762f72656164656e762f73686fb6
:0c37d80077656e7629000000656e7600b3
:020000040000fa
:020000040002f8
:1037e4005c2a0100a18b0100642a0100942a0100d3
:1037f400fddf00009c2a0100e02a01003d57020081
:10380400e82a0100182b0100051f0200202b0100eb
:0c381400602b0100194402006c2b010025
:020000040000fa
:020000040002f8
:1038200038b504460025e36be26c934210d25a1c73
:10383000e2631878202809d00938042806d9e36cf7
:1038400013b1e36b013be363284638bd0135eae77a
:0c3850002046fdf711fc431cecd1f5e70d
:020000040000fa
:020000040002f8
:10385c0030b50d4a002300bf12f8134024b902eb17
:10386c0043035b78184630bd01680d78a54209bf4b
:10387c0002eb430301335b78013114bfdbb201600f
:0c388c000a2be9d9eee700bf90720200a1
:020000040000fa
:020000040002f8
:1038980038b5436813f4807f0446154611d0036990
:1038a8009a4228bf1d465db12a46406903f068f870
:1038b800636922692b44551b0022636125611a70d4
:0c38c80038bddb06fcd403f039fcf9e746
:020000040000fa
:020000040002f8
:1038d4004ff4001c1ceb410f98bf1ceb430f11d895
:1038e40051ea030c50ea4c0c5cea020c0cd004d2f2
:1038f40082428b418041013070479042994180411e
:0c39040001307047002070470120704720
:020000040000fa
:020000040002f8
:1039100010b5044602f0bcf958b194f8343013f0f5
:10392000080f07d04ff490520021204600f0e7fa2c
:1039300030b910bd6ff00501204601f0bbfcf8e77f
:0a394000022363830023a383f3e74f
:020000040000fa
:020000040002f8
:10394a00f8b50c461646074650b16c3003f0b9fb81
:10395a0005461cb116b12db9002323702846f8bdbf
:10396a000025f6e7721e07f16c01204604f053f8b1
:0a397a003444002304f8013cf0e798
:020000040000fa
:020000040002f8
:1039840038b5437b03b938bd0d46044604f0e4f969
:10399400237b6bb904f0e4f92946204603f0aef822
:1039a40004f0daf9237b0133237304f0d9f9eae74d
:0a39b400013b237304f0d4f9eee7a1
:020000040000fa
:020000040002f8
:1039be0010b5044602f065f9a8b194f8343013f04e
:1039ce00080f0bd04ff490520021204600f090fad1
:1039de0048b1042363830a23a38304e06ff0050137
:0839ee00204601f060fc10bd51
:020000040000fa
:020000040002f8
:1039f800d0f88c3023b1022906d0012909d07047ac
:103a0800064bc0f88c30f6e7d0f88c30044a5a617f
:103a18007047d0f88c30034a5a60f0e788b9002024
:083a2800e0b6002020b70020e9
:020000040000fa
:020000040002f8
:103a300038b504460d46d0f89830b3f91200fef7b9
:103a4000f5ff084a012303fa05f1136823ea01038d
:103a50001360d4f898300146b3f9120002f0c2fbab
:083a600038bd00bf0cba0020c4
:020000040000fa
:020000040002f8
:103a68001b2a01d80020704770b4426852f8045fde
:103a780054689068d6680d604c608860ce6015699f
:103a8800546990690d614c6188611bb11c201860f4
:083a980070bc70471c20fbe725
:020000040000fa
:020000040002f8
:103aa00038b50c460121fef787f878b103468268e5
:103ab000a2420ed1002484605d6804f04ff92b7897
:103ac00001332b7004f04ef9204638bd4ff0ff341f
:083ad000fae76ff00204efe7d2
:020000040000fa
:020000040002f8
:103ad8005443502f495020537461636b3a204e650c
:103ae80074776f726b20636f6e6669677572617445
:103af800696f6e206c6f6164206661696c65643af9
:083b08002025640d0a0000bf36
:020000040000fa
:020000040002f8
:103b10002e2e2f7372632f636f6e6669672f646535
:103b20006661756c742f6c6962726172792f74634f
:103b30007069702f7372632f74637069705f6d6149
:083b40006e616765722e6300df
:020000040000fa
:020000040002f8
:103b4800544350495020537461636b20417373652b
:103b580072743a20696e2066696c653a2025732c68
:103b68002066756e633a2025732c206c696e653a61
:083b78002025642c200d0a0039
:020000040000fa
:020000040002f8
:103b800030b400240b4b03f1280504e082420cd032
:103b90000433ab4206d01a88002af7d1002c08bfa4
:103ba0001c46f5e721b10c600023184630bc704775
:083bb0000b46fae714c00020e7
:020000040000fa
:020000040002f8
:103bb80070b402f00306920814d0041f95004b1944
:103bc80051f8042b44f8042f9942f9d128443eb106
:103bd8000138991913f8012b00f8012f9942f9d1ee
:083be80070bc70470b46f2e7c8
:020000040000fa
:020000040002f8
:103bf00008b50b4b1b68002b02dd027e022a00d0a9
:103c000008bd013b064a1360002bf9d1054b18682b
:103c10000028f5d003f00bfe024b00221a60efe7fc
:083c2000c8bd002018be002001
:020000040000fa
:020000040002f8
:103c280050696e673a20646f6e652e2053656e7416
:103c38002025642072657175657374732c20726514
:103c4800636569766564202564207265706c6965b2
:083c5800732e0d0a000000bfed
:020000040000fa
:020000040002f8
:103c6000c2b170b414464269951d19b10e68166050
:103c7000898891802168c2f80610a188a980190a54
:103c800041ea03219181026993890e3393810120d6
:083c900070bc70470020704772
:020000040000fa
:020000040002f8
:103c98002de9f041b0f1000814dd1f4615460e4627
:103ca8000024002229463820f9f7f4fb014630b1f8
:103cb8000786304602f020ff0134a045f1d12046a6
:083cc800bde8f0810024fae7d9
:020000040000fa
:020000040002f8
:103cd000f8b503f01ffa6fea80406fea904084b2b3
:103ce0004ff480454ff6ff764ff440472046fff7ec
:103cf0000bf938b9b4421abf0134a4b23c46013db5
:083d0000f4d100242046f8bdb7
:020000040000fa
:020000040002f8
:103d0800f8b500f01dfb6fea80406fea904084b27e
:103d18004ff480454ff6ff764ff440472046fff7b3
:103d28000ff938b9b4421abf0134a4b23c46013d78
:083d3800f4d100242046f8bd7f
:020000040000fa
:020000040002f8
:103d40000c4b93f830309bb90a4b93f83830012b69
:103d500001d00020704710b5064c002384f838309d
:103d6000b4f90800fef762fe84f83100012010bdae
:083d70000120704710ba002089
:020000040000fa
:020000040002f8
:103d780000000000000000003cc000200100f40129
:103d8800374200000008004204fc0100485c0200c1
:103d98000000000120bf00200100000024bf002017
:083da800c71f0000000000002d
:020000040000fa
:020000040002f8
:103db00010b400f1840402460021134603f8011bed
:103dc0001a46a342f9d1431e00f18301002000bf2f
:103dd00013f8012f10438b42fad1003018bf012095
:083de0005df8044b704700bfc1
:020000040000fa
:020000040002f8
:103de80038b50c4b1b6873b168b103695bb19d684a
:103df8004db1044603f01cfa014620b10622a8186a
:103e080002f0b0fd00b138bd236999892846fcf756
:083e1800d1faf8e7e8be002032
:020000040000fa
:020000040002f8
:103e200070b50b480b4d4ff6ff76016821b943681a
:103e300013b9fcf7dcfd70bd83684268334000f1c4
:103e40000c0455f823302046984704eb8000ece73b
:083e5000102800007875020043
:020000040000fa
:020000040002f8
:103e58004ff4001c1ceb410f98bf1ceb430f11d80b
:103e680051ea030c50ea4c0c5cea020c0ad004d26a
:103e780082428b4180414042704790429941804143
:083e8800404270470020704722
:020000040000fa
:020000040002f8
:103e90004ff4001c1ceb410f98bf1ceb430f11d8d3
:103ea00051ea030c50ea4c0c5cea020c0ad004d232
:103eb0009042994180414042704782428b4180410b
:083ec0004042704700207047ea
:020000040000fa
:020000040002f8
:103ec80010b50446012380f830304186032380f87a
:103ed800313083685b88c386f5f70ef9002803db69
:103ee800033818bf012010bd6ff00801204601f00b
:063ef800ddf90020f7e7f0
:020000040000fa
:020000040002f8
:103efe0010b50446012380f83030418680f8313009
:103f0e00828683685b88c386f5f7f3f8002803dba7
:103f1e00033818bf012010bd6ff00801204601f0d4
:063f2e00c2f90020f7e7d4
:020000040000fa
:020000040002f8
:103f340010b5044601f0aafe48b194f8353013f0e8
:103f4400100f05d000212046fff7bcff30b910bd8b
:103f54006ff00401204601f0abf9f8e70223638314
:063f64000023a383f3e734
:020000040000fa
:020000040002f8
:103f6a00bab110b4144690f877308b4203d00020cf
:103f7a005df8044b7047012901d00020f8e7236857
:103f8a00436490f8753043f0100380f875300120cf
:063f9a00eee70020704775
:020000040000fa
:020000040002f8
:103fa00038b5044683685a6915689a7a0146084804
:103fb000a84718b10146012806d138bd0023e363a4
:103fc00004236383a383f8e7204601f073f9f4e741
:043fd00004fc0100ec
:020000040000fa
:020000040002f8
:103fd400d0f8a430d3f888200a70d3f88820120ac5
:103fe4004a70d3f88820120c8a70d3f88820120ef5
:103ff400ca70d3f88c200a71d3f88c301b0a4b7129
:0440040000207047e1
:020000040000fa
:020000040002f8
:1040080042681378012b04bf00231370b2f8a43060
:1040180023ea010109b2a2f8a410d2f8c43033b1de
:10402800b2f8a23003f010031943a2f8a41001203b
:04403800107070474d
:020000040000fa
:020000040002f8
:10403c00a0b90b4890f99000022801d000207047dd
:10404c0000b583b005980190049800900448d0f80e
:10405c00ec00f8f77bff03b05df804fb0020704721
:04406c00ccb00020b4
:020000040000fa
:020000040002f8
:1040700010b5fff787f870b104461030238a5bb99a
:1040800004f12000238c53b9a4220021204603f020
:104090007dfa0023a37110bdf1f702fcf0e7f1f700
:0440a000fffbf1e74a
:020000040000fa
:020000040002f8
:1040a400496e76616c696420447269766572204950
:1040b4006e7374616e636500576173207468652064
:1040c40064726976657220696e697469616c697a73
:0440d40065643f00e0
:020000040000fa
:020000040002f8
:1040d800a0b110b50446b0f8423044f240021a428a
:1040e80001d1012010bd0323042201460448fbf737
:1040f800b1fe2046fcf70afb0120f3e700207047d9
:0441080074bc002063
:020000040000fa
:020000040002f8
:10410c0010b5026d7ab1436c1b6b10469847044690
:10411c00c04341f2ad13054a0549c0f3c010fef788
:10412c00d5fb204610bd6ff00d04fae72474020095
:04413c00103b020032
:020000040000fa
:020000040002f8
:104140005443502f495020537461636b3a204865a3
:1041500061702044656c657465206661696c21201e
:104160004e6f207472616365206578697374730d96
:044170000a0000bf82
:020000040000fa
:020000040002f8
:1041740038b50446058825f0c005294301801ab1e5
:10418400106820619288a282054a5269e260012285
:10419400e2821bb11846211dfff7f2fb38bd00bfb8
:0441a40040b90020fe
:020000040000fa
:020000040002f8
:1041a80089b10b460949896871b110b584b00024fa
:1041b800009401930292039010236a46044801f088
:1041c80021f804b010bd00210846704740b900200e
:0441d80060b90020aa
:020000040000fa
:020000040002f8
:1041dc0090f87620d31edbb2022b11d9082a14bf1b
:1041ec000123032390f83f2012f0020f18bf43f075
:1041fc00040312f0040f18bf43f00803184670476d
:04420c000323efe7b2
:020000040000fa
:020000040002f8
:104210000d0a202a2a2a205175697474696e672054
:1042200074686520436f6d6d616e642050726f63ba
:104230006573736f722e20427965202a2a2a0d0a2f
:04424000000000bfbb
:020000040000fa
:020000040002f8
:1042440098b90b460a494979012902d04ff0ff3049
:10425400704710b511461846054c00236371236856
:104264001b6898470123637110bd4ff0ff307047fe
:0442740078bd0020f1
:020000040000fa
:020000040002f8
:1042780098b90b460a494979012902d04ff0ff3015
:10428800704710b511461846054c00236371236822
:10429800db6898470123637110bd4ff0ff3070470a
:0442a80078bd0020bd
:020000040000fa
:020000040002f8
:1042ac0060b908b50a4b93f9003053b1084b5b6801
:1042bc0053b19b6806488068984708bd4ff0ff30a3
:1042cc0070474ff0ff30f8e74ff0ff30f5e700bfd5
:0442dc0044bd0020bd
:020000040000fa
:020000040002f8
:1042e00060b908b50a4b93f9003053b1084b5b68cd
:1042f00053b1db68064a9068984708bd4ff0ff301d
:1043000070474ff0ff30f8e74ff0ff30f5e700bfa0
:0443100044bd002088
:020000040000fa
:020000040002f8
:1043140060b908b50a4b93f9003053b1084b5b6898
:1043240053b15b6906488068984708bd4ff0ff3079
:1043340070474ff0ff30f8e74ff0ff30f5e700bf6c
:0443440044bd002054
:020000040000fa
:020000040002f8
:1043480000b583b000230193fef75afe20b1042282
:104358000deb020102f06afc03f0fcfc044a13783e
:104368000133137003f0fafc019803b05df804fb05
:044378003bbf002027
:020000040000fa
:020000040002f8
:10437c00b47702000000000001000000283000406b
:10438c002830004064bb0020010000009c56020055
:10439c00847d02007c7d0200010000008cbb0020ab
:0443ac006c7002002f
:020000040000fa
:020000040002f8
:1043b00008b5094bd3f8002ac3f8042a0020c3f833
:1043c000080ac3f80c0a054a45f6e063d0500449d0
:1043d000faf742fc08bd00bf787000200000002002
:0443e000506902001e
:020000040000fa
:020000040002f8
:1043e40010b5094c21460020faf734fc0749002097
:1043f400faf730fc06490020faf72cfc214600208d
:10440400faf728fc10bd00bf44e7010070e7010083
:0444140094e7010028
:020000040000fa
:020000040002f8
:1044180008b50948f1f74cfcfff7a4f930b1faf7f1
:10442800bffe06490020faf713fc08bd0449002026
:10443800faf70efcf9e700bf50ba0020bce701000c
:04444800fce701008c
:020000040000fa
:020000040002f8
:10444c0010b504468268138a13f0060f08bf43f0b8
:10445c00040313f0380f08bf43f02003136101214c
:10446c00fff72cfd00b910bd042363830123a38344
:02447c00f9e75e
:020000040000fa
:020000040002f8
:10447e00027843781b0443ea0263c27813438078c0
:10448e0043ea002080ea104080ea102080ea1010f3
:10449e0080ea900080ea500080f0010000f00100f8
:0244ae00704755
:020000040000fa
:020000040002f8
:1044b000a8b1034690f8422012f0400f01d100202d
:1044c000704770b52c300e684d688c68ca68de6223
:1044d00045608460c260fef743fa012070bd002091
:0244e000704723
:020000040000fa
:020000040002f8
:1044e20038b5437b03b938bd044603f036fc237b61
:1044f20053b903f036fc2546284602f0caf80028d4
:10450200fad100236373eee7013b237303f029fc26
:02451200f1e7cf
:020000040000fa
:020000040002f8
:104514004ff4001c1ceb410f98bf1ceb430f0cd84d
:1045240050ea410c08bf52ea430c08d0904208bf3d
:1045340099420cbf012000207047002070470120e1
:024544007047be
:020000040000fa
:020000040002f8
:1045460008b5090a11f0100f0ad011f0020f0cd1ac
:1045560002f02002002a0cbf6ff00701002101e0e3
:104566006ff0040100f0a3fe08bd6ff00601f9e745
:020000040000fa
:020000040002f8
:1045780038b5044683685a6955681a8a0146074857
:10458800a847011e01db21b138bd204600f08efe90
:10459800fae7042363830523a383f5e704fc0100fa
:020000040000fa
:020000040002f8
:1045a8000a4b834208d150b19b7d13f0010f09d00b
:1045b800064b93f9140070474ff0ff3070474ff0e7
:1045c800ff3070474ff0ff30704700bf40bf0020fa
:020000040000fa
:020000040002f8
:1045d800f0b583b005460027084e012400973346fe
:1045e80022460921284601f08dff20b92146284698
:1045f800e6f7f2f8f2e703b0f0bd00bf61fc000097
:020000040000fa
:020000040002f8
:10460800496e76616c6964206472697665722069a6
:104618006e7374616e636500496e7374616e636571
:1046280020616c726561647920696e20757365001c
:020000040000fa
:020000040002f8
:104638000368c2689ab1002205e081680b44013220
:10464800c16891420bd9197811f0010ff5d019788a
:104658006ff300011970416a01394162ede7704753
:020000040000fa
:020000040002f8
:10466800094b83420cd169b130b40c46074d0fcdcc
:104678000fc495e8030084e80300012030bc7047ac
:10468800002070470120704774bc002090bc0020b7
:020000040000fa
:020000040002f8
:1046980088b170b50546094c04f120060834b442c7
:1046a8000ad061680029f9d0284602f0ccfd00281c
:1046b800f4d1207801e07047002070bdc46002008a
:020000040000fa
:020000040002f8
:1046c800024689b141180948030103eb400303443a
:1046d80003ebc01303eb002303eb006312f8010b99
:1046e80058409142f0d1704700487047c59d1c81e1
:020000040000fa
:020000040002f8
:1046f80010b50a4b00221a6050b1044643683821ad
:104708009847014620b1e36820469847034b1c6050
:10471800024b1868003018bf012010bd1cbe0020d5
:020000040000fa
:020000040002f8
:1047280008b509b180f82e10002380f82f3083686f
:1047380013b1c168984708bd03f044f90128fad9b4
:1047480003f03af90149faf783faf4e70461020041
:020000040000fa
:020000040002f8
:10475800f8b50e461746406883681822984768b12e
:104768000446002e08dd00252146384602f0c4f92b
:1047780001351834ae42f7d13046f8bd0026fbe7c4
:020000040000fa
:020000040002f8
:1047880038b50d6815b10023184638bd0c4601f040
:1047980065fc03460028f7d090f8432012f0100f6c
:1047a800f2d0226a02f40002002a08bf2b46ebe787
:020000040000fa
:020000040002f8
:1047b80010b5044690f83c30012b02d00023e3608a
:1047c80010bdc0680028f9d0036a13f0080ff5d1ae
:1047d800fef77efe94f83e30013b84f83e30ede76c
:020000040000fa
:020000040002f8
:1047e80008b54068426a42b108494b6992689b1a09
:1047f8004a6b934201d3243000e01430fef72cfebc
:10480800034600b1031f184608bd00bf40b9002089
:020000040000fa
:020000040002f8
:1048180090f87630032b01d0082b0fd18268c3683b
:104828009a4203d2981a013880b2704741680068ea
:10483800091a0139d01a081a80b270470020704747
:020000040000fa
:020000040002f8
:10484800dc670200c5440000c0c80100d8c80100e8
:104858003d9e0100e0c80100f4c8010019460100ae
:10486800fcc8010020c90100350a010028c901005f
:020000040000fa
:020000040002f8
:1048780000b583b08df80710084b5888fdf720f96c
:10488800022802d003b05df804fb01220df10701f4
:10489800024b5888fff73afdf4e700bfa4be00209a
:020000040000fa
:020000040002f8
:1048a800c2698369d21a00d1704770b584b00446d2
:1048b80006684568054901a802f093f9336801a91b
:1048c80028469847e369a36104b070bd4c7d020097
:020000040000fa
:020000040002f8
:1048d800f0b585b000f120058269521b01d105b001
:1048e800f0bd044607684668044901a802f079f952
:1048f8003b6801a930469847a561f0e7547d02005e
:020000040000fa
:020000040002f8
:10490800024660b107490068086007480023036051
:10491800436052884a80054a13600120704700208e
:10492800704700bfa4be002070bd0020acbe0020b0
:020000040000fa
:020000040002f8
:1049380080b90a4b5b79012b02d04ff0ff307047ea
:1049480010b5064c0023637123681b69984701233f
:10495800637110bd4ff0ff30704700bf78bd002075
:020000040000fa
:020000040002f8
:1049680080b90a4b5b79012b02d04ff0ff307047ba
:1049780010b5064c0023637123685b6998470123cf
:10498800637110bd4ff0ff30704700bf78bd002045
:020000040000fa
:020000040002f8
:1049980080b90a4b5b79012b02d04ff0ff3070478a
:1049a80010b5064c0023637123689b689847012360
:1049b800637110bd4ff0ff30704700bf78bd002015
:020000040000fa
:020000040002f8
:1049c80080b90a4b5b79012b02d04ff0ff3070475a
:1049d80010b5064c0023637123685b689847012370
:1049e800637110bd4ff0ff30704700bf78bd0020e5
:020000040000fa
:020000040002f8
:1049f80090b938b5094b93f9003063b1074b5d683e
:104a08004db10c46084602f05dfb6b690246214633
:104a180002488068984738bd704700bf44bd0020f1
:020000040000fa
:020000040002f8
:104a28000a4b5b6b73b168b1002105e09a68801a84
:104a380099609b6933b128b19a688242f6d39a6823
:104a4800101a9860014b5a691a61704710ba002011
:020000040000fa
:020000040002f8
:104a580070b503f07ff90646084c63689b69984770
:104a680002f0f4fad4e90a23141843f10005304699
:104a780003f074f92046294670bd00bf10ba002023
:020000040000fa
:020000040002f8
:104a88000a4b1b6898420ad0084a0123d168814220
:104a980006d001330c32082bf8d1002070470023d0
:104aa80003eb4303014800eb8300704740b8002044
:020000040000fa
:020000040002f8
:104ab80063363377e41e86468deb0ab4a8ed683f6b
:104ac8006a134e47e014c700454e81e95358a5695b
:104ad800808aa38f2a72a62359915a9f8a04ca688a
:020000040000fa
:020000040002f8
:104ae800a65ad0f345db4e0effe875c3a2e71f4276
:104af800c7129d620ff5c119a9ef55f05185e0fb6a
:104b08008581f9317517276e06e9607ddbcbcc2ee0
:020000040000fa
:020000040002f8
:104b180070b598b004460d461646002160226846d6
:104b280002f030fd054b02943246294668460e9441
:104b3800119301f06bff18b070bd00bf757e0200c5
:020000040000fa
:020000040002f8
:104b480053b94ab9002908bf00281cbf4ff0ff31ec
:104b58004ff0ff3003f08cb9adf1080c6de904cecd
:104b6800e7f720fdddf804e0dde9022304b0704733
:020000040000fa
:020000040002f8
:104b7800064b1a680ab9064a1a60064a116809b942
:104b8800054911601a68054b1a60704758bd002026
:104b9800b0c0002054bd0020b040022050bd00200d
:020000040000fa
:020000040002f8
:104ba800c31003f00203420202f48062134300f0d0
:104bb80004021343021102f040021343421102f0af
:0e4bc80010021343401000f0800018437047a5
:020000040000fa
:020000040002f8
:104bd60038b5a0f58850103880b20f2803d94ff0a9
:104be600ff34204638bd0d468968faf748fb04466f
:0e4bf600b0f1ff3ff5d06968f8f70df8f1e770
:020000040000fa
:020000040002f8
:104c040010b500f06dfc80b10446036b2bb194f831
:104c14003c30012b04d0002010bd02f033fcf6e739
:0e4c24006069003018bf0120f6e70020f4e7b9
:020000040000fa
:020000040002f8
:104c320010b500f092fc80b1044690f876300b2b50
:104c420001d0002010bdfbf788fb002801da00200c
:0e4c5200f8e7012084f87600f4e70020f2e78e
:020000040000fa
:020000040002f8
:104c6000f8b582b117461d460e4600f077fc0446a3
:104c700038b1c36f4bb9c767a0f87a60c0f88050ed
:0e4c80003c462046f8bd0024fbe70024f9e77f
:020000040000fa
:020000040002f8
:104c8e0070b506460d461446fff7f7fe034620b1f3
:104c9e001e605d609c60002070bd6ff00100fff72c
:0e4cae00ecfe03460028f3d16ff08300f4e71c
:020000040000fa
:020000040002f8
:104cbc0010b50b681b78202b0c4602d0093b042b3b
:104ccc000bd8fef7a7fd23685a1c22605b78202bbb
:0e4cdc00f9d0093b042bf6d910bd0020fce7ef
:020000040000fa
:020000040002f8
:104cec00034658b18068084a904204d149b1db6b45
:104cfc000b60002070476ff00a0070476ff00a00dd
:0c4d0c0070470020704700bfd4b70020a3
:020000040000fa
:020000040002f8
:104d180060b18168084b994205d152b1064b5b8856
:104d28001360002070476ff00a0070476ff00a00a8
:0c4d380070470020704700bfd4b7002077
:020000040000fa
:020000040002f8
:104d440008b5084b834203d1064b93f8243003b9ca
:104d540008bd0448828f044b53f82230243098470e
:0c4d6400f6e700bfd4b700202c6402006a
:020000040000fa
:020000040002f8
:104d700010b5044600f08cff78b1a36a4bb194f8eb
:104d80003410c1f3800211f0100f18bf42f004027a
:0c4d90001a800021204600f08dfa10bdb2
:020000040000fa
:020000040002f8
:104d9c004d440200c5710100fdf70100a13f020066
:104dac007945020095ad0100f56c0200c92702009f
:0c4dbc00dd6c0200bf39020019f201009a
:020000040000fa
:020000040002f8
:104dc800094b9b7d13f0010f07d013f0020f07d199
:104dd800054843f00203837570474ff0ff30704772
:0c4de8004ff0ff30704700bf40bf0020bc
:020000040000fa
:020000040002f8
:104df400d0f8a420c8788b781b0443ea00630878b1
:104e04000343487843ea0023c2f8883048790b7991
:0c4e140043ea0023c2f88c3000207047f5
:020000040000fa
:020000040002f8
:104e200011f0010f11d010b514463ab1d0f89830f6
:104e3000b3f91200fdf7fafd207010bdd0f89830dc
:0c4e4000b3f91200fdf7f2fdf7e7704730
:020000040000fa
:020000040002f8
:104e4c0011f0010f0fd0d0f89830b3f91230002bbd
:104e5c0009db5a0903f01f03012101fa03f3603245
:0c4e6c00014941f82230704700e100e0ed
:020000040000fa
:020000040002f8
:104e780011f0010f0ed0d0f89830b3f91230002b92
:104e880008db590903f01f03012202fa03f3024a5f
:0c4e980042f82130704700bf00e100e04c
:020000040000fa
:020000040002f8
:104ea40008b5084b596a89b240f20643194204d046
:104eb400054a136843f0010313600020f9f7eaff81
:0c4ec40008bd00bf000800420cba00202e
:020000040000fa
:020000040002f8
:104ed00038b50c461d46059802f004fc38b13cb1cb
:104ee000c0f8e45090f8fc20013280f8fc2038bd76
:0c4ef00090f8fc20013a80f8fc20f8e764
:020000040000fa
:020000040002f8
:104efc0010b40446c90501f078610b43920402f426
:104f0c00f8010b4343f0a04343f400334363a3681d
:0c4f1c0013f0040ffbd05df8044b70474d
:020000040000fa
:020000040002f8
:104f280038b5094b93f81432012b01d0042038bd51
:104f3800054d002485f8144200f008fa012385f88d
:0c4f480014322046f3e700bf4cad0020ff
:020000040000fa
:020000040002f8
:104f540000f11c0200f1200310f1180f1cbf81693d
:104f640041600ab1c26982600bb1036ac36090f800
:0c4f740043306ff3041380f843307047a3
:020000040000fa
:020000040002f8
:104f800008b588b190f8422012f0400f01d10020fe
:104f900008bd0a68b2f1ff3f04d000f02bfa00f020
:0c4fa0000100f5e70120fae70020f1e72e
:020000040000fa
:020000040002f8
:104fac0038b50c4603f40031002914bf282514250c
:104fbc002244a9181a4689b2f8f76afa034618b1be
:0c4fcc0014b182691544c561184638bd57
:020000040000fa
:020000040002f8
:104fd800f8b57ab117461e460d4600f07ffa04462a
:104fe80030b1836d43b98765c665a0f860503c460b
:0c4ff8002046f8bd0024fbe70024f9e788
:020000040000fa
:020000040002f8
:1050040010b4094b00221a80031f00f5fe74081a1d
:105014000430c21853f8041f1160a342f9d10120cf
:0c5024005df8044b704700bf32bf002055
:020000040000fa
:020000040002f8
:1050300008b5084b5b7a63b1064b987ac0b233224d
:105040009a72054b1b6823b118b1034b59681b6852
:0c505000984708bd0038004068bd0020f3
:020000040000fa
:020000040002f8
:10505c00000300002975020045420200c949020004
:10506c00994902007942020039490200694902005b
:0c507c00b779010095770200617e020008
:020000040000fa
:020000040002f8
:1050880000b587b0074b019302230293064b0393a5
:105098000b230493002005906946f7f745f807b0fd
:0c50a8005df804fb58f00100680e0200e7
:020000040000fa
:020000040002f8
:1050b40010b5e1f7b1fb074c074b1b6960699847d2
:1050c400e068def7a7fee069f4f76effe1f7f8ffaa
:0c50d40010bd00bfb0bb00207c22020019
:020000040000fa
:020000040002f8
:1050e00030b589b06ff001040694002405940e9d3c
:1050f00004950d9d03950c9d0295019300920b461e
:0c51000022462146f6f77cfb09b030bdca
:020000040000fa
:020000040002f8
:10510c005b504c43415d2063757272656e74206e0a
:10511c006f64652049443a20257520284e4f44453c
:0c512c005f434e543d2575290d0a00001c
:020000040000fa
:020000040002f8
:1051380000b553ec112b83b051ec100b8ded002b07
:10514800eef700fc9ded002b53ec122be8f715fd54
:0c51580041ec100b03b05df804fb00bf3d
:020000040000fa
:020000040002f8
:1051640038b50446d0f8a8301d6c002300f1400285
:1051740019460069a847002803db012384f8463058
:0a51840038bd204601f09cf8fae760
:020000040000fa
:020000040002f8
:10518e0010b51c46029802f0a6fa68b1c26f013a39
:10519e00c267826f01328267236a23f0080323629b
:0a51ae00a368e1682046984710bd91
:020000040000fa
:020000040002f8
:1051b80010b40446c90501f07861930403f4f803b8
:1051c800194341f0c04141f400314163a36813f031
:0a51d800040ffbd05df8044b704794
:020000040000fa
:020000040002f8
:1051e20070b50c46fcf783fd58b106465cb100f180
:1051f2000c050fcc0fc523682b60012086f8200018
:0a52020070bd0020fce70020fae771
:020000040000fa
:020000040002f8
:10520c00f8b50746084616461d464b68294698478a
:10521c00044640b11eb12a46314601f0affb21468f
:0a522c003846fef7a9fb2046f8bd46
:020000040000fa
:020000040002f8
:105236000eb410b5b5b0044637ab53f8042b339310
:10524600c82101a8fbf7d7f901a9204600f077ff8e
:0a52560035b0bde8104003b070470a
:020000040000fa
:020000040002f8
:1052600008b500f07bf960b190f83f2012f0020f12
:1052700009d090f83f206ff3410280f83f200120d1
:0a52800002e0012000e0002008bd5c
:020000040000fa
:020000040002f8
:10528a00802910db812901dd83290cd113680733ba
:10529a0023f0070303f108011160d3e90023c0e9f1
:0a52aa000023012070470020704728
:020000040000fa
:020000040002f8
:1052b40008b5002383834383038302234380c1838c
:1052c400002900db08bd0a4602490020f9f7c2fca8
:0852d400f8e700bf445f02008f
:020000040000fa
:020000040002f8
:1052dc0008b560b18168074a914205d16ff00b01a6
:1052ec00fff7e2ff002008bd6ff00a00fbe76ff04c
:0852fc000a00f8e7d4b7002016
:020000040000fa
:020000040002f8
:1053040079b110b40a46436853f8924f58689968c3
:10531400db68146050609160d36000205df8044b3a
:0853240070474ff0ff307047a5
:020000040000fa
:020000040002f8
:10532c00034658b190f9060002280ad15b8803f0b5
:10533c000103002b08bf4ff0ff3070474ff0ff30d8
:08534c0070474ff0ff3070477d
:020000040000fa
:020000040002f8
:10535400084b93f8123203b9704710b5054c638ab1
:105364002344187a00f04cfebff34f8f002384f8d7
:08537400123210bd4cad002007
:020000040000fa
:020000040002f8
:10537c0008b5074a1368013313600648038943f0e4
:10538c000203038100220221103001f0f1f808bd64
:08539c00a8bd002098a8002024
:020000040000fa
:020000040002f8
:1053a40080b1034690f8420010f0400f01d1002074
:1053b400704710b5586cc46b186da047b0fa80f0f4
:0853c400400910bd00207047f4
:020000040000fa
:020000040002f8
:1053cc0080b138b5044690f8420010f0400f01d17e
:1053dc00002038bd606c456c206da847b0fa80f099
:0853ec004009f6e700207047bc
:020000040000fa
:020000040002f8
:1053f40080b190f8422012f0400f01d10020704794
:105404008268406860ea02000b68984214bf00207a
:085414000120704700207047e1
:020000040000fa
:020000040002f8
:10541c000b4659b1096859b122b1064909688a424b
:10542c0038bf0ab29a815a81012070470020704718
:08543c0000207047b4bd002000
:020000040000fa
:020000040002f8
:10544400074b03eb0013188920ea01021a8111f4b7
:10545400807f03d0034a1368013b1360704700bf89
:0854640098a80020acbd002057
:020000040000fa
:020000040002f8
:10546c005443502f495020537461636b3a20496e5a
:10547c00697469616c697a6174696f6e20537461c7
:08548c0072746564200d0a0032
:020000040000fa
:020000040002f8
:105494004950763420496e69743a204661696c65d6
:1054a4006420746f20696e6974616c697a653a204e
:0854b400256421200d0a00000f
:020000040000fa
:020000040002f8
:1054bc0008b5084b1b68002b02dd027e022a00d0c7
:1054cc0008bd013b034a1360002bf9d1f8f7ccff60
:0854dc00f6e700bf58be0020f6
:020000040000fa
:020000040002f8
:1054e400002808db064b1b68984206da054b1b684c
:1054f40053f820007047002070470020704700bf19
:0855040064be002060be00201f
:020000040000fa
:020000040002f8
:10550c0010b5fff7e9ff68b10446036b0bb1c38e0e
:10551c0033b9204601f0b2ff236b0bb9002000e039
:08552c00e08e10bd0020fce739
:020000040000fa
:020000040002f8
:10553400036883b110b504461846fff77bf804f1fd
:105544002400fdf7a9ff04f11400fdf7a5ff201db9
:08555400fdf7a2ff10bd704736
:020000040000fa
:020000040002f8
:10555c00002808db064b1b68984206d2054b1b68db
:10556c0053f820007047002070470020704700bfa0
:08557c0078be002074be00207f
:020000040000fa
:020000040002f8
:1055840008b5826803699a420cd0b0f864300bb94c
:10559400002008bd01221021dff790fab0fa80f054
:0855a4004009f6e70020f4e7de
:020000040000fa
:020000040002f8
:1055ac0008b5084b1b68002b02dd027e022a00d0d6
:1055bc0008bd013b034a1360002bf9d101f0e4fc58
:0855cc00f6e700bf9cbe0020c1
:020000040000fa
:020000040002f8
:1055d400000100f1824202f52042136c23f0020321
:1055e4001364136c13f0020ffbd189b2014b1952ef
:0855f40001207047d8bb002024
:020000040000fa
:020000040002f8
:1055fc00074b00221a80074b58611b8803f03003bd
:10560c001bb9044b4af203529a800120704700bf29
:08561c0032bf002000400041f4
:020000040000fa
:020000040002f8
:10562400084a537943f080035371136913f0040f4c
:10563400fbd1044a537913f0e00ffbd1014b988a54
:08564400704700bf0038004070
:020000040000fa
:020000040002f8
:10564c0008b5084b1b683bb1fff700fa054b1a680d
:10565c000023fff773fa08bd012001f011f9014b8b
:08566c001860f1e7b8be002050
:020000040000fa
:020000040002f8
:1056740008b5084b1b6833b102f0acf9054b1b6845
:10568400b0fbf3f008bd012001f0fef8014b1860f7
:08569400f2e700bfb8be0020e0
:020000040000fa
:020000040002f8
:10569c000000000001000000ffffffffffffffff05
:1056ac00fffffffffffffffffffffffffffffffffe
:0856bc00ffffffffffffffffee
:020000040000fa
:020000040002f8
:1056c4000500000001000000b00400003c000000e0
:1056d40002000000320000004b0000000100000046
:0856e4000300000001000000ba
:020000040000fa
:020000040002f8
:1056ec0020202025730a0d00253038783a20000040
:1056fc00202530327800000020202000202020259a
:08570c00730000000a0d00000b
:020000040000fa
:020000040002f8
:1057140010b586b004460091142201a96846fcf72e
:1057240031fb01ab224603490020f9f793fa06b096
:0857340010bd00bfbc7d0200a6
:020000040000fa
:020000040002f8
:10573c0008b5fef715f830b1f9f730fd0449002033
:10574c00f9f784fa08bd03490020f9f77ffaf9e765
:08575c0034e801008ce80100b3
:020000040000fa
:020000040002f8
:1057640030b57ab101380a4410f8013f0d4633b11f
:1057740011f8014b1cb1914201d0a342f4d02a7814
:08578400981a30bd1046fce745
:020000040000fa
:020000040002f8
:10578c0013b50446fcf7befc18b14ff0ff3002b065
:10579c0010bd636c01220df10701204698470128ca
:0857ac00f3d19df80700f2e7bc
:020000040000fa
:020000040002f8
:1057b40010b5044600f06afa00b910bda38e6384e4
:1057c40004212046fef77efb0028f6d007236383de
:0657d4000023a383f1e7ae
:020000040000fa
:020000040002f8
:1057da0010b5044600f057fa00b910bda38e238411
:1057ea0005212046fef76bfb0028f6d006236383cb
:0657fa000023a383f1e788
:020000040000fa
:020000040002f8
:1058000010b5044600f044fa00b910bda38ee3843d
:1058100006212046fef758fb0028f6d005236383b7
:065820000023a383f1e761
:020000040000fa
:020000040002f8
:1058260010b5044600f031fa00b910bda38ea3846a
:105836000a212046fef745fb0028f6d004236383a1
:065846000023a383f1e73b
:020000040000fa
:020000040002f8
:10584c00002343620368c26862b110b4002214469c
:10585c001c8081680b440132c1689142f8d85df814
:06586c00044b7047704779
:020000040000fa
:020000040002f8
:1058720008b569b103460a46086840b1016811607b
:105882005968814208bf5a609a68013a9a6008bd15
:0658920000f0fffefbe741
:020000040000fa
:020000040002f8
:1058980010b50446407b00b910bd02f05bfa237bcb
:1058a8001bb902f05bfa0020f6e7013b237302f014
:0658b80055fa0120f0e7a3
:020000040000fa
:020000040002f8
:1058be0008b5fff74cfe60b190f87600c31edbb260
:1058ce00022b04d9082814bf0020012000e001207b
:0658de0008bd0020fce7fc
:020000040000fa
:020000040002f8
:1058e40008b5fff739fe50b190f87720012a01d0ae
:1058f400002008bdc26c22b1fff742fef9e7002088
:06590400f7e70020f5e7c3
:020000040000fa
:020000040002f8
:10590a0038b5fff726fe60b1044600f04efd0546a5
:10591a0008b9284638bde36923622046fcf781fdb1
:06592a00f7e70025f5e798
:020000040000fa
:020000040002f8
:1059300000b1704708b513460a460449f9f78cf9d7
:10594000034a1368002bfcd108bd00bf845f02002e
:04595000dcb60020a1
:020000040000fa
:020000040002f8
:10595400034648b18068064a904202d1d9630020c8
:1059640070476ff00a0070476ff00a00704700bf7d
:04597400d4b7002084
:020000040000fa
:020000040002f8
:1059780068b110b504468168054a914206d1c368ea
:10598800db690069984700232370638010bd704766
:04599800d4b7002060
:020000040000fa
:020000040002f8
:10599c0000b1704708b513460a460449f9f756f9a1
:1059ac00034a1368002bfcd108bd00bf245f020022
:0459bc00e45e002085
:020000040000fa
:020000040002f8
:1059c0005f4452565f5048595f534d495472616e5f
:1059d0007366657257616974436f6d706c65746549
:0459e000000000bf04
:020000040000fa
:020000040002f8
:1059e40000b1704708b513460a460449f9f732f97d
:1059f400034a1368002bfcd108bd00bf085a0200fb
:045a040094bd00202d
:020000040000fa
:020000040002f8
:105a0800644d49494d204173736572743a2025737a
:105a18002c20696e206c696e653a2025642c200d57
:045a28000a0000bfb1
:020000040000fa
:020000040002f8
:105a2c0008b5000180b2064b5b6803eb402000f028
:105a3c00d3fe00bf01f02cfd0028fbd108bd00bf38
:045a4c004cad00203d
:020000040000fa
:020000040002f8
:105a500010b50c4628b102681ab1fdf7f5f90346f6
:105a600010b91cb1024b1b68184610bd0023fbe7a0
:045a7000b8bd00209d
:020000040000fa
:020000040002f8
:105a7400c331020039810100cd6602007d3a010084
:105a8400317902006f150200377602003d79020079
:045a9400b5710200e6
:020000040000fa
:020000040002f8
:105a980000b1704708b513460a460449f9f7d8f823
:105aa800034a1368002bfcd108bd00bfe05a02006e
:045ab80020be0020ec
:020000040000fa
:020000040002f8
:105abc0008b5074b1b6813b1027e022a00d008bd43
:105acc00013b034a1360002bf9d1f9f711f8f6e703
:045adc0024be0020c4
:020000040000fa
:020000040002f8
:105ae000427269646765204173736572743a202558
:105af000732c20696e206c696e653a2025642c2019
:045b00000d0a00008a
:020000040000fa
:020000040002f8
:105b040090f83c30012b01d000207047c06828b1c8
:105b1400036a03f00803002b18bf0020003018bfed
:045b240001207047a5
:020000040000fa
:020000040002f8
:105b280010b50c46fff7dafc50b1826da24201d0e5
:105b3800002010bd00228265a0f860200120f8e74f
:045b48000020f6e75c
:020000040000fa
:020000040002f8
:105b4c0008b5064a1c213820f7f7a2fc034618b109
:105b5c00034a82600022c260184608bd02000100a0
:045b6c00856102004d
:020000040000fa
:020000040002f8
:105b700008b530b1054a92682ab1054900f0b2fa79
:105b800008bd0020fce70020fae700bf40b9002074
:045b900060b90020d8
:020000040000fa
:020000040002f8
:105b940010b50c46fff7e0fc50b1c26fa24201d031
:105ba400002010bd0022c267a0f87a200120f8e787
:045bb4000020f6e7f0
:020000040000fa
:020000040002f8
:105bb80038b55d694db10548181a8410044800fbd2
:105bc80004f001309b6900b2a84738bd64af0020db
:045bd800398ee338e7
:020000040000fa
:020000040002f8
:105bdc0004fa0100257002000cfa01001cfa010005
:105bec00791a020020fa01003cfa0100b9270100e1
:045bfc0044fa010066
:020000040000fa
:020000040002f8
:105c0000bff34f8f0549ca6802f4e062044b1343a7
:105c1000cb60bff34f8f00bffde700bf00ed00e09a
:045c20000400fa057d
:020000040000fa
:020000040002f8
:105c240010b5074c94f83110b4f9080000f0d8fa14
:105c340094f8303013b9012284f8382010bd00bf25
:045c440010ba002072
:020000040000fa
:020000040002f8
:105c48000000000000080042000001004c6c020047
:105c5800000000007c220200747d020000000000a9
:045c680088c00020d0
:020000040000fa
:020000040002f8
:105c6c000b0d40f21e42d21a09dbcb0243ea505014
:105c7c0040f00040202a28bf2022d0407047490025
:045c8c00804170479c
:020000040000fa
:020000040002f8
:105c900010b50446f8f73afb002803db023818bfba
:105ca000012010bd6ff008012046fff703fb002024
:025cb000f7e714
:020000040000fa
:020000040002f8
:105cb20038b50d461c46059801f013fd20b125b1fb
:105cc200c4f3c03480f8074138bd002280f80721b0
:025cd200fae7ef
:020000040000fa
:020000040002f8
:105cd40010b50446084601f003fd48b1426e013a8e
:105ce4004266026e013202662146b430fdf748fe78
:025cf40010bde1
:020000040000fa
:020000040002f8
:105cf60010b50121fbf75dff50b10446eff7cdfd6e
:105d0600646802f028f823780133237002f027f83c
:025d160010bdbe
:020000040000fa
:020000040002f8
:105d180068b190f8422012f0400f01d1002070477e
:105d28000a68c2638a88a0f84020012070470020d2
:025d38007047b2
:020000040000fa
:020000040002f8
:105d3a00034668b190f8420010f0400f01d10020ec
:105d4a007047986d18b9da6599650846704700205a
:025d5a00704790
:020000040000fa
:020000040002f8
:105d5c0000b583b08df8071000b2b0f1ff3f02d14f
:105d6c0003b05df804fb01220df10701f6f70afb05
:025d7c00f6e748
:020000040000fa
:020000040002f8
:105d7e0038b500f14c040925204600f084fc03469a
:105d8e0030b12a466ff010011846fef7c6fcf3e755
:025d9e0038bd0e
:020000040000fa
:020000040002f8
:105da00010b5fff79ffb50b10346026b2ab1c48eba
:105db000184601f069fb204610bd0024f8e70024d6
:025dc000f9e701
:020000040000fa
:020000040002f8
:105dc20010f0004160b148bf40420a0d02f21d428c
:105dd200b0fa80f3d21a9840c30a400503eb02518d
:025de200704708
:020000040000fa
:020000040002f8
:105de40048b18168054a914202d190f91e0070477a
:105df4006ff00a0070476ff00a007047d4b70020b4
:020000040000fa
:020000040002f8
:105e040048b18168054a914202d190f90200704775
:105e14004ff0ff3070474ff0ff307047d4b7002089
:020000040000fa
:020000040002f8
:105e2400064b834208d102229a804a68da60ca6823
:105e34005a61002283f82420704700bfd4b70020a1
:020000040000fa
:020000040002f8
:105e440008b5438b022b04d8044a52f823309847f0
:105e540008bd6ff00801fff72bfaf9e7c4780200d8
:020000040000fa
:020000040002f8
:105e640008b5438b022b04d8044a52f823309847d0
:105e740008bd6ff00801fff71bfaf9e7b8780200d4
:020000040000fa
:020000040002f8
:105e840008b5438b072b04d8044a52f823309847ab
:105e940008bd6ff00801fff70bfaf9e7645f020031
:020000040000fa
:020000040002f8
:105ea40008b5438b052b04d8044a52f8233098478d
:105eb40008bd6ff00801fff7fbf9f9e7246d020054
:020000040000fa
:020000040002f8
:105ec40008b5438b022b04d8044a52f82330984770
:105ed40008bd6ff00801fff7ebf9f9e7ac780200b1
:020000040000fa
:020000040002f8
:105ee40008b5438b042b04d8044a52f8233098474e
:105ef40008bd6ff00801fff7dbf9f9e7bc72020097
:020000040000fa
:020000040002f8
:105f040008b5838b0a2b04d8044a52f823309847e7
:105f140008bd6ff00801fff7cbf9f9e79c4d0200cb
:020000040000fa
:020000040002f8
:105f2400504859204173736572743a2025732c20ac
:105f3400696e206c696e653a2025642c200d0a0078
:020000040000fa
:020000040002f8
:105f44004452565f504859206f7065726174696f8e
:105f54006e206572726f723a2025640d0a0000bfcc
:020000040000fa
:020000040002f8
:105f6400956c0200b9dd01000931020027580200d6
:105f740001580200db570200b5570200256e0100ec
:020000040000fa
:020000040002f8
:105f840050485920436f6e643a2025732c20696e63
:105f9400206c696e653a2025642c200d0a0000bf30
:020000040000fa
:020000040002f8
:105fa400064b834209d140b19b7d13f0010f04d00d
:105fb400024b9a7d6ff341029a75704740bf0020ef
:020000040000fa
:020000040002f8
:105fc40008b5064b834204d118b19b7d13f0010f31
:105fd40000d108bd0148e9f761fcfae740bf0020a1
:020000040000fa
:020000040002f8
:105fe40010b584b0079c0394069c02940024019489
:105ff400009313460a460121f0f75afa04b010bd83
:020000040000fa
:020000040002f8
:1060040008b5064b5b6803eb4020fff7f5fa00bfc9
:1060140001f042fa0028fbd108bd00bf4cad0020be
:020000040000fa
:020000040002f8
:1060240050b190f8422012f0400f01d10020704787
:10603400024a10600120704700207047b8bd00205c
:020000040000fa
:020000040002f8
:10604400054b1b88984205d2044b1b68742202fb43
:10605400003070470020704774bc0020bcbd002095
:020000040000fa
:020000040002f8
:1060640028b190f8422012f0400f01d1002070476f
:1060740090f86a2002f00102002a08bf002070474d
:020000040000fa
:020000040002f8
:1060840006080200000001000008030000000000f0
:10609400ffff040000000000ffff050000000000f7
:020000040000fa
:020000040002f8
:1060a400252e32783a252e32783a252e32783a2522
:1060b4002e32783a252e32783a252e32780000bfd7
:020000040000fa
:020000040002f8
:1060c400000000000000000001000000387402001d
:1060d4000200000040740200030000004474020047
:020000040000fa
:020000040002f8
:1060e40038b50446084615462146fcf7cbfe28b1d0
:1060f400eb68214628469847012038bd0020fce77c
:020000040000fa
:020000040002f8
:106104005061636b65742041636b3a206f727068f1
:10611400616e207061636b657421200d0a0000bffd
:020000040000fa
:020000040002f8
:1061240054435049505f4d41435f4272696467650f
:106134005f50726f636573735061636b65740000c5
:020000040000fa
:020000040002f8
:1061440038b505b2b5f1ff3f00d138bd0c4608465d
:1061540000f0baff82b221462846f6f717f9f4e7b1
:020000040000fa
:020000040002f8
:106164000288130a43ea022303804288130a43ea9b
:1061740002234380c288130a43ea0223c380704780
:020000040000fa
:020000040002f8
:1061840008b5064b5b6c834202d0fdf7a3f908bd4a
:10619400036a23f008030362f9e700bf40b9002053
:020000040000fa
:020000040002f8
:1061a4008269c3699a420ad210b5044603681b681f
:1061b400096840689847a3690133a36110bd70471b
:020000040000fa
:020000040002f8
:1061c40000b583b001220df10701044b5888fef796
:1061d4006bf89df8070003b05df804fba4be002033
:020000040000fa
:020000040002f8
:1061e40051b1002808db420900f01f00012303fa23
:1061f40000f0024b43f82200704700bf00e100e0ca
:020000040000fa
:020000040002f8
:10620400c80f0200700f0200180f0200c00e020037
:10621400000000000000000000000000000000007a
:020000040000fa
:020000040002f8
:106224002c01010011000800000610000204000007
:1062340002000000a8c000200000000000000000d0
:020000040000fa
:020000040002f8
:10624400e62b8a8ee8f141b6980566e3bfe3c049c0
:1062540003dad4ac2cdf9f2280010a6739bc83d3d4
:020000040000fa
:020000040002f8
:1062640008b5044b1b68044a126804490020f8f777
:10627400f1fc08bdf0be0020f4be0020b4700200a2
:020000040000fa
:020000040002f8
:10628400253032583a253032583a253032583a259a
:106294003032583a253032583a253032580000bf4f
:020000040000fa
:020000040002f8
:1062a40010b5054c22680ab9fef764fc034b186864
:1062b4002368c01a10bd00bf50bd002054bd00208b
:020000040000fa
:020000040002f8
:1062c40010b50446837d03f0ef036ff34513837524
:0e62d400fff7baf9a063002384f8463010bd2e
:020000040000fa
:020000040002f8
:1062e20038b504460d4601f0f2fa00b938bd204631
:0e62f20001f0acfb29462046ecf707fbf6e76f
:020000040000fa
:020000040002f8
:10630000d0f8a4301a6842f008021a601a6842f005
:0e63100004021a601a6842f080021a60704798
:020000040000fa
:020000040002f8
:10631e0058b190f8422012f0400f01d10020704782
:0e632e008268406860ea0200704700207047f5
:020000040000fa
:020000040002f8
:10633c0008b5034638b190f8422002f04002002a1a
:0e634c0014bf03460023184600f0b2fd08bd42
:020000040000fa
:020000040002f8
:10635a0058b190f8422012f0400f01d10020704746
:0e636a0090f86a0000f00100704700207047b4
:020000040000fa
:020000040002f8
:1063780038b50446002343600360836001f0eafcfb
:0e6388000125257301f0eafc6573284638bd37
:020000040000fa
:020000040002f8
:1063960048b103694bb100209a8910441b68002b51
:0e63a600fad180b270470020fbe70020f9e733
:020000040000fa
:020000040002f8
:1063b400c269016a8a4207d283695b1a4069101a6a
:0e63c4001844013080b27047501a80b2704702
:020000040000fa
:020000040002f8
:1063d20008b5d0f8d4303bb11968d0f8cc308b4234
:0e63e20001d0f6f7b4fa08bdd0f8cc10f9e7f8
:020000040000fa
:020000040002f8
:1063f00010b50023934206d113f0030018bf01200b
:0e64000000eb930010bdc45ccc540133f2e7f6
:020000040000fa
:020000040002f8
:10640e0010b504464ff400420021fdf771fd00b9ae
:0c641e0010bd012363830023a383f9e772
:020000040000fa
:020000040002f8
:10642c00cfea0000e55e0200c55e0200a55e020038
:0c643c00855e0200655e0200455e020005
:020000040000fa
:020000040002f8
:106448005f4452565f5048595f534d495472616ecc
:0c6458007366657253746172740000bfbb
:020000040000fa
:020000040002f8
:10646400054b834204d128b1b3f84e0080b2704783
:0c647400002070470020704740bf00204f
:020000040000fa
:020000040002f8
:106480004452562050485920696e697420666169eb
:0c6490006c65643a2025640d0a0000bf12
:020000040000fa
:020000040002f8
:10649c000346006848b15a68824206bf00225a601f
:0c64ac0002681a609a68013a9a60704712
:020000040000fa
:020000040002f8
:1064b80011f0010f09d042b108b5d0f89830117821
:0c64c800b3f91200fff78afe08bd704710
:020000040000fa
:020000040002f8
:1064d40001eb01118900d0f88c300b440022da87db
:0c64e400d0f88c301944a1f8402070471b
:020000040000fa
:020000040002f8
:1064f00008b541f28713c15419b141f28813c35c46
:0c65000003b108bd0121dff707fdfae739
:020000040000fa
:020000040002f8
:10650c0010b584b0069c039402930023019300926f
:0c651c000a460221eff7c8ff04b010bdd2
:020000040000fa
:020000040002f8
:1065280053657474696e67206661696c65642c20b4
:0c653800616464723d307825580d0a0043
:020000040000fa
:020000040002f8
:106544000346006848b15a68824206bf00225a6076
:0c65540002681a609a68013a9a60704769
:020000040000fa
:020000040002f8
:10656000496e73756666696369656e7420517565f9
:0c6570007565204465707468000000bf71
:020000040000fa
:020000040002f8
:10657c0010b5446834b113460a460349411ac1f3b5
:0c658c000f11a04710bd00bf98a8002010
:020000040000fa
:020000040002f8
:10659800044b834206bf044b93f900004ff0ff30d1
:0c65a800704700bf74bc002057bc0020ee
:020000040000fa
:020000040002f8
:1065b40050b190f8422012f0400f01d100207047f2
:0c65c4000a68c260012070470020704788
:020000040000fa
:020000040002f8
:1065d000034638b190f8422012f0400f0ebf00235e
:0c65e0000a680261181c18bf01207047f7
:020000040000fa
:020000040002f8
:1065ec0050b190f8422012f0400f01d100207047ba
:0c65fc000a6842610120704700207047cf
:020000040000fa
:020000040002f8
:10660800034638b190f8422002f04002002a14bf35
:0c66180003460023181c18bf0120704727
:020000040000fa
:020000040002f8
:1066240008b548b190f8422012f0400f01d1002083
:0c66340008bd00f04dfcfbe70020f9e77a
:020000040000fa
:020000040002f8
:1066400008b548b190f8422012f0400f01d1002067
:0c66500008bdfff782fefbe70020f9e721
:020000040000fa
:020000040002f8
:10665c0008b5044b834204d1034b1b680bb1f4f710
:0c666c0091fc08bd74bc0020bcbd0020e7
:020000040000fa
:020000040002f8
:10667800756e6b0065746800776c616e00000000d1
:0c6688007070700067336164700000bf28
:020000040000fa
:020000040002f8
:106694000346006848b15a68824206bf00225a6025
:0c66a40002681a609a68013a9a60704718
:020000040000fa
:020000040002f8
:1066b00038b5447b0cb9204638bd054601f04efb89
:0c66c0002b7b01332b7301f04dfbf4e742
:020000040000fa
:020000040002f8
:1066cc0038b502fb01f52946f1f730fd044618b147
:0c66dc002a46002100f054ff204638bd83
:020000040000fa
:020000040002f8
:1066e800054b1b68984203d120b190f91b007047f5
:0c66f80000207047002070472cbe0020de
:020000040000fa
:020000040002f8
:10670400054b1b68984203d120b10368d8687047d1
:0c67140000207047002070472cbe0020c1
:020000040000fa
:020000040002f8
:106720005f4d41435f4272696467655f53746f7286
:0c67300065506b7446776444637074001d
:020000040000fa
:020000040002f8
:10673c005f4d41435f4272696467655f47657450a2
:0c674c006b74467764446370740000bff7
:020000040000fa
:020000040002f8
:106758005f4d41435f4272696467655f5365744882
:0c6768006f7374456e74726965730000f5
:020000040000fa
:020000040002f8
:106774005f4d41435f427269646765486173684570
:0c6784006e74727944656c6574650000e9
:020000040000fa
:020000040002f8
:1067900050b190f8422012f0400f01d10020704714
:0c67a000b0f86600143870470020704705
:020000040000fa
:020000040002f8
:1067ac00044b1b6823b9044b1960024b18607047eb
:0c67bc00002070474cbe002048be0020aa
:020000040000fa
:020000040002f8
:1067c8003a20697065726620636f6d6d616e6473df
:0c67d8000000000069706572660000bfe0
:020000040000fa
:020000040002f8
:1067e400044b00221a80044b58614af201529a80e9
:0c67f4000120704732bf0020004000412f
:020000040000fa
:020000040002f8
:1068000008b5836900f12002934206d90268013b72
:0c6810008361136809684068984708bd60
:020000040000fa
:020000040002f8
:10681c0010b50c46084600f053fc02462146024bcc
:0c682c005888fdf771fd10bda4be0020cf
:020000040000fa
:020000040002f8
:106838000d0a202a2a2a2053797374656d2052651f
:0c684800626f6f74202a2a2a0d0a0000db
:020000040000fa
:020000040002f8
:106854004a68044b1a60044b0a895a8002221a704f
:0c68640000207047b0be0020b4be002031
:020000040000fa
:020000040002f8
:1068700070b505460c46164601f084f820f44061d8
:0c688000344321432846fef7a5fe70bdfe
:020000040000fa
:020000040002f8
:10688c0008b5054bd9684ff47a720023a1fb0001bf
:0c689c00fef754f908bd00bf10ba002040
:020000040000fa
:020000040002f8
:1068a80010b582b09df8104004b922b10094f4f7f5
:0c68b8000ff802b010bd4ff0ff30fae7ff
:020000040000fa
:020000040002f8
:1068c40008b5044b1a60012302460348faf7d0fdc9
:0c68d40008bd00bfbcbe0020a57702007c
:020000040000fa
:020000040002f8
:1068e00000004f4e52000000c0e1e400020000062c
:0c68f000400708008001010100000000ca
:020000040000fa
:020000040002f8
:1068fc00a9790200dd6f0200f56f0200457d0200f0
:0c690c00ed740200017502002556020027
:020000040000fa
:020000040002f8
:10691800034a1170034a1360034b01221a7070472f
:0c6928003ebf0020dcbe00203dbf002070
:020000040000fa
:020000040002f8
:1069340008b5034b034a0e210348f5f79bfe08bd37
:0c6944009c700200ac700200d8b2010090
:020000040000fa
:020000040002f8
:106950005b4c4f475d2072696e67206275666665a5
:0c6960007220636c65617265640d0a00b2
:020000040000fa
:020000040002f8
:10696c0030b501390024a24206d0035d01340d5d1f
:0c697c00ab42f8d0581b00e0002030bdfa
:020000040000fa
:020000040002f8
:106988005ab110b40a44431e11f8014b03f8014fe1
:0c6998009142f9d15df8044b7047704744
:020000040000fa
:020000040002f8
:1069a40010b5c9b20244824201d1002304e0013a85
:0c69b400134614788c42f6d1184610bd32
:020000040000fa
:020000040002f8
:1069c00050b140f21d42b0fa80f1521a8840c30a19
:0c69d000400503eb0251704701007047c6
:020000040000fa
:020000040002f8
:1069dc00a0f13003092b07d940f0200061380528bd
:0c69ec008cbf0020012070470120704784
:020000040000fa
:020000040002f8
:1069f80013b50446019201aae4f79cfb636813f0ff
:0c6a0800100f18bf4ff0ff3002b010bd9f
:020000040000fa
:020000040002f8
:106a140013b50446019201aae0f776ff636813f008
:0c6a2400100f18bf4ff0ff3002b010bd83
:020000040000fa
:020000040002f8
:106a300008b5f7f76bfc002804db022814bf002020
:0a6a4000012008bd6ff00800fbe71d
:020000040000fa
:020000040002f8
:106a4a0000230b6043682bb11960416083680133ee
:0a6a5a008360704741600160f8e7b7
:020000040000fa
:020000040002f8
:106a6400d0f8a43021b11a6842f008021a607047c5
:0a6a74001a6822f008021a60704749
:020000040000fa
:020000040002f8
:106a7e0000230b6043682bb11960416083680133ba
:0a6a8e008360704741600160f8e783
:020000040000fa
:020000040002f8
:106a980010b584b002240294079c01949df8184014
:0a6aa8000094eff7e3ff04b010bd07
:020000040000fa
:020000040002f8
:106ab20010b584b005240294079c01949df81840f7
:0a6ac2000094eff7d6ff04b010bdfa
:020000040000fa
:020000040002f8
:106acc00034640b190f8420010f0400000d17047ee
:0a6adc0093f86b0070470020f9e703
:020000040000fa
:020000040002f8
:106ae60008b5fff7bcfa30b190f8430080f010000b
:0a6af600c0f3001008bd0020fce70b
:020000040000fa
:020000040002f8
:106b000000230b6043682bb1196041608368013337
:0a6b10008360704741600160f8e700
:020000040000fa
:020000040002f8
:106b1a0038b505460c462046fff7b7fd014618b1c1
:0a6b2a002846fff7e8fff6e738bd44
:020000040000fa
:020000040002f8
:106b340038b505460c462846fcf790fc014618b1ca
:0a6b4400e36820469847f6e738bde5
:020000040000fa
:020000040002f8
:106b4e00022807d008b513460a4601210846e4f785
:0a6b5e0068ff08bd4ff0ff307047dc
:020000040000fa
:020000040002f8
:106b680008b5fef7f7fc08b9002008bd0121f4f7c5
:0a6b780062f9c043c0f3c010f7e754
:020000040000fa
:020000040002f8
:106b820008b5fef7eafc20b1c26c22b1fdf743fe64
:0a6b920008bd0020fce70020fae730
:020000040000fa
:020000040002f8
:106b9c0000b583b06ff00103009300231a46194629
:0a6bac00eaf7aafc03b05df804fb51
:020000040000fa
:020000040002f8
:106bb6000eb403b503aa52f8041b0192fdf7a9ff10
:0a6bc60002b05df804eb03b0704765
:020000040000fa
:020000040002f8
:106bd0000cb407b504ab53f8042b0193f9f70efd81
:0a6be00003b05df804eb02b070474b
:020000040000fa
:020000040002f8
:106bea000eb403b503aa52f8041b019200f01fff6a
:0a6bfa0002b05df804eb03b0704731
:020000040000fa
:020000040002f8
:106c040008b518b129b1eff757fa08bd6ff0ac0019
:086c1400fbe76ff0ac00f8e7ac
:020000040000fa
:020000040002f8
:106c1c0008b518b129b1f3f77bfa08bd6ff0ac00d9
:086c2c00fbe76ff0ac00f8e794
:020000040000fa
:020000040002f8
:106c340008b518b129b1edf7c1ff08bd6ff0ac007c
:086c4400fbe76ff0ac00f8e77c
:020000040000fa
:020000040002f8
:106c4c0081950100217d0100957c0200000000006f
:086c5c00000000000000000030
:020000040000fa
:020000040002f8
:106c6400044b834212bf4ff0ff30024b93f90400f0
:086c7400704700bfd4b70020f7
:020000040000fa
:020000040002f8
:106c7c0010b504460121fdf721f900b910bd01231f
:086c8c0063830023a383f9e7f1
:020000040000fa
:020000040002f8
:106c940010b504460121fdf715f900b910bd012313
:086ca40063830023a383f9e7d9
:020000040000fa
:020000040002f8
:106cac0010b504460021fdf709f900b910bd012308
:086cbc0063830023a383f9e7c1
:020000040000fa
:020000040002f8
:106cc40010b504460121fdf7fdf800b910bd0123fc
:086cd40063830023a383f9e7a9
:020000040000fa
:020000040002f8
:106cdc0010b504460121fdf7f1f800b910bd0423ed
:086cec0063830923a383f9e788
:020000040000fa
:020000040002f8
:106cf40010b504460921fdf7e5f800b910bd0423d9
:086d040063830723a383f9e771
:020000040000fa
:020000040002f8
:106d0c0010b50446fef7beff00b910bda28e618c13
:086d1c002046fdf712fcf8e728
:020000040000fa
:020000040002f8
:106d2400ad6c0200353f020015ea01000d6d020052
:086d3400b9d80100353302005b
:020000040000fa
:020000040002f8
:106d3c004452565f4554485048595f496e697469ce
:086d4c00616c697a650000bf6b
:020000040000fa
:020000040002f8
:106d5400d0f8a4301a6822f008021a601a6822f0e7
:086d640004021a605b6a70472b
:020000040000fa
:020000040002f8
:106d6c0031b102682ab10a60016083680133836023
:086d7c00704741600160f8e777
:020000040000fa
:020000040002f8
:106d840008b519b10121fff7b1fb08bd0148f6f7b9
:086d940025f9fae79c6d0200ed
:020000040000fa
:020000040002f8
:106d9c0046696e616c2073657474696e67206661f8
:086dac00696c65640d0a00002a
:020000040000fa
:020000040002f8
:106db40010b584b001240294069c0194009300232e
:086dc400eff756fe04b010bd0c
:020000040000fa
:020000040002f8
:106dcc0010b584b003240294069c01940093002314
:086ddc00eff74afe04b010bd00
:020000040000fa
:020000040002f8
:106de40010b584b004240294069c019400930023fb
:086df400eff73efe04b010bdf4
:020000040000fa
:020000040002f8
:106dfc005f4452565f4d49494d5f4f704c697374f7
:086e0c0052656d6f7665000010
:020000040000fa
:020000040002f8
:106e14004d49494d5f50726f636573735f5265618d
:086e240064457874000000bf12
:020000040000fa
:020000040002f8
:106e2c004d49494d5f50726f636573735f5772695b
:086e3c0074654578740000bf85
:020000040000fa
:020000040002f8
:106e44005f4452565f4d49494d5f52656c656173ad
:086e5400654f70446370740087
:020000040000fa
:020000040002f8
:106e5c000b7813f0010f06d00b786ff300030b7057
:086e6c00436a013b43627047d9
:020000040000fa
:020000040002f8
:106e740040b190f8422012f0400f01d10020704739
:086e8400c06870470020704750
:020000040000fa
:020000040002f8
:106e8c0040b190f8422012f0400f01d10020704721
:086e9c000069704700207047f7
:020000040000fa
:020000040002f8
:106ea40040b190f8422012f0400f01d10020704709
:086eb40040697047002070479f
:020000040000fa
:020000040002f8
:106ebc0040b190f8422012f0400f01d100207047f1
:086ecc00406870470020704788
:020000040000fa
:020000040002f8
:106ed40040b190f8422012f0400f01d100207047d9
:086ee400806870470020704730
:020000040000fa
:020000040002f8
:106eec0008b500eb4000034b03eb8000fff7ccfb35
:086efc0008bd00bfbcb5002079
:020000040000fa
:020000040002f8
:106f04006d69696d206f70656e3a206661696c65a4
:086f140064210d0a000000bf1a
:020000040000fa
:020000040002f8
:106f1c0010b5044608460621fdf7d0fbe368b0fb2c
:086f2c00f3f202fb130010bd9b
:020000040000fa
:020000040002f8
:106f34005f4d41435f4272696467655f47657446ac
:086f44007764506b740000bf7c
:020000040000fa
:020000040002f8
:106f4c005f4d41435f4272696467655f4765744694
:086f5c007764446370740000c7
:020000040000fa
:020000040002f8
:106f64005f4d41435f4272696467655f5061636b63
:086f74006574436f70790000a1
:020000040000fa
:020000040002f8
:106f7c0010b5044608460421fdf7a0fbe368b0fbfe
:086f8c00f3f202fb130010bd3b
:020000040000fa
:020000040002f8
:106f940008b5044b186820b100f047fc014b0022ef
:086fa4001a6008bda0be002028
:020000040000fa
:020000040002f8
:106fac00044a9368d06883423ebf024a12699b1818
:086fbc00181a7047ccb900203f
:020000040000fa
:020000040002f8
:106fc400044bd86a9b6a984282bf024a126b9b1890
:086fd400181a7047ccb9002027
:020000040000fa
:020000040002f8
:106fdc00044a136843f002031360136913f0020fa1
:086fec00fbd1704700380040a2
:020000040000fa
:020000040002f8
:106ff400044a136823f002031360136913f0020fa9
:08700400fbd170470038004089
:020000040000fa
:020000040002f8
:10700c0008b5d0f8d43033b15968d0f8d0308b42b1
:08701c0001d0f5f797fc08bd57
:020000040000fa
:020000040002f8
:1070240008b503681b68034940689847fef7e6fd06
:0870340008bd00bf386802002e
:020000040000fa
:020000040002f8
:10703c0038b504460d4600f09ffc20f440712943fe
:08704c002046fef7c1fa38bd31
:020000040000fa
:020000040002f8
:10705400044b1b69834232bfc01ac3f58033c01886
:08706400704700bf10ba0020c4
:020000040000fa
:020000040002f8
:10706c00000000002e0000002f0000003000000087
:08707c001f00000020000000cd
:020000040000fa
:020000040002f8
:1070840029d60100c56f0200c5740200497c0100c5
:087094003d7d0200d9740200e9
:020000040000fa
:020000040002f8
:10709c003a205465737420436f6d6d616e64730098
:0870ac0054657374000000bf7d
:020000040000fa
:020000040002f8
:1070b4005b4e6f49505d2054583d25752020525831
:0870c4003d25750d0a0000bf17
:020000040000fa
:020000040002f8
:1070cc0003783bb1034600bf13f8012f002afbd114
:0870dc00181a704718467047ae
:020000040000fa
:020000040002f8
:1070e40038b504460d46fff7efff2946421c2046fb
:0870f400bde83840fff754bc71
:020000040000fa
:020000040002f8
:1070fc00044a136823b910600361016001207047d2
:08710c00002070470cbf0020b9
:020000040000fa
:020000040002f8
:10711400034b04481a68504301301860400c704710
:0871240014bf00202d7f954ce3
:020000040000fa
:020000040002f8
:10712c00d0e90f2310b59c1a0165446511b18c424e
:08713c00c8bf5318c36410bd65
:020000040000fa
:020000040002f8
:1071440010b4c46a1cb123465df8044b18470068a8
:087154005df8044b00f05bbe86
:020000040000fa
:020000040002f8
:10715c0008b50021faf72afd10b190f90c0008bd12
:06716c004ff0ff30fbe7cd
:020000040000fa
:020000040002f8
:1071720038b1b0f8423013f0070f0cbf01200020e5
:0671820070470020704779
:020000040000fa
:020000040002f8
:1071880008b50021fcf7f8fc18b1807800f0010080
:0671980008bd0020fce729
:020000040000fa
:020000040002f8
:10719e0008b50021fcf7edfc18b14088c0f34000a3
:0671ae0008bd0020fce713
:020000040000fa
:020000040002f8
:1071b400034628b190f93800002283f8382070473c
:0671c4006ff008007047a7
:020000040000fa
:020000040002f8
:1071ca00b2f5007f00d0704708b5012211461a2097
:0671da00faf785fb08bd79
:020000040000fa
:020000040002f8
:1071e00008b5fef7bbf920b190f83f00c0f380006e
:0671f00008bd0020fce7d1
:020000040000fa
:020000040002f8
:1071f600b2f5807f00d0704708b5012211462120e4
:06720600faf76ffb08bd62
:020000040000fa
:020000040002f8
:10720c00b2f5007f00d0704708b50122114621204d
:06721c00faf764fb08bd57
:020000040000fa
:020000040002f8
:1072220008b528b16ff001020021fcf762fa08bd2f
:067232006ff0ac00fbe769
:020000040000fa
:020000040002f8
:1072380008b50020fef702ff034610b100f056fd26
:067248000346184608bdd4
:020000040000fa
:020000040002f8
:10724e0010b50023c25ccc5ca24202d10133002aed
:06725e00f8d1101b10bd69
:020000040000fa
:020000040002f8
:107264000068002808b501da002008bdfaf794fe8a
:06727400431cfad1f8e70b
:020000040000fa
:020000040002f8
:10727a0037b54ff0ff344ff0ff35cde90045faf747
:06728a00ecf903b030bd79
:020000040000fa
:020000040002f8
:1072900068076c094c836a9074a07ac00080688883
:0672a00000846c820081f5
:020000040000fa
:020000040002f8
:1072a800034b834203d100229a801a705a617047b7
:0472b800d4b7002027
:020000040000fa
:020000040002f8
:1072bc009709020001c0010029f70100a59a0100fd
:0472cc00055f020058
:020000040000fa
:020000040002f8
:1072d00065510200252602005d060200812b020096
:0472e0003d960100d6
:020000040000fa
:020000040002f8
:1072e400034b186880f0010040f30000c0b27047ff
:0472f4000cba0020b0
:020000040000fa
:020000040002f8
:1072f800d0f8a420536823f0105323f4fc731943e7
:047308005160704719
:020000040000fa
:020000040002f8
:10730c0001b1704708b511460148f5f763fe08bd99
:04731c0028650200de
:020000040000fa
:020000040002f8
:107320005b736b697070656420256c755d0d0a0078
:0473300025730000c1
:020000040000fa
:020000040002f8
:107334005f4452565f4d49494d5f50726f636573a8
:04734400734f700013
:020000040000fa
:020000040002f8
:107348004d49494d5f50726f636573735f52656154
:04735800640000bf0e
:020000040000fa
:020000040002f8
:10735c004d49494d5f50726f636573735f57726926
:04736c007465000044
:020000040000fa
:020000040002f8
:107370004d49494d5f50726f636573735f5363612d
:047380006e0000bfdc
:020000040000fa
:020000040002f8
:107384005f4452565f4d49494d5f5265706f727448
:047394004f70000036
:020000040000fa
:020000040002f8
:107398005f4452565f4d49494d5f4f705265737552
:0473a8006c74000001
:020000040000fa
:020000040002f8
:1073ac005f4452565f4d49494d5f4765744f704479
:0473bc006370740086
:020000040000fa
:020000040002f8
:1073c00031fd0100dd010200d5110200e9ae01002e
:0473d00099c001005f
:020000040000fa
:020000040002f8
:1073d40008b518b10278012a01d0002008bdf0f7e1
:0473e40009fafbe7c0
:020000040000fa
:020000040002f8
:1073e80028b190f8422012f0400f01d100207047d8
:0473f8003c3070476e
:020000040000fa
:020000040002f8
:1073fc00034b1b7b834206bf014b986800207047f0
:04740c0074bc00202c
:020000040000fa
:020000040002f8
:10741000786602007c6602008066020088660200d0
:047420008c66020074
:020000040000fa
:020000040002f8
:107424005f5443504950537461636b5061636b659f
:047434007454780014
:020000040000fa
:020000040002f8
:1074380066756c6c000000006c6f7700646f776e87
:04744800000000bf81
:020000040000fa
:020000040002f8
:10744c00d88e0000ec8e0000948e0000e08e0000c0
:04745c00f48e0000aa
:020000040000fa
:020000040002f8
:1074600000b2b0f1ff3f01d10020704708b5f3f73b
:047470008ffb08bdc9
:020000040000fa
:020000040002f8
:1074740045610200375202005d5d02006174020042
:0474840029e00100fa
:020000040000fa
:020000040002f8
:1074880010b504464c30fff701f901462046fbf7da
:04749800b5fb10bd73
:020000040000fa
:020000040002f8
:10749c00034b588a80f0010000f00100704700bfd8
:0474ac00004000415b
:020000040000fa
:020000040002f8
:1074b000034b187e80f00200c0f34000704700bf0d
:0474c0000030004058
:020000040000fa
:020000040002f8
:1074c40010b5034b1c6bfff77bfd013c201a10bd6c
:0474d400ccb900200f
:020000040000fa
:020000040002f8
:1074d80010b5034b1c69fff765fd013c201a10bd70
:0474e800ccb90020fb
:020000040000fa
:020000040002f8
:1074ec00034b98831a46136913f0400ffbd1704776
:0474fc000038004014
:020000040000fa
:020000040002f8
:10750000034bd8831a46136913f0800ffbd17047e1
:0475100000380040ff
:020000040000fa
:020000040002f8
:107514001d680200b9da010079480200857702008b
:04752400c56102003b
:020000040000fa
:020000040002f8
:1075280028b9034b01225a71096819601a7170470a
:0475380078bd0020fa
:020000040000fa
:020000040002f8
:10753c0008b5002202491046fdf7a3fb08bd00bfa9
:04754c00197e0200a2
:020000040000fa
:020000040002f8
:10755000034b1b6813b1013b014a1360704700bf26
:04756000ecbe00205d
:020000040000fa
:020000040002f8
:10756400024b1970024b01221a7070473ebf002073
:047574003dbf0020f7
:020000040000fa
:020000040002f8
:1075780091760200f1630200697e0200697e0200d2
:04758800697e020016
:020000040000fa
:020000040002f8
:10758c0032b1c9b20244034603f8011b9342fbd14a
:04759c00704700bf75
:020000040000fa
:020000040002f8
:1075a00010b50c46f8f7caff0378e4b2a34218bf3f
:0475b000002010bdea
:020000040000fa
:020000040002f8
:1075b400034600bf11f8012b184603f8012b002adb
:0475c400f8d1704743
:020000040000fa
:020000040002f8
:1075c80037b54ff0ff340025cde90045faf746f806
:0475d80003b030bd0f
:020000040000fa
:020000040002f8
:1075dc0008b518b1fff71ffe002008bd6ff0ac0016
:0275ec00fbe7bb
:020000040000fa
:020000040002f8
:1075ee00d0f8b42000231370d0f8bc201370012003
:0275fe007047d4
:020000040000fa
:020000040002f8
:1076000008b5084600f06ef810b1012280f8042198
:0276100008bdb3
:020000040000fa
:020000040002f8
:10761200036a2bb11a6a026200225a751a621a7040
:027622007047af
:020000040000fa
:020000040002f8
:10762400c3688b4283bf8368006803fb01000020aa
:0276340070479d
:020000040000fa
:020000040002f8
:10763600034620b1c06a1b6bc01a000170470020c8
:0276460070478b
:020000040000fa
:020000040002f8
:1076480008b5134601f10c0006221946fff78af91e
:0276580008bd6b
:020000040000fa
:020000040002f8
:10765a0008b5fdf77eff10b1fef7a7fe08bd0020b2
:02766a00fce73b
:020000040000fa
:020000040002f8
:10766c00eff3108072b6bff35f8fb0fa80f0400971
:02767c00704755
:020000040000fa
:020000040002f8
:10767e0018b1bff35f8f62b6704772b6bff35f8ffc
:02768e00704743
:020000040000fa
:020000040002f8
:107690000a440023914201d10020704701f8013bc8
:0276a000f8e709
:020000040000fa
:020000040002f8
:1076a20008b510b1fff779fa08bd6ff0ac00fbe73f
:020000040000fa
:020000040002f8
:1076b20010b582b000240094f5f769fa02b010bd4b
:020000040000fa
:020000040002f8
:1076c20010b582b001240094f5f761fa02b010bd42
:020000040000fa
:020000040002f8
:1076d4004452565f4554485048595f4f70656e0098
:020000040000fa
:020000040002f8
:1076e400024b98420cbf184600207047ccb00020d3
:020000040000fa
:020000040002f8
:1076f4004452565f4d49494d5f5461736b730000aa
:020000040000fa
:020000040002f8
:107704000000000088cd000094cd00009ccd000056
:020000040000fa
:020000040002f8
:1077140010b50446fff70cfa2046fcf7e0fe10bd56
:020000040000fa
:020000040002f8
:1077240010b9024b18687047002070472cbe002027
:020000040000fa
:020000040002f8
:1077340008b5fdf7d5fe034600b1436a184608bdf7
:020000040000fa
:020000040002f8
:1077440008b5fdf709ff034600b1836c184608bd70
:020000040000fa
:020000040002f8
:10775400024b03eb0010416082607047f8bb0020cd
:020000040000fa
:020000040002f8
:10776400024b40f204521a80704700bf00400041af
:020000040000fa
:020000040002f8
:1077740008b513460a461946fff704f9012008bd67
:020000040000fa
:020000040002f8
:1077840008b5024b5888fcf7a9fd08bda4be00202b
:020000040000fa
:020000040002f8
:1077940010b9024b187970470320704778bd002058
:020000040000fa
:020000040002f8
:1077a40008b5024b1b680021984708bdbcbe0020e9
:020000040000fa
:020000040002f8
:1077b400cdbe0100051b0100b17402009d790200d9
:020000040000fa
:020000040002f8
:1077c4000a000000000000000000000000000000ab
:020000040000fa
:020000040002f8
:1077d400494e4600696e66004e414e006e616e0071
:020000040000fa
:020000040002f8
:1077e400494e4600696e66004e414e006e616e0061
:020000040000fa
:020000040002f8
:1077f40008b5faf77afafaf778fafaf776fa08bdda
:020000040000fa
:020000040002f8
:0e78040018b141f28112805c7047ff2070477e
:020000040000fa
:020000040002f8
:0e78120010b1b0f8600070474ff0ff307047c3
:020000040000fa
:020000040002f8
:0e78200010b1b0f8600070474ff0ff307047b5
:020000040000fa
:020000040002f8
:0e782e0020b10022026042608260c26070479a
:020000040000fa
:020000040002f8
:0e783c0008b510b10369984708bd0020fce7ad
:020000040000fa
:020000040002f8
:0e784a0008b510b14369984708bd0020fce75f
:020000040000fa
:020000040002f8
:0e78580008b510b18369984708bd0020fce711
:020000040000fa
:020000040002f8
:0e78660008b510b1c369984708bd0020fce7c3
:020000040000fa
:020000040002f8
:0e78740083b203eb104000eb104080b270476f
:020000040000fa
:020000040002f8
:0e78820008b50020f1f727f9fdf713fcfce72d
:020000040000fa
:020000040002f8
:0e789000a0f14103192b98bf40f02000704773
:020000040000fa
:020000040002f8
:0e789e00a0f16103192b98bf00f05f00704746
:020000040000fa
:020000040002f8
:0c78ac00c56c0200a31c0200714d02001c
:020000040000fa
:020000040002f8
:0c78b8007d6c020011390200457a0200cc
:020000040000fa
:020000040002f8
:0c78c4000f64020009170200a1fb010084
:020000040000fa
:020000040002f8
:0c78d000d0f8a4305869c0f34010704795
:020000040000fa
:020000040002f8
:0c78dc0008b9014b59757047ccb0002072
:020000040000fa
:020000040002f8
:0c78e800806880f00400c0f3800070474e
:020000040000fa
:020000040002f8
:0c78f400014b93f8130270474cad0020cc
:020000040000fa
:020000040002f8
:0c790000014b1868704700bfb8bd0020a4
:020000040000fa
:020000040002f8
:0c790c00014b1888704700bf74bc0020bd
:020000040000fa
:020000040002f8
:0c79180025642e25642e25642e256400b5
:020000040000fa
:020000040002f8
:0c792400c4cd0000c8cd0000cccd000098
:020000040000fa
:020000040002f8
:0c79300010b1c06a0001704700207047d1
:020000040000fa
:020000040002f8
:0c793c0010b1406b000170470020704744
:020000040000fa
:020000040002f8
:0c794800014b00221a6070471cbe00209a
:020000040000fa
:020000040002f8
:0c79540008b501220146e6f76dfc08bdf5
:020000040000fa
:020000040002f8
:0c796000014b1868704700bf64be002097
:020000040000fa
:020000040002f8
:0c796c0013688868c01a18bf012070471b
:020000040000fa
:020000040002f8
:0c797800014b1868704700bf78be00206b
:020000040000fa
:020000040002f8
:0c7984000001014b185a7047d8bb0020ce
:020000040000fa
:020000040002f8
:0c79900003695a400a405a4002617047e7
:020000040000fa
:020000040002f8
:0c799c00014b18625962704738bb002094
:020000040000fa
:020000040002f8
:0c79a800014b18605960704768bd00205a
:020000040000fa
:020000040002f8
:0c79b40008200800080000000d0a3e003a
:020000040000fa
:020000040002f8
:0c79c000014b5888704700bfb4be002087
:020000040000fa
:020000040002f8
:0c79cc00014b1868704700bfb0be0020df
:020000040000fa
:020000040002f8
:0c79d800014bd868704700bf10ba0020b7
:020000040000fa
:020000040002f8
:0c79e40000000000040000000000000093
:020000040000fa
:020000040002f8
:0c79f000647e02005c50020000000000f9
:020000040000fa
:020000040002f8
:0c79fc000200000000001700000000bfa7
:020000040000fa
:020000040002f8
:0c7a0800014b93f83800704750ba002082
:020000040000fa
:020000040002f8
:0c7a140010b50446fff7ccfd204610bd65
:020000040000fa
:020000040002f8
:0c7a200010b50446f9f750fd204610bddb
:020000040000fa
:020000040002f8
:0c7a2c00014b01381860704714bf0020a7
:020000040000fa
:020000040002f8
:0c7a380013460a466ff00041f8f7dcbd71
:020000040000fa
:020000040002f8
:0a7a440008b50021fdf734fc08bd71
:020000040000fa
:020000040002f8
:0a7a4e00d0f8a43020225a617047de
:020000040000fa
:020000040002f8
:0a7a5800d0f8a430d3f80001704705
:020000040000fa
:020000040002f8
:0a7a6200d0f8a430d3f804017047f7
:020000040000fa
:020000040002f8
:0a7a6c00d0f8a430d3f808017047e9
:020000040000fa
:020000040002f8
:0a7a7600d0f8a430d3f80c017047db
:020000040000fa
:020000040002f8
:0a7a8000d0f8a430d3f810017047cd
:020000040000fa
:020000040002f8
:0a7a8a00d0f8a430d3f814017047bf
:020000040000fa
:020000040002f8
:0a7a9400d0f8a430d3f818017047b1
:020000040000fa
:020000040002f8
:0a7a9e00d0f8a430d3f81c017047a3
:020000040000fa
:020000040002f8
:0a7aa800d0f8a430d3f82001704795
:020000040000fa
:020000040002f8
:0a7ab200d0f8a430d3f82401704787
:020000040000fa
:020000040002f8
:0a7abc00d0f8a430d3f82801704779
:020000040000fa
:020000040002f8
:0a7ac600d0f8a430d3f82c0170476b
:020000040000fa
:020000040002f8
:0a7ad000d0f8a430d3f8300170475d
:020000040000fa
:020000040002f8
:0a7ada00d0f8a430d3f8340170474f
:020000040000fa
:020000040002f8
:0a7ae400d0f8a430d3f83801704741
:020000040000fa
:020000040002f8
:0a7aee00d0f8a430d3f83c01704733
:020000040000fa
:020000040002f8
:0a7af800d0f8a430d3f84001704725
:020000040000fa
:020000040002f8
:0a7b0200d0f8a430d3f84401704716
:020000040000fa
:020000040002f8
:0a7b0c00d0f8a430d3f84801704708
:020000040000fa
:020000040002f8
:0a7b1600d0f8a430d3f84c017047fa
:020000040000fa
:020000040002f8
:0a7b2000d0f8a430d3f850017047ec
:020000040000fa
:020000040002f8
:0a7b2a00d0f8a430d3f854017047de
:020000040000fa
:020000040002f8
:0a7b3400d0f8a430d3f858017047d0
:020000040000fa
:020000040002f8
:0a7b3e00d0f8a430d3f85c017047c2
:020000040000fa
:020000040002f8
:0a7b4800d0f8a430d3f860017047b4
:020000040000fa
:020000040002f8
:0a7b5200d0f8a430d3f864017047a6
:020000040000fa
:020000040002f8
:0a7b5c00d0f8a430d3f86801704798
:020000040000fa
:020000040002f8
:0a7b6600d0f8a430d3f86c0170478a
:020000040000fa
:020000040002f8
:0a7b7000d0f8a430d3f8700170477c
:020000040000fa
:020000040002f8
:0a7b7a00d0f8a430d3f8740170476e
:020000040000fa
:020000040002f8
:0a7b8400d0f8a430d3f87801704760
:020000040000fa
:020000040002f8
:0a7b8e00d0f8a430d3f87c01704752
:020000040000fa
:020000040002f8
:0a7b9800d0f8a430d3f88001704744
:020000040000fa
:020000040002f8
:0a7ba200d0f8a430d3f88401704736
:020000040000fa
:020000040002f8
:0a7bac00d0f8a430d3f88801704728
:020000040000fa
:020000040002f8
:0a7bb600d0f8a430d3f88c0170471a
:020000040000fa
:020000040002f8
:0a7bc000d0f8a430d3f8900170470c
:020000040000fa
:020000040002f8
:0a7bca00d0f8a430d3f894017047fe
:020000040000fa
:020000040002f8
:0a7bd400d0f8a430d3f898017047f0
:020000040000fa
:020000040002f8
:0a7bde00d0f8a430d3f89c017047e2
:020000040000fa
:020000040002f8
:0a7be800d0f8a430d3f8a0017047d4
:020000040000fa
:020000040002f8
:0a7bf200d0f8a430d3f8a4017047c6
:020000040000fa
:020000040002f8
:0a7bfc00d0f8a430d3f8a8017047b8
:020000040000fa
:020000040002f8
:0a7c0600d0f8a430d3f8ac017047a9
:020000040000fa
:020000040002f8
:0a7c1000d0f8a430d3f8b00170479b
:020000040000fa
:020000040002f8
:0a7c1a0041f28a130022c2547047a1
:020000040000fa
:020000040002f8
:0a7c24004368a3f8a2100120704786
:020000040000fa
:020000040002f8
:0a7c2e00036843f010030360704781
:020000040000fa
:020000040002f8
:0a7c3800036823f010030360704797
:020000040000fa
:020000040002f8
:0a7c420010b1406c00b140687047bb
:020000040000fa
:020000040002f8
:0a7c4c0090f8420000f007007047b6
:020000040000fa
:020000040002f8
:0a7c56000023436003608360704761
:020000040000fa
:020000040002f8
:0a7c60001368cb6093880b82704715
:020000040000fa
:020000040002f8
:0a7c6a0008b50123f3f7f5ff08bd8c
:020000040000fa
:020000040002f8
:0a7c740008b50223fbf74cfc08bd25
:020000040000fa
:020000040002f8
:0a7c7e0008b50020f5f78ffc08bde3
:020000040000fa
:020000040002f8
:0a7c880008b50120f5f78afc08bddd
:020000040000fa
:020000040002f8
:087c940000487047a0252600fe
:020000040000fa
:020000040002f8
:087c9c00474d4143000000bf09
:020000040000fa
:020000040002f8
:087ca400d0f8a430586a7047c3
:020000040000fa
:020000040002f8
:087cac00d0f8a4309a62704781
:020000040000fa
:020000040002f8
:087cb400d0f8a430da62704739
:020000040000fa
:020000040002f8
:087cbc004368b3f8a40070470f
:020000040000fa
:020000040002f8
:087cc4004c414e3836355800e2
:020000040000fa
:020000040002f8
:087ccc00454d7631000000bfb8
:020000040000fa
:020000040002f8
:087cd40008b50368984708bddc
:020000040000fa
:020000040002f8
:087cdc0008b54368984708bd94
:020000040000fa
:020000040002f8
:087ce40008b58368984708bd4c
:020000040000fa
:020000040002f8
:087cec0008b5c368984708bd04
:020000040000fa
:020000040002f8
:087cf40008b5fff777fb08bd9e
:020000040000fa
:020000040002f8
:087cfc00003018bf01207047a1
:020000040000fa
:020000040002f8
:087d0400b8cd0000c0cd000065
:020000040000fa
:020000040002f8
:087d0c00a8cd0000b0cd00007d
:020000040000fa
:020000040002f8
:087d140008b5fef72ffb08bdc6
:020000040000fa
:020000040002f8
:087d1c0008b5eef795ff08bd64
:020000040000fa
:020000040002f8
:087d24000180c200000000bf55
:020000040000fa
:020000040002f8
:087d2c0008b5f9f7fbf908bde9
:020000040000fa
:020000040002f8
:087d340008b5fbf7cffb08bd09
:020000040000fa
:020000040002f8
:087d3c0008b5fff735f908bd99
:020000040000fa
:020000040002f8
:087d440000487047008793031b
:020000040000fa
:020000040002f8
:087d4c001b5b2564430000bf2e
:020000040000fa
:020000040002f8
:087d54001b5b2564440000bf25
:020000040000fa
:020000040002f8
:087d5c0008b5fff785fc08bd26
:020000040000fa
:020000040002f8
:087d640008b5fff78afc08bd19
:020000040000fa
:020000040002f8
:087d6c0008b5fcf773fe08bd29
:020000040000fa
:020000040002f8
:087d74000000000000080042bd
:020000040000fa
:020000040002f8
:087d7c000000001000000000ef
:020000040000fa
:020000040002f8
:087d84000000000000000020d7
:020000040000fa
:020000040002f8
:087d8c00010000000462020086
:020000040000fa
:020000040002f8
:087d9400fc6802006b00000016
:020000040000fa
:020000040002f8
:087d9c000a00000000020002d1
:020000040000fa
:020000040002f8
:087da4000a00000200000000cb
:020000040000fa
:020000040002f8
:087dac0008b5fbf793fb08bdcd
:020000040000fa
:020000040002f8
:087db4009c2b0100a42b01002f
:020000040000fa
:020000040002f8
:087dbc0025732573000000bfd0
:020000040000fa
:020000040002f8
:087dc40083f00043e5f7dbbe8c
:020000040000fa
:020000040002f8
:087dcc00286e696c29002500f6
:020000040000fa
:020000040002f8
:077dd400286e756c6c29009c
:020000040000fa
:020000040002f8
:067ddc0090f990007047d1
:020000040000fa
:020000040002f8
:067de2006ff00500704780
:020000040000fa
:020000040002f8
:067de8006ff0050070477a
:020000040000fa
:020000040002f8
:067dee00406b80b27047fb
:020000040000fa
:020000040002f8
:067df40000b12c307047c5
:020000040000fa
:020000040002f8
:067dfa006ff00500704768
:020000040000fa
:020000040002f8
:067e00006ff00500704761
:020000040000fa
:020000040002f8
:067e06006ff00700704759
:020000040000fa
:020000040002f8
:067e0c0013688b60704753
:020000040000fa
:020000040002f8
:067e12004ff0ff30704745
:020000040000fa
:020000040002f8
:067e18006ff48770704753
:020000040000fa
:020000040002f8
:067e1e006ff00100704747
:020000040000fa
:020000040002f8
:047e24000020704783
:020000040000fa
:020000040002f8
:047e28000846704751
:020000040000fa
:020000040002f8
:047e2c00012070477a
:020000040000fa
:020000040002f8
:047e30000020704777
:020000040000fa
:020000040002f8
:047e3400072070476c
:020000040000fa
:020000040002f8
:047e3800002070476f
:020000040000fa
:020000040002f8
:047e3c000820704763
:020000040000fa
:020000040002f8
:047e40000020704767
:020000040000fa
:020000040002f8
:047e44000020704763
:020000040000fa
:020000040002f8
:047e4800002070475f
:020000040000fa
:020000040002f8
:047e4c00002070475b
:020000040000fa
:020000040002f8
:047e5000006a70470d
:020000040000fa
:020000040002f8
:047e54008161704791
:020000040000fa
:020000040002f8
:047e580041617047cd
:020000040000fa
:020000040002f8
:047e5c0020092c00cd
:020000040000fa
:020000040002f8
:047e60000120704746
:020000040000fa
:020000040002f8
:047e64008470020024
:020000040000fa
:020000040002f8
:047e6800002070473f
:020000040000fa
:020000040002f8
:047e6c00002070473b
:020000040000fa
:020000040002f8
:047e70000020704737
:020000040000fa
:020000040002f8
:047e7400fbf702ba5c
:020000040000fa
:020000040002f8
:047e7800704700bf90
:020000040000fa
:0200000400807a
:044000003912003c35
:020000040000fa
:0200000400807a
:044004008000a82a66
:020000040000fa
:0200000400807a
:04400800ffffffffb8
:00000001FF
